rng_end,trade_end,sl_mode,sl_k,tp_k,trend_filter,flat_h,dev_trades_per_year,dev_winrate,dev_pf,dev_avg_r,dev_cagr,dev_maxdd,dev_mar,dev_sharpe,hold_trades_per_year,hold_winrate,hold_pf,hold_avg_r,hold_cagr,hold_maxdd,hold_mar,hold_sharpe,r_12-15,r_16-19,r_20-23,r_24-26
5,10,range,0.5,0.5,0,,127.03400896650487,0.4674983585029547,0.819737687739107,-0.10167017498036313,-0.10315610911376472,0.7910220778232543,-0.13040863460806448,-0.8591228194021298,157.41947042769942,0.5220417633410673,1.059754144729641,0.02928254521579851,0.07689683304947414,0.3583472498489726,0.2145874792729196,0.386135705332864,-0.08029958133124884,-0.1298153671449156,-0.08758694149317738,0.02928254521579851
5,10,range,0.5,0.5,0,20.0,127.20082972680231,0.4642622950819672,0.8095024562673676,-0.10721110567594544,-0.11549543702767961,0.8310629817450327,-0.13897314591629017,-0.8790291762380116,157.78471281848294,0.5185185185185185,1.0549947896916314,0.026556619999040895,0.0818029051109892,0.4156755703728926,0.19679507515345626,0.37730320655509264,-0.0863961936217644,-0.13298506457478784,-0.09510846498830425,0.026556619999040895
5,10,range,0.5,0.5,20,,64.80986537555764,0.4723294723294723,0.8309341666302158,-0.09409679340749053,-0.034793656677682416,0.3753460056710613,-0.09269755412869433,-0.6412059942554733,82.1795379262932,0.5022222222222222,0.9763371080627563,-0.013015285481923438,-0.0074058196239997764,0.12188030375987408,-0.060763055190529894,-0.06269907529804239,-0.04737459784038662,-0.1379254629445782,-0.07865690234164738,-0.013015285481923438
5,10,range,0.5,0.5,20,20.0,64.80986537555764,0.47104247104247104,0.8274847776392085,-0.09572058615261,-0.03554036352595946,0.3813865649999495,-0.09318724566494409,-0.6534314007229968,82.1795379262932,0.49777777777777776,0.9681604379221818,-0.016794067889345447,-0.009885234140028398,0.12260026352980127,-0.08062979520126014,-0.09511465999459341,-0.05832763363967868,-0.13142767054953675,-0.08202963120511661,-0.016794067889345447
5,10,range,0.5,0.5,50,,65.22691727630125,0.47058823529411764,0.8251756504405023,-0.09775726996398605,-0.03669611876530221,0.3911173512599526,-0.09382380670938954,-0.6545848492076326,87.29293139726255,0.497907949790795,0.9584715811058192,-0.021320463955519613,-0.014328915094026562,0.1252153148902228,-0.11443420564480333,-0.14493539564745123,-0.05815803447888139,-0.15182698584761897,-0.06676857104002028,-0.021320463955519613
5,10,range,0.5,0.5,50,20.0,65.22691727630125,0.4680306905370844,0.8204648710455852,-0.10025366128003935,-0.03786605014713684,0.4003562599999519,-0.09458088690093516,-0.6745765591666438,87.29293139726255,0.49372384937238495,0.9523459375741854,-0.02379969884324927,-0.01633491485814076,0.12240080527661747,-0.13345430874596753,-0.17048813121931278,-0.06455736750616897,-0.14532919345257753,-0.07578563666031414,-0.02379969884324927
5,10,range,0.5,1.0,0,,124.6151079421919,0.31057563587684067,0.8469062144128939,-0.11187587897365216,-0.12119794812855367,0.8903413981564575,-0.13612525305406034,-0.5250116839095248,154.86277369221474,0.36792452830188677,1.1334123959431985,0.08577081660061628,0.2478915070337886,0.5540682003470762,0.44740251629403355,0.6648292107230644,-0.11931668238728334,-0.11447809736154563,-0.10189484967363095,0.08577081660061628
5,10,range,0.5,1.0,0,20.0,127.20082972680231,0.31934426229508195,0.8328830066052093,-0.11861341631463328,-0.1475217884367449,0.9442684251130099,-0.15622865756534168,-0.4460187215852731,157.78471281848294,0.38425925925925924,1.1424679816404728,0.08546365348501715,0.339118368563913,0.7244038320300614,0.4681344211191862,0.6950045066998959,-0.1124762522168364,-0.13026295377792002,-0.1097804018879346,0.08546365348501715
5,10,range,0.5,1.0,20,,64.47622385496274,0.3311772315653299,0.9271451994140802,-0.05091206875528194,-0.01724278511368693,0.2707723549199269,-0.06368000573317754,-0.22843059481497383,82.1795379262932,0.3466666666666667,1.029672557184146,0.018829637716179282,0.009687218408148013,0.1411413629631127,0.06863486510810986,0.14150549822575045,-0.07858814116144856,-0.024766636956590565,-0.054951984806106476,0.018829637716179282
5,10,range,0.5,1.0,20,20.0,64.80986537555764,0.3410553410553411,0.920612744923679,-0.054186116580118134,-0.018566847585917312,0.27241758865661936,-0.06815583265925133,-0.25211742812471494,82.1795379262932,0.36444444444444446,1.0406435791041801,0.02404299792479451,0.012694358889963064,0.1434199252913841,0.08851182193946991,0.17581290016977347,-0.08627605055541565,-0.031344784288329174,-0.05127642491791695,0.02404299792479451
5,10,range,0.5,1.0,50,,64.97668613585508,0.32220795892169446,0.8914753932916022,-0.07748426910924154,-0.027730786643508032,0.35091543852958573,-0.07902412831907948,-0.3575889460454706,86.19720422491197,0.3516949152542373,1.0513681192910698,0.03392162669958407,0.019667435704439296,0.13360061964760428,0.1472106623181517,0.22734522014418104,-0.10785856807498093,-0.05435713137171163,-0.0764529528374911,0.03392162669958407
5,10,range,0.5,1.0,50,20.0,65.22691727630125,0.32864450127877237,0.8841363099565377,-0.08090729521129784,-0.029325866396774702,0.3534579362007815,-0.08296847628317551,-0.38495854030554866,87.29293139726255,0.3682008368200837,1.0557103358551818,0.034226628038783825,0.020592128754684635,0.1312721812647333,0.15686589920492755,0.239882438874277,-0.12326916986186864,-0.05619865657708471,-0.07303383139641137,0.034226628038783825
5,10,range,0.5,2.0,0,,115.77360764642728,0.19812680115273776,0.9252670298091722,-0.06394529856204174,-0.0440780324651362,0.6134037061742581,-0.07185811240047242,-0.2283407532751618,135.8701693714714,0.24731182795698925,1.2692373145129343,0.20729617210424392,0.19910661101674343,0.23587688282183727,0.8441124396540919,0.9567516269545244,-0.026557963560731406,-0.09805418507189746,-0.05512131679363037,0.20729617210424392
5,10,range,0.5,2.0,0,20.0,127.20082972680231,0.2498360655737705,0.8711504520637592,-0.09973924202417828,-0.10125900675903898,0.8371267418215046,-0.1209601864333105,-0.40105890733065813,157.78471281848294,0.3333333333333333,1.1484078730082927,0.094421576202095,0.2207969906077254,0.4221289433425272,0.5230557963152139,0.6458008293583863,-0.07376879751189176,-0.11939636323298153,-0.09770061138645336,0.094421576202095
5,10,range,0.5,2.0,20,,62.89142663213701,0.20954907161803712,0.9907312271593617,-0.006487940131720513,-0.002339311035750913,0.3118068798110715,-0.007502435601062864,0.007980375073462788,77.06614445532384,0.22748815165876776,1.1343249661778558,0.1051400069745241,0.03965382100028414,0.13657059628976942,0.29035401526803345,0.40969578589121985,0.008013555637131433,0.023956946340309166,-0.04650399551248617,0.1051400069745241
5,10,range,0.5,2.0,20,20.0,64.80986537555764,0.25997425997426,0.9822582039273615,-0.012211897079926152,-0.004288972255453327,0.2990973511568375,-0.014339719956945794,-0.022189706557513632,82.1795379262932,0.31555555555555553,1.0901915575489516,0.058988581648265016,0.025119352020013253,0.12916939087053508,0.19446830128037126,0.29908098269987415,0.024024728929025303,0.0029598127323838585,-0.051179093936860806,0.058988581648265016
5,10,range,0.5,2.0,50,,62.808016251988285,0.19787516600265603,0.922361451712778,-0.06522447143755114,-0.02211619440908763,0.34568138781910945,-0.06397855131460171,-0.17959661461499626,81.08381075394261,0.23873873873873874,1.2034159732801408,0.15898693061584276,0.07675609382471427,0.12730119370789988,0.6029487358998036,0.6235618398780126,-0.11007751761001633,-0.050094743990310726,-0.044789413979680746,0.15898693061584276
5,10,range,0.5,2.0,50,20.0,65.22691727630125,0.24808184143222506,0.9105659250764443,-0.06867561251636106,-0.024557608669619202,0.2817402325534073,-0.08716401078771739,-0.2359628363986789,87.29293139726255,0.32217573221757323,1.1299894398836794,0.08536555373529262,0.04759967644177143,0.1333601680102939,0.35692573841161684,0.43331175477533146,-0.0907537006535965,-0.05776820250125836,-0.06089875213649334,0.08536555373529262
5,10,range,1.0,0.5,0,,125.03215984293551,0.6537691794529686,0.9041240537103505,-0.034215054141838626,-0.02344266289967467,0.35698722182217596,-0.06566807287951622,-0.4674156197462323,153.76704651986415,0.6983372921615202,1.1326044767455592,0.04007609055647315,0.03844827954357677,0.07332879707051644,0.5243271549457315,0.6721134657069563,0.009145419838378577,-0.055011619108000426,-0.04561990105030044,0.04007609055647315
5,10,range,1.0,0.5,0,20.0,127.20082972680231,0.6327868852459017,0.8910547932659217,-0.03776660598360584,-0.026818106977758327,0.37006300109279733,-0.0724690306746807,-0.5342963024550172,157.78471281848294,0.6759259259259259,1.1557390498885023,0.043591579310280855,0.04426306140325198,0.0660686899942309,0.6699551846285587,0.778846404630292,0.0012460246948993057,-0.05811115669194071,-0.04653106691898405,0.043591579310280855
5,10,range,1.0,0.5,20,,63.975761574070404,0.6740547588005215,0.9950166373967408,-0.0017923648015187425,-0.0005178988795915274,0.09580173811022503,-0.0054059445038007236,-0.004240162191120689,81.44905314472615,0.6681614349775785,0.9875750026135224,-0.006479349473469304,-0.001641646832495014,0.05591177255924034,-0.029361380570713184,-0.03537761031150071,0.04641069122401487,-0.03626181131615182,-0.00041913808202750946,-0.006479349473469304
5,10,range,1.0,0.5,20,20.0,64.80986537555764,0.6576576576576577,0.9827299728950076,-0.005748150721756049,-0.0017894658298230892,0.100411522633733,-0.017821319534715656,-0.046544814917681164,82.1795379262932,0.6666666666666666,1.0638335655308941,0.017352601018141477,0.007581220198136895,0.05233882874778098,0.14484886994071908,0.24495291445533712,0.03187965684876623,-0.03141327096810708,-0.006215990836305659,0.017352601018141477
5,10,range,1.0,0.5,50,,64.39281347481402,0.6658031088082902,0.957839962642625,-0.014592471735702208,-0.004625118344046331,0.1546638244529115,-0.029904331930279412,-0.13198792098520074,86.92768900647903,0.6764705882352942,1.0280712559622662,0.007458736891947812,0.00402009484764454,0.05796393676849236,0.06935510373804968,0.12722460309467126,0.033163144160574066,-0.05191100080806096,-0.00963288836997347,0.007458736891947812
5,10,range,1.0,0.5,50,20.0,65.22691727630125,0.6483375959079284,0.9476350439563042,-0.017790030353374415,-0.005721809558296043,0.16153095419047028,-0.03542237205847947,-0.16927861787059956,87.29293139726255,0.6694560669456067,1.0940290347723483,0.02590769851442142,0.012079091461148384,0.045611656272413766,0.2648246621215967,0.36491107446510196,0.023244133147523077,-0.045797313269605365,-0.017981498359700948,0.02590769851442142
5,10,range,1.0,1.0,0,,117.44181524940174,0.5049715909090909,0.9772068761531026,-0.011755840622186322,-0.006871657381344098,0.2393316435938211,-0.02871186307902624,-0.0939747600000577,141.71404762400783,0.5489690721649485,1.1914698538280488,0.08663652089706711,0.061379310440306645,0.07471108645361918,0.8215555863775461,0.9581292633898071,0.019595876275899017,-0.02912523010951439,-0.017432057757698096,0.08663652089706711
5,10,range,1.0,1.0,0,20.0,127.20082972680231,0.4911475409836066,0.9378208634612357,-0.02882301582353723,-0.019755761543896133,0.3268815774583201,-0.060437060104481244,-0.2943663670377883,157.78471281848294,0.5486111111111112,1.2296042572422154,0.08517741960583923,0.07737123144003055,0.09121761863765786,0.8482049037847714,1.1295362804860467,-0.017892759821149486,-0.0361473441141674,-0.02963656845907938,0.08517741960583923
5,10,range,1.0,1.0,20,,62.390964351244676,0.5307486631016043,1.0870116569056925,0.04209284125606365,0.011907406347152483,0.061933299070011646,0.19226178043078118,0.31095630273229635,79.257598800025,0.5299539170506913,1.1069604632080496,0.04701952189505634,0.016570649802390536,0.07044084621334297,0.2352420604403771,0.4269806190696173,0.021631796654994057,0.046446021726333726,0.05235122656644273,0.04701952189505634
5,10,range,1.0,1.0,20,20.0,64.80986537555764,0.5302445302445302,1.0647366757266514,0.02872504700876696,0.00857366079629851,0.07403223329611516,0.11580983599407925,0.23342153711740574,82.1795379262932,0.56,1.1795353367675103,0.06540274986010007,0.023953816824580976,0.057769256954372517,0.4146464415060808,0.638624244903232,0.0003108026257610018,0.03835362842005025,0.03935480657584912,0.06540274986010007
5,10,range,1.0,1.0,50,,62.89142663213701,0.5225464190981433,1.0525725491762172,0.025842782469689428,0.0075549704135391416,0.08757748402533477,0.08626612761967001,0.19881847126155142,82.54478031707671,0.5575221238938053,1.2328132541101842,0.10332281053639819,0.036549511580037164,0.044837089394680354,0.8151624486216882,0.8806216722671368,-0.00923674515737765,0.050483818278512366,0.025085169451208568,0.10332281053639819
5,10,range,1.0,1.0,50,20.0,65.22691727630125,0.5089514066496164,0.9965172336508845,-0.0015800348068450612,-0.0005042807135350325,0.08816331727291231,-0.005719847314433686,0.004996046028480302,87.29293139726255,0.5523012552301255,1.1895994921066466,0.06972622129671231,0.02934616737970064,0.03871873677200994,0.7579319426793696,0.6982060285892455,-0.04850244313655596,0.024645995970830996,0.004601340836388632,0.06972622129671231
5,10,range,1.0,2.0,0,,98.42424857549294,0.3474576271186441,1.0125366421329842,0.00838621549488496,0.003962853298241642,0.18329291794296726,0.021620329594374772,0.08378265618156276,111.76417157975875,0.4117647058823529,1.3570614155988008,0.21197413190398048,0.10044402889493353,0.06585417233173826,1.5252492794070813,1.4238017864445587,0.03946708340813862,-0.042038386459545295,0.03654711990288308,0.21197413190398048
5,10,range,1.0,2.0,0,20.0,127.20082972680231,0.41770491803278686,0.9811624120523218,-0.009565191262563872,-0.006221098573224282,0.23686592037336365,-0.026264219704625204,-0.059069449313178896,157.78471281848294,0.5,1.2750870215420012,0.10953734520836765,0.08463365873572792,0.09161443244557238,0.9238026856304361,1.2118374806130343,0.026726290085357162,-0.04318188126263572,-0.0028674589063087115,0.10953734520836765
5,10,range,1.0,2.0,20,,58.13703496365981,0.36585365853658536,1.097530071875271,0.06402610251114448,0.016477995871899243,0.09976418580376623,0.16516945173402275,0.3141674860579541,70.12653903043686,0.390625,1.2446916980236353,0.14790466136064764,0.040532508532203027,0.055119709874583915,0.7353541704850818,0.8246103977121538,-0.007575686109489281,0.0430786217054727,0.13892065330249423,0.14790466136064764
5,10,range,1.0,2.0,20,20.0,64.80986537555764,0.43886743886743884,1.0942587473000893,0.04847690572485689,0.013981074429296969,0.09726639092342586,0.14374003493461313,0.3059308243700031,82.1795379262932,0.5155555555555555,1.2734679935426627,0.10912268168823497,0.0367963500844104,0.05238225450384451,0.702458312131445,0.8589189667730818,0.03504073787566231,0.043206547632577405,0.06385491117419692,0.10912268168823497
5,10,range,1.0,2.0,50,,57.97021420336237,0.34820143884892085,1.0174128246871235,0.01134323962998432,0.0032457170939947932,0.1311696302036707,0.024744425130688245,0.07820025221203619,71.95275098435448,0.4213197969543147,1.407851444496538,0.2389405235315465,0.07474478696980391,0.036145536369203396,2.0678842943796436,1.3000352663712325,-0.08289415751298745,0.023459433773508395,0.06722633786256973,0.2389405235315465
5,10,range,1.0,2.0,50,20.0,65.22691727630125,0.41687979539641945,0.9909192183070206,-0.004402078878197912,-0.0015164088604248116,0.10386568247274473,-0.01459971016724153,-0.0070433661598699225,87.29293139726255,0.5062761506276151,1.2676171847555129,0.10828218954886533,0.0457011392291109,0.04801777809482233,0.9517545592980857,0.8837928065037411,-0.0537378218539611,0.020036945522734863,0.005320812405822818,0.10828218954886533
5,10,atr,0.5,0.5,0,,125.78285326427402,0.6843501326259946,0.9109712664844317,-0.02875454034577802,-0.019539025557938072,0.2789783475637977,-0.07003778511330462,-0.4069376163717779,156.32374325534883,0.6985981308411215,1.079450819035683,0.02505972955281489,0.0228100248590708,0.10176725200948628,0.22413914504584,0.4120474341541235,-0.0029507880343935472,-0.041933339870363816,-0.03312966371789281,0.02505972955281489
5,10,atr,0.5,0.5,0,20.0,127.20082972680231,0.6655737704918033,0.9067855927363135,-0.028788259569692033,-0.0198339584232875,0.28067447343438906,-0.07066534473404444,-0.43155589837725256,157.78471281848294,0.6828703703703703,1.1212860631988406,0.034523485987448345,0.031794197996052986,0.07227439428445413,0.43990957393456515,0.5989493713293383,0.0018209880026493644,-0.040949062993344054,-0.03769244768585093,0.034523485987448345
5,10,atr,0.5,0.5,20,,64.47622385496274,0.6921086675291074,0.9285670531606064,-0.022364555226837984,-0.007342459290268777,0.13559485771660354,-0.054149983368946705,-0.22645403091825714,81.81429553550967,0.6830357142857143,1.0160428923229499,0.0048544339666401854,0.002233461176172735,0.05716683296164237,0.03906917806119042,0.07502063819055226,0.01171394731433771,-0.04417161086793122,-0.020593335040443757,0.0048544339666401854
5,10,atr,0.5,0.5,20,20.0,64.80986537555764,0.6795366795366795,0.9444646583702128,-0.016471294523318275,-0.0053898322592067505,0.12198341208293437,-0.04418496062023826,-0.17339154610520846,82.1795379262932,0.68,1.0814467958621976,0.02323132271072814,0.009760558493756122,0.04300779226177555,0.22694860583278784,0.297902497753011,0.013062294178817182,-0.026573689121132987,-0.02377895401364719,0.02323132271072814
5,10,atr,0.5,0.5,50,,64.89327575570636,0.6915167095115681,0.9203040934760639,-0.025100103072495168,-0.008304749424732694,0.16269470917805684,-0.05104498767469927,-0.252469329265089,86.56244661569549,0.6877637130801688,1.0242306376692343,0.007153416234163945,0.00354259117603406,0.06455718058042775,0.054875246164453655,0.10865069795005979,-0.002371372830191625,-0.0538146971896426,-0.007928755955043984,0.007153416234163945
5,10,atr,0.5,0.5,50,20.0,65.22691727630125,0.6764705882352942,0.9244607883630249,-0.022804004502072484,-0.007557406832966129,0.1736978477382392,-0.0435089261690511,-0.2396216058694053,87.29293139726255,0.6820083682008368,1.0693084916906836,0.019151016451915328,0.009034151816850633,0.053337043740751815,0.16937856287577013,0.26791231811781346,0.0033518409501428516,-0.04684499656361872,-0.01297433109879175,0.019151016451915328
5,10,atr,0.5,1.0,0,,117.52522562955046,0.5422285308729595,0.9966848220052811,-0.0015057319733926123,-0.0008954944909804752,0.12495662768854232,-0.007166442529263184,0.006570589373020116,143.17501718714192,0.5637755102040817,1.2197959668027305,0.09738406173368813,0.06439801965521252,0.04487659280127819,1.4350024285573284,1.070264538494712,0.016272414539347017,-0.01330573782664481,0.0011089547691863527,0.09738406173368813
5,10,atr,0.5,1.0,0,20.0,127.20082972680231,0.5245901639344263,0.9553883730781356,-0.01849476451501132,-0.012206559916065007,0.23070963629779487,-0.05290875627019346,-0.1942291005515623,157.78471281848294,0.5601851851851852,1.2219565129719345,0.08017672131210904,0.06652489603369816,0.06572146572905829,1.012224777638893,1.0677078891573948,-0.001917548456535725,-0.03371555504729521,-0.013712819455261739,0.08017672131210904
5,10,atr,0.5,1.0,20,,62.641195491690844,0.5565912117177098,1.0353885025564766,0.01626067849456669,0.004781993364801229,0.0794917570443525,0.06015709732184069,0.13707467987299918,79.257598800025,0.5576036866359447,1.1957167309697916,0.08622822724784905,0.03109332268198628,0.06035940808203785,0.5151363088207492,0.731354639774262,-0.01132166367877191,0.03693105482446925,0.01842526462183312,0.08622822724784905
5,10,atr,0.5,1.0,20,20.0,64.80986537555764,0.5521235521235521,1.0181432013395637,0.007476413870845608,0.002281061208694757,0.10078154333078172,0.022633719759658135,0.07627242665598964,82.1795379262932,0.5777777777777777,1.2249983942495146,0.07895158763701292,0.030337573226778547,0.04939667407791298,0.6141622648303676,0.7621226223342447,-0.0034815230416556423,0.023826940777250557,0.001992711256557999,0.07895158763701292
5,10,atr,0.5,1.0,50,,63.2250681527319,0.5567282321899736,1.042619015607655,0.01946174339107682,0.005772109853460661,0.06824226049632721,0.0845826297587448,0.1603165196474531,82.1795379262932,0.5688888888888889,1.2391432701076162,0.10502445766873418,0.037696543602512955,0.04861377991578121,0.7754291821746563,0.8836828926539996,-0.0211439143878396,0.04267717979084343,0.028236967269445253,0.10502445766873418
5,10,atr,0.5,1.0,50,20.0,65.22691727630125,0.540920716112532,0.9898677224548937,-0.004129327537910634,-0.001330159981575374,0.09606894027187754,-0.013845890022425431,-0.01823185782174993,87.29293139726255,0.5648535564853556,1.1619259990921667,0.05876539304300907,0.024760620492301877,0.044681956396175136,0.5541525593185851,0.5917887042935334,-0.0374890853044522,0.013545911710284632,0.0049152740130510185,0.05876539304300907
5,10,atr,0.5,2.0,0,,99.84222503802123,0.37092731829573933,0.9814322879650886,-0.011868812734288374,-0.006073728894933961,0.1967250244354503,-0.03087420582289408,-0.04773605755909811,112.12941397054227,0.43322475570032576,1.4525082520425574,0.26222923044879465,0.13588208387498235,0.07138979516506837,1.903382459086682,1.7361142162430792,0.019994635725236708,-0.05483974506310276,0.012351888934397873,0.26222923044879465
5,10,atr,0.5,2.0,0,20.0,127.20082972680231,0.4491803278688525,0.9695061763269811,-0.014288025602851463,-0.009259946192578417,0.2527616669944483,-0.036635089104637863,-0.11076661187977793,157.78471281848294,0.5046296296296297,1.2237999233657528,0.08672892755141103,0.06921048714090472,0.07659532212461367,0.9035863447157453,1.0155219008448186,0.02300460977800759,-0.04714891254293498,-0.007236604108119682,0.08672892755141103
5,10,atr,0.5,2.0,20,,58.05362458351109,0.3850574712643678,1.029438288763466,0.019139138064954053,0.0051318745833066615,0.12011141275944477,0.04272595305813789,0.11493406214143809,68.30032707651924,0.42245989304812837,1.4054188877344256,0.23870794439278617,0.07000967954726489,0.06353895020231176,1.1018387827364151,1.2097026645757483,-0.01436482866979646,0.008772661419090493,0.0596703387482991,0.23870794439278617
5,10,atr,0.5,2.0,20,20.0,64.80986537555764,0.46074646074646075,1.0303080052766387,0.014511937676864397,0.00436814253117368,0.12987665210594126,0.03363300839946626,0.11331878424539069,82.1795379262932,0.5288888888888889,1.2626493263413747,0.10090790969989863,0.0371905251159963,0.04464615850269773,0.8330061614091405,0.8368881509964567,0.01816340470634662,0.01081064026938642,0.01953885904791118,0.10090790969989863
5,10,atr,0.5,2.0,50,,57.97021420336237,0.3697841726618705,0.9647756857456592,-0.022410621289762723,-0.006710075133241511,0.15001647096911294,-0.04472892269691543,-0.08635622801252235,70.12653903043686,0.4427083333333333,1.5340920214622285,0.30306125056593114,0.10230617772402373,0.03825502890861543,2.6743197075713963,1.5662080213490486,-0.09121636696893468,-0.01686550055723268,0.02568337679813319,0.30306125056593114
5,10,atr,0.5,2.0,50,20.0,65.22691727630125,0.4475703324808184,0.9600150782537152,-0.018819982525535264,-0.006234114651533562,0.14943424700656147,-0.04171811198847765,-0.10458593450800571,87.29293139726255,0.5188284518828452,1.220411402409048,0.08640450602184287,0.03827718493000409,0.03858599533406216,0.9919968267920911,0.7543075691630505,-0.06837929425471168,-0.006585819973307114,0.007267762162545504,0.08640450602184287
5,10,atr,1.0,0.5,0,,115.52337650598112,0.8194945848375451,0.9676228286114389,-0.005688989733609261,-0.003423310788656986,0.14714678082355764,-0.023264598583110332,-0.11179212146773698,144.2707443594925,0.8050632911392405,0.9993985116647494,0.0011298351830486475,-8.24236533113476e-05,0.07549106530023174,-0.0010918332253432193,0.010632371056191841,0.013395568487402471,-0.005596124568522567,-0.01656626535425575,0.0011298351830486475
5,10,atr,1.0,0.5,0,20.0,127.20082972680231,0.719344262295082,0.9746986068234067,-0.0037976664715880072,-0.002466733561672263,0.08873083080066665,-0.02780018556586906,-0.09404652481381602,157.78471281848294,0.7337962962962963,1.0863568139699538,0.015021813514010631,0.010079586948071872,0.047996866837611445,0.21000510267002007,0.377677893244242,0.004096608507347839,0.0041452414546750554,-0.015943255193438713,0.015021813514010631
5,10,atr,1.0,0.5,20,,61.640270929906166,0.8267929634641408,1.003337236311043,0.0009497180408666323,0.00017693209931035625,0.09387207296894928,0.001884821477937121,0.016999637631228318,78.52711401845794,0.786046511627907,0.9172446037549573,-0.018022137904347556,-0.006469524138369653,0.05168841570515286,-0.1251639085878328,-0.2583889397025657,0.05929530586288232,-0.02711343782971044,-0.009196877677623654,-0.018022137904347556
5,10,atr,1.0,0.5,20,20.0,64.80986537555764,0.7387387387387387,1.0146709171105885,0.002377371191266362,0.0006959943481785746,0.05315210376798654,0.013094389475469292,0.04816765163491409,82.1795379262932,0.7155555555555555,0.9672857917718323,-0.005050124120579417,-0.0021187340803056065,0.0410766459156151,-0.05158001665126654,-0.09774997009976368,0.019598123188880223,0.002489355694605645,-0.006700810321174992,-0.005050124120579417
5,10,atr,1.0,0.5,50,,62.05732283064978,0.8225806451612904,0.9676963359278399,-0.005711430906823857,-0.0017845830206967284,0.0955147395700883,-0.018683849516097032,-0.07984337697778363,83.64050748942729,0.7947598253275109,0.9449579255959243,-0.011602601145210228,-0.004468843050336457,0.04787773317841123,-0.09333865147048198,-0.17313830497189217,0.033164557487746375,-0.024091505217136468,-0.011078899513953747,-0.011602601145210228
5,10,atr,1.0,0.5,50,20.0,65.22691727630125,0.7340153452685422,1.007029469318186,0.001033339490961009,0.00033507785069386564,0.0558513599095774,0.005999457331680951,0.026725563374784166,87.29293139726255,0.7280334728033473,1.0173183047100416,0.003942134743814142,0.0011217650754296038,0.03279793600057491,0.03420230698083991,0.06450794500411759,0.008100838438547408,0.0018496100949298565,-0.00123592361655941,0.003942134743814142
5,10,atr,1.0,1.0,0,,100.42609769906228,0.7043189368770764,1.0226960695079952,0.0071057037606158556,0.003303748722839117,0.10071438727233445,0.0328031457303681,0.10683196843623469,121.62571613091393,0.7087087087087087,1.1769962976376112,0.05201645491885819,0.027842322645252437,0.04948863021890385,0.5626003896672235,0.7596134977002932,0.010560886027885043,0.006687694060032362,0.00958764734484011,0.05201645491885819
5,10,atr,1.0,1.0,0,20.0,127.20082972680231,0.5881967213114754,1.0598396472009322,0.012282467076682001,0.007296341315423227,0.04243179157476471,0.17195458981662587,0.2663497831902308,157.78471281848294,0.6134259259259259,1.2246145833621518,0.045202831950653756,0.02921048495311873,0.045895131061409654,0.636461521681545,0.989350970434509,0.01008001247321937,0.022789306161027152,0.005174172953803772,0.045202831950653756
5,10,atr,1.0,1.0,20,,57.71998306291619,0.7239884393063584,1.102926723251642,0.029220763418987866,0.007831290393175427,0.07491445826778077,0.10453643494534233,0.31350020473727774,70.49178142122038,0.7150259067357513,1.2200050647408975,0.06145580410307782,0.018839826307412766,0.04122363954740407,0.45701511351874663,0.6862879038724765,0.05898602015981027,0.024207820860012497,0.016237041694258943,0.06145580410307782
5,10,atr,1.0,1.0,20,20.0,64.80986537555764,0.6241956241956242,1.1351745288023494,0.02700013131143223,0.00817645226291197,0.04302576573892666,0.19003618233142788,0.40589442015938976,82.1795379262932,0.6133333333333333,1.0788577753572521,0.01668446523755461,0.005871152613962316,0.03777862311221573,0.15540938579267272,0.2709355169596076,0.024122195984321197,0.05116431239782587,0.007322702241242899,0.01668446523755461
5,10,atr,1.0,1.0,50,,58.637497244552144,0.7197724039829303,1.0807185076414478,0.022937697783937526,0.006377759955474405,0.06972472078459531,0.09147057003179108,0.2524863560113422,74.8746901106227,0.7121951219512195,1.1822770225439045,0.05248196858628839,0.0169780295457147,0.031764256646460265,0.5345010819765774,0.6051053780150695,0.01711756100390777,0.040199531427651404,0.013039797312351461,0.05248196858628839
5,10,atr,1.0,1.0,50,20.0,65.22691727630125,0.6112531969309463,1.1173899491524673,0.023343765117801275,0.007219905902288604,0.03821269857449735,0.18893996424285706,0.35315080826219997,87.29293139726255,0.6108786610878661,1.0980431831588267,0.021598140762053273,0.0074832546432619385,0.031595687248107636,0.23684418017241052,0.34208925121283573,-0.0071380487971692335,0.05663384026841514,0.014267390035367549,0.021598140762053273
5,10,atr,1.0,2.0,0,,74.81911099340438,0.5306577480490524,0.95271957140385,-0.02317192596099012,-0.008744417659694914,0.18905069110831213,-0.046254354366178994,-0.1661922489915363,83.27526509864377,0.5701754385964912,1.3034174719120857,0.13171393890666583,0.05454348614516302,0.03817575572994706,1.4287467294950302,1.0915796011111178,0.007745164362389971,-0.0281416915955712,-0.0377888274552109,0.13171393890666583
5,10,atr,1.0,2.0,0,20.0,127.20082972680231,0.5121311475409837,1.0549055728626706,0.012796647866301325,0.00766416635539624,0.07995785881699227,0.09585257120176269,0.24046704879418285,157.78471281848294,0.5532407407407407,1.1957791180269821,0.04330014127844185,0.02782971405983692,0.05442741838128986,0.5113179145275013,0.8344552860588534,0.028216932999530268,0.005502906417152191,0.010442983739344013,0.04330014127844185
5,10,atr,1.0,2.0,20,,49.21212428774647,0.5576271186440678,1.0469464161413768,0.021474550050137,0.004997222523446032,0.114227860856252,0.04374784300420978,0.15670479316268582,58.804024916147576,0.577639751552795,1.3594767401006498,0.15143003589579354,0.03824178444911386,0.03615208812048108,1.0578029219686735,1.040902315491998,0.09002806593264097,-0.017178316711251123,0.014511382666510857,0.15143003589579354
5,10,atr,1.0,2.0,20,20.0,64.80986537555764,0.5353925353925354,1.1195444069817542,0.02839441481106769,0.008553285245695097,0.07286278153221577,0.11738894763320724,0.3516679208261716,82.1795379262932,0.5644444444444444,1.0960098755312313,0.023056710875250276,0.007893910977428087,0.051394303707644244,0.15359505641583326,0.32124313252757974,0.038733627284344055,0.027358207991045946,0.02567385688011118,0.023056710875250276
5,10,atr,1.0,2.0,50,,49.29553466789519,0.5380710659898477,0.9612590378413157,-0.018782333655631967,-0.004542898036122289,0.11589590069015461,-0.039198090778617245,-0.10405852910182879,60.630236870065204,0.6024096385542169,1.4579359597406265,0.18031642055635452,0.052705968101439016,0.02743514039707708,1.9211116596674778,1.3228251390514234,-0.04381534668563765,-0.008814489453834446,-0.005148602941945315,0.18031642055635452
5,10,atr,1.0,2.0,50,20.0,65.22691727630125,0.5179028132992327,1.0496272619820868,0.011716537887692221,0.0037123699766725693,0.06382914025086667,0.05816105249235537,0.15348680336524897,87.29293139726255,0.5648535564853556,1.1386339590138153,0.032585290292407025,0.012246226085138812,0.034725530012293414,0.35265771554252573,0.46806590687594957,-0.02154326142342867,0.02757369442284942,0.022551755421877873,0.032585290292407025
5,12,range,0.5,0.5,0,,137.7939480056901,0.4685230024213075,0.8234232598482485,-0.09941151511490642,-0.11631648830112506,0.8446622070980845,-0.13770769820605702,-0.7940175513052197,169.83771171433926,0.5161290322580645,1.0358081389042801,0.01753795400953143,0.06087543641995219,0.4503241548185024,0.1351813705051804,0.3114295117869013,-0.09348772212024718,-0.12458886824851945,-0.07749526967647147,0.01753795400953143
5,12,range,0.5,0.5,0,20.0,138.0441791461363,0.4652567975830816,0.8121345922613692,-0.1054202398116322,-0.13410788713452493,0.892876233106175,-0.1501976222034546,-0.771558100589619,170.20295410512279,0.5171673819742489,1.0420819419239005,0.020192509786419077,0.0870874534898074,0.5338585070102565,0.16312834270923077,0.3685936299373679,-0.10096962977123905,-0.12863540411702507,-0.08430491931078517,0.020192509786419077
5,12,range,0.5,0.5,20,,73.31772415072736,0.4789533560864619,0.8537578911971758,-0.0804299333137509,-0.03336367844683574,0.3732849459949566,-0.0893785801029504,-0.5838959559047514,91.31059769588133,0.484,0.9092457901012845,-0.04923620154747608,-0.03281642377088578,0.20010282449939015,-0.16399780389399649,-0.3511162664297393,-0.024362507812558526,-0.13514105089292042,-0.06248708122216781,-0.04923620154747608
5,12,range,0.5,0.5,20,20.0,73.40113453087609,0.47613636363636364,0.8475335131777935,-0.08359745027821942,-0.035049853880246284,0.3868308599999435,-0.09060769836266787,-0.6089479385657487,91.31059769588133,0.484,0.9107718866321658,-0.04719779928038585,-0.03210339324499778,0.19387373159207708,-0.16558918519475038,-0.345889092316054,-0.03815873036403107,-0.12684165758426266,-0.06976221757267362,-0.04719779928038585
5,12,range,0.5,0.5,50,,74.15182795221459,0.48031496062992124,0.8582956437325705,-0.0777367470752932,-0.032455380141423684,0.3800800924327867,-0.08539089730715925,-0.5569130008263123,97.51971833920126,0.4794007490636704,0.8913936731395286,-0.05822666302898878,-0.04215103351877458,0.17237467883538102,-0.24453146949169433,-0.46250477469934925,-0.033542703337502366,-0.13863573297634388,-0.04607218028329854,-0.05822666302898878
5,12,range,0.5,0.5,50,20.0,74.23523833236331,0.4764044943820225,0.8509453366475337,-0.08164753264963769,-0.034515633467121165,0.3912612399999456,-0.08821633716420764,-0.588860300757715,97.51971833920126,0.4794007490636704,0.8937372595485688,-0.05535291969462501,-0.041120559514635224,0.16463096782481318,-0.24977414673521425,-0.4530666044046705,-0.04327510440577652,-0.13031080307289025,-0.05805100929405813,-0.05535291969462501
5,12,range,0.5,1.0,0,,135.04140546078224,0.31006794317479924,0.845287678062345,-0.11315844538193229,-0.15275406586957196,0.9634469033194571,-0.15854954262998153,-0.36429327496814057,165.08956063415343,0.36283185840707965,1.1090789711033584,0.07056155789518873,0.3192247058032769,0.8969009900586773,0.3559196715597253,0.6562426646046369,-0.11668994363283149,-0.1054948437342045,-0.11654701215608496,0.07056155789518873
5,12,range,0.5,1.0,0,20.0,138.0441791461363,0.3190332326283988,0.8260796620233936,-0.12329459807420937,-0.23943428772622144,1.050986547600064,-0.22781860364718418,-0.0741037355016897,170.20295410512279,0.38626609442060084,1.1340307837727843,0.0801503962815155,0.9090497819158598,2.045152242516702,0.44449003013937527,0.17197796888075806,-0.11562706583243396,-0.1279245296039258,-0.12307475563944605,0.0801503962815155
5,12,range,0.5,1.0,20,,72.90067224998376,0.3329519450800915,0.9350881448026578,-0.04520232992762288,-0.017326355495230206,0.2935391256189559,-0.05902571065678517,-0.21963592883124586,90.9453553050978,0.3413654618473896,1.0068895139181449,0.0033427130718225676,0.002524462487563106,0.1781239574577619,0.01417250393261516,0.06539662329500241,-0.0394778846598632,-0.024536883045162078,-0.06749467965537449,0.0033427130718225676
5,12,range,0.5,1.0,20,20.0,73.40113453087609,0.3397727272727273,0.9181599686172335,-0.05582964025025111,-0.02209885265601952,0.30628102508728444,-0.0721522093956743,-0.2846164558735936,91.31059769588133,0.364,1.0277019146645678,0.015584903659789973,0.010082164336432387,0.18015988321755783,0.05596231611816348,0.13953847156266613,-0.06434871743360218,-0.03120655317805096,-0.0716835788188594,0.015584903659789973
5,12,range,0.5,1.0,50,,73.81818643161971,0.327683615819209,0.9141898344080581,-0.06060870602990601,-0.02424898711625112,0.3295856679598316,-0.07357415529126247,-0.30466864561129764,96.05874877606716,0.34600760456273766,1.026344843743819,0.017110961690939973,0.010933928393814796,0.16856881075484914,0.06486329437131812,0.14360286944547662,-0.0605973378983536,-0.038806806533828106,-0.07931444880445668,0.017110961690939973
5,12,range,0.5,1.0,50,20.0,74.23523833236331,0.3325842696629214,0.9004752629909476,-0.06874328066703718,-0.02831394884624805,0.35025378790413186,-0.08083838012338035,-0.35915058445595377,97.51971833920126,0.36704119850187267,1.0384148948650493,0.023184096147583256,0.015805565221918894,0.16299461203603277,0.09696986314139514,0.18797792020154344,-0.08197261825586466,-0.04121217748204445,-0.08355722387463331,0.023184096147583256
5,12,range,0.5,2.0,0,,124.44828718189446,0.1970509383378016,0.9181990977309545,-0.06998133094621087,-0.054953441694845506,0.6769824213215591,-0.08117410432544044,-0.26327764977509294,142.8097747963584,0.23273657289002558,1.1719255775153152,0.13464158769335563,0.16104412159433767,0.31703731635225374,0.5079658238571665,0.6818243720359515,-0.02913426384443531,-0.09877799091753017,-0.07077398756784775,0.13464158769335563
5,12,range,0.5,2.0,0,20.0,138.0441791461363,0.25196374622356493,0.8660406535934628,-0.10348040806622456,-0.1300832482811647,0.9285169645858553,-0.140097869228685,-0.32186700891738645,170.20295410512279,0.3369098712446352,1.1418385729683913,0.08999516999204021,0.3122529417939395,0.5349725253617706,0.583680333083986,0.6814914480624454,-0.08494493261078678,-0.12055902543241653,-0.09923543280047832,0.08999516999204021
5,12,range,0.5,2.0,20,,71.06564388671185,0.20774647887323944,0.9804782655548367,-0.015088509127345691,-0.00568096705536747,0.29746730757853995,-0.01909778624619961,-0.02452887846467962,84.73623466177787,0.21982758620689655,1.0873461481485285,0.06771543205395403,0.03001760063294201,0.16883370021401373,0.1777938918290109,0.2951710183673157,0.058794599913826476,-0.019398596659159568,-0.061583523740787946,0.06771543205395403
5,12,range,0.5,2.0,20,20.0,73.40113453087609,0.26136363636363635,0.9718671021054939,-0.02021720045275982,-0.0078320831191947,0.29955306737417403,-0.0261458952427003,-0.058668821221567434,91.31059769588133,0.32,1.1050172649280436,0.06858012989957968,0.03351434568569189,0.1523514021230665,0.21998055297593952,0.35436109140421707,0.030779730664266734,-0.013027060074424711,-0.061801524226041675,0.06858012989957968
5,12,range,0.5,2.0,50,,71.31587502715801,0.19883040935672514,0.9282907007896226,-0.05993361831400248,-0.023303879447229447,0.34870410466881974,-0.06682995449497851,-0.17937308379933178,89.4843857419637,0.23265306122448978,1.1652846227828622,0.12926410512155584,0.07066923396169855,0.1499338419019947,0.47133611108219303,0.5464617507735677,-0.05371416534546674,-0.06741302210373819,-0.05357009628475032,0.12926410512155584
5,12,range,0.5,2.0,50,20.0,74.23523833236331,0.25280898876404495,0.9187840175521863,-0.061747142761888,-0.025318157706883282,0.3242826965059134,-0.07807434062835232,-0.2303954196620922,97.51971833920126,0.3258426966292135,1.1300226988513826,0.08505162713545666,0.05327485933831633,0.14608989284185864,0.36467176682774366,0.4560179339209743,-0.06788443902124448,-0.049275202940550655,-0.06673779336343282,0.08505162713545666
5,12,range,1.0,0.5,0,,134.7911743203361,0.6547029702970297,0.9072761008136202,-0.033019828643129204,-0.024517340600846094,0.36615757252126796,-0.06695844205003305,-0.46577833747744857,165.8200454157205,0.698237885462555,1.132469041171313,0.03973137057021357,0.04183260758231522,0.07942612429405833,0.5266857467127426,0.7060910171898346,-0.005641360957641924,-0.044642452083347786,-0.042325146677501195,0.03973137057021357
5,12,range,1.0,0.5,0,20.0,138.0441791461363,0.6332326283987916,0.8963224079316853,-0.03564273168384044,-0.027565687014225015,0.3753016139502879,-0.07344942304958044,-0.5247927124047913,170.20295410512279,0.6716738197424893,1.1513592765249367,0.04173840159650099,0.04649583164057458,0.07958405003513429,0.5842355549893211,0.7950532918542583,-0.012929736897320271,-0.04631963483531915,-0.04247450727422467,0.04173840159650099
5,12,range,1.0,0.5,20,,72.14997882864525,0.6797687861271676,1.019820429357673,0.00628610489569538,0.0022484784739467134,0.09215382079838103,0.02439918881785762,0.08326610851292267,90.58011291431428,0.6653225806451613,0.9736837222857059,-0.01093637246410619,-0.0037798644329062325,0.0727592405039222,-0.051950300837767444,-0.09421272712554149,0.054027984151263184,-0.03359326665584676,0.012510215635705257,-0.01093637246410619
5,12,range,1.0,0.5,20,20.0,73.40113453087609,0.6568181818181819,0.994537501022629,-0.0019280966132661937,-0.0006287836895323418,0.10275663865286419,-0.006119153932784034,-0.006876990032530377,91.31059769588133,0.652,1.01086825597613,0.0017446510873002801,0.0014632510238994367,0.06417129606218314,0.022802266958758637,0.05630018170471507,0.03593060775810714,-0.026871938038471568,-0.0042007357329049855,0.0017446510873002801
5,12,range,1.0,0.5,50,,72.98408263013248,0.6742857142857143,0.9937039602940441,-0.0022753859279931823,-0.000747143095898295,0.14502164058930908,-0.005151942102311136,-0.009242679404251709,97.15447594841774,0.6766917293233082,1.0278744361340189,0.007468549412766924,0.004256214949881043,0.051436806955552854,0.08274648450785228,0.13167969683816333,0.039806047364882795,-0.0399906208317976,0.0054642974515019625,0.007468549412766924
5,12,range,1.0,0.5,50,20.0,74.23523833236331,0.651685393258427,0.9760670276024885,-0.008056566401366944,-0.0028588853000038883,0.1502831473305068,-0.019023325973580724,-0.07448418842339699,97.51971833920126,0.6591760299625468,1.058264806261466,0.015739878987704323,0.008259959256965876,0.04664323746555064,0.17708803474601106,0.24718554456778155,0.025948234350598554,-0.032141389795523306,-0.008447973570125573,0.015739878987704323
5,12,range,1.0,1.0,0,,126.28331554516636,0.5019815059445178,0.9655409334600275,-0.017836892808770405,-0.011524640265641373,0.2812545724247208,-0.04097583255726803,-0.1669188135105972,149.7493802212454,0.5414634146341464,1.1551557158824415,0.07111742038971448,0.05674833481268471,0.08290625837467834,0.6844879497060632,0.8240798949823469,0.02819500669252915,-0.029249382359375693,-0.04143788450666117,0.07111742038971448
5,12,range,1.0,1.0,0,20.0,138.0441791461363,0.48882175226586105,0.9306383982801832,-0.03200816077852662,-0.02442134892060388,0.3586316676904295,-0.06809590764216719,-0.3543345437190879,170.20295410512279,0.5450643776824035,1.2196908677797242,0.08060856427164302,0.08360265657147048,0.10901180828425476,0.7669137673000671,1.1328829931452609,-0.018146860439073077,-0.03032979069963143,-0.0442762971895289,0.08060856427164302
5,12,range,1.0,1.0,20,,70.23154008522462,0.5273159144893111,1.0717074465975318,0.034849983340475885,0.011171863751613387,0.08689120140341773,0.1285730151174312,0.28158522208514325,87.65817378804607,0.525,1.0831185707464785,0.03636960775414469,0.014546770808940623,0.07921124860470834,0.18364526585780847,0.35323266709940115,0.04860572579214276,0.03563431021324655,0.024150275395501256,0.03636960775414469
5,12,range,1.0,1.0,20,20.0,73.40113453087609,0.5227272727272727,1.0457642683170707,0.020299777332708754,0.0069382243129521015,0.08100046101512617,0.08565660276497,0.18386417828296053,91.31059769588133,0.552,1.1512514778713383,0.055007801304387524,0.023003786735986242,0.06764996253372701,0.340041381760081,0.5722877663002447,0.01080132715891749,0.035222029516077995,0.012043474610486212,0.055007801304387524
5,12,range,1.0,1.0,50,,71.14905426686057,0.5205158264947245,1.0431245132206988,0.02130420212804889,0.0070615712405806,0.1270417827907043,0.055584635900570015,0.18075640496767625,92.04108247744838,0.5555555555555556,1.2215361218314733,0.09845125432029672,0.039111494885694764,0.045886919630813226,0.8523451824696304,0.887261033382189,0.020873241076340712,0.04906615954643192,-0.006242163556807653,0.09845125432029672
5,12,range,1.0,1.0,50,20.0,74.23523833236331,0.5067415730337078,0.9977720116249971,-0.0009979207423380528,-0.0003640291151812969,0.11448237913751645,-0.0031797829318695797,0.00947362939148626,97.51971833920126,0.550561797752809,1.1801514859827673,0.06560352772672522,0.030910938097868046,0.046675509866236746,0.6622517501459115,0.7018538498103145,-0.03088391270231915,0.03229398841787113,-0.01255848980104622,0.06560352772672522
5,12,range,1.0,2.0,0,,103.09522986382142,0.343042071197411,0.993363854462928,-0.0046566492429961715,-0.0022886002518003323,0.18288709070244014,-0.012513733161866067,0.0011956255632665708,117.24280744151163,0.3956386292834891,1.2692713800915911,0.1635435652464476,0.08874187989517246,0.08941944807669677,0.992422585957552,1.1478286305866807,0.02386660165989114,-0.028831611530794526,-0.0030724703106836232,0.1635435652464476
5,12,range,1.0,2.0,0,20.0,138.0441791461363,0.4175226586102719,0.9722639791108361,-0.014141519330051632,-0.010093246135265188,0.2641944225449505,-0.03820385774248472,-0.10635508607642545,170.20295410512279,0.4978540772532189,1.2590360181589926,0.10229502343315411,0.08922767048942792,0.1026188160367093,0.8695059437979578,1.2008186556252205,0.015612300652149072,-0.03886711208811498,-0.012477218320937972,0.10229502343315411
5,12,range,1.0,2.0,20,,64.6430446152602,0.36,1.071108056352563,0.046921706091456725,0.013685356927709558,0.10416376700229685,0.13138308378774158,0.2574721516740108,76.70090206454032,0.3761904761904762,1.168656601290838,0.10400770361669502,0.03256550171871431,0.06847620207302889,0.47557400575434466,0.6098888574916047,0.03045549222542002,0.032707613285663704,0.0733923739229653,0.10400770361669502
5,12,range,1.0,2.0,20,20.0,73.40113453087609,0.4375,1.0812543426320382,0.041417668679717246,0.013585774502081316,0.09247586127322978,0.14691157578885045,0.286473602296368,91.31059769588133,0.512,1.2611522878204628,0.10402176495927586,0.03902980612581919,0.0583829174936901,0.6685141442278462,0.8640829656205442,0.04097662903821126,0.0385669922499337,0.04464430553041046,0.10402176495927586
5,12,range,1.0,2.0,50,,64.80986537555764,0.3436293436293436,0.9976661745539285,-0.001953379346559681,-0.0004997921765574898,0.14473131597399516,-0.0034532414301220804,0.01736124007475059,79.257598800025,0.41013824884792627,1.342394628902721,0.20468588688444633,0.07381637361474236,0.04179004251940294,1.7663627305588343,1.169531735928673,-0.03568097997592024,0.02858210621395257,-0.008969992047948122,0.20468588688444633
5,12,range,1.0,2.0,50,20.0,74.23523833236331,0.4191011235955056,0.9924375579390922,-0.0036331241493669786,-0.001420972255156805,0.13353128917586632,-0.010641492821096969,-0.00314106832206566,97.51971833920126,0.5093632958801498,1.2780960801409063,0.11087158510395863,0.05196107630021829,0.05280303582150977,0.9840547137452939,0.9635610360277128,-0.04411693403464224,0.03016672309791332,-0.008200310983843346,0.11087158510395863
5,12,atr,0.5,0.5,0,,135.87550926226947,0.6863106200122775,0.9230238041713246,-0.024705342510387123,-0.017985899226743096,0.25145458432002754,-0.07152742621646678,-0.3542776175349896,168.37674215120518,0.7006507592190889,1.0980699447403757,0.03053999558879625,0.029380672626914794,0.07514195100254287,0.39100225952238754,0.5231309499999932,-0.0199548812476151,-0.027216151257681193,-0.024146691388748975,0.03053999558879625
5,12,atr,0.5,0.5,0,20.0,138.0441791461363,0.6646525679758308,0.9110231742292964,-0.027373495885276378,-0.020538510718970393,0.2752354724615534,-0.0746215977733006,-0.4216892074248561,170.20295410512279,0.6802575107296137,1.132109776724324,0.03696818020256029,0.0370782215828398,0.062245173691644846,0.595680265373198,0.6799073622728783,-0.01650671196616931,-0.029694337805924773,-0.031719869148808706,0.03696818020256029
5,12,atr,0.5,0.5,20,,72.7338514896863,0.6972477064220184,0.9484853965497902,-0.015899853054228245,-0.0058260839165273914,0.12838455129757323,-0.04537994530995816,-0.16799440190857776,90.9453553050978,0.6867469879518072,1.0321210938167635,0.010099134725491078,0.004806907695589668,0.057056545855566014,0.0842481370631507,0.13946410298237197,0.006809863457015662,-0.031880881937753916,-0.012937982215213969,0.010099134725491078
5,12,atr,0.5,0.5,20,20.0,73.40113453087609,0.678409090909091,0.9528289403843978,-0.013888316866378321,-0.005113787468114861,0.11874989398346432,-0.04306351186155118,-0.15457649507725857,91.31059769588133,0.672,1.0586146428628478,0.016887371197089922,0.007837982762879614,0.04683486517657078,0.16735358868505032,0.23169198257716309,0.006564196785699526,-0.01710088262929245,-0.022392360857138825,0.016887371197089922
5,12,atr,0.5,0.5,50,,73.65136567132225,0.6964892412231031,0.9389048247773466,-0.01899146204490816,-0.007061513076210724,0.1573467074009037,-0.04487868346821325,-0.20044582174554287,96.7892335576342,0.6943396226415094,1.0532795323585664,0.01612970812010193,0.008356481075913358,0.058443265706882665,0.14298449915212805,0.2273788794503688,-0.008529730800098442,-0.04189695323416718,-0.0006671483354895581,0.01612970812010193
5,12,atr,0.5,0.5,50,20.0,74.23523833236331,0.6764044943820224,0.9364881752978046,-0.018957190435895464,-0.007103852623600471,0.1604897807743937,-0.04426358232482487,-0.21119966386973424,97.51971833920126,0.6779026217228464,1.0643229424037732,0.017691422425380857,0.009263361175576579,0.04966140682608492,0.18653038179157963,0.2640577626987304,-0.004939413319092143,-0.03654566809821343,-0.008481953332333493,0.017691422425380857
5,12,atr,0.5,1.0,0,,126.36672592531508,0.5392739273927393,0.9889695475176553,-0.005184931716345911,-0.0032702297321012264,0.16288961018558143,-0.020076355566051314,-0.032603143607299746,152.30607695673007,0.5587529976019184,1.2020774505044285,0.09035456886459739,0.06548486858906144,0.05105525888402068,1.282627294826174,1.0196149619997301,0.015531063324979113,-0.006626824392570236,-0.016106449649673876,0.09035456886459739
5,12,atr,0.5,1.0,0,20.0,138.0441791461363,0.5196374622356495,0.9435736564496938,-0.02335138662253182,-0.017192722250606196,0.2562952814721058,-0.06708169636153596,-0.265191974827915,170.20295410512279,0.5579399141630901,1.2261017695425072,0.08060288591509016,0.07608726311000868,0.08240058390352545,0.9233825721319111,1.1341490974261825,-0.016727279561093086,-0.02364164907338301,-0.026448611121513085,0.08060288591509016
5,12,atr,0.5,1.0,20,,70.39836084552206,0.5509478672985783,1.0078130426312337,0.0036914461140158984,0.001228179240132965,0.08829517584246167,0.013909924618354136,0.04621445731538394,87.65817378804607,0.5583333333333333,1.1956477577990114,0.08615532524397418,0.03564275837105768,0.06381602337123768,0.5585236510854438,0.7607815455486084,-0.010822580647906989,0.02969793671465406,-0.009391220772748062,0.08615532524397418
5,12,atr,0.5,1.0,20,20.0,73.40113453087609,0.5443181818181818,0.9945304732388197,-0.0021493366465994757,-0.0007931461912925597,0.11346290324756873,-0.00699035692363667,-0.0037001781754154857,91.31059769588133,0.576,1.2322967773044917,0.08105098439628015,0.035514799234214856,0.05233755071932253,0.6785720528779565,0.823504598189157,-0.018585468205811917,0.03192119672372823,-0.021658422511263185,0.08105098439628015
5,12,atr,0.5,1.0,50,,71.39928540730673,0.552570093457944,1.018440329243328,0.008517514959994778,0.002899775766468382,0.09249553262620575,0.03135044130387353,0.08486993850716597,91.67584008666485,0.5737051792828686,1.2562887359420223,0.1110555470397495,0.045769708899534356,0.051260388527817946,0.8928864999666573,0.987454163286569,-0.0210947043311218,0.037980290384434526,0.0033138634763009104,0.1110555470397495
5,12,atr,0.5,1.0,50,20.0,74.23523833236331,0.5359550561797752,0.9793355234546703,-0.008477837891569672,-0.0030969529484874414,0.1010653036721713,-0.030643087547959337,-0.05780046157881693,97.51971833920126,0.5692883895131086,1.188712749322644,0.06705287458620823,0.03194342180860299,0.043947795904111436,0.7268492344485152,0.7164212222208788,-0.04879345344184689,0.024880886672350305,-0.009618805293723323,0.06705287458620823
5,12,atr,0.5,2.0,0,,104.68002708664714,0.36812749003984063,0.9773243051358314,-0.014664822715687545,-0.0079004976477286,0.19685602308864658,-0.040133380344531865,-0.06561985150046533,117.97329222307867,0.4179566563467492,1.363087541360172,0.21599508617389832,0.12188637803898583,0.08569957957038414,1.422251761910709,1.4697951139485341,-0.0011851619223783036,-0.027087139765995367,-0.008216792313704703,0.21599508617389832
5,12,atr,0.5,2.0,0,20.0,138.0441791461363,0.44652567975830815,0.9570807343156283,-0.020022230749182416,-0.014493473677006596,0.27439549017429404,-0.052819649724565244,-0.17414601039994423,170.20295410512279,0.5042918454935622,1.2220442191990681,0.0851259679034165,0.07752573648893968,0.09220486692293416,0.8407987460546583,1.0536650586611889,-0.0006587604058304154,-0.037974510831741984,-0.015395354382450297,0.0851259679034165
5,12,atr,0.5,2.0,20,,64.55963423511147,0.375968992248062,0.9910662189661075,-0.005500765483060386,-0.0018292234924545125,0.1376183029931973,-0.013292007332374489,-0.005950106639258958,74.8746901106227,0.4097560975609756,1.3294119340855288,0.1979147103871887,0.06932688280322918,0.08259276211802485,0.8393820599456553,1.036855018153993,-0.01882135016566984,-0.01173220406033899,0.01490646388275962,0.1979147103871887
5,12,atr,0.5,2.0,20,20.0,73.40113453087609,0.4590909090909091,1.0107210810770144,0.005181426665806801,0.0017612039433123616,0.1253742059327534,0.01404757805012152,0.05581153663368266,91.31059769588133,0.532,1.292845976829875,0.11106249298021142,0.04627822300676376,0.045332553571003936,1.0208607140182084,0.9636117027229997,-0.004796841411312519,0.018599076604177398,0.002064286592116873,0.11106249298021142
5,12,atr,0.5,2.0,50,,64.89327575570636,0.36375321336760924,0.9379360670319029,-0.0405165789021553,-0.01391986228383102,0.19588850576529399,-0.07106012795109713,-0.1842980847527631,77.43138684610737,0.4339622641509434,1.4728307363833644,0.27224408779851056,0.11018519082420974,0.057229148104763705,1.9253334091659844,1.4682911328556802,-0.08901521254798425,-0.0273401467166615,-0.014695615248048728,0.27224408779851056
5,12,atr,0.5,2.0,50,20.0,74.23523833236331,0.44719101123595506,0.9501553947091649,-0.023316966078937424,-0.00886658551327002,0.14078197142856197,-0.0629809727999814,-0.14506297714824823,97.51971833920126,0.5280898876404494,1.2684095305000858,0.10238950707835931,0.05154845122265583,0.037426655745798634,1.3773191912409233,0.9447458277940541,-0.08566071936254945,0.0070011679759084825,-0.005888427369387892,0.10238950707835931
5,12,atr,1.0,0.5,0,,123.44736262010979,0.8216216216216217,0.9888407625002332,-0.0017814207711049452,-0.0012301490514127211,0.1313864211421209,-0.009362832480854828,-0.031242598059619438,153.76704651986415,0.8028503562945368,0.9904199326750128,-0.0005728544702048986,-0.0013821862113153616,0.07742274873563253,-0.017852455949800623,-0.02952516548019441,0.005876259761291343,0.002399530512142595,-0.008166579153510163,-0.0005728544702048986
5,12,atr,1.0,0.5,0,20.0,138.0441791461363,0.7166163141993958,0.975931026906897,-0.0035889207414015866,-0.0025404225141273384,0.08198245361664361,-0.03098739305859951,-0.09228977011545375,170.20295410512279,0.7296137339055794,1.0993581485016966,0.016534655111615993,0.012300289000549025,0.048690200853027214,0.25262350093148733,0.44946098053356,-0.003997682381741602,0.007768135348241073,-0.012825262180714461,0.016534655111615993
5,12,atr,1.0,0.5,20,,68.98038438299378,0.8307134220072552,1.0353602355377227,0.006435452652975033,0.002028464737621194,0.09037547408183742,0.022444858610471737,0.10541851079320863,87.29293139726255,0.7866108786610879,0.9140771057170818,-0.018634517898946545,-0.007293177528971517,0.059884171067599586,-0.12178806851544617,-0.28544384460170347,0.06215384189864412,-0.02840691788593603,0.004110004824781192,-0.018634517898946545
5,12,atr,1.0,0.5,20,20.0,73.40113453087609,0.7340909090909091,1.0110968241888418,0.001788060927266041,0.0005947589665731279,0.058552258202397976,0.010157746000456902,0.04064113435992751,91.31059769588133,0.708,0.9566792409468508,-0.006892676883163992,-0.003113393101890294,0.04251837268937223,-0.07322465336657884,-0.13900354203891294,0.018104720033804058,0.0005512921065951258,-0.005714379557432706,-0.006892676883163992
5,12,atr,1.0,0.5,50,,69.73107780433229,0.8265550239234449,0.9984983948841927,-7.81829430132876e-05,-9.023449085321378e-05,0.09744778688747578,-0.000925977836288973,0.004531321562941612,93.50205204058248,0.796875,0.9502573041715389,-0.010390722490474633,-0.00438264181172443,0.05057638151164128,-0.08665392186500467,-0.1651765872665188,0.03506805687249522,-0.023702466592381295,0.001207056270291125,-0.010390722490474633
5,12,atr,1.0,0.5,50,20.0,74.23523833236331,0.7303370786516854,1.0074616660079534,0.0011175834077986656,0.0004021459181029474,0.057270668618087876,0.007021847794106897,0.029779823875009263,97.51971833920126,0.7228464419475655,1.0153553211684392,0.0034874147685995827,0.0011006969262647992,0.03286574882615439,0.0334906997581893,0.06114200234102022,0.006586234323977018,0.0005564288035545809,0.0008862910903635255,0.0034874147685995827
5,12,atr,1.0,1.0,0,,106.01459316902671,0.7049567269866247,1.0341369748503557,0.010466535509206475,0.005176220759251837,0.09980901501376223,0.05186125480286636,0.15747191095313037,128.20007916501737,0.7065527065527065,1.1689953288188675,0.04910491606734937,0.027562967295654328,0.04767060572088959,0.5781962884431326,0.7453770840669943,0.018905868202201182,0.012875006559703021,0.005812359470808462,0.04910491606734937
5,12,atr,1.0,1.0,0,20.0,138.0441791461363,0.5812688821752265,1.049598527848235,0.010149656929557585,0.006570614822281939,0.05154956881315637,0.12746207143065377,0.2334716542237712,170.20295410512279,0.6094420600858369,1.2207382641599753,0.04384927989840419,0.03086925451487943,0.04901227536564617,0.629827003226959,1.0110278051065111,0.005759157973743495,0.02536292770880279,0.00017122585218660132,0.04384927989840419
5,12,atr,1.0,1.0,20,,63.975761574070404,0.7235984354628422,1.1068244171246777,0.030267445992894246,0.008956504473133009,0.07932310778722901,0.11291166878077114,0.34277305058071333,78.16187162767442,0.7102803738317757,1.183271609361479,0.05180649828314624,0.017452284622420544,0.0411493416154058,0.42412062835743225,0.6146836243175255,0.07266389377093753,0.01598684856936035,0.016736753776614363,0.05180649828314624
5,12,atr,1.0,1.0,20,20.0,73.40113453087609,0.6125,1.1069737636165922,0.021372928498884905,0.007391797839857439,0.04519503724978986,0.1635533078334128,0.3488964576071566,91.31059769588133,0.612,1.0920288602135864,0.019214651262406485,0.0075160361374748685,0.03707671750498092,0.20271579156016595,0.32726840313446437,0.022562681775313093,0.04678129870046635,-0.002201720416650679,0.019214651262406485
5,12,atr,1.0,1.0,50,,65.22691727630125,0.7186700767263428,1.07982196867094,0.022802910176418795,0.007014496463056963,0.07356387805077197,0.09535245624511164,0.26366778410927494,84.00574988021083,0.7130434782608696,1.1771912343239277,0.05088833929279087,0.018287207830940178,0.035531283069803105,0.5146790729457752,0.6275602945092893,0.031543909942314416,0.02951406927506655,0.012795212278148655,0.05088833929279087
5,12,atr,1.0,1.0,50,20.0,74.23523833236331,0.6022471910112359,1.1021008153377472,0.020224135779495573,0.007126647699625677,0.038781183915299854,0.18376560435056985,0.33151954880801154,97.51971833920126,0.6142322097378277,1.1217512373690424,0.025810444297867833,0.01008971662731617,0.030728086723788083,0.32835486042498174,0.43896080156246153,-0.0049904781525238265,0.054063363709193846,0.007928801653935297,0.025810444297867833
5,12,atr,1.0,2.0,0,,76.98778087727116,0.5276273022751896,0.9486215104253443,-0.02534320740520861,-0.009902156594885914,0.22124703735754547,-0.044756109338917695,-0.18568780651394404,86.19720422491197,0.5423728813559322,1.1787999464680556,0.08133604378736502,0.0364121748532138,0.050927484394720376,0.7149808258934665,0.6913412014982367,0.02163377544721838,-0.04066196010815193,-0.04418238999318361,0.08133604378736502
5,12,atr,1.0,2.0,0,20.0,138.0441791461363,0.5075528700906344,1.047450037831403,0.010993226362743065,0.007161999247827344,0.07647578281255703,0.09365055164432226,0.2193103984266239,170.20295410512279,0.5515021459227468,1.1897358911927944,0.04153308890879219,0.028899967818834416,0.056031187388394084,0.5157836049146544,0.8423832818831957,0.021761661227201887,0.008529035645628031,0.006895038853614782,0.04153308890879219
5,12,atr,1.0,2.0,20,,53.54946405548005,0.5467289719626168,1.009543441647274,0.0043307958360646335,0.0011567638036846795,0.14954829484341906,0.007735051776389969,0.046152381278423645,63.5521759963334,0.5459770114942529,1.1946352810341279,0.08713180666601245,0.025471520250727187,0.055046264683089034,0.462729313194477,0.626795040080492,0.09685355900528955,-0.05616049692646806,-0.00039029264338282427,0.08713180666601245
5,12,atr,1.0,2.0,20,20.0,73.40113453087609,0.5295454545454545,1.1076338655315392,0.025208348295642172,0.00862326084517373,0.07312151199806152,0.11793055982488897,0.33999961555965236,91.31059769588133,0.568,1.1279393381168963,0.03007508169999961,0.011312102823364922,0.047864609752586315,0.236335423642594,0.43776827899394233,0.040025936512625135,0.024520243177693163,0.01831825423237579,0.03007508169999961
5,12,atr,1.0,2.0,50,,54.049926336372394,0.5277777777777778,0.9285818496403224,-0.03513526714222975,-0.009652586655680362,0.1672701137353437,-0.05770658272494973,-0.21974315638279776,65.37838795025102,0.5810055865921788,1.338984673049292,0.13906919460844405,0.047308510017967764,0.03654261629318304,1.2946120124079097,1.055922432797332,-0.031323237586051024,-0.04043567833201366,-0.028202386219298,0.13906919460844405
5,12,atr,1.0,2.0,50,20.0,74.23523833236331,0.5134831460674157,1.0450126388482155,0.010502471336738813,0.003781103357148874,0.06020071548674238,0.06280827937969545,0.15017965938082858,97.51971833920126,0.5730337078651685,1.1803263530205181,0.04094338502628008,0.017086884871585717,0.02839224460732182,0.6018152177788485,0.6241905229183974,-0.015260687727670212,0.027940986449870364,0.014718863156392476,0.04094338502628008
5,15,range,0.5,0.5,0,,151.38983996993193,0.46887052341597796,0.8248396544858474,-0.09862857245264581,-0.14270067322911906,0.9124136236007764,-0.15639910402253843,-0.7213273675092754,187.00410408116497,0.521484375,1.058967300246309,0.028628365461557677,0.14619103175078751,0.518071366025929,0.28218319200345615,0.4828320916209221,-0.07911662023919964,-0.13214612475567816,-0.07780509545845238,0.028628365461557677
5,15,range,0.5,0.5,0,20.0,151.89030225082428,0.46403075233388247,0.8133151914962975,-0.10417918641914786,-0.17068394961666866,0.9632667474871843,-0.17719281814920068,-0.534603021784258,188.46507364429905,0.5290697674418605,1.0925611000566804,0.04299159332463985,0.29166197369759606,0.6058523763109073,0.4814076582047157,0.6713917112379479,-0.0945901335332617,-0.13386106439339543,-0.07974485534161843,0.04299159332463985
5,15,range,0.5,0.5,20,,94.75419184894913,0.47007042253521125,0.8235576202700506,-0.09901217833166173,-0.061108085418463354,0.5610140622554807,-0.10892433814009334,-0.7626680781813895,108.47699006270702,0.5050505050505051,0.9913286077548071,-0.00533262501567485,-0.00494428708761796,0.24047419049067886,-0.020560572748074633,0.01606032519565948,-0.0796739371453844,-0.14473123807997523,-0.0645462728066098,-0.00533262501567485
5,15,range,0.5,0.5,20,20.0,95.08783336954401,0.4631578947368421,0.8130749351306115,-0.10346175335023597,-0.06566434700243207,0.5876162149999222,-0.11174699629832502,-0.7900214985438959,109.20747484427407,0.5083612040133779,1.0016886806047487,-9.758937781519397e-05,0.0009781483875996866,0.23998250180903447,0.004075915453111019,0.06218161448839829,-0.09500070546521787,-0.14179914370118255,-0.06863707773271766,-9.758937781519397e-05
5,15,range,0.5,0.5,50,,95.33806450999019,0.4663167104111986,0.8113692741007117,-0.1063211547135012,-0.06878044859147858,0.6111233819015963,-0.11254756507181667,-0.8049064518796859,112.85989875210932,0.5080906148867314,1.0027432906219185,0.001104198828526696,0.001772472502136635,0.21764562963132697,0.008143846054428253,0.06969780510098698,-0.08619206628940841,-0.1599545168392758,-0.06413176484008905,0.001104198828526696
5,15,range,0.5,0.5,50,20.0,95.67170603058509,0.46033129904097647,0.802538193833519,-0.10990001031406313,-0.07283740667118699,0.6328267499999266,-0.11509849523774941,-0.8228665662331386,113.59038353367637,0.5112540192926045,1.0033051706837357,0.0014156850014354475,0.002186247218689319,0.21306349995346852,0.010261012417268931,0.07358856153940876,-0.10010116209568576,-0.1570211013176067,-0.06706656588369261,0.0014156850014354475
5,15,range,0.5,1.0,0,,147.71978324338812,0.313382269904009,0.8585885418974747,-0.10317004772999541,-0.15075747624736968,0.9407300157919056,-0.1602558371866791,-0.4212698480443027,176.0468323576592,0.35892116182572614,1.0891852460630005,0.0582272680578906,0.2807554479127703,0.90599870523781,0.309885043201112,0.6454616716134685,-0.10296725822073245,-0.10106287171862055,-0.1040233618638222,0.0582272680578906
5,15,range,0.5,1.0,0,20.0,151.89030225082428,0.3228995057660626,0.8345268683233277,-0.11581364333464492,-0.34400430392492154,1.0689150875927425,-0.32182566035216026,-0.40843234662988814,188.46507364429905,0.4050387596899225,1.1827634800660005,0.10548802903459456,2.9390777184493184,3.5709760074066614,0.8230460558551206,0.66346641509259,-0.10843063067369997,-0.1259867998291938,-0.10964361252215145,0.10548802903459456
5,15,range,0.5,1.0,20,,93.66985690701573,0.3232413178984862,0.8940226666500196,-0.07569396360867899,-0.04207018336152424,0.4694100211033031,-0.08962353053870116,-0.4046549477823093,107.74650528113997,0.36271186440677966,1.1034359640956277,0.06685638549617848,0.05637926149993544,0.25817465656787275,0.2183764365156176,0.4265173314147046,-0.1066221957479262,-0.06040744133798549,-0.06673741365183725,0.06685638549617848
5,15,range,0.5,1.0,20,20.0,95.08783336954401,0.33245614035087717,0.875843046757791,-0.08456337063859971,-0.049739079852909485,0.5199393646714962,-0.09566323158535077,-0.4742795373945643,109.20747484427407,0.4080267558528428,1.2051223535825621,0.11832772498252768,0.1068771913811446,0.27190419303922925,0.39306930204538915,0.7471371685308057,-0.11105031190957275,-0.07317478004073352,-0.0746700975649308,0.11832772498252768
5,15,range,0.5,1.0,50,,94.42055032835424,0.31713780918727913,0.8703169479264724,-0.09355915102046551,-0.05630307101475118,0.555852511703086,-0.10129138544727133,-0.506764608768282,111.0336867981917,0.3684210526315789,1.129642276800606,0.08361516996656226,0.08430765086273939,0.30017614135994125,0.2808605989829354,0.5210862789437433,-0.12570281382846302,-0.095358038085666,-0.06669675676132639,0.08361516996656226
5,15,range,0.5,1.0,50,20.0,95.67170603058509,0.3260680034873583,0.8529237928709564,-0.10143970797130711,-0.06467266704117125,0.6026438472574143,-0.10731490470779977,-0.5737888125258528,113.59038353367637,0.4115755627009646,1.1932753525814206,0.11164277559374335,0.12410516447701592,0.29576537447792256,0.41960680724064864,0.7351259994760995,-0.12948939298961767,-0.10300667358882103,-0.07784497019395284,0.11164277559374335
5,15,range,0.5,2.0,0,,134.4575327997412,0.20099255583126552,0.9411474914998743,-0.05055615185093235,-0.03919442242665394,0.5980975923661273,-0.06553181776170895,-0.19978015054271966,147.55792587654423,0.2400990099009901,1.2204073656608552,0.1708452784794814,0.17185350110424613,0.2748226305372356,0.6253251443241745,0.849930018147722,-0.0045007926393758405,-0.07798439733926028,-0.05611031172541101,0.1708452784794814
5,15,range,0.5,2.0,0,20.0,151.89030225082428,0.2602965403624382,0.8832993297092839,-0.08873274004994898,-0.11347060619209015,0.8737473308400863,-0.12986661267736405,-0.35588001120896856,188.46507364429905,0.35852713178294576,1.1752867374871054,0.1075041590175524,0.32420785450782197,0.4103513665918384,0.7900737779930431,0.7813497399021129,-0.07806954300811077,-0.09965382120310547,-0.08425512092927552,0.1075041590175524
5,15,range,0.5,2.0,20,,89.66615865987704,0.20372093023255813,0.9533329536978465,-0.03843410715446853,-0.018509327416565968,0.4061898668146678,-0.04556816633983441,-0.1185993468981842,98.2502031207683,0.23048327137546468,1.1546439239417639,0.12059794082887382,0.06879159113952671,0.22254377529546543,0.30911487435761326,0.4942304850082773,0.016918734608503634,-0.042282156347036935,-0.07201835289176536,0.12059794082887382
5,15,range,0.5,2.0,20,20.0,95.08783336954401,0.2675438596491228,0.9483393878209779,-0.037716797580795415,-0.019298344927279,0.3646935769691881,-0.0529166021723203,-0.14656650010986394,109.20747484427407,0.36454849498327757,1.2827934712130866,0.17506115211777637,0.10794749077737076,0.1840869014066433,0.5863941972651139,0.871875358860877,-0.020077087091160153,-0.026642553563644252,-0.0592454326519808,0.17506115211777637
5,15,range,0.5,2.0,50,,89.66615865987704,0.19348837209302325,0.8944589238697584,-0.0893833679229046,-0.050069405394420397,0.5211512847847685,-0.09607460800005257,-0.30860526753439776,100.44165746546946,0.2509090909090909,1.2869428443040392,0.22039572279387099,0.17259608851252395,0.26671643229297615,0.6471145666905698,0.8526243658506707,-0.0709559540738779,-0.1132081152812806,-0.07578230504513275,0.22039572279387099
5,15,range,0.5,2.0,50,20.0,95.67170603058509,0.26068003487358327,0.8902026283795977,-0.08199866492732173,-0.04862697511126135,0.4926907049998728,-0.09869675765706581,-0.35475349442411575,113.59038353367637,0.3729903536977492,1.3091384442640355,0.19046833762269666,0.16685311100844746,0.22262343452206973,0.7494858363255846,0.9573475092803893,-0.10779533431235558,-0.07144915107720637,-0.07218017802409675,0.19046833762269666
5,15,range,1.0,0.5,0,,147.71978324338812,0.6521739130434783,0.8963613502136377,-0.03716111877606367,-0.03138053036547228,0.43399533307443106,-0.07230614703428265,-0.5539695572513202,179.33401387471093,0.7026476578411406,1.1555463535102457,0.04618146463605779,0.05630216931605081,0.07208604453383834,0.7810411804412666,0.854014943878248,0.003591706165242759,-0.05922345535414942,-0.04550532259401645,0.04618146463605779
5,15,range,1.0,0.5,0,20.0,151.89030225082428,0.6232839099395936,0.8833887680601163,-0.039940384067104616,-0.03545381666026559,0.44110153490641396,-0.08037563657035932,-0.6190308756391526,188.46507364429905,0.6744186046511628,1.2022601706999327,0.053440857648723465,0.07085278548428042,0.07760502475511975,0.9129922412608487,1.0821936266493555,-0.009570767000465386,-0.06174882780696478,-0.040789283122005,0.053440857648723465
5,15,range,1.0,0.5,20,,92.91916348567723,0.6588868940754039,0.9216766917634674,-0.02782343707559065,-0.013320853946153566,0.22183584786548932,-0.06004824772157968,-0.31745432802563045,106.6507781087894,0.684931506849315,1.066825390121222,0.01916811394512574,0.01266924761748034,0.07256957786564015,0.17458069882860522,0.29828724763463926,0.025901185196597162,-0.07436868536690314,-0.01866137759652593,0.01916811394512574
5,15,range,1.0,0.5,20,20.0,95.08783336954401,0.6271929824561403,0.9053939001871256,-0.03199788228942519,-0.015944934441256886,0.22412974408594527,-0.07114153681959592,-0.3894273002344284,109.20747484427407,0.6555183946488294,1.0543518403221297,0.014424145770962666,0.0100261073211243,0.08044285454176735,0.12463639409910011,0.24135223539296863,0.006160354488601113,-0.06363002468797217,-0.027616296931524793,0.014424145770962666
5,15,range,1.0,0.5,50,,93.41962576656957,0.6580357142857143,0.9173247101511125,-0.029369754761955934,-0.014248323249642203,0.23854781227497485,-0.05972942327057736,-0.3366107494535997,111.39892918897522,0.7049180327868853,1.1757701018913818,0.05041695620210375,0.03229758608174493,0.04565997986017618,0.7073499852748362,0.7433325598011158,0.008228875546205052,-0.06593635810985973,-0.018505436184509807,0.05041695620210375
5,15,range,1.0,0.5,50,20.0,95.67170603058509,0.6251089799476897,0.9019443412465902,-0.03323226187874661,-0.016727647027356407,0.2431891466565068,-0.06878451303167497,-0.4031488974381748,113.59038353367637,0.6720257234726688,1.1360666301409237,0.03634669775659364,0.024763781102334237,0.05228287639850105,0.4736499368088366,0.5795952540717386,-0.00645684669278299,-0.05869473521970489,-0.026452262072999413,0.03634669775659364
5,15,range,1.0,1.0,0,,137.21007534464906,0.5045592705167173,0.9757510173431825,-0.012542074496333126,-0.008631084116631937,0.29435949446340565,-0.029321575417044825,-0.11703594703415926,156.32374325534883,0.5397196261682243,1.1470499777701961,0.06731968805941141,0.054494300793889394,0.07657015756958532,0.7116911147057016,0.8007713507454867,0.04208200437623187,-0.03090424353991749,-0.035281474320898336,0.06731968805941141
5,15,range,1.0,1.0,0,20.0,151.89030225082428,0.48380010982976385,0.9219153374267772,-0.03558604050540065,-0.030889268489476263,0.4197248650182612,-0.07359408761292317,-0.4208727748052994,188.46507364429905,0.5523255813953488,1.2536998855453554,0.08911893288090847,0.10849266881224606,0.10774210614379241,1.006966289181798,1.3371643228968095,-0.012112543787262153,-0.0460154745152666,-0.042796635081038065,0.08911893288090847
5,15,range,1.0,1.0,20,,89.33251713928215,0.5070028011204482,0.9842976062526408,-0.008232532131741594,-0.003531511612971827,0.14949244236642617,-0.023623345482011827,-0.047260383940199,101.53738463782004,0.5431654676258992,1.1646442451260421,0.07198226752747534,0.037582338968736195,0.08922711872247416,0.4211986165958098,0.6957462238321963,0.0326230343651796,-0.03477267472479341,-0.0099485492814449,0.07198226752747534
5,15,range,1.0,1.0,20,20.0,95.08783336954401,0.49298245614035086,0.9451747990044946,-0.024702632118042044,-0.012089258379768153,0.2052185182722245,-0.058909198261199926,-0.21649901570299634,109.20747484427407,0.5719063545150501,1.2652509759791382,0.09194622852828102,0.05509195338315509,0.09880374895028309,0.5575897065492599,1.0130535705734793,-0.009216373730460331,-0.030947216782404415,-0.02956481783805531,0.09194622852828102
5,15,range,1.0,1.0,50,,89.83297942017448,0.5041782729805014,0.9730821385453754,-0.013985633096110877,-0.006212497837895126,0.16315146261709004,-0.03807810079199602,-0.09619533371099354,103.72883898252118,0.5809859154929577,1.3549041650294726,0.1483322638658732,0.07577702534048436,0.04666244096124673,1.6239404493094858,1.387005027906909,-0.003404096588870135,-0.020157159223598103,-0.015137746592008698,0.1483322638658732
5,15,range,1.0,1.0,50,20.0,95.67170603058509,0.4847428073234525,0.9199154245357121,-0.03646526669032723,-0.018641347666217722,0.24987769370582288,-0.07460188778660608,-0.32596261044609504,113.59038353367637,0.5755627009646302,1.2889578512447064,0.09896979661930976,0.06544137563358143,0.06794650499674154,0.9631308576757518,1.1275217562088256,-0.04856042368644001,-0.030261865881943576,-0.03419172522349464,0.09896979661930976
5,15,range,1.0,2.0,0,,108.5169045734884,0.35049961568024596,1.0261778329076183,0.017355633023735727,0.008835266536301178,0.15929337198370805,0.055465374524213205,0.1500717054975334,116.51232265994457,0.3824451410658307,1.2043361260860177,0.12496550284492405,0.06114348693277316,0.08233203345285912,0.7426451694258481,0.8983842298770518,0.07636849123322333,-0.03665984014263011,0.024231252517938645,0.12496550284492405
5,15,range,1.0,2.0,0,20.0,151.89030225082428,0.4173531026908292,0.9712565067095916,-0.014446186481652466,-0.011365840576208486,0.2861444635313339,-0.03972063773641346,-0.11707221766915539,188.46507364429905,0.5077519379844961,1.2747824425667462,0.10408115259785239,0.10093820086164507,0.08936507034622411,1.1295039602227532,1.3124107829941822,0.020414453197667444,-0.04362303701501016,-0.011194984045039309,0.10408115259785239
5,15,range,1.0,2.0,20,,78.9062196206918,0.35095137420718814,1.0245251266485587,0.016053908176133166,0.006115777674783995,0.15465375075896115,0.039544968322920725,0.11878127421729141,86.19720422491197,0.3855932203389831,1.2175774477571317,0.13179543576012273,0.05014688653984822,0.07822680549160857,0.6410447956388492,0.7916271544064877,0.06345661320762021,-0.044180263872743646,0.041985993179425675,0.13179543576012273
5,15,range,1.0,2.0,20,20.0,95.08783336954401,0.42105263157894735,0.9949076955484549,-0.002580132508530131,-0.0011857543918122326,0.1664897853463022,-0.007122084933594208,0.0049642951131803545,109.20747484427407,0.5317725752508361,1.364807835472278,0.13759725918254642,0.07097716612204508,0.08051318579514098,0.8815595286794451,1.233189013651608,0.016501875500118165,-0.018108440909236478,-0.0006812487140462967,0.13759725918254642
5,15,range,1.0,2.0,50,,78.23893657950201,0.3443496801705757,0.9951514101997609,-0.003867702444134679,-0.0012624147448757617,0.1959663829987194,-0.00644199645652495,0.009375233592891092,86.56244661569549,0.43037974683544306,1.4604140824586858,0.2647965820101901,0.10317889158831095,0.03616866129342638,2.85271524846466,1.5246288754442197,0.016425949395367203,-0.030926170055745616,0.008811154144148988,0.2647965820101901
5,15,range,1.0,2.0,50,20.0,95.67170603058509,0.4115082824760244,0.9336314367852889,-0.03362334875472998,-0.017156655404017673,0.2334024369399539,-0.07350675352387802,-0.23404554717907441,113.59038353367637,0.5369774919614148,1.3962870589344254,0.1487219412237165,0.09431787896081278,0.05966606658614683,1.5807624728309366,1.371252266137334,-0.05978810080186133,-0.014289802153071286,-0.03466116138418971,0.1487219412237165
5,15,atr,0.5,0.5,0,,148.80411818532153,0.6827354260089686,0.921073357913042,-0.025698693684789026,-0.020741901611084357,0.2950006468301623,-0.07031137671716997,-0.38161976879666426,183.3516801733297,0.6992031872509961,1.130919215863728,0.040451041516963104,0.043825595279284535,0.06776916402260272,0.6466893300420173,0.7150273226133029,-0.013165958949994117,-0.03524020107069112,-0.023972949668669568,0.040451041516963104
5,15,atr,0.5,0.5,0,20.0,151.89030225082428,0.6529379461834157,0.8964890627465816,-0.032240479118913354,-0.027579486133126996,0.3445170816850345,-0.08005259419427221,-0.5152461247423505,188.46507364429905,0.6821705426356589,1.206333821160745,0.055214852903707076,0.06584627967470658,0.058869526475104336,1.1185121338210982,1.0709240048104458,-0.018963448088521188,-0.04471503942944384,-0.02806846934082446,0.055214852903707076
5,15,atr,0.5,0.5,20,,93.50303614671829,0.6842105263157895,0.8958181416763242,-0.033947684860839995,-0.01682999127586493,0.22310731663632014,-0.07543451075295278,-0.417447936359542,107.74650528113997,0.6983050847457627,1.1036061625861158,0.03127267556467303,0.01993649835759692,0.06198513171914981,0.32163355638135555,0.43600151154539046,-0.0023067310984004412,-0.04264913035133855,-0.04546000192940504,0.03127267556467303
5,15,atr,0.5,0.5,20,20.0,95.08783336954401,0.6464912280701754,0.8769412205091451,-0.03780812113075883,-0.019339891895689076,0.2267221135713969,-0.08530218597136871,-0.49894820522214206,109.20747484427407,0.6722408026755853,1.087226371054487,0.024438545895445984,0.01603415401628805,0.07263669507365786,0.22074454241108407,0.36369009021418297,-0.021134706425496808,-0.03831336135090617,-0.04693068653853485,0.024438545895445984
5,15,atr,0.5,0.5,50,,93.9200880474619,0.6856127886323268,0.8953514893890394,-0.0339574335043952,-0.01691956134136008,0.23629561861797155,-0.07160336463417293,-0.40909539354159463,111.76417157975875,0.7124183006535948,1.1658602115290049,0.04772679951600965,0.031213225962088087,0.037859639612785295,0.824445934544694,0.6848434380537922,-0.020502147935624833,-0.052759492839888476,-0.02192156107161107,0.04772679951600965
5,15,atr,0.5,0.5,50,20.0,95.67170603058509,0.6469049694856146,0.8723039253009871,-0.03922516900493443,-0.02028697981815719,0.2467309278417063,-0.08222309215799889,-0.5079341070272838,113.59038353367637,0.6881028938906752,1.1276816154743512,0.03410221433869836,0.02382229806367553,0.04943428001406077,0.4818983518501669,0.5335272339303753,-0.03403873941488465,-0.0525005523439188,-0.02711563783133829,0.03410221433869836
5,15,atr,0.5,1.0,0,,137.12666496450032,0.5407542579075426,1.012358185810093,0.005762313283297302,0.0038124886143775516,0.1391198878197351,0.027404339337288655,0.08898915249020181,160.70665194475114,0.5477272727272727,1.1769830811219357,0.08106259799294026,0.05740246455795539,0.049507535589480824,1.1594692378538036,0.9152773889222843,0.026902141121944168,0.0033875977460819293,-0.0047786628623409455,0.08106259799294026
5,15,atr,0.5,1.0,0,20.0,151.89030225082428,0.5129049972542559,0.9371282515238278,-0.02599026727970378,-0.021502045069331288,0.30133932843612715,-0.07135492463237811,-0.3100628808556672,188.46507364429905,0.563953488372093,1.2736082001187703,0.09420402759929951,0.10189435324365048,0.08434352393677647,1.2080874557723014,1.4044735831196218,-0.01689346746033294,-0.03533901912858772,-0.021818310555822874,0.09420402759929951
5,15,atr,0.5,1.0,20,,89.41592751943087,0.5382462686567164,0.9670052674726133,-0.015986733186458962,-0.007110271095816301,0.16328994075169584,-0.04354384025791532,-0.12088070826261968,102.63311181017062,0.5658362989323843,1.2261522720773745,0.09869353840958746,0.05182450482113721,0.07354616454420834,0.7046527190413264,0.9161647541996907,-0.008149484800414898,0.001449979158431344,-0.036867884376131074,0.09869353840958746
5,15,atr,0.5,1.0,20,20.0,95.08783336954401,0.512280701754386,0.9131136955448778,-0.0355187483310999,-0.018051610946198338,0.23837538771054095,-0.0757276626566766,-0.35270320368105246,109.20747484427407,0.5919732441471572,1.3235773594967135,0.10752934323930156,0.06726779222616486,0.07797960749707337,0.8626331214694747,1.1858813285928056,-0.03915711081823401,-0.00929901538780095,-0.056955652813456235,0.10752934323930156
5,15,atr,0.5,1.0,50,,89.83297942017448,0.5431754874651811,0.9865734001986202,-0.006540900853090817,-0.002807315256673104,0.13317863697450216,-0.02107932113174113,-0.03456168774451777,104.45932376408824,0.5874125874125874,1.3293067718593528,0.13869759246576654,0.06831188767717555,0.04239468129501088,1.6113315536403072,1.2768754965041098,-0.02586520728800899,0.0019632481693916226,0.0013414941464871587,0.13869759246576654
5,15,atr,0.5,1.0,50,20.0,95.67170603058509,0.5100261551874455,0.9100614234333125,-0.03691364593011167,-0.018932124680198226,0.23795464308388037,-0.07956190488590106,-0.3553345785315147,113.59038353367637,0.5916398713826366,1.283096026285333,0.09521383528564013,0.062464817083637714,0.059518441414220115,1.049503575688621,1.087735690377564,-0.06741365814377684,-0.02079475295510777,-0.029271153925181693,0.09521383528564013
5,15,atr,0.5,2.0,0,,111.4362678786937,0.37799401197604793,1.0341279418120435,0.021976167254379488,0.011214313720772084,0.10817970097415244,0.10366375225470016,0.1805041793009013,120.16474656777983,0.40425531914893614,1.3300606902085186,0.19992047149438003,0.09421700087059004,0.06816534931078348,1.3821832033901906,1.3750115421135076,0.05110912108884308,0.0007082759019912317,0.02538619625941662,0.19992047149438003
5,15,atr,0.5,2.0,0,20.0,151.89030225082428,0.44481054365733114,0.9592159959957409,-0.018877430524452628,-0.01505821105873284,0.2817569421541099,-0.05344397530583858,-0.16999339722951687,188.46507364429905,0.5135658914728682,1.2529817637664742,0.09378442055036544,0.09415736298183752,0.08754370159481539,1.0755469698737734,1.2353181526388057,-0.002763044288910847,-0.038783550002614374,-0.009254898299257222,0.09378442055036544
5,15,atr,0.5,2.0,20,,79.23986114128668,0.37157894736842106,0.9840663115001212,-0.0104790437546851,-0.004094446011577602,0.18898118404354078,-0.02166589246596239,-0.03459099460073453,85.10147705256139,0.41630901287553645,1.3884565506686726,0.23011922327947051,0.09254535595165825,0.08534502251302145,1.0843673506271347,1.2740509094707435,0.040270613763996245,-0.040841106683755596,-0.014055062309209684,0.23011922327947051
5,15,atr,0.5,2.0,20,20.0,95.08783336954401,0.44035087719298244,0.9474307195037251,-0.02405705263930639,-0.01189088975890007,0.2153875119369361,-0.05520696001345536,-0.18121863943725838,109.20747484427407,0.5484949832775919,1.3748411435876786,0.13532453815786155,0.07735448603952721,0.0664585077965371,1.1639515933211768,1.2832188931449242,-0.02434372799087694,-0.009739005651835116,-0.035869943559814765,0.13532453815786155
5,15,atr,0.5,2.0,50,,78.5725781000969,0.37048832271762205,0.9690408312158895,-0.020234423509588075,-0.008084576380388953,0.2252936680605878,-0.0358846142902462,-0.08785264518138822,85.46671944334493,0.44871794871794873,1.5864014736468959,0.3292843479556393,0.13431184689273024,0.0454367710372669,2.9560165440138486,1.8180333522689534,-0.011350515669750557,-0.03878235321990276,-0.004580476264434802,0.3292843479556393
5,15,atr,0.5,2.0,50,20.0,95.67170603058509,0.43591979075850046,0.9037734693651216,-0.044261826962000504,-0.023345665558091255,0.2865955370124293,-0.08145858027467742,-0.34396822343347894,113.59038353367637,0.5530546623794212,1.3656100108773466,0.13250602660672833,0.08976216889066113,0.04879254375204219,1.83966979354103,1.3033962521920042,-0.09525402706055253,-0.019754939057819648,-0.03063346299300653,0.13250602660672833
5,15,atr,1.0,0.5,0,,133.20637709751034,0.8190356919223544,0.9850074265975761,-0.002482329132564667,-0.0018152945308953505,0.14879171908843422,-0.012200238978463795,-0.04806517680023404,164.7243182433699,0.7960088691796009,0.9812551770525011,-0.002084956158206831,-0.0030307735762801213,0.07205709087239458,-0.04206072628781667,-0.07465845106216613,0.012064542001948111,-0.00587109262846662,-0.006948219676895834,-0.002084956158206831
5,15,atr,1.0,0.5,0,20.0,151.89030225082428,0.7023613399231191,0.9599029033838954,-0.006144797642801552,-0.004749980992905689,0.10562938514318918,-0.04496836733894366,-0.16989413208860402,188.46507364429905,0.7267441860465116,1.1600717126864009,0.024896401808521842,0.02157170292513655,0.04425863682792779,0.48740097913554614,0.7398365953027027,-0.0048701238044097026,-0.00041702138026568434,-0.011415809711136257,0.024896401808521842
5,15,atr,1.0,0.5,20,,86.41315383407685,0.8204633204633205,0.9639802145986186,-0.006284181167583433,-0.0028238969632031763,0.14376862078811328,-0.019641956274763502,-0.10595064675877326,100.80689985625298,0.782608695652174,0.8947785269890666,-0.023159689180785346,-0.011200710315534712,0.052591410237131306,-0.2129760404794514,-0.37875114004476096,0.04908786979429363,-0.047286162567379525,-0.001741895930502243,-0.023159689180785346
5,15,atr,1.0,0.5,20,20.0,95.08783336954401,0.6982456140350877,0.9459212297631282,-0.008123698668793764,-0.0039120480121273005,0.08538576832040988,-0.04581615987160003,-0.18330011872062593,109.20747484427407,0.7023411371237458,0.9732520683851352,-0.0038628822471527416,-0.002359529001937588,0.03576522506864886,-0.06597271504397459,-0.08909352190763829,0.003843836289019536,-0.009959476578075598,-0.01248255766476002,-0.0038628822471527416
5,15,atr,1.0,0.5,50,,86.66338497452301,0.821944177093359,0.9674401199438143,-0.005699127443519378,-0.0025358716583061547,0.12829845208569995,-0.01976541117278843,-0.09334288303995844,105.92029332722234,0.803448275862069,0.9951247302419154,-0.0012540591867177945,-0.0004837435388812539,0.03706350041518743,-0.013051749928159277,-0.006508810151210418,0.017953238582939863,-0.03248241603158264,0.0074785316363785,-0.0012540591867177945
5,15,atr,1.0,0.5,50,20.0,95.67170603058509,0.6965998256320837,0.9437774837756312,-0.008517446003864539,-0.0040704977018363175,0.09607074925443085,-0.04236979240222365,-0.18986831818905042,113.59038353367637,0.7266881028938906,1.0684787874269908,0.011316864184305197,0.005743710948943104,0.022969953717104155,0.2500532225568289,0.2573317587305969,-0.008717340873295759,-0.00996426511010776,-0.004519244145591396,0.011316864184305197
5,15,atr,1.0,1.0,0,,113.68834814270922,0.7072633895818048,1.0588384775954276,0.01791538531022655,0.009281555953134735,0.09091144819264799,0.10209446816276033,0.2688645621951011,132.9482302452032,0.6868131868131868,1.0893220902648701,0.0280403701472798,0.015522079090936725,0.060399047012075775,0.2569921192272015,0.42727969924169584,0.03897590261034178,0.01125210093383191,0.011720258992780805,0.0280403701472798
5,15,atr,1.0,1.0,0,20.0,151.89030225082428,0.5705656232839099,1.0352979224070988,0.0072062573780625055,0.005176654436206629,0.04947667685688209,0.1046281756388125,0.17874734129465983,188.46507364429905,0.6104651162790697,1.2472626289015223,0.04776167444213722,0.03773735982136528,0.04657905812798317,0.8101786798195026,1.1775155417172865,0.006189818767844562,0.015263066736531859,0.001321378255209425,0.04776167444213722
5,15,atr,1.0,1.0,20,,78.32234695965073,0.7124600638977636,1.0463849144784676,0.01386385131043001,0.00506870472134846,0.09901962293009214,0.0511888913667846,0.17816999262258698,89.11914335118017,0.6967213114754098,1.1080923580572455,0.03134620743876701,0.012927138678878736,0.0454661908003361,0.28432420775358147,0.40860795733124455,0.07243553932202604,-0.005203414614847458,-0.006664528231373254,0.03134620743876701
5,15,atr,1.0,1.0,20,20.0,95.08783336954401,0.5719298245614035,1.018189637705706,0.003604134129972698,0.0016750327994472514,0.07836810605454747,0.02137390941005208,0.07802615491023387,109.20747484427407,0.6220735785953178,1.1633745746380146,0.032687133102011975,0.0160441871893926,0.02993317857356629,0.5360001160572059,0.6057200226341924,0.008021718473578101,0.02259018676863688,-0.016298436360022175,0.032687133102011975
5,15,atr,1.0,1.0,50,,78.82280924054307,0.7142857142857143,1.0561067661347125,0.016377875086465273,0.006092224697447524,0.09122415303424213,0.06678302285975438,0.20992112431914828,93.50205204058248,0.71484375,1.1891259481568335,0.05467200345837011,0.02180120055174606,0.04080933699386189,0.5342208954540272,0.6985625235994494,0.03428852873073027,0.016673090239652483,0.0056245783316581765,0.05467200345837011
5,15,atr,1.0,1.0,50,20.0,95.67170603058509,0.5684394071490846,1.0196362628750995,0.003733435416215491,0.0018122720444038176,0.05793534186525739,0.03128094158171524,0.08241676819071109,113.59038353367637,0.6302250803858521,1.1998160547945538,0.03920142299193316,0.019308708090304494,0.023652035893648674,0.8163655837969321,0.7417044959885131,-0.017330261573311564,0.023936619819648876,0.0006386572225606925,0.03920142299193316
5,15,atr,1.0,2.0,0,,80.57442722366625,0.5341614906832298,0.9873289225404283,-0.006423924173569355,-0.0024194058140740715,0.1860973494380308,-0.013000753752700373,-0.03231040462028222,86.19720422491197,0.5084745762711864,1.0717635275365578,0.033227077134416014,0.01468613846512734,0.05514430894179299,0.26632192418313094,0.31383015376710993,0.07012440329189021,-0.037728359830242524,-0.03563171990364477,0.033227077134416014
5,15,atr,1.0,2.0,0,20.0,151.89030225082428,0.5024711696869851,1.0464421430694986,0.010604582646014282,0.007607815662592499,0.06672881814955055,0.11401094569878488,0.22495310843337907,188.46507364429905,0.5562015503875969,1.2052837909577598,0.043656648356916176,0.03335884639224829,0.048918345714085855,0.681929159812997,0.9506536134281568,0.023102204567840963,0.004944286414349084,0.008445120517839516,0.043656648356916176
5,15,atr,1.0,2.0,20,,62.97483701228573,0.5417218543046357,0.9921611746265654,-0.0037200031249854217,-0.0011449058666394007,0.15842091344333745,-0.0072269869031458414,-0.011697305653125368,69.76129663965334,0.5392670157068062,1.1652413485001039,0.075766816013,0.024848215009841246,0.06414885622297152,0.3873524248580939,0.5729835967815575,0.09299297407208655,-0.047898162656242776,-0.028525300471258553,0.075766816013
5,15,atr,1.0,2.0,20,20.0,95.08783336954401,0.5026315789473684,1.0417296939194574,0.009593593427604814,0.0043274686094003645,0.09817341503001357,0.044079841860216136,0.16009379642216884,109.20747484427407,0.5785953177257525,1.1958458166400592,0.043531076044559656,0.020396683023880424,0.030167229841460187,0.6761205165695506,0.7012128845397766,0.02585151498015464,0.01041654574786753,-0.0005039094521924926,0.043531076044559656
5,15,atr,1.0,2.0,50,,62.97483701228573,0.528476821192053,0.93547894708775,-0.03148151565906631,-0.010182553337773737,0.1649370377773346,-0.06173600226481701,-0.21580922220763502,71.22226620278744,0.5897435897435898,1.394258492846427,0.1622621741006838,0.05875654548618314,0.040963169462717414,1.4343749826209213,1.2653645827649451,-0.01853549748929369,-0.028361133398553295,-0.040871309534266397,0.1622621741006838
5,15,atr,1.0,2.0,50,20.0,95.67170603058509,0.4952048823016565,0.994430405851256,-0.0013643128473625735,-0.0005994990163923353,0.08748443804486483,-0.006852636077800407,-0.007446484524091415,113.59038353367637,0.5916398713826366,1.2635122281788813,0.056067271063647874,0.02865337385519995,0.023544908736890472,1.2169668685232773,0.9387041224285265,-0.02261130699973409,0.012108042410341335,0.002452894793922973,0.056067271063647874
6,10,range,0.5,0.5,0,,134.95799508063354,0.46291718170580964,0.8076556425312011,-0.10917590011311176,-0.13848113566063203,0.8771810018093501,-0.15787065084057766,-0.8015877430584192,148.6536530488948,0.5331695331695332,1.114909606373761,0.05336336527603303,0.19836455397729225,0.34846643032425934,0.5692501105277418,0.6518068432106883,-0.12268711540999973,-0.1080136718637815,-0.09857090613415927,0.05336336527603303
6,10,range,0.5,0.5,0,20.0,135.37504698137715,0.45902649414664204,0.7959363354659712,-0.1155337025706263,-0.16539529783229823,0.9301783699999044,-0.17781030301996295,-0.7253046229330916,149.01889543967832,0.5294117647058824,1.095321356287136,0.04348206766543868,0.23040720726679131,0.4789453368853983,0.48107203374217833,0.6106785413123187,-0.1258591227405204,-0.11250889401972512,-0.10924203336338927,0.04348206766543868
6,10,range,0.5,0.5,20,,67.39558716016805,0.4628712871287129,0.8047813471577002,-0.11033982764306881,-0.04469918256372596,0.4454971769902332,-0.10033550126111329,-0.7416750168862856,76.70090206454032,0.5523809523809524,1.2030006674516809,0.09145899279477691,0.05648435428341325,0.07703627268151718,0.733217643030712,0.7315624877048421,-0.12759563729356813,-0.12537056304389035,-0.07891415481451045,0.09145899279477691
6,10,range,0.5,0.5,20,20.0,67.39558716016805,0.4628712871287129,0.8022936700130489,-0.11140757165609724,-0.045269329233812994,0.4496191449999548,-0.10068372251768226,-0.7529967005984061,76.70090206454032,0.5476190476190477,1.1754494886080842,0.07742522298135864,0.04853231171628214,0.07780609605380175,0.6237597589104429,0.633275209435309,-0.1330806495693271,-0.11936367479027449,-0.08423715271906045,0.07742522298135864
6,10,range,0.5,0.5,50,,67.9794598212091,0.47484662576687114,0.8445136607527269,-0.08614529454690888,-0.033034619916477825,0.36893725225579393,-0.0895399413165631,-0.5808205403817778,79.62284119080851,0.5596330275229358,1.2364699557991252,0.10620389097231259,0.0580669088932968,0.07254587338068928,0.8004164287689645,0.889707580235345,-0.098717343696945,-0.11175664798643323,-0.047380539655586265,0.10620389097231259
6,10,range,0.5,0.5,50,20.0,67.9794598212091,0.4736196319018405,0.8408406243078462,-0.08805109603000434,-0.03392230211645486,0.37328407999996016,-0.09087529828879518,-0.5994113719419044,79.62284119080851,0.555045871559633,1.21397929352917,0.09402546275255448,0.05220335333506965,0.0734272839398374,0.7109530753969115,0.8002532086546387,-0.09971781296535408,-0.10578876550069798,-0.058127963533840865,0.09402546275255448
6,10,range,0.5,1.0,0,,132.20545253572567,0.31482649842271293,0.8655769119940769,-0.09770686191691104,-0.10310671423782514,0.8320671907338824,-0.12391633198141742,-0.5055843874033992,143.90550196870896,0.3730964467005076,1.162834092386922,0.10254691437491048,0.22205456043247995,0.23373304988507132,0.9500349246358879,0.7467663336757899,-0.1230504920213056,-0.0661241837495156,-0.1092829616975516,0.10254691437491048
6,10,range,0.5,1.0,0,20.0,135.37504698137715,0.3234750462107209,0.8348145120863669,-0.11633358371333491,-0.16847135532089663,0.9756084661567743,-0.17268336752402097,-0.20346502299005936,149.01889543967832,0.40441176470588236,1.13265451743242,0.0765672413807016,0.37559153279704693,0.489986501483314,0.7665344487246805,0.7197361745407322,-0.12038105405744051,-0.10031049933064226,-0.12800709027371693,0.0765672413807016
6,10,range,0.5,1.0,20,,66.97853525942443,0.3275217932752179,0.9156885641785005,-0.059467636361565386,-0.021274360096062872,0.3243776854583712,-0.06558515289361082,-0.2796256054297995,75.97041728297326,0.36538461538461536,1.1192897808304514,0.0768656263294719,0.03562798610223883,0.08015052740570604,0.4445134331044017,0.4331351360392233,-0.05869838712771754,-0.033283622476695675,-0.08446657443196383,0.0768656263294719
6,10,range,0.5,1.0,20,20.0,67.39558716016805,0.34282178217821785,0.9144673701752347,-0.058653248592713106,-0.021042906083282742,0.3063207654318621,-0.06869565650769935,-0.28594128761052595,76.70090206454032,0.41904761904761906,1.1399983909935778,0.08022398246757759,0.03746958195809147,0.07336075675140016,0.5107578440754883,0.48302335962355913,-0.055277026198919534,-0.03789756838756748,-0.07957013014792486,0.08022398246757759
6,10,range,0.5,1.0,50,,67.64581830061421,0.3242909987669544,0.9025044734406737,-0.06917429896487813,-0.025535035016179153,0.3329405505538548,-0.07669547903882838,-0.3318932186625334,78.52711401845794,0.3674418604651163,1.1276212251372986,0.08283195136608094,0.04123434715901286,0.07679138516624087,0.5369657946623466,0.46946255239291745,-0.08125916687431829,-0.03043495336236286,-0.09804753499932961,0.08283195136608094
6,10,range,0.5,1.0,50,20.0,67.9794598212091,0.3374233128834356,0.894064302390045,-0.07306145591321817,-0.02731130960577266,0.3258745141753784,-0.08380928368971599,-0.36349543260690664,79.62284119080851,0.41743119266055045,1.1604350971085853,0.09317557068969777,0.04782761353519449,0.07304437305598994,0.6547747832476252,0.5624376730719509,-0.0922232816074072,-0.03740602024873867,-0.09332789741083948,0.09317557068969777
6,10,range,0.5,2.0,0,,120.77823045535065,0.19406077348066297,0.9025491352224009,-0.08400725843246924,-0.06812930881256685,0.7626388048085592,-0.08933365097999302,-0.2267972422724234,123.08668569404803,0.26409495548961426,1.3862640277517693,0.2888862162792943,0.3126892378040482,0.23646332315769256,1.3223582990733922,1.2088067958146806,-0.10711214189033114,-0.08332024200850242,-0.06455114784328375,0.2888862162792943
6,10,range,0.5,2.0,0,20.0,135.37504698137715,0.2556993222427603,0.8409991439850792,-0.12235320117582267,-0.21028038133836602,1.056262136335952,-0.1990797304046169,0.3947144370729914,149.01889543967832,0.3553921568627451,1.1799597430239783,0.1105574937972197,0.7690727386700258,0.9263416785404593,0.8302257757437559,0.8353576743429847,-0.12019245698297977,-0.12803436919476816,-0.11665238340085254,0.1105574937972197
6,10,range,0.5,2.0,20,,65.06009651600381,0.1987179487179487,0.9290644668895992,-0.05890508571814714,-0.02071839096817063,0.3406511103066735,-0.060819971934096315,-0.17479787099481853,69.03081185808628,0.2857142857142857,1.541966740107769,0.39295360178099065,0.14964172241236517,0.09598345196951329,1.5590366812385021,1.3089102601780596,-0.044254513672210456,-0.05137229913149375,-0.07412100346453188,0.39295360178099065
6,10,range,0.5,2.0,20,20.0,67.39558716016805,0.2623762376237624,0.9221191690738638,-0.05869010668588767,-0.021508358375429082,0.3080638566334233,-0.06981785727957916,-0.21205235119510757,76.70090206454032,0.38095238095238093,1.3240820416528476,0.1961435917637387,0.08847489774574946,0.08044707725664486,1.0997900826588638,0.8700423235810866,-0.03983807613723901,-0.05977982434504247,-0.06780377457833928,0.1961435917637387
6,10,range,0.5,2.0,50,,65.14350689615253,0.1946222791293214,0.9057747308874048,-0.07973048617650465,-0.02896159724264258,0.3783670422334114,-0.07654365737483133,-0.2318962894803335,71.58750859357096,0.29081632653061223,1.579723899920232,0.4199402777373902,0.17883757070957085,0.09479675425611321,1.8865368557493418,1.4363648662789943,-0.14635365606144274,-0.05715615898975914,-0.05095015080771532,0.4199402777373902
6,10,range,0.5,2.0,50,20.0,67.9794598212091,0.25644171779141106,0.8712022087553967,-0.0983363148486954,-0.03955466963548282,0.4143286416332458,-0.09546689671165844,-0.3558454004669787,79.62284119080851,0.38073394495412843,1.3375093186132556,0.20620660700942633,0.11747785269646283,0.09725433221736395,1.2079446747307792,0.9403522531949525,-0.15606375767904357,-0.0902994720224458,-0.06258913697526014,0.20620660700942633
6,10,range,1.0,0.5,0,,132.12204215557696,0.6369949494949495,0.8405523620715252,-0.05953684831994513,-0.04950320184835977,0.5101576775263666,-0.09703510116399508,-0.813424228223564,142.8097747963584,0.7084398976982097,1.188492968341576,0.05461157351608043,0.06630523805931277,0.0942615760866833,0.7034174561046828,0.9006943597225121,-0.06332869241180077,-0.06018691101560315,-0.05599376951652264,0.05461157351608043
6,10,range,1.0,0.5,0,20.0,135.37504698137715,0.6069008009858287,0.808338666154829,-0.06993524639429678,-0.06433422709980474,0.5989253874194568,-0.10741609631376059,-0.9930180833076683,149.01889543967832,0.6764705882352942,1.2565204429110108,0.06554400870347869,0.09683461129965876,0.10110051533318914,0.9578053186032576,1.1935266381129506,-0.0681963306939703,-0.07060647685917228,-0.07056531228669166,0.06554400870347869
6,10,range,1.0,0.5,20,,66.39466259838336,0.6494974874371859,0.8921081487616516,-0.038918337845380666,-0.013427832668858497,0.18208315796123994,-0.07374560513563193,-0.3728791337050487,75.60517489218974,0.714975845410628,1.2185715136479303,0.06320800977203858,0.02644646308985288,0.03958742689740082,0.668052085284413,0.7432140841127373,-0.02850490021431837,-0.05866424355777631,-0.02565115340108248,0.06320800977203858
6,10,range,1.0,0.5,20,20.0,67.39558716016805,0.625,0.8639154182742241,-0.04795463697901873,-0.01719064452608654,0.21415640059028496,-0.0802714487108651,-0.48694877918693213,76.70090206454032,0.7,1.3508244610211897,0.08647195256525783,0.03793811342858522,0.03128282058435351,1.2127459327488017,1.089117975776038,-0.034072471570362306,-0.06447966183481092,-0.04062106550622913,0.08647195256525783
6,10,range,1.0,0.5,50,,67.06194563957315,0.6480099502487562,0.8858408277561834,-0.0412961923279558,-0.014494726038741579,0.20660036418790595,-0.07015827922528936,-0.3968583104024426,79.257598800025,0.728110599078341,1.3106172439632526,0.08439546369794323,0.03745730288889648,0.04559965182762581,0.8214383528736414,1.0620216062272,-0.02206634634777652,-0.07793686409394765,-0.016656374619974965,0.08439546369794323
6,10,range,1.0,0.5,50,20.0,67.9794598212091,0.6245398773006134,0.8616446182760993,-0.04917063860335798,-0.017805585565895177,0.23427145103484753,-0.07600407769381436,-0.4967637159405,79.62284119080851,0.7064220183486238,1.428501684577032,0.0997255975836254,0.04576736782464108,0.03952624241500742,1.1578982728513554,1.3363193149154715,-0.02334042967941821,-0.08119850841049486,-0.03422033548359093,0.0997255975836254
6,10,range,1.0,1.0,0,,122.86348995906873,0.4874405974202308,0.911122253405109,-0.04712450085282401,-0.0334832889232245,0.42774585571469814,-0.07827846483112974,-0.4421795202638748,131.48726068206912,0.5611111111111111,1.2445577963165029,0.10947589992814254,0.09580383556817362,0.07666332616265906,1.2496696968887513,1.1347131450031196,-0.05493203168661918,-0.043956394102551984,-0.044398340222680396,0.10947589992814254
6,10,range,1.0,1.0,0,20.0,135.37504698137715,0.4682686383240912,0.8603692245686778,-0.06640221701829406,-0.059676396069562876,0.602970050156324,-0.09897074664668896,-0.7033075947509809,149.01889543967832,0.5588235294117647,1.306451788435372,0.10419453579167615,0.1394124897950586,0.10403996272264243,1.3399898091727975,1.3769945213950632,-0.06970779431566153,-0.05931503612224898,-0.07110496013725376,0.10419453579167615
6,10,range,1.0,1.0,20,,64.72645499540891,0.5154639175257731,1.023109227541411,0.011317558879423834,0.0035482977170093744,0.11321378925534506,0.03134156837561951,0.10102892859067325,74.14420532905564,0.5467980295566502,1.172410057754794,0.07959190751478866,0.02654679024335893,0.028709676563855275,0.9246635079400595,0.6292396086278849,0.015013194075363773,0.020579456440495168,-0.0010735703796291723,0.07959190751478866
6,10,range,1.0,1.0,20,20.0,67.39558716016805,0.5086633663366337,0.988787347196656,-0.005040560945673508,-0.0016775521913073854,0.16147533439994743,-0.010388906748769251,-0.024207519665242077,76.70090206454032,0.5952380952380952,1.375378139604833,0.12292275046004225,0.044679351691073954,0.02819848313459674,1.5844594008057413,1.1506786530791773,0.018168640549129148,-0.010851679409276819,-0.015642376233502075,0.12292275046004225
6,10,range,1.0,1.0,50,,65.31032765644997,0.5019157088122606,0.9685242723421351,-0.016182028064052296,-0.005263431256962381,0.17556354695441587,-0.02998020573330637,-0.10135135340704673,77.06614445532384,0.5592417061611374,1.2362746881705549,0.10537888807732661,0.040264257037031737,0.03528728279280679,1.141041583548606,0.8499490886910618,-0.010909826613020474,0.010088106505065036,-0.04794369045097592,0.10537888807732661
6,10,range,1.0,1.0,50,20.0,67.9794598212091,0.4883435582822086,0.921654310150156,-0.03667248797512855,-0.01297885958912015,0.2072908439093383,-0.06261183245892253,-0.27845399013271854,79.62284119080851,0.5779816513761468,1.3301364386962458,0.11093596896993971,0.04787249163350471,0.03309609693788812,1.4464694046354665,1.0516937401089135,-0.030366229023659527,-0.022691870629067554,-0.055629876939422424,0.11093596896993971
6,10,range,1.0,2.0,0,,101.42702226084695,0.3314144736842105,0.9422277385488615,-0.04026602439782232,-0.02224385064467682,0.35142712889803773,-0.06329576977857791,-0.21869583977042528,102.63311181017062,0.42704626334519574,1.4370000959526468,0.2572269143179403,0.14603447060726693,0.05225848728308452,2.7944641760523488,1.5971137229614105,-0.03449916416771437,-0.08830710464210795,0.004986598317882572,0.2572269143179403
6,10,range,1.0,2.0,0,20.0,135.29163660122842,0.40258939580764486,0.9008364137884922,-0.05193148975209979,-0.04293533648673986,0.4965829687134397,-0.0864615566618764,-0.42216083456554737,149.01889543967832,0.5,1.284196044106455,0.10652658478213375,0.11932473001354293,0.10588564424985221,1.1269207536007364,1.1824240017100136,-0.05846342133734567,-0.07343686490446692,-0.02520571056919066,0.10652658478213375
6,10,range,1.0,2.0,20,,59.80524256663426,0.3486750348675035,1.0203805802734407,0.013805829704876576,0.003899601162528077,0.11474680561697731,0.033984398446305096,0.08948567656051147,63.18693360554988,0.43352601156069365,1.4627076673467059,0.26837008019216607,0.07279921211684104,0.03225255118324406,2.2571613545616787,1.351716713166432,-0.04620903087147145,0.015243153046123609,0.05634647234625545,0.26837008019216607
6,10,range,1.0,2.0,20,20.0,67.31217678001931,0.42627013630731103,0.9984532137153694,-0.0005165423545171984,-0.00026321285813990514,0.12819196146985187,-0.00205327116553878,0.016158060756032128,76.70090206454032,0.5428571428571428,1.423025379205275,0.15172536102090536,0.054787271223941225,0.041908473346339035,1.3073077315694497,1.1672361987687787,-0.006999043665445637,-0.02260620575929482,0.027218637829565507,0.15172536102090536
6,10,range,1.0,2.0,50,,59.80524256663426,0.3333333333333333,0.9532124135410984,-0.032517025246891325,-0.00988928617453766,0.1918822667016491,-0.051538301816676776,-0.13031272580590775,64.28266077790046,0.4602272727272727,1.6411502718556277,0.35310853166171746,0.11181873791618147,0.031179881562878212,3.5862463970777023,1.7441132535551085,-0.09204960270215674,-0.02352551958653775,0.0020126473470450422,0.35310853166171746
6,10,range,1.0,2.0,50,20.0,67.89604944106038,0.40786240786240785,0.913651492277878,-0.04560115946696999,-0.01651023377211447,0.22430875064806396,-0.07360494730773434,-0.26530734185515437,79.62284119080851,0.5321100917431193,1.406170598769484,0.148024872215314,0.06699474111599657,0.05262602916672477,1.273034317366986,1.1615410899774947,-0.07954010139822416,-0.048402858157679,-0.01870789581844798,0.148024872215314
6,10,atr,0.5,0.5,0,,133.62342899825396,0.6604244694132334,0.8486405759771847,-0.052704591268101765,-0.04292039418726068,0.45979761050417584,-0.09334627498433005,-0.7491864457083939,147.1926834857607,0.707196029776675,1.1684305258247067,0.050855925191309964,0.05737681323673627,0.08361651239250736,0.6861899832344316,0.7960653266752609,-0.05512370469087889,-0.048423295414707836,-0.05346793255371249,0.050855925191309964
6,10,atr,0.5,0.5,0,20.0,135.37504698137715,0.6321626617375231,0.82469314314527,-0.058950676089429485,-0.050671438774867794,0.512747570216668,-0.09882336205602289,-0.8850138437975884,149.01889543967832,0.6838235294117647,1.2201496404031558,0.05883410109155333,0.07323526062311903,0.08750797459731101,0.8368981336858576,1.0077019219742336,-0.05509174266397355,-0.054766543061901124,-0.06444549380195995,0.05883410109155333
6,10,atr,0.5,0.5,20,,66.97853525942443,0.6650062266500623,0.8612611047782956,-0.0475808662463474,-0.01695967408814336,0.19797591665732658,-0.08566533937306423,-0.47870082171388617,76.3356596737568,0.722488038277512,1.2842704610620177,0.08084798593656563,0.03531540979574843,0.043406641876040354,0.8135946083228768,0.9270279353485777,-0.040990949633654704,-0.05994957148309321,-0.03598592042522722,0.08084798593656563
6,10,atr,0.5,0.5,20,20.0,67.39558716016805,0.6423267326732673,0.8526072489044232,-0.04841866498216165,-0.017410846208483433,0.2057891678571266,-0.08460526076169021,-0.5181589378017675,76.70090206454032,0.7047619047619048,1.3758629196029792,0.09256009639825494,0.040671897188202966,0.03816315533706659,1.0657372753635945,1.1239373378442783,-0.03850559504229348,-0.055168591437553434,-0.04506813514475476,0.09256009639825494
6,10,atr,0.5,0.5,50,,67.72922868076293,0.666256157635468,0.8592898665030683,-0.048174866145198385,-0.017370330576386928,0.21425342904153746,-0.08107375762475816,-0.4808250139284949,79.257598800025,0.7327188940092166,1.3271510406186189,0.09053697264343916,0.0406770613036489,0.05718857366271415,0.7112795213874964,1.0739326408891596,-0.0437776054250486,-0.07674663005631158,-0.01819514003080772,0.09053697264343916
6,10,atr,0.5,0.5,50,20.0,67.9794598212091,0.645398773006135,0.8510109116662954,-0.04918134652680198,-0.017853633063342533,0.2199349011954754,-0.08117689810165439,-0.5195979312136959,79.62284119080851,0.7155963302752294,1.3906553646040734,0.09466527916049221,0.043064981089905086,0.04444486290308373,0.968952951521358,1.2036904534699921,-0.03481688087823844,-0.07398739008403576,-0.030214345436961252,0.09466527916049221
6,10,atr,0.5,1.0,0,,124.78192870248935,0.5220588235294118,0.948090638309052,-0.025495774416809506,-0.01696080435239611,0.30829673240892624,-0.05501454465595573,-0.23595652345977342,135.13968458990436,0.5594594594594594,1.263288890080409,0.11864174674617428,0.08795972740892988,0.0561499504820402,1.5665147814700953,1.1954245333055542,-0.03574462001539896,-0.008706490819650631,-0.031031067615806356,0.11864174674617428
6,10,atr,0.5,1.0,0,20.0,135.37504698137715,0.49722735674676527,0.8939416096964211,-0.045872468374782906,-0.03668693046280891,0.4472600802772762,-0.08202594436790572,-0.5145734265017573,149.01889543967832,0.5661764705882353,1.2963562246582585,0.10161830892744628,0.1036111367699386,0.08528320885144174,1.2149066406544695,1.3035989385689357,-0.044472243827843976,-0.03739363322958366,-0.05385535485311687,0.10161830892744628
6,10,atr,0.5,1.0,20,,65.31032765644997,0.5402298850574713,1.009379198142405,0.004491591139750163,0.0013945535496338035,0.1206598401779706,0.01155772747234596,0.050515285045611445,74.50944771983916,0.553921568627451,1.2763039603924324,0.12436228269127245,0.04283900664319762,0.03603551749334989,1.1887995406505059,0.9418753474986951,0.007657624581810851,0.03179693296665524,-0.022756885357109916,0.12436228269127245
6,10,atr,0.5,1.0,20,20.0,67.39558716016805,0.5297029702970297,0.984912122385218,-0.006363393266880871,-0.0020887229650116135,0.16021951697120182,-0.013036632518290795,-0.03829710850980244,76.70090206454032,0.5904761904761905,1.380895545932614,0.12411932958901208,0.0453055270165974,0.023611959715280035,1.9187533590140247,1.1390808944534172,0.018009433171474385,0.0015374999801452255,-0.02870923601334641,0.12411932958901208
6,10,atr,0.5,1.0,50,,65.8107899373423,0.532319391634981,0.9808475664629555,-0.009205980487852511,-0.0029881196640916263,0.12914413342747555,-0.023137866078676253,-0.05219387377437501,75.97041728297326,0.5673076923076923,1.3312835424436342,0.14624840141729734,0.05312884166267473,0.033792002247289454,1.5722312419926623,1.091633460565853,-0.009698189162218986,0.02037056639325724,-0.036656636580800324,0.14624840141729734
6,10,atr,0.5,1.0,50,20.0,67.9794598212091,0.5165644171779141,0.9400752037405267,-0.025745100628478547,-0.008877054771927129,0.17891722109889013,-0.049615429512068335,-0.20094426979186997,79.62284119080851,0.5825688073394495,1.3123988690994752,0.10674787181982374,0.04347605647366315,0.03314304490763246,1.3117701344227162,0.9861177206783639,-0.021419056764236097,-0.007983172851142544,-0.04387076964148154,0.10674787181982374
6,10,atr,0.5,2.0,0,,106.01459316902671,0.36034618410700237,0.9704434162725438,-0.019506425349401408,-0.010716362063856844,0.2456216753167207,-0.04362954551970409,-0.09486873380967632,107.01602049957292,0.42662116040955633,1.497003588320145,0.29407253287859714,0.15094664259794,0.050226994943704556,3.005289143161443,1.7389047269505287,-0.018349584032445306,-0.029737606187077256,-0.005152347753558337,0.29407253287859714
6,10,atr,0.5,2.0,0,20.0,135.29163660122842,0.42909987669543775,0.9102119726955706,-0.04335388260955041,-0.03409580107358534,0.4248000000211389,-0.08026318519747803,-0.3710167516204345,149.01889543967832,0.5049019607843137,1.2368714095190012,0.08950732877741648,0.08952491734903534,0.10239675297069903,0.8742944942273024,1.0253285995621593,-0.04645766707496962,-0.06001753598647021,-0.022385645008377596,0.08950732877741648
6,10,atr,0.5,2.0,20,,60.472525607824046,0.36137931034482756,0.9642392336635451,-0.023072607815636845,-0.007221920283850158,0.16431645327943262,-0.04395129118061436,-0.09456943372069011,63.5521759963334,0.42528735632183906,1.501820105941529,0.2973113032771867,0.09153618182819745,0.0463515935863306,1.9748227567992849,1.3606459766231132,-0.04098755019903766,-0.0006019603715821258,-0.029265396343358743,0.2973113032771867
6,10,atr,0.5,2.0,20,20.0,67.31217678001931,0.44609665427509293,0.9576717661161565,-0.020417904161986702,-0.006966723830195254,0.17710396594259728,-0.03933691599234598,-0.11973014340319262,76.70090206454032,0.5380952380952381,1.363355229637372,0.13117686442602655,0.05049125948026201,0.03353247168078714,1.505742253685153,1.053694678994409,-0.028379468091396614,-0.028700097868670175,-0.002489142508232246,0.13117686442602655
6,10,atr,0.5,2.0,50,,60.305704847526606,0.3499308437067773,0.9144426902843029,-0.05708387752576732,-0.018675608209227423,0.25370881426407693,-0.07361040357781426,-0.2614615190425048,64.28266077790046,0.44886363636363635,1.6514022176885563,0.3695432865680054,0.12869204430635328,0.0440323746158362,2.922668727933408,1.6857096630025032,-0.09361706847368326,-0.04079889293047781,-0.04403772708186547,0.3695432865680054
6,10,atr,0.5,2.0,50,20.0,67.89604944106038,0.4348894348894349,0.8977667210121225,-0.049958264038632,-0.0181793839673422,0.23628696149341252,-0.0769377364389572,-0.31380975763603214,79.62284119080851,0.536697247706422,1.3285800675321575,0.12276859426866513,0.05585398348169579,0.04035401738952371,1.3840997029504185,1.0000182449432624,-0.09824300313794966,-0.047172804694187886,-0.015247483742132991,0.12276859426866513
6,10,atr,1.0,0.5,0,,120.86164083549937,0.8095238095238095,0.9376760116340617,-0.011833387031709289,-0.007428810066037572,0.15996132730270834,-0.04644128797443276,-0.23428074237135899,135.13968458990436,0.8216216216216217,1.1668915440699428,0.030092020349306872,0.020360453970454273,0.05208468107351628,0.39091060079096923,0.6568650633416818,-0.016218454418165523,0.006643475418844338,-0.02329875700652459,0.030092020349306872
6,10,atr,1.0,0.5,0,20.0,135.37504698137715,0.6857670979667283,0.8666554044799959,-0.023044669851749907,-0.01661285817656366,0.21932201445200217,-0.0757464234407683,-0.5840673523362835,149.01889543967832,0.7328431372549019,1.2734506684248768,0.038307674003666574,0.03106122605925732,0.05114398109916521,0.6073290618309788,1.0767679863936575,-0.03464692330057837,-0.010255491157350877,-0.025582387712932798,0.038307674003666574
6,10,atr,1.0,0.5,20,,63.558709673326796,0.8149606299212598,0.9678216934021743,-0.005849420424797826,-0.001898674599424055,0.09317259987151814,-0.02037803605397148,-0.07968627739147352,73.4137205474886,0.835820895522388,1.2951044127924525,0.04969393370078727,0.017050522146165425,0.03471278405073444,0.4911885523571157,0.7638658943290056,0.03621503163045711,-0.03249405433262114,-0.005044696411391688,0.04969393370078727
6,10,atr,1.0,0.5,20,20.0,67.39558716016805,0.7042079207920792,0.9046908271716045,-0.01618596093295809,-0.005449540296811772,0.09155841363886681,-0.05951981997314146,-0.28590131169685823,76.70090206454032,0.7428571428571429,1.209719700007508,0.031335001939013646,0.011672034848774437,0.039702246873664235,0.29398927687684273,0.600237287983027,-0.006414103093099985,-0.014623613478164267,-0.021431697732356914,0.031335001939013646
6,10,atr,1.0,0.5,50,,64.3094030946653,0.8158236057068742,0.9663280581702582,-0.006258982106194765,-0.0020001902869143384,0.10001701869719393,-0.019998499385089706,-0.08398877140544415,76.70090206454032,0.8333333333333334,1.2470216531738154,0.0417817539233822,0.015145656471750923,0.040682396651763104,0.3722901726119063,0.6858976397135815,0.018606501396747105,-0.026682843337009186,0.000822633290697891,0.0417817539233822
6,10,atr,1.0,0.5,50,20.0,67.9794598212091,0.7067484662576687,0.915124020720069,-0.014342420624444624,-0.004818825589142484,0.09082660049674865,-0.053055223500465425,-0.25184452793620393,79.62284119080851,0.7522935779816514,1.3261278697717842,0.04408002935689808,0.01671021725528865,0.03191664674331939,0.5235580476130794,0.912158423398946,-0.010023992049744813,-0.01723771024860532,-0.010996536155609832,0.04408002935689808
6,10,atr,1.0,1.0,0,,103.42887138441631,0.6887096774193548,0.9809652381400428,-0.005929667345452694,-0.0031096899373901365,0.15725873207454766,-0.019774354634348727,-0.06385207674423636,108.1117476719235,0.7094594594594594,1.2933040518276517,0.08648406100588084,0.043787171277724246,0.04231821154007952,1.0347122358007375,1.1202172937607344,-0.01932603488279226,0.010826123770130973,-0.007499229758585113,0.08648406100588084
6,10,atr,1.0,1.0,0,20.0,135.37504698137715,0.5539125077017868,0.9403127625755486,-0.013590560864998413,-0.009276844257902539,0.16417830511958284,-0.05650469013640717,-0.2614461839250486,149.01889543967832,0.6151960784313726,1.3714193818834373,0.06567032009067972,0.04842085548232733,0.04447793110585131,1.0886490058877154,1.4726522504478188,-0.03261959463047147,0.0045382667831526564,-0.015931697732230538,0.06567032009067972
6,10,atr,1.0,1.0,20,,59.72183218648554,0.7122905027932961,1.0856113489469448,0.025186131684629996,0.0070422017804567805,0.08330998139753346,0.08453010866552993,0.2699683934969484,66.4741151226016,0.7142857142857143,1.3350025619355306,0.09505022976175172,0.027128511613453865,0.02534201432813618,1.0704954729401368,0.9576964801743507,0.0598307734300784,0.013108568142960795,0.01608710307990434,0.09505022976175172
6,10,atr,1.0,1.0,20,20.0,67.39558716016805,0.594059405940594,1.0235261859147036,0.004878745854067504,0.0016849637467193368,0.08633284011367737,0.019517066095598015,0.08444538703796665,76.70090206454032,0.6333333333333333,1.242075340029753,0.045726544104712094,0.01579027550740486,0.03538731045530269,0.4462129306873824,0.7238051095216463,0.011938521996592065,0.0188346096901294,-0.011369788709733238,0.045726544104712094
6,10,atr,1.0,1.0,50,,60.472525607824046,0.7062068965517241,1.0578971372659576,0.017008096320837766,0.004971747518725866,0.06852055351475271,0.07255848447948442,0.18967730065867777,69.39605424886982,0.7105263157894737,1.2691827779270473,0.07776995849577835,0.023702680406345378,0.02506998006100871,0.9454606804099581,0.8210297578510806,0.01913743199882604,0.028809215748956573,0.006861732923987792,0.07776995849577835
6,10,atr,1.0,1.0,50,20.0,67.9794598212091,0.5803680981595092,0.9902464366011875,-0.002654810134670762,-0.0007238571827595797,0.07511763303683971,-0.009636315116646189,-0.02203506032127855,79.62284119080851,0.6284403669724771,1.2941970166702104,0.054505291136111626,0.019610894103746057,0.027175048810631777,0.7216507407366137,0.8828017035140558,-0.019446293984531165,0.021767153795458963,-0.012717523216761733,0.054505291136111626
6,10,atr,1.0,2.0,0,,77.0711912574199,0.525974025974026,0.9753718238656658,-0.011882390652478788,-0.0046304551262590365,0.14631158469307418,-0.031647904955527585,-0.0762342458126921,74.50944771983916,0.5343137254901961,1.2690069179844792,0.12968624123999808,0.04524951209200867,0.03194250836695779,1.4165923218107694,0.9349526924676363,-0.030714429102096378,0.044239623168842335,-0.04111574883712033,0.12968624123999808
6,10,atr,1.0,2.0,0,20.0,135.29163660122842,0.48643649815043155,0.9562128508896716,-0.011237961637523396,-0.007558283286150269,0.15068607748318494,-0.05015913488751937,-0.17333220982859926,149.01889543967832,0.5465686274509803,1.2518046231453834,0.05185605319857908,0.037300012726990905,0.053341970267324706,0.6992619983862781,0.9960971739560935,-0.025670783473766175,-0.013031716888717104,0.003212303198435336,0.05185605319857908
6,10,atr,1.0,2.0,20,,50.54669037012603,0.5429042904290429,1.026625079732218,0.012748267719078502,0.0030401125846080124,0.10810493137868653,0.028121867761597665,0.09737658890533181,52.22966188204412,0.5944055944055944,1.5511694938538683,0.22662666846586152,0.051485936250210695,0.024494826325449515,2.101910647013573,1.4106352219314826,0.0787571885783599,-0.020973738842271723,0.003348828047307347,0.22662666846586152
6,10,atr,1.0,2.0,20,20.0,67.31217678001931,0.5142503097893433,1.0019615810457243,0.00038239944041118594,0.00016494886621698512,0.09660385717956438,0.0017074770204090616,0.017158497534709626,76.70090206454032,0.580952380952381,1.2143545868961345,0.04570249316849286,0.016091985384936613,0.047315533297050516,0.34009941901975205,0.6353898608760662,-0.005980306441228948,-0.004557609193877558,0.013657651288823281,0.04570249316849286
6,10,atr,1.0,2.0,50,,50.63010075027476,0.5271828665568369,0.9601695073996512,-0.019581846214505032,-0.004917959803953709,0.13720238452966876,-0.03584456509857702,-0.10789615026057231,53.69063144517822,0.6258503401360545,1.7099908108349369,0.2680597058924681,0.06824275079768016,0.02515480447615236,2.7129112000205247,1.7429481978468602,-0.036129234980333186,-0.020366379368197598,-0.0012116690608464883,0.2680597058924681
6,10,atr,1.0,2.0,50,20.0,67.89604944106038,0.5012285012285013,0.947993169502769,-0.013698726210074522,-0.004554936647052088,0.11100408322045326,-0.04103395582310264,-0.1485861237607434,79.62284119080851,0.5779816513761468,1.256605306477775,0.05437320069658337,0.02075065345901006,0.040282311983785034,0.5151306475994448,0.7652708682326208,-0.05308352761420299,-0.008444806449170393,0.012193169809872612,0.05437320069658337
6,12,range,0.5,0.5,0,,150.05527388755237,0.462479155086159,0.8062606429947398,-0.10992096809508727,-0.20197574463870993,0.9965781776148954,-0.20266924279046253,-0.008369106221347957,167.28101497885459,0.5218340611353712,1.0600560317126146,0.028102492946569576,0.2815876217771789,0.9290725467292144,0.30308464367879967,0.7127063317963769,-0.12591215391234742,-0.1030746261990326,-0.1029570714950877,0.028102492946569576
6,12,range,0.5,0.5,0,20.0,150.63914654859343,0.4584717607973422,0.7932408214119847,-0.11696566815548562,-0.42718520203696797,1.0621999449998933,-0.4021702355077893,0.18178554972985336,168.01149976042166,0.5239130434782608,1.0679208012985877,0.031150393421366548,3.3950143081060915,4.354291534400699,0.7796938448618055,0.712069316438143,-0.1304580851216272,-0.10966021795389352,-0.11239165714167085,0.031150393421366548
6,12,range,0.5,0.5,20,,78.15552619935329,0.4695837780149413,0.8268221718697404,-0.09665540085099338,-0.04562983314354596,0.461618073006892,-0.09884758810746282,-0.7100779465604378,89.4843857419637,0.5224489795918368,1.056135769759234,0.02669298757019618,0.020489530869526318,0.12632225381469323,0.16220048527303169,0.2552168650159848,-0.10107124739598193,-0.10756842200583593,-0.07969642936336434,0.02669298757019618
6,12,range,0.5,0.5,20,20.0,78.23893657950201,0.4680170575692964,0.8217887665072459,-0.09918444100106184,-0.04730017289037758,0.4734900449999469,-0.099896868772358,-0.7333516958117354,89.4843857419637,0.5224489795918368,1.0619925377705606,0.02852438853350299,0.02212330917956029,0.1261884402854728,0.17531961825909972,0.27534512826467844,-0.1093474098452418,-0.09993549719399043,-0.08826994474930282,0.02852438853350299
6,12,range,0.5,0.5,50,,78.9062196206918,0.48308668076109934,0.8725695315627969,-0.06941024895133519,-0.030525532407691514,0.34381764859577946,-0.08878407647880769,-0.5060229491552196,93.50205204058248,0.53515625,1.1101801508398348,0.05255223162380247,0.03352016403602853,0.1094105506406976,0.30637049022912044,0.4826091394223002,-0.08057561749776133,-0.09009590885070017,-0.038294334338668266,0.05255223162380247
6,12,range,0.5,0.5,50,20.0,78.98963000084052,0.4804646251319958,0.8663738815094305,-0.07267315904516804,-0.03231071429341692,0.3588879699999461,-0.09003008457882211,-0.5359496739961549,93.50205204058248,0.53515625,1.1210798644518067,0.055446323596149094,0.035964972884751756,0.10972703497076723,0.3277676544739709,0.5207460819973291,-0.0851484549904693,-0.08246298403885466,-0.05133544102361189,0.055446323596149094
6,12,range,0.5,1.0,0,,147.05250020219833,0.31196823596142936,0.8544701932331675,-0.10608365046221595,-0.162742287800004,0.9859137091571128,-0.16506747627957952,-0.11075092691170509,159.61092477240055,0.36384439359267734,1.1132853605056634,0.07223781154665013,0.35819162777879776,0.6218365829357714,0.576022121580124,0.6926947769398558,-0.12324791876073342,-0.0621485812445551,-0.13499508307171623,0.07223781154665013
6,12,range,0.5,1.0,0,20.0,150.63914654859343,0.3211517165005537,0.823169042574171,-0.1246261044526203,,1.151043995448939,,0.35704007604439775,168.01149976042166,0.4043478260869565,1.1327542629204015,0.0767756145733565,,2.761810615565631,,0.2696221996000935,-0.1156754156184661,-0.10519393043127685,-0.14929308480858497,0.0767756145733565
6,12,range,0.5,1.0,20,,77.57165353831223,0.32365591397849464,0.8999519803357595,-0.07112210751970463,-0.030958160007592328,0.4015148575205405,-0.07710339836181176,-0.3738729564888464,88.0234161788296,0.35269709543568467,1.052179093692299,0.034282144804785974,0.02115889145221561,0.14144070637361914,0.14959548771146458,0.2328336942135226,-0.060547536112081815,-0.03617975430760598,-0.11149059837240091,0.034282144804785974
6,12,range,0.5,1.0,20,20.0,78.23893657950201,0.3358208955223881,0.888616374839572,-0.07694460391655661,-0.03438251567294648,0.4068844624644435,-0.08450191355230496,-0.4214324898780279,89.4843857419637,0.4122448979591837,1.1197228583226468,0.06941868441810067,0.04421206764461316,0.10857722843442344,0.4071946602626313,0.4521964308590634,-0.06807456983609565,-0.04381540085958699,-0.11405554724167064,0.06941868441810067
6,12,range,0.5,1.0,50,,78.40575733979945,0.32553191489361705,0.9079141002091825,-0.06535134118748469,-0.028310971895886383,0.3508200646801016,-0.08069940903095721,-0.3437754306661521,91.67584008666485,0.36254980079681276,1.0976678099910535,0.06382340520267546,0.038755833169171305,0.10234339190422914,0.37868427504765745,0.4024000819139157,-0.07147426267859903,-0.018692832803335998,-0.10469228524073647,0.06382340520267546
6,12,range,0.5,1.0,50,20.0,78.98963000084052,0.3368532206969377,0.8933553966752407,-0.07344081587812912,-0.03283656869740059,0.3768391799999253,-0.0871368223904083,-0.4039484405207143,93.50205204058248,0.41796875,1.1762384501095122,0.10169570526848878,0.06488398190868305,0.08433899140569252,0.7693236642654901,0.6591519491140152,-0.08195840031911564,-0.029979567003266663,-0.107433879939617,0.10169570526848878
6,12,range,0.5,2.0,0,,132.45568367617184,0.19458438287153654,0.9048367188575602,-0.08186382878203471,-0.07578427890861572,0.8043109263927319,-0.09422261518751456,-0.2194074868401308,133.31347263598673,0.2465753424657534,1.2653177704614345,0.20280299342589994,0.27144173150396544,0.28333951181162087,0.9580087498860177,0.9204230283624286,-0.09494985561814881,-0.07220192439096254,-0.07917612247151798,0.20280299342589994
6,12,range,0.5,2.0,0,20.0,150.63914654859343,0.2563676633444075,0.8332507713527191,-0.12806195468185005,,1.2346920616331345,,-0.4435258825601744,168.01149976042166,0.3565217391304348,1.1757299779979669,0.10827914501664351,,2.786574793608072,,0.10855358442500965,-0.12361535812971666,-0.1311948069686966,-0.1270134638088071,0.10827914501664351
6,12,range,0.5,2.0,20,,75.236162894148,0.1951219512195122,0.9083844234949487,-0.07670926478356133,-0.03321028837582107,0.4747484436022175,-0.06995344339379726,-0.25567120063444826,79.98808358159205,0.2694063926940639,1.4132729301992126,0.30806257087665856,0.15776636045608883,0.11414893441013292,1.3821097960427742,1.1195340730987646,-0.028285346389067576,-0.07777827802646844,-0.10823621797877166,0.30806257087665856
6,12,range,0.5,2.0,20,20.0,78.23893657950201,0.26119402985074625,0.8946471568680066,-0.07965948123575405,-0.03652423030806207,0.4371216452006021,-0.08355621532148223,-0.3268619436010598,89.4843857419637,0.3795918367346939,1.3168633542722243,0.19248395451275865,0.11853881607774652,0.10202301880250345,1.1618830482483018,0.9173126700616948,-0.057881156254557045,-0.06821844294657671,-0.10433583613284139,0.19248395451275865
6,12,range,0.5,2.0,50,,75.236162894148,0.1951219512195122,0.9089502591546632,-0.07699109139287776,-0.03298263499746201,0.4225327836303392,-0.07805935131016366,-0.23780522911623617,83.27526509864377,0.2807017543859649,1.49490155615151,0.365430892517539,0.18898415335968455,0.09944906621082975,1.9003109889341994,1.3483338074593185,-0.11924244628781341,-0.06163651189538961,-0.05819386451007693,0.365430892517539
6,12,range,0.5,2.0,50,20.0,78.98963000084052,0.25976768743400214,0.8709231953771526,-0.09791745285863289,-0.04777700681061514,0.4887298366332292,-0.09775749960293449,-0.387980811044447,93.50205204058248,0.38671875,1.3594096043846433,0.21722458796814037,0.15586994913583951,0.09798367081717979,1.5907747468112854,1.0817040116401966,-0.15020746315519984,-0.07639771872305187,-0.07896130309777136,0.21722458796814037
6,12,range,1.0,0.5,0,,146.05157564041366,0.6390633923472302,0.8475247210195617,-0.05659882972503686,-0.05296316309711768,0.5364115350944533,-0.09873606295172556,-0.8131634610385289,159.9761671631841,0.7054794520547946,1.1715522033204935,0.04986117172582728,0.07102564448133086,0.11576845391308906,0.6135146672568678,0.8860139448271563,-0.06605654911612284,-0.04857894574292488,-0.0572202647246304,0.04986117172582728
6,12,range,1.0,0.5,0,20.0,150.63914654859343,0.6090808416389811,0.8178689424087918,-0.065718226010456,-0.06880202088850651,0.6291804133048571,-0.10935181616209949,-0.986443678950149,168.01149976042166,0.6673913043478261,1.2227121507716077,0.05747735859202538,0.1012220326267601,0.1285244213222262,0.7875704211340838,1.1263359092744158,-0.06921724554537231,-0.057875753941603485,-0.07075287709411592,0.05747735859202538
6,12,range,1.0,0.5,20,,76.57072897652755,0.6546840958605664,0.9111468126655022,-0.03166388905657805,-0.012505899370440776,0.18901202325174063,-0.06616457067275802,-0.3246856108912039,87.65817378804607,0.7041666666666667,1.1553040236190815,0.046545387835607015,0.022425686662552735,0.04816082532989818,0.4656416601862281,0.5822203739852777,-0.0225514372309101,-0.05064696486634632,-0.01917514599265856,0.046545387835607015
6,12,range,1.0,0.5,20,20.0,78.23893657950201,0.6257995735607675,0.8793820425213321,-0.041869526965825625,-0.017434923176182004,0.2265968135996226,-0.07694249049321601,-0.462942351435386,89.4843857419637,0.6693877551020408,1.1949900508343436,0.0522900442224884,0.026922645677502022,0.042261505207711735,0.6370489064499594,0.6971911704118737,-0.029393841401480034,-0.04957177972737168,-0.04321542838959532,0.0522900442224884
6,12,range,1.0,0.5,50,,77.40483277801478,0.6551724137931034,0.9124657316290194,-0.0310483533325895,-0.012432088181905887,0.20299625261374019,-0.06124294425060927,-0.3186940581033515,92.77156725901543,0.7165354330708661,1.2346787645062718,0.06645305785855761,0.033818165384318144,0.050152926000610824,0.6743009447525806,0.8862724376788063,-0.021191561728718077,-0.06233032435272631,-0.007200489072315406,0.06645305785855761
6,12,range,1.0,0.5,50,20.0,78.98963000084052,0.6293558606124604,0.8910466822665493,-0.03772245293775267,-0.01569558378005309,0.22731739374999682,-0.0690469986529718,-0.41233069637451797,93.50205204058248,0.68359375,1.2904403651011311,0.07263396740103023,0.03833855362750915,0.03976112400792246,0.9642220783263104,1.0344688914955795,-0.02436467835592662,-0.05895012148251328,-0.026409791319792354,0.07263396740103023
6,12,range,1.0,1.0,0,,134.8745847004848,0.48794063079777367,0.9128324956525382,-0.046179795467985674,-0.03660044504679705,0.45750876545915037,-0.07999944003272871,-0.46806657413674463,143.17501718714192,0.5510204081632653,1.1949366662466168,0.08875416195451115,0.08885938075403765,0.08555129912882223,1.0386678128666889,0.9811477023799517,-0.037680074407121594,-0.036376576056702026,-0.06276896973067002,0.08875416195451115
6,12,range,1.0,1.0,0,20.0,150.63914654859343,0.4678848283499446,0.8627558702712237,-0.06470061459127245,-0.0672188400688074,0.6482480759207214,-0.10369308072890916,-0.7409078686819934,168.01149976042166,0.5521739130434783,1.2762312478532813,0.09442626798990081,0.15490293690793755,0.1263460814896848,1.2260209029164408,1.3379731357658855,-0.05932056495904102,-0.05104354170388459,-0.08228295315818893,0.09442626798990081
6,12,range,1.0,1.0,20,,74.06841757206587,0.5112612612612613,1.005020161634689,0.0022711848824868057,0.0009031380369077802,0.12734924387514143,0.0070918209596380075,0.03835562301495113,85.46671944334493,0.5341880341880342,1.1133939537743769,0.05348426639474223,0.02143922702077039,0.039142841473346894,0.5477176978929537,0.45939501819900075,0.022347288109855857,0.008354559598307611,-0.01863712276975989,0.05348426639474223
6,12,range,1.0,1.0,20,20.0,78.23893657950201,0.4978678038379531,0.9632646333962418,-0.016661228348767022,-0.006570426161566445,0.19647349424296565,-0.03344179420681162,-0.12897371574950814,89.4843857419637,0.5755102040816327,1.2943209416991468,0.0996721031362124,0.044686494038393754,0.04281105281297326,1.043807407250965,1.004437119876299,0.003109364197568059,-0.005220794144439954,-0.04257842350059386,0.0996721031362124
6,12,range,1.0,1.0,50,,75.06934213385054,0.5022222222222222,0.9684905890297627,-0.016166288780632202,-0.006082731533364805,0.19607494217238458,-0.031022482862787266,-0.11002987536020058,89.84962813274723,0.5528455284552846,1.2036735712267705,0.09163601660390347,0.041426951468972684,0.04583918941039449,0.9037452887327608,0.8035044359202879,-0.00409817274245764,0.01740377116631889,-0.05904162321800544,0.09163601660390347
6,12,range,1.0,1.0,50,20.0,78.98963000084052,0.4857444561774023,0.9241793791144562,-0.03514772225983368,-0.014607183960690495,0.22294274660869443,-0.06551988877363565,-0.29135757073389623,93.50205204058248,0.5703125,1.2964130647937877,0.10084429184373586,0.05186640699374867,0.039276414863734434,1.3205484047791518,1.035098669445356,-0.036860314196676555,-0.004424027023049781,-0.06412155211893021,0.10084429184373586
6,12,range,1.0,2.0,0,,107.84962153229861,0.33101314771848417,0.9409758038202174,-0.04126508228230047,-0.02445890229661407,0.3643603234126719,-0.06712833622367849,-0.23952118931210392,108.47699006270702,0.41414141414141414,1.367364002682455,0.21946535165968972,0.13693849848140482,0.08381668608308289,1.633785644372353,1.410401160434178,-0.028713336330560023,-0.06327129138018141,-0.030194401272199255,0.21946535165968972
6,12,range,1.0,2.0,0,20.0,150.5557361684447,0.40443213296398894,0.9047439716941326,-0.04937067655789337,-0.04613157460089934,0.5270701299311294,-0.08752454745809102,-0.4288607839295828,168.01149976042166,0.49782608695652175,1.2690564367222477,0.10093610413923282,0.13108879808108087,0.10602015349483318,1.2364516911161556,1.2033457180000917,-0.054931001651419877,-0.06364221324302438,-0.031066492092882893,0.10093610413923282
6,12,range,1.0,2.0,20,,67.47899754031677,0.34610630407911,1.0094581983157664,0.006218433522059063,0.0020702548123154862,0.11333414041389668,0.018266824142795,0.058448657780261065,73.04847815670506,0.415,1.3568333362529907,0.2134917699773848,0.06877990501499243,0.041933535612852374,1.6402123982579662,1.1507341198745855,-0.020021050816890904,0.016249288734680158,0.0156610781003774,0.2134917699773848
6,12,range,1.0,2.0,20,20.0,78.15552619935329,0.423692636072572,0.9837191250096348,-0.00812113126282916,-0.003227529398786122,0.13461610633279317,-0.023975804134515215,-0.034917385086634896,89.4843857419637,0.5306122448979592,1.3702493039241532,0.13508420913453237,0.05852397334992032,0.04832768101861755,1.210982445596237,1.1300257026411922,-0.013999250247874337,-0.01402437344230113,0.002083664818802512,0.13508420913453237
6,12,range,1.0,2.0,50,,67.56240792046549,0.3345679012345679,0.9587795034101793,-0.028674123886294305,-0.009820248527667386,0.19361751825479154,-0.05071983473491485,-0.12107847040786852,75.23993250140622,0.441747572815534,1.5250873250179424,0.2980205057636749,0.11085649532351072,0.051216128210250976,2.1644841029065263,1.5749234657181934,-0.06759425494695466,0.004173936743637968,-0.03313911445991816,0.2980205057636749
6,12,range,1.0,2.0,50,20.0,78.9062196206918,0.41120507399577166,0.9234655493035231,-0.0396706059027547,-0.016743567813930937,0.23131832751851197,-0.07238323047528943,-0.2506984847761078,93.50205204058248,0.53125,1.3872668452914678,0.1409856046386774,0.07441103856038511,0.050437178672999676,1.475321191988466,1.2134764244367497,-0.08201388975277654,-0.019900587937733718,-0.028766679787688397,0.1409856046386774
6,12,atr,0.5,0.5,0,,147.80319362353686,0.662528216704289,0.8589161936431452,-0.04881701309333837,-0.044291618374239894,0.4758280192499288,-0.09308324979276958,-0.7220029457078544,165.8200454157205,0.7070484581497798,1.1668627968768732,0.050606767893002204,0.06501908562945813,0.11146529510496989,0.5833123715164249,0.8459571954017088,-0.06085512919385317,-0.03542911666963588,-0.05106976566297997,0.050606767893002204
6,12,atr,0.5,0.5,0,20.0,150.63914654859343,0.632890365448505,0.8306527730682175,-0.05662168821914733,-0.05552773236029385,0.5516943486189775,-0.10064944928164118,-0.8864406747932565,168.01149976042166,0.6782608695652174,1.2165514041042695,0.057712639293324236,0.0853223158240688,0.11034904981801913,0.773203901300257,1.0660736510456432,-0.06291674533058764,-0.04341431441822379,-0.06330288873786469,0.057712639293324236
6,12,atr,0.5,0.5,20,,77.23801201771734,0.6706263498920086,0.8784961722282956,-0.04103730541344886,-0.016831300145684902,0.20138374000766582,-0.08357824790146516,-0.44294769710408555,89.11914335118017,0.7090163934426229,1.1888147421695392,0.05691482096286033,0.029021936381835145,0.046758377983953346,0.6206788522860003,0.6880992826292412,-0.04996008357073222,-0.041827117192522974,-0.030710783982683256,0.05691482096286033
6,12,atr,0.5,0.5,20,20.0,78.23893657950201,0.6439232409381663,0.8654332730140749,-0.043505310999919986,-0.018216419402277473,0.21726570849283838,-0.0838439693435466,-0.5039910081118646,89.4843857419637,0.6816326530612244,1.250548407140015,0.06558267052547048,0.03405649731879068,0.03987983781852531,0.8539778289411818,0.85149337095837,-0.046942071463878944,-0.037671880643333926,-0.04396483915296785,0.06558267052547048
6,12,atr,0.5,0.5,50,,78.23893657950201,0.6716417910447762,0.8744581782175623,-0.04234378510193502,-0.01764053532690346,0.2200343513563722,-0.08017173326874077,-0.4515728256814459,93.13680964979895,0.7254901960784313,1.2679118266066045,0.07680344742593553,0.04061516117396069,0.0654898156037978,0.6201752257125822,0.9705871342411349,-0.056433694001871586,-0.06044765327966716,-0.011426858837609428,0.07680344742593553
6,12,atr,0.5,0.5,50,20.0,78.98963000084052,0.648363252375924,0.8669688139033589,-0.04307411784668643,-0.01817386144630384,0.22386919821426665,-0.081180714413912,-0.4890960529951532,93.50205204058248,0.69921875,1.314911164054838,0.07896692839017808,0.042327028672311195,0.04609520865143978,0.9182522416240134,1.0857113246213315,-0.04796958530693741,-0.057749311444512307,-0.022250346287782927,0.07896692839017808
6,12,atr,0.5,1.0,0,,137.29348572479776,0.5224787363304981,0.9525711413512566,-0.023325078301760317,-0.017060336890072247,0.3211229900434885,-0.05312711147763612,-0.22826622472146027,149.38413783046187,0.5574572127139364,1.2466785631950774,0.11178508857067367,0.09156472261250803,0.0507817009916526,1.8031046779539597,1.1907206481987207,-0.018842011725578964,-0.003236870478886923,-0.043556570256390474,0.11178508857067367
6,12,atr,0.5,1.0,0,20.0,150.63914654859343,0.4939091915836102,0.8894920594300656,-0.04758783718594786,-0.044003877784526635,0.49721182942144215,-0.08850126883692558,-0.5702482654576124,168.01149976042166,0.5630434782608695,1.2949538273331456,0.10050227473639768,0.12441660964818624,0.10162265964297676,1.2242998764772517,1.3828727129274612,-0.04877234316979431,-0.02784335994119795,-0.06463491975349868,0.10050227473639768
6,12,atr,0.5,1.0,20,,74.73570061325566,0.5357142857142857,0.9852118441389075,-0.007069709643521521,-0.002603141036936041,0.14512172824119668,-0.017937638067605854,-0.039224892121859874,86.56244661569549,0.5443037974683544,1.2076915171523432,0.0957559970537687,0.04037556800130848,0.052219816002814626,0.7731848001749423,0.7816569259840803,-0.0018032239114823382,0.022975513470439152,-0.03874503180098218,0.0957559970537687
6,12,atr,0.5,1.0,20,20.0,78.23893657950201,0.5191897654584222,0.9551172108312744,-0.018875979856331583,-0.007435865957884258,0.18871739162142384,-0.039402123429095305,-0.15730107595453047,89.4843857419637,0.5795918367346938,1.343273379010598,0.11376844549505723,0.051256127619584646,0.0391945985861127,1.307734470273298,1.122126081751205,-0.020548166143750046,0.0130837313154318,-0.046908844542209074,0.11376844549505723
6,12,atr,0.5,1.0,50,,75.56980441474288,0.5320088300220751,0.9706138934998177,-0.014190380512973784,-0.005349506503596668,0.16105577781227834,-0.03321524118080314,-0.09581731047413058,89.11914335118017,0.5655737704918032,1.300310754285767,0.1336126688602979,0.05837953916617922,0.04677637478572556,1.248056084585557,1.0879281582412614,-0.021244192828219828,0.024056807421721654,-0.044922958923511586,0.1336126688602979
6,12,atr,0.5,1.0,50,20.0,78.98963000084052,0.5121436114044351,0.9317845442627277,-0.02907356048371196,-0.011829602186645083,0.1980798486490315,-0.05972138138900442,-0.24678540254592327,93.50205204058248,0.58203125,1.3328198677509662,0.11198520034237155,0.05496064534700085,0.04000316835552267,1.3739073080048472,1.1248305050002485,-0.054104114529928846,0.008484081639402584,-0.04525670616276279,0.11198520034237155
6,12,atr,0.5,2.0,0,,113.10447548166815,0.35988200589970504,0.9752868503963944,-0.016349293336413908,-0.009514348221371427,0.2358604034287627,-0.04033889573264069,-0.07789218265099522,116.51232265994457,0.4200626959247649,1.4412631001264642,0.26253139623143423,0.14589173709014402,0.05021423543300149,2.9053860092084953,1.643747110317413,-0.009131388961104037,-0.006684525994567896,-0.027732421402898895,0.26253139623143423
6,12,atr,0.5,2.0,0,20.0,150.5557361684447,0.42825484764542937,0.9080134049693445,-0.04404208757311373,-0.03968905887324825,0.46681606706461226,-0.08502076443687373,-0.39932393443518743,168.01149976042166,0.5065217391304347,1.2537398492191727,0.09482172087588882,0.11253051910905398,0.10384774704168095,1.0836105964233202,1.1605357332953483,-0.05645414914502301,-0.048269221081588015,-0.028808762233686166,0.09482172087588882
6,12,atr,0.5,2.0,20,,68.22969096165527,0.3581907090464548,0.9509596326385289,-0.03222334706238135,-0.011514172771591169,0.2051904829557936,-0.056114555634979385,-0.1487106650285451,74.50944771983916,0.4068627450980392,1.3672298405593386,0.2243309886291553,0.08606646311053545,0.07832817531347101,1.0987931579676873,1.125245540846876,-0.03665696747635171,-0.01028643303807603,-0.047780444631068016,0.2243309886291553
6,12,atr,0.5,2.0,20,20.0,78.15552619935329,0.4429028815368196,0.936439983321176,-0.030316259908824875,-0.012329191162511521,0.18657845998105838,-0.0660804637564443,-0.2038684283131646,89.4843857419637,0.5346938775510204,1.36410570097816,0.13168037728045584,0.06229058370589269,0.04895475429796482,1.2724113234591858,1.136001452400268,-0.06141468410841845,-0.013578122876295213,-0.02146812923487938,0.13168037728045584
6,12,atr,0.5,2.0,50,,68.313101341804,0.3516483516483517,0.9177264265684849,-0.05492718137439726,-0.02052556686082252,0.2686971726613193,-0.07638921786011522,-0.263964362787998,75.97041728297326,0.4326923076923077,1.5121946009894693,0.2986332358456273,0.12653089206185175,0.06550831507766393,1.9315241418107305,1.498105601429557,-0.09121301110258224,-0.02761416896951848,-0.052366498384664735,0.2986332358456273
6,12,atr,0.5,2.0,50,20.0,78.9062196206918,0.4355179704016913,0.8943537547876337,-0.05071502889053039,-0.02187067885034122,0.26723329077911057,-0.08184114631293847,-0.34562589355803514,93.50205204058248,0.54296875,1.3691976209303747,0.13420879237085676,0.07382484463219141,0.04596427861967422,1.6061351738606848,1.1941328652794785,-0.12504467385764373,-0.02249339570062383,-0.022322245804195943,0.13420879237085676
6,12,atr,1.0,0.5,0,,132.45568367617184,0.8117128463476071,0.955635074587985,-0.008250360938206323,-0.0056713811534234715,0.14951877710613257,-0.03793089579242458,-0.16616632696603031,149.38413783046187,0.8141809290953546,1.1133857346310356,0.021504671058015297,0.015694173512179166,0.06975935116170415,0.2249759100511074,0.4956656871657121,-0.01820123092194567,0.011680034781257183,-0.016623562601051002,0.021504671058015297
6,12,atr,1.0,0.5,0,20.0,150.63914654859343,0.6838316722037652,0.8672107114511666,-0.02284741900061537,-0.018550377508004257,0.24805699587060268,-0.07478272258719501,-0.6151804391331899,168.01149976042166,0.7239130434782609,1.2353213879371987,0.033743245575515377,0.03148472688350035,0.06988823038922676,0.4505011317092056,1.0057613571672293,-0.03528477216969806,-0.00656193479443333,-0.027816883426770377,0.033743245575515377
6,12,atr,1.0,0.5,20,,72.98408263013248,0.8182857142857143,0.9893225646831216,-0.001764208103175195,-0.0007054404512750745,0.10398317340863059,-0.006784178902704301,-0.02153304870630318,84.37099227099435,0.8225108225108225,1.178721052376031,0.03255584194553462,0.012667631842519622,0.04277465214031013,0.29614809726487185,0.535056938567578,0.03301276378890986,-0.02519511088104998,-0.0008841884660371684,0.03255584194553462
6,12,atr,1.0,0.5,20,20.0,78.23893657950201,0.7014925373134329,0.9082298651937474,-0.015407031631083307,-0.006041746013070504,0.10091931146758687,-0.0598670950605027,-0.29643890752374014,89.4843857419637,0.7183673469387755,1.0967941340919232,0.015806233725742625,0.0067592061298165085,0.04951081773459169,0.13651978373797002,0.3166591081190511,-0.007176061920497628,-0.010888313345571915,-0.023045225338492438,0.015806233725742625
6,12,atr,1.0,0.5,50,,73.81818643161971,0.8203389830508474,0.9947986025133208,-0.0008348364075717866,-0.00034273970516529584,0.1005478608377375,-0.0034087219987544402,-0.005517325148790788,89.11914335118017,0.8237704918032787,1.1586011603578297,0.028532447810726076,0.011727266192890218,0.05010200416265579,0.23406780604659513,0.504125039362912,0.01371420167680452,-0.01866078175714208,0.009398875091176907,0.028532447810726076
6,12,atr,1.0,0.5,50,20.0,78.98963000084052,0.7053854276663146,0.9234728696960411,-0.012687755585793471,-0.004970839037489183,0.09542352059759684,-0.052092387771473285,-0.2425936721226288,93.50205204058248,0.734375,1.2167376325893502,0.03162569936076909,0.013937122967617732,0.03924827218418967,0.35510156733044684,0.684143650874256,-0.012244640436056612,-0.0137402957177751,-0.009090436422339383,0.03162569936076909
6,12,atr,1.0,1.0,0,,111.7699093992886,0.6902985074626866,0.9929505727562087,-0.00215455043190704,-0.0012247050444390561,0.1616202967891503,-0.007577668577337197,-0.01417598811374813,117.97329222307867,0.6934984520123839,1.2024273680686872,0.06201973082358549,0.03423933638643395,0.04682498639913428,0.7312193557213074,0.8572995366422038,-0.006585308395663998,0.009054507755871327,-0.005245680850071358,0.06201973082358549
6,12,atr,1.0,1.0,0,20.0,150.63914654859343,0.5481727574750831,0.9381660711447368,-0.013929675467873224,-0.010696617237514139,0.18659014700697193,-0.057326806420890275,-0.2892053828071493,168.01149976042166,0.6086956521739131,1.3253851172887905,0.05896175409614926,0.049555605485742005,0.050398301524312676,0.9832792770176164,1.3987643796962501,-0.027609187420900086,0.007264198820081243,-0.022770673057668507,0.05896175409614926
6,12,atr,1.0,1.0,20,,67.14535601972187,0.7118012422360248,1.085611139537327,0.025236644285888277,0.007889195865055987,0.08490396514918659,0.09291905096768696,0.2864610390466194,75.60517489218974,0.7004830917874396,1.2322399418644945,0.0689068784652253,0.022288837060121747,0.02644428110831181,0.8428603889374043,0.7496780237314165,0.06473492119498851,0.010651462462947002,0.013505551208572492,0.0689068784652253
6,12,atr,1.0,1.0,20,20.0,78.23893657950201,0.579957356076759,1.0016454912466177,3.831928006677124e-05,0.0001371647066659154,0.10220527095820424,0.001342051201273244,0.015485856687518769,89.4843857419637,0.6204081632653061,1.1963081725162699,0.038238435312119234,0.015551144236406245,0.041457199598436065,0.37511323454160417,0.6442874377364307,0.005838068144284305,0.019535935654000042,-0.020887796292846348,0.038238435312119234
6,12,atr,1.0,1.0,50,,68.47992210210144,0.7101096224116931,1.0775241965297606,0.02268328755619302,0.007341093386673769,0.06557886955264108,0.11194296938560325,0.2621378215641954,80.35332597237557,0.7045454545454546,1.2162731131642712,0.06381969099080759,0.021893064914055183,0.031164671532161643,0.7024962509700046,0.7352105763213163,0.024532202345251452,0.03362155426701149,0.01351631343084873,0.06381969099080759
6,12,atr,1.0,1.0,50,20.0,78.98963000084052,0.5723336853220697,0.9896402922438051,-0.002691705837496044,-0.0008794649743312233,0.08229939468427831,-0.01068616576956705,-0.025887871172751514,93.50205204058248,0.625,1.271901404634233,0.05141738241937414,0.02151030832698919,0.03055857937163876,0.7039040678361109,0.8867007295245813,-0.020694908607256365,0.025253755059201244,-0.014420925266476621,0.05141738241937414
6,12,atr,1.0,2.0,0,,80.49101684351753,0.5212435233160622,0.9623896039050206,-0.018433965122326222,-0.007582302653030393,0.1989173979503118,-0.038117845553783086,-0.1319971471167662,76.3356596737568,0.507177033492823,1.1604981693200422,0.07990143754657549,0.0306108188895311,0.04826879305085077,0.6341741103259586,0.6116841001831839,0.0002917479836346293,0.006552765183600846,-0.04962124331061296,0.07990143754657549
6,12,atr,1.0,2.0,0,20.0,150.5557361684447,0.4825484764542936,0.9571761921349606,-0.01083419674095062,-0.008154568555176822,0.16657787152720463,-0.048953492324129384,-0.17979500200384496,168.01149976042166,0.5456521739130434,1.2376028868447981,0.04946590080127432,0.040143670776284335,0.058243966556468435,0.6892331197492262,1.0096501801129123,-0.0226958591175353,-0.00847413952437279,-0.0024906062734543688,0.04946590080127432
6,12,atr,1.0,2.0,20,,55.96836507979302,0.5320417287630402,0.9903412628466429,-0.004470812797985701,-0.0012803148551520094,0.14771470315658577,-0.008667484196172432,-0.015836180955722565,57.708297743797,0.569620253164557,1.3964051452336081,0.1713993022347147,0.04587210294185362,0.03646358116032043,1.258025171476342,1.1260089679040712,0.07315234087758336,-0.04996902385380277,-0.01502191487914223,0.1713993022347147
6,12,atr,1.0,2.0,20,20.0,78.15552619935329,0.5058697972251868,0.9903475600581392,-0.00257206471823565,-0.0009275527962032681,0.10193394038302826,-0.009099548126148013,-0.020244891583582714,89.4843857419637,0.5755102040816327,1.204616765821102,0.044149128329338684,0.018173046180359753,0.050258018837087165,0.3615949573991011,0.6564888087253338,-0.006907847395253368,-0.001145180038902823,0.0021366203539594027,0.044149128329338684
6,12,atr,1.0,2.0,50,,56.46882736068535,0.5214180206794683,0.9424874004197916,-0.02850574137320167,-0.008161403131945466,0.16597334418714443,-0.04917297516607858,-0.17385808028229754,60.995479260848725,0.592814371257485,1.4809817123301734,0.19627554686877688,0.05969973151960706,0.033200031728739664,1.7981829658291526,1.367746265899714,-0.031515517865569574,-0.031595801513473354,-0.018663794101887506,0.19627554686877688
6,12,atr,1.0,2.0,50,20.0,78.9062196206918,0.49682875264270615,0.9523585855171858,-0.012205231692187452,-0.004732758447838714,0.10530293074917324,-0.044944223433932035,-0.14529728302628903,93.50205204058248,0.58203125,1.2630625048189577,0.05559537193853521,0.024664045128632628,0.04182028847242729,0.5897626733228774,0.8442892147936019,-0.048927536848608115,0.0002760328625156981,0.004741577952374054,0.05559537193853521
6,15,range,0.5,0.5,0,,169.32307170190734,0.4635467980295567,0.8102384616879512,-0.10762672458519026,,1.093085339990993,,0.26037989786763,199.0571029770213,0.5229357798165137,1.065645342724936,0.030915904747469462,,9.291013064637832,,0.021390560936329118,-0.1028519241497712,-0.11384197168805442,-0.1037537973035007,0.030915904747469462
6,15,range,0.5,0.5,0,20.0,170.15717550339457,0.4573529411764706,0.7952774830313702,-0.11502716912573444,,1.1716404699998766,,-0.1959314354593644,200.88331493093892,0.5327272727272727,1.1026602288488274,0.046201681650128924,,32.115858438058424,,-0.468291901513593,-0.11373231858690078,-0.12222298790329618,-0.10742800071299563,0.046201681650128924
6,15,range,0.5,0.5,20,,104.68002708664714,0.4653386454183267,0.8118756699932275,-0.10638244991127614,-0.07946692570219172,0.6567770704590928,-0.12099528025033464,-0.8462475406281117,113.59038353367637,0.5369774919614148,1.1223774020315076,0.05735109780902556,0.08052165518910703,0.23811311805225283,0.33816555697463474,0.5544553239059917,-0.10643330417748656,-0.13204578553237287,-0.07819582455391236,0.05735109780902556
6,15,range,0.5,0.5,20,20.0,105.01366860724204,0.4583002382843527,0.7949411724280155,-0.1145495997420055,-0.0908145725545969,0.7079825849999211,-0.12827232544795864,-0.8928119055808574,113.9556259244599,0.5448717948717948,1.1558340030908125,0.06818675083383433,0.10844673154592366,0.25544360958596846,0.42454274632940614,0.6545453023726707,-0.12345513107608777,-0.13546126470242567,-0.08468422263524292,0.06818675083383433
6,15,range,0.5,0.5,50,,105.2638997476882,0.4706814580031696,0.8293733337363642,-0.0953190606284793,-0.06766743146616616,0.5971344951177043,-0.11332025200257084,-0.7630390115907685,117.60804983229515,0.5559006211180124,1.2107026005938177,0.09577352411261524,0.11483925349888091,0.11213579598994942,1.024108782437089,0.9511370576340538,-0.10062623619825412,-0.12434138211112446,-0.060001934285936954,0.09577352411261524
6,15,range,0.5,0.5,50,20.0,105.5975412682831,0.46445497630331756,0.8150849064829424,-0.1021131507867765,-0.07568901269664163,0.6396189599999224,-0.11833453576274665,-0.8060659515464501,117.97329222307867,0.5603715170278638,1.2213371871812642,0.09535986174745714,0.12586908760246707,0.11092735118309137,1.1346983972844857,0.9788526921042376,-0.11665426723389843,-0.12728744170549303,-0.0641687156809264,0.09535986174745714
6,15,range,0.5,1.0,0,,164.8189111738763,0.31376518218623484,0.8615952751189531,-0.10090137845369314,-0.20621739612098056,1.029943797409716,-0.2002219894324451,-0.37495065855060816,183.3516801733297,0.3605577689243028,1.0962972845051868,0.06188395787102355,0.5707412644874306,1.1113899643532636,0.5135382564116947,-0.6199908156652967,-0.08501735758132865,-0.08160430117680363,-0.1316138981636718,0.06188395787102355
6,15,range,0.5,1.0,0,20.0,170.15717550339457,0.32450980392156864,0.8262373410124274,-0.120726205771366,,1.2442451224992572,,0.20139081708438672,200.88331493093892,0.42,1.170001727172189,0.09464580051693117,,24.856609422859467,,-0.7785567039193182,-0.09367370882707912,-0.12343573449515127,-0.1379784731080233,0.09464580051693117
6,15,range,0.5,1.0,20,,103.34546100426758,0.31799838579499595,0.8757120712440879,-0.0898442338914547,-0.06017435011273298,0.5864675531237951,-0.10260473881669463,-0.5153569712724605,110.30320201662464,0.38079470198675497,1.186946928021611,0.11835069157002823,0.12073519512269493,0.16957801849115206,0.7119743242488379,0.7263533728796078,-0.08090837876599223,-0.08661272943897659,-0.0976540268883513,0.11835069157002823
6,15,range,0.5,1.0,20,20.0,105.01366860724204,0.33200953137410644,0.8516950152034999,-0.10150331383109125,-0.074165007284406,0.6611710799998927,-0.11217218890520445,-0.6069338461418124,113.9556259244599,0.44871794871794873,1.2946788404666245,0.15803435032476346,0.1883095979264171,0.18621680324944664,1.0112384846074662,1.020101414497302,-0.08698924087103725,-0.10108984251953533,-0.11067244914478097,0.15803435032476346
6,15,range,0.5,1.0,50,,104.09615442560609,0.3157051282051282,0.8664322632878354,-0.09652216578996707,-0.06792684677532534,0.6266273206350462,-0.10840071049964096,-0.5602985964076312,113.59038353367637,0.3890675241157556,1.2280216530759105,0.14289036219304566,0.16009935874143144,0.17044353385267677,0.939310252038154,0.8555357805408652,-0.11034536375274699,-0.08414170183950982,-0.09709736347179579,0.14289036219304566
6,15,range,0.5,1.0,50,20.0,105.5975412682831,0.33096366508688785,0.8422068123186005,-0.10804805337255706,-0.08309154638586003,0.6999434049998928,-0.11871180697226906,-0.6419127300943234,117.97329222307867,0.4520123839009288,1.3236919593370446,0.1736115197043627,0.23183441374428515,0.1685600701080908,1.3753815692863622,1.1326294003328672,-0.11552107036140909,-0.10764776912364625,-0.10106599688462821,0.1736115197043627
6,15,range,0.5,2.0,0,,145.4677029793726,0.1966743119266055,0.916259955980447,-0.07236946113891561,-0.0716398777683338,0.8046698062431034,-0.0890301552419506,-0.2299617407453427,148.28841065811127,0.24876847290640394,1.2784781524726117,0.21230789786956647,0.29456532509466826,0.2701804548188789,1.090254012978608,1.0078438515158594,-0.03618741961885703,-0.08005158550064997,-0.09206231586326453,0.21230789786956647
6,15,range,0.5,2.0,0,20.0,170.15717550339457,0.2647058823529412,0.8462235894407365,-0.11593980252562977,,1.2575666116331092,,0.21959198603175045,200.88331493093892,0.37636363636363634,1.186758073748498,0.11065775881461326,,6.614802118320397,,0.6789500240234063,-0.08731214153574864,-0.1323613469484951,-0.12041013682932725,0.11065775881461326
6,15,range,0.5,2.0,20,,98.17401743504676,0.1937128292268479,0.8976431428953353,-0.08695605226988048,-0.05422988064588996,0.6306021670547048,-0.08599697793487841,-0.29432772235870974,95.69350638528363,0.27099236641221375,1.42169171254676,0.3146999431490765,0.23557903731423968,0.1871613813366006,1.258694692419278,1.1986389670309554,-0.00993759805668277,-0.12980100908257036,-0.09969514532225131,0.3146999431490765
6,15,range,0.5,2.0,20,20.0,105.01366860724204,0.27243844320889593,0.8910708707485321,-0.08042043562197551,-0.05343195579361526,0.5671373352710285,-0.09421343380273269,-0.36981323502028063,113.9556259244599,0.41346153846153844,1.4629047993870266,0.26319238687865476,0.23229811981875725,0.1505677269765335,1.5428148148571155,1.3248529272108582,-0.03842508563517467,-0.09238673188133609,-0.09740368858593652,0.26319238687865476
6,15,range,0.5,2.0,50,,97.9237862946006,0.19165247018739354,0.8863377922568185,-0.0969679443472506,-0.06296419130816111,0.6260829053561483,-0.10056845630107697,-0.3346300241692578,98.2502031207683,0.2862453531598513,1.531930352673214,0.39113621856932806,0.31486038132288496,0.21278623018457224,1.4797028033711246,1.4294855851872887,-0.08373336755130155,-0.11661951140003632,-0.08441502233567305,0.39113621856932806
6,15,range,0.5,2.0,50,20.0,105.5975412682831,0.2693522906793049,0.8511633084812539,-0.11030921532726225,-0.08709393732824933,0.7181936766331902,-0.12126803696815563,-0.4911006338805782,117.97329222307867,0.42105263157894735,1.499729452669849,0.282986375988778,0.36096692053139545,0.16101772075990217,2.241783816264813,1.422566612765625,-0.1363036422375431,-0.11014407208454817,-0.08973334514019171,0.282986375988778
6,15,range,1.0,0.5,0,,163.23411395105057,0.6397547266223812,0.849396400357268,-0.055806789607788294,-0.0607286174572228,0.5920052635543781,-0.10258121201931615,-0.8638606907172509,184.8126497364638,0.7015810276679841,1.1492457400413314,0.043537088962906555,0.07925423741405768,0.13484204346448866,0.5877561284135366,0.8675924469285732,-0.050085449749993904,-0.05352688548378828,-0.06267339723132045,0.043537088962906555
6,15,range,1.0,0.5,0,20.0,170.15717550339457,0.6019607843137255,0.8182539443914288,-0.06453538832937508,-0.08111321387736137,0.6906486680564811,-0.11744497257283923,-1.0302693590132819,200.88331493093892,0.6636363636363637,1.2474106766038355,0.06148909835593393,0.14621178202752416,0.134303191482924,1.0886694531463483,1.352097869307209,-0.055415649701146666,-0.06950221989753304,-0.06662889827868071,0.06148909835593393
6,15,range,1.0,0.5,20,,102.09430530203674,0.6397058823529411,0.8477035174477328,-0.05680861901469328,-0.033450213222428915,0.38419204985911426,-0.08706638576903225,-0.6853934282236194,111.39892918897522,0.7049180327868853,1.1610294365774192,0.04761425362509164,0.03763941520731362,0.05499127536807411,0.684461579684796,0.6767693253866228,-0.027925967228817742,-0.08882233566625938,-0.0454571430386385,0.04761425362509164
6,15,range,1.0,0.5,20,20.0,105.01366860724204,0.6028594122319301,0.822603474400175,-0.06277172304510385,-0.039308701458413475,0.41243302419340044,-0.09530929666771935,-0.8151382107861629,113.9556259244599,0.6730769230769231,1.2429903233430581,0.061615878240445544,0.05213058190779196,0.0514801831856098,1.0126339628559047,0.9374101466055559,-0.040773308651671995,-0.08227593966900522,-0.05932973219719807,0.061615878240445544
6,15,range,1.0,0.5,50,,102.92840910352396,0.6426256077795786,0.8577304700421703,-0.05255848426796337,-0.030831891780250142,0.36761270464589707,-0.08387058279160663,-0.629400568285788,116.51232265994457,0.7304075235109718,1.3223715094291393,0.08710652046290206,0.06773269533929627,0.048994553706640326,1.382453562999112,1.3014143413859258,-0.03759356479675745,-0.08380048416110529,-0.03138315882764407,0.08710652046290206
6,15,range,1.0,0.5,50,20.0,105.5975412682831,0.6058451816745656,0.8364063698514304,-0.057380087069103185,-0.035417764521572526,0.3904772403493539,-0.09070378721659886,-0.7327029700322275,117.97329222307867,0.6965944272445821,1.3867401095565797,0.09033988731427632,0.07453100700872928,0.04148410852049105,1.7966158528371106,1.4739171416345827,-0.046430775366822497,-0.08063654539418315,-0.041804758647603905,0.09033988731427632
6,15,range,1.0,1.0,0,,148.55388704487535,0.4879281302638967,0.9123395279349961,-0.04645621511041068,-0.04164555468444209,0.5026359465141903,-0.08285431030800014,-0.50002658772875,155.5932584737818,0.5469483568075117,1.1793535123813945,0.08056436697330573,0.09458134959153486,0.09445291015532457,1.001359825081081,0.9612613317706582,-0.03280238248203795,-0.040934666948093335,-0.06294123624331631,0.08056436697330573
6,15,range,1.0,1.0,0,20.0,170.15717550339457,0.4642156862745098,0.8572471137388858,-0.06592433002178802,-0.0840219869780171,0.7311603819290707,-0.11491594601493056,-0.7966398302043599,200.88331493093892,0.5490909090909091,1.2686228366570853,0.08868337317494593,0.20737368531621758,0.13658583236197663,1.5182664389864433,1.4077692552357006,-0.04475637628193979,-0.06999771757494518,-0.07839262166004211,0.08868337317494593
6,15,range,1.0,1.0,20,,97.17309287326209,0.49527896995708154,0.9389131061781617,-0.03224715785502615,-0.01641065423892396,0.27534185992836235,-0.05960101469204006,-0.2632630851868101,104.82456615487176,0.5470383275261324,1.1737577344740044,0.07863270188787176,0.04722736477682332,0.04221017973226054,1.1188619682831682,0.7401583475701252,0.0006967437441901086,-0.049011724824959864,-0.039577117086649106,0.07863270188787176
6,15,range,1.0,1.0,20,20.0,105.01366860724204,0.47736298649722003,0.8930760785733127,-0.048584359112968996,-0.028790657901780592,0.371608879703683,-0.07747569951702435,-0.48272249882241286,113.9556259244599,0.5897435897435898,1.397843835280112,0.12610897846288519,0.091015777123721,0.0430522406321834,2.114077590091392,1.4261059079904204,-0.014982231260367355,-0.058376323583726616,-0.06358970220284026,0.12610897846288519
6,15,range,1.0,1.0,50,,97.9237862946006,0.489778534923339,0.9177054274007093,-0.043581352331691664,-0.02339214499588982,0.32137005843386257,-0.07278881271605421,-0.365320680714634,108.1117476719235,0.5743243243243243,1.3128724400300196,0.13365259191064896,0.08668630870122462,0.05525792275319327,1.5687580057687773,1.261305197055842,-0.04148043879685083,-0.03737179642421841,-0.051609052858133754,0.13365259191064896
6,15,range,1.0,1.0,50,20.0,105.5975412682831,0.46998420221169035,0.8680640631984916,-0.06051645233450392,-0.03792810862900875,0.42249896761383277,-0.08977089066801064,-0.5981956410116865,117.97329222307867,0.5913312693498453,1.4198000598740157,0.13249126635109493,0.10932545373559233,0.05061324875793404,2.1600165256820163,1.5178983930876928,-0.05766431468508575,-0.05560369194625865,-0.06752461146511694,0.13249126635109493
6,15,range,1.0,2.0,0,,113.77175852285794,0.3350439882697947,0.9569358782618449,-0.030149880373003327,-0.01809166437603993,0.3234222927762343,-0.05593821075455977,-0.16650877335937725,115.416595487594,0.40189873417721517,1.3001837672560987,0.181502614774627,0.1144762627052558,0.0776250441444733,1.474733624527107,1.2287821450900411,-0.021984096809952093,-0.061129120954321985,-0.006190864890551089,0.181502614774627
6,15,range,1.0,2.0,0,20.0,170.07376512324583,0.40559097596861204,0.9066171966275082,-0.047184822459801476,-0.050995566781512625,0.5711091620051864,-0.0892921531891823,-0.44897082402731714,200.88331493093892,0.5,1.2455148579164688,0.08838629955122172,0.1442336029439173,0.10224242756107502,1.4107020576928169,1.2029884733606533,-0.03215454950377703,-0.07216530777595677,-0.03352835236161561,0.08838629955122172
6,15,range,1.0,2.0,20,,84.74494623110239,0.34744094488188976,1.0091113928968398,0.005724836453148737,0.0025038775978458716,0.19429642684203502,0.012886894723398849,0.06414064631388595,83.27526509864377,0.4166666666666667,1.3686844288097983,0.21819890551324886,0.07950656020694757,0.04207975015445361,1.8894256718521132,1.2522363959166825,0.04075009190101302,-0.04296546632073546,0.02818632352776184,0.21819890551324886
6,15,range,1.0,2.0,20,20.0,104.93025822709332,0.41573926868044514,0.9334361461213383,-0.03340541514679091,-0.018790225299088026,0.27843861012035886,-0.06748426624800956,-0.24984867514733414,113.9556259244599,0.5448717948717948,1.4675324319333118,0.16085375239006952,0.10277550521598777,0.042127041969705,2.439656344490011,1.5121708369044138,-0.014048630322412232,-0.05214920334637983,-0.028815305534655906,0.16085375239006952
6,15,range,1.0,2.0,50,,84.07766318991261,0.3402777777777778,0.9772274655407213,-0.016059786100143997,-0.0066055852808108995,0.21945167318978637,-0.030100409738495145,-0.061282554495526484,84.00574988021083,0.45652173913043476,1.617978121203099,0.3408267029856073,0.13381794766702138,0.04943006752661261,2.7072175775397285,1.8786936304917061,0.0005885400933589978,-0.04550722821019018,0.0017464299084511833,0.3408267029856073
6,15,range,1.0,2.0,50,20.0,105.51413088813437,0.4079051383399209,0.8853519344056497,-0.05784248949456707,-0.0359399403227012,0.39627123665164127,-0.09069530412144372,-0.4490483959124457,117.97329222307867,0.5541795665634675,1.5222600022737023,0.17748198052389666,0.14082287487111556,0.04725071882195694,2.980332963859093,1.6972809526930233,-0.08327788324630822,-0.049100402716966654,-0.048332000296415885,0.17748198052389666
6,15,atr,0.5,0.5,0,,165.9032461158097,0.6631473102061337,0.8753251933498346,-0.043167394325824726,-0.04376393712678717,0.476296750182217,-0.09188376177255961,-0.6820487303515915,193.94370950605193,0.696798493408663,1.1626376895739357,0.050795872294891235,0.0754039930547512,0.1138957963283056,0.6620436880514761,0.9159184822228037,-0.04185797572813047,-0.035547036429190305,-0.050548452224297394,0.050795872294891235
6,15,atr,0.5,0.5,0,20.0,170.15717550339457,0.6240196078431373,0.8315060063557416,-0.056173337699881996,-0.06530115404347858,0.6098516098442996,-0.10707712005573049,-0.9256976640502806,200.88331493093892,0.6727272727272727,1.2572885112631444,0.0672972589206584,0.13050638124053582,0.12664042290350713,1.0305270485394251,1.3699918626907688,-0.05374221732458405,-0.055576745772201196,-0.057340450981761035,0.0672972589206584
6,15,atr,0.5,0.5,20,,102.84499872337524,0.6642335766423357,0.8536549282411808,-0.05075631883604702,-0.029570639011105793,0.3188526296136812,-0.0927407719576699,-0.643262966259933,113.22514114289285,0.7096774193548387,1.2001889774019243,0.05961402902275045,0.04490860728522894,0.0527274320979148,0.8517123914138981,0.8109904395354444,-0.03294221202321446,-0.057001454792893834,-0.05549649206332884,0.05961402902275045
6,15,atr,0.5,0.5,20,20.0,105.01366860724204,0.6203335980937251,0.8263945912169576,-0.05635553463359884,-0.03445596678033136,0.3592253946428251,-0.0959174025394019,-0.7757804368982112,113.9556259244599,0.6826923076923077,1.2817231699418634,0.07094369802222615,0.05635892541178289,0.05763090043016634,0.9779289407437811,1.0495633014695382,-0.047041547257620275,-0.05690101496665216,-0.06056945968008275,0.07094369802222615
6,15,atr,0.5,0.5,50,,103.67910252486247,0.666934835076428,0.8557481013999659,-0.04965600960461791,-0.02908418014634373,0.3175380205879324,-0.09159274877538566,-0.6081026899841159,117.24280744151163,0.735202492211838,1.3456533885578645,0.09499665614044711,0.07127284838676617,0.050887040777621656,1.400609021425146,1.344272124304382,-0.048156866696537313,-0.07145312053827202,-0.026277328871062853,0.09499665614044711
6,15,atr,0.5,0.5,50,20.0,105.5975412682831,0.6240126382306477,0.8313878908297375,-0.05443661257294177,-0.03323564556212588,0.3517652499999678,-0.09448245829321948,-0.7244441643708242,117.97329222307867,0.7089783281733746,1.3985213152393956,0.09397381977056853,0.07473129469296058,0.03993859144264635,1.8711549905378648,1.4820710093020826,-0.05632887990195221,-0.07156682911364334,-0.033628379190533825,0.09397381977056853
6,15,atr,0.5,1.0,0,,152.14053339127042,0.5241228070175439,0.9773801483435889,-0.011180794030158458,-0.008585331741815638,0.2708962289205279,-0.03169232652675388,-0.10224214667602613,166.91577258807106,0.5426695842450766,1.1993394059604,0.09349772930657471,0.07793558785712973,0.07312461715107586,1.0657913968440256,1.0253634649585217,0.0016533844112125448,0.007346043958368607,-0.03736140183904522,0.09349772930657471
6,15,atr,0.5,1.0,0,20.0,170.15717550339457,0.48823529411764705,0.884433272551135,-0.04932793158516224,-0.05424912711552077,0.5661665251634201,-0.09581832323954886,-0.6271359587836683,200.88331493093892,0.5581818181818182,1.291084994939595,0.09784705595356129,0.16060730522562072,0.1203837380203765,1.334127913509679,1.4947439053142566,-0.038627225532895354,-0.04728787510436822,-0.05846493290263983,0.09784705595356129
6,15,atr,0.5,1.0,20,,98.09060705489804,0.5272108843537415,0.9588878473649853,-0.020345166056288038,-0.010105297274362601,0.22116566444533134,-0.04569107641417129,-0.16622854509844154,107.38126289035644,0.5544217687074829,1.2377552634416507,0.10808214528388681,0.060481121182553776,0.043527895040240815,1.3894795768699586,0.9669559017127165,0.005039654212590873,-0.005238742882952527,-0.052654645794122844,0.10808214528388681
6,15,atr,0.5,1.0,20,20.0,105.01366860724204,0.4964257347100874,0.8965479651477258,-0.043009789764629644,-0.024992939875238207,0.31572532733540026,-0.0791603894631101,-0.45434483875180015,113.9556259244599,0.592948717948718,1.4235238586581518,0.13277408418228256,0.0914040109419525,0.04616707993875449,1.9798525499817095,1.4827858620501426,-0.03217594641268159,-0.025093482629939077,-0.06706953285617956,0.13277408418228256
6,15,atr,0.5,1.0,50,,98.50765895564166,0.5258255715495342,0.9501363377833142,-0.02461686008695363,-0.01250459723008901,0.23851100485957985,-0.052427757945386726,-0.20028649770679732,108.1117476719235,0.581081081081081,1.374436102216143,0.16207890677765313,0.09062962459786705,0.05389816604602064,1.6814973726653977,1.4202196926480717,-0.027823705044944354,-0.006786599036501526,-0.03838573446125417,0.16207890677765313
6,15,atr,0.5,1.0,50,20.0,105.5975412682831,0.4928909952606635,0.8810659190856632,-0.049685705781591524,-0.029780185661815506,0.35681324999801883,-0.08346154651482493,-0.5095431636264629,117.97329222307867,0.6006191950464397,1.4423496326798484,0.13866584170290777,0.10321291330113946,0.049726843481144464,2.0755975259172836,1.570818866952445,-0.06750668140356908,-0.035673494419751865,-0.04885526242455493,0.13866584170290777
6,15,atr,0.5,2.0,0,,121.77915501713532,0.36506849315068496,1.0167815872634982,0.0110632161648237,0.0063287273523497944,0.1498958945612567,0.042220818461198656,0.111112274089139,124.18241286639861,0.40294117647058825,1.3904549428577255,0.2411190171599257,0.11983202357563405,0.049829633501237876,2.404834536313761,1.540625545050547,0.031095570509415003,0.013979816908788157,-0.004223876530428773,0.2411190171599257
6,15,atr,0.5,2.0,0,20.0,170.07376512324583,0.42766061794997545,0.911272218964736,-0.041836276879756495,-0.04338118738058705,0.49818173546605865,-0.08707904022214526,-0.40765820424745675,200.88331493093892,0.5072727272727273,1.2409734317232592,0.08816416440908212,0.12960324035486748,0.12137014176171944,1.0678346294536898,1.2143356082257506,-0.03938474152301761,-0.05661774776028402,-0.027303085424407698,0.08816416440908212
6,15,atr,0.5,2.0,20,,85.57905003258962,0.3645224171539961,0.9810593995440315,-0.012525380815088537,-0.0053566688173608545,0.22018606066268895,-0.024327919765851712,-0.04617546271970885,85.46671944334493,0.41452991452991456,1.4244563616754569,0.2563735682995346,0.10324500817324611,0.06105604482474485,1.6909874930418498,1.3701820681417352,0.0407970352891974,-0.041253584066595836,-0.022145372542960198,0.2563735682995346
6,15,atr,0.5,2.0,20,20.0,104.93025822709332,0.4332273449920509,0.9067662807925699,-0.04313129828720341,-0.025155993015237188,0.3109487321895826,-0.08090077370021181,-0.36030768038790095,113.9556259244599,0.5480769230769231,1.4472863668923055,0.15280615203790257,0.10418912638661615,0.04466849773335187,2.3324967633470024,1.4938303382416493,-0.04877884024465418,-0.03317636378487788,-0.04683328134662404,0.15280615203790257
6,15,atr,0.5,2.0,50,,84.82835661125111,0.36283185840707965,0.9668982259283107,-0.021914423624012476,-0.009526036313019515,0.24658680266050192,-0.038631573994391176,-0.10015569220864007,85.10147705256139,0.44635193133047213,1.6303555517123036,0.36269721463181065,0.14688642881776426,0.05396566197605126,2.7218498474631727,1.8615581762044606,0.0039173459545296255,-0.04514609099423076,-0.015081485141869288,0.36269721463181065
6,15,atr,0.5,2.0,50,20.0,105.51413088813437,0.42924901185770753,0.8705207346890623,-0.05985711264081354,-0.03743694152598431,0.40794841149337313,-0.0917688130931537,-0.49023308321996134,117.97329222307867,0.5634674922600619,1.4900867302916037,0.16606122513567584,0.13325602077315657,0.04447203473765401,2.996400357196386,1.6592320449946059,-0.11159423394070428,-0.043274736444188486,-0.03714423627496303,0.16606122513567584
6,15,atr,1.0,0.5,0,,145.63452373967004,0.8109965635738832,0.9680525457964039,-0.005859937894122197,-0.004479594052237301,0.15435248322335876,-0.029021846352513925,-0.1230661083092696,169.47246932355574,0.8038793103448276,1.0944494258559498,0.018790777258644482,0.01541435610089903,0.06094991149173378,0.25290202600195033,0.4531232826795372,-0.004135594162346952,0.0024080801511402665,-0.01240400048905825,0.018790777258644482
6,15,atr,1.0,0.5,0,20.0,170.15717550339457,0.6715686274509803,0.8698016971025447,-0.022177482206724556,-0.020544208959698773,0.2707938444824467,-0.07586660250333158,-0.6419178475772299,200.88331493093892,0.7145454545454546,1.2757207357450793,0.038474457705947186,0.04373291363962828,0.059091087448537555,0.7400932277260135,1.280417285092513,-0.029440519225286114,-0.013967501091951958,-0.023481813214884784,0.038474457705947186
6,15,atr,1.0,0.5,20,,94.83760222909785,0.8100263852242744,0.934989618551605,-0.012399196880834861,-0.0060131737868829305,0.1711193520095528,-0.03514023233647614,-0.2153756856018982,104.45932376408824,0.8181818181818182,1.1431414506672979,0.026397061186515705,0.013697264354568528,0.036445756001806134,0.37582604553160415,0.48695723001960034,0.032501574731670535,-0.042056989952774404,-0.013478307930240066,0.026397061186515705
6,15,atr,1.0,0.5,20,20.0,105.01366860724204,0.6711675933280381,0.8739772234008683,-0.02078488565857284,-0.01130737041297769,0.1557047036367105,-0.07262060906881783,-0.48586888687054086,113.9556259244599,0.7115384615384616,1.1122011887889345,0.017699785034933406,0.01022716185220962,0.04252827988066858,0.24047908546751318,0.40864559877713486,-0.010563882720056508,-0.02093286249443509,-0.02604222466507806,0.017699785034933406
6,15,atr,1.0,0.5,50,,95.17124374969275,0.8159509202453987,0.9644730524644325,-0.006537988669999769,-0.0031454266071231363,0.13804176696455608,-0.022786050021590662,-0.10815331829007238,109.5727172350576,0.84,1.30210037613093,0.04953270625419277,0.025478375556625243,0.03260415061612132,0.7814457691784588,0.9779880282225112,0.007122863237062086,-0.02496975033588589,0.004511350091561236,0.04953270625419277
6,15,atr,1.0,0.5,50,20.0,105.5975412682831,0.6737756714060031,0.8831381445292292,-0.019096368924981122,-0.010355852859320613,0.1498647152293349,-0.06910134145634791,-0.44132565620738207,117.97329222307867,0.7368421052631579,1.279634185127499,0.03840074110346819,0.022703343109566676,0.028085245778448616,0.8083725985046648,0.9640219389244443,-0.019927731573251922,-0.02355668399937801,-0.011826711840185841,0.03840074110346819
6,15,atr,1.0,1.0,0,,120.77823045535065,0.6892265193370166,1.0038178205867987,0.0013677060440433536,0.0007118887610599867,0.15718003974150538,0.004529129539798706,0.03405213982784984,128.20007916501737,0.6581196581196581,1.0613317648929013,0.0210208258220003,0.012511195982807033,0.049522909435761306,0.252634510479154,0.3069587382371487,0.009625893070376994,0.007149847710875616,-0.007458334418690048,0.0210208258220003
6,15,atr,1.0,1.0,0,20.0,170.15717550339457,0.5377450980392157,0.9292314176894976,-0.015703200164090606,-0.01389173434076063,0.22541664956076388,-0.06162692226962561,-0.3550886964399715,200.88331493093892,0.5981818181818181,1.2997436694083522,0.05417298480672618,0.0562499707571007,0.04946530688938069,1.137160048008851,1.4273784014867075,-0.02077312826273694,-0.006691284764146627,-0.019543104382755156,0.05417298480672618
6,15,atr,1.0,1.0,20,,84.99517737154856,0.6967615309126595,1.007829196097338,0.0025471924784164564,0.0010001029279715912,0.13611933383276983,0.007347251120111072,0.04356834324020432,89.4843857419637,0.6857142857142857,1.1404681395315646,0.044277678239181,0.018305915477322188,0.03570501116982095,0.5126987746973442,0.5255255625574927,0.05060896260442279,-0.008750498706292674,-0.019824032026949472,0.044277678239181
6,15,atr,1.0,1.0,20,20.0,105.01366860724204,0.5480540111199365,0.9458096346360683,-0.011719398885955985,-0.0060993969459191,0.14214564652823952,-0.04290948822486348,-0.21080809175773263,113.9556259244599,0.625,1.2372116581978914,0.04480800792507942,0.024654823158976713,0.031021428227435352,0.7947675064545219,0.856343379974164,-0.004080450548226951,0.0006403929747334542,-0.027737077607513663,0.04480800792507942
6,15,atr,1.0,1.0,50,,85.32881889214345,0.696969696969697,1.0075921623418416,0.002163615882339606,0.0009721685927717161,0.11763183897378374,0.008264502206654955,0.04241109987285037,93.867294431366,0.708171206225681,1.2305027790531187,0.06989888211299365,0.029000554857911753,0.035772282791997775,0.8106990271361477,0.8442293254315606,0.008565263772060093,0.009368511715164236,-0.007120137150855589,0.06989888211299365
6,15,atr,1.0,1.0,50,20.0,105.5975412682831,0.5442338072669827,0.9353719658141292,-0.014095582023652683,-0.007379232396589219,0.13254337178228162,-0.05567409593827516,-0.2488045523689517,117.97329222307867,0.6346749226006192,1.334436515561673,0.06030765333920334,0.03409658973902552,0.02385735411765476,1.4291857165247668,1.1829807362244746,-0.030388680472659066,0.00010929040496730259,-0.0145280571355418,0.06030765333920334
6,15,atr,1.0,2.0,0,,84.32789433035877,0.5272007912957468,0.9996343946693034,-8.402734920598771e-05,-7.320421374545916e-05,0.1658204535354207,-0.0004414667321472625,0.018227250694548138,81.08381075394261,0.5225225225225225,1.2592779640615455,0.12990290231800705,0.04606411889557549,0.03778440175607375,1.2191305606200527,0.9620940884198176,0.02849645917729376,0.03305477430786554,-0.04857010680986261,0.12990290231800705
6,15,atr,1.0,2.0,0,20.0,170.07376512324583,0.4776851397743992,0.9583514538784379,-0.010344347903616236,-0.008806130906927612,0.18552695184900705,-0.04746550740560093,-0.18617923155036306,200.88331493093892,0.5418181818181819,1.2179365722190927,0.0446689020710386,0.04345324013196361,0.04955360673956877,0.8768935904168205,1.0241844018461155,-0.011255856067803074,-0.016171499419229626,-0.0022894014755699597,0.0446689020710386
6,15,atr,1.0,2.0,20,,67.2287663998706,0.5372208436724566,1.0107940397514126,0.005335502507188536,0.0016737419708778845,0.1464505443193297,0.011428717992528287,0.05685927600859143,65.74363034103456,0.5611111111111111,1.3600071607498132,0.1588538525105144,0.046718854189246706,0.03274272707755784,1.4268467644305727,1.1128313110319847,0.10270893541072533,-0.03869522777837081,-0.024308257726964183,0.1588538525105144
6,15,atr,1.0,2.0,20,20.0,104.93025822709332,0.4872813990461049,0.961100700544433,-0.009348250065953106,-0.004885072383368438,0.1356683825695976,-0.03600744912590379,-0.13677952870199345,113.9556259244599,0.5801282051282052,1.2546885256661446,0.05282787649583043,0.028576326107145444,0.03581024775838206,0.7979929739652979,0.8943550367664622,-0.004753407139473303,-0.008758532908613783,-0.011145627936541624,0.05282787649583043
6,15,atr,1.0,2.0,50,,66.56148335868082,0.5263157894736842,0.9630216439458926,-0.018183654975098603,-0.006057451690800519,0.15010216298961226,-0.04035552566434184,-0.1163125521870933,68.30032707651924,0.6096256684491979,1.5935374323181501,0.236750932652472,0.07609508035875656,0.035504605893398634,2.1432453182899547,1.6924791346036863,0.0035210792534095163,-0.021259364142782133,-0.02905487279616528,0.236750932652472
6,15,atr,1.0,2.0,50,20.0,105.51413088813437,0.48221343873517786,0.9258324396848001,-0.01787578729635548,-0.009614016791072433,0.15313223509149743,-0.06278244933425023,-0.2688208008971144,117.97329222307867,0.5944272445820433,1.3452781398282578,0.06889151781208673,0.04028495999376602,0.03211471189475923,1.2544082639066143,1.191099481636375,-0.04500469366806309,-0.009994140083009006,-0.004091133490596954,0.06889151781208673
7,10,range,0.5,0.5,0,,129.95337227171015,0.45186136071887034,0.7722791176174,-0.13079714598733078,-0.25230408435848406,0.9909775075722039,-0.25460122195568685,-0.42644211772784885,128.93056394658444,0.5325779036827195,1.1092009750066125,0.05234317109227478,0.6444576771453072,1.1761211456341036,0.5479517816150214,-0.08276200521358797,-0.09240866034534458,-0.1235295883381622,-0.16597741745163822,0.05234317109227478
7,10,range,0.5,0.5,0,20.0,130.78747607319738,0.4477040816326531,0.7648419035030818,-0.13425152523274073,,1.023043467034872,,-0.2712582358436331,129.29580633736796,0.5282485875706214,1.0996727546830602,0.04701634371442115,,3.223721382693793,,-0.6103146405732829,-0.09739534631690519,-0.11895905336104697,-0.17629657200657373,0.04701634371442115
7,10,range,0.5,0.5,20,,65.47714841674741,0.4713375796178344,0.8357334781481367,-0.09070197619049224,-0.03403604202646804,0.37413188163927436,-0.09097338050245199,-0.7001651860128275,64.64790316868398,0.559322033898305,1.2339558182447399,0.10626569616875468,0.047896937417035046,0.05499441829689314,0.8709417955556581,0.7488981166010336,-0.023742745550258605,-0.06775681127081891,-0.16048425344953474,0.10626569616875468
7,10,range,0.5,0.5,20,20.0,65.47714841674741,0.47006369426751593,0.8325560168676847,-0.09182788898457818,-0.03456360789063251,0.3724806360641243,-0.09279303282944948,-0.7127302112703575,64.64790316868398,0.559322033898305,1.2204291490482366,0.09900165683481661,0.04502473982795441,0.057090147178548725,0.7886604265906005,0.7052387652607586,-0.03399150276679715,-0.05723662640403186,-0.16668737738322942,0.09900165683481661
7,10,range,0.5,0.5,50,,65.47714841674741,0.4726114649681529,0.8398983278613887,-0.08839400343721975,-0.03289527177849749,0.3633469345779429,-0.09053405615409424,-0.6503020643513667,68.66556946730276,0.5585106382978723,1.2294615099617083,0.10455062112666545,0.04920131096947,0.05345150978303121,0.9204849623366396,0.769955260435342,-0.047862703320716564,-0.10362639186429602,-0.10063376780922581,0.10455062112666545
7,10,range,0.5,0.5,50,20.0,65.47714841674741,0.47006369426751593,0.8354326674478315,-0.09039952265958065,-0.033804440891915255,0.36987868577802535,-0.09139331946313407,-0.6715067430432066,68.66556946730276,0.5585106382978723,1.221064863844445,0.09926583041817358,0.0473382904828159,0.054222783943548784,0.8730331982234569,0.7379405689917685,-0.05351424841861538,-0.09303289560470906,-0.11271181860961231,0.09926583041817358
7,10,range,0.5,1.0,0,,126.86718820620742,0.3037475345167653,0.822506561124217,-0.12994957368796914,-0.20772890493409824,1.00698977098598,-0.2062870060047416,0.3569465206961363,122.35620091248099,0.34328358208955223,1.0161522005504713,0.011934412723323446,0.09654156097170952,1.7583812201559648,0.05490365790141143,-0.1532366156953047,-0.15825461757076795,-0.07735360373978338,-0.15826088633542454,0.011934412723323446
7,10,range,0.5,1.0,0,20.0,130.78747607319738,0.3125,0.7987193460802521,-0.141932070140611,,1.1115830901774115,,0.2048336930887487,129.29580633736796,0.3615819209039548,0.9192067138681206,-0.04964674282382993,,-0.0,,0.7939812167008663,-0.1663666763063534,-0.09053504062377944,-0.17243051740076532,-0.04964674282382993
7,10,range,0.5,1.0,20,,65.06009651600381,0.3269230769230769,0.9144951778417486,-0.06032427235472567,-0.020955874140395014,0.3390282355595327,-0.061811589544479704,-0.3061362393518452,63.18693360554988,0.36416184971098264,1.1102947895392905,0.07426919400579429,0.027663032639793972,0.11170647735570974,0.24764036333995104,0.36701117284013957,-0.01197982032519678,-0.019487686729654032,-0.13484922003116373,0.07426919400579429
7,10,range,0.5,1.0,20,20.0,65.47714841674741,0.34394904458598724,0.9176995774799183,-0.055468890011835574,-0.019270328174755713,0.31611524807216684,-0.06095981858602542,-0.2926053012753059,64.64790316868398,0.4011299435028249,1.1015422292327153,0.060780321967173076,0.023215937225857575,0.10480393471188762,0.22151780169017124,0.335956263508571,-0.02157030639934373,0.0005944940586057671,-0.1342657296847506,0.060780321967173076
7,10,range,0.5,1.0,50,,65.06009651600381,0.32564102564102565,0.9096988740757889,-0.06369244346124939,-0.02231911385863783,0.3422003576883516,-0.06522235689468295,-0.3156890159744256,66.83935751338514,0.3551912568306011,1.0646541233908287,0.04516016410978903,0.01784383052106997,0.09396824681500053,0.1898921297978445,0.23793521931715936,-0.03882418420943529,-0.03360909994783951,-0.11064907568215551,0.04516016410978903
7,10,range,0.5,1.0,50,20.0,65.47714841674741,0.33885350318471336,0.8979852486739043,-0.06910876041733426,-0.02473302516304232,0.340661833499798,-0.07260286516087511,-0.3553072176523801,68.66556946730276,0.39361702127659576,1.0289638335373579,0.017892778492029436,0.007745602676879404,0.11043835882333439,0.0701350758867203,0.12557724463500106,-0.0692254383414049,-0.023573817884487154,-0.11209932722960429,0.017892778492029436
7,10,range,0.5,2.0,0,,114.10540004345283,0.18128654970760233,0.8303157474494803,-0.14753741766361206,-0.22763198135752283,1.0498503918785311,-0.2168232570263784,-0.25754821818967555,104.82456615487176,0.24390243902439024,1.2340924109993667,0.18544019221730942,0.9920854716391421,1.4071353700764064,0.7050391118981485,0.22367047440948937,-0.1443546413885955,-0.09766492775351839,-0.197984535264092,0.18544019221730942
7,10,range,0.5,2.0,0,20.0,130.78747607319738,0.24744897959183673,0.7640575465337395,-0.18064284229865657,,1.4014700948553949,,-0.14282229857164738,129.29580633736796,0.3361581920903955,1.0052862451125946,0.003514785321050998,,-0.0,,0.07759451937926642,-0.20760573290465897,-0.11957795921750218,-0.21883909536211518,0.003514785321050998
7,10,range,0.5,2.0,20,,62.4743747313934,0.1855807743658211,0.8522494418338309,-0.12594252619987195,-0.04901631183088195,0.5302015432980764,-0.0924484518207546,-0.46764472638478316,57.343055353013476,0.267515923566879,1.3890057427183748,0.29839185806491453,0.13291657225125775,0.15659356662656196,0.8487996992126238,0.8706945855235347,-0.10782904722469677,-0.00906419113653081,-0.2578220848617562,0.29839185806491453
7,10,range,0.5,2.0,20,20.0,65.47714841674741,0.2611464968152866,0.8535051694514922,-0.11013996167972309,-0.043530242681522835,0.4625915512686274,-0.09410081650247169,-0.4809925575495769,64.64790316868398,0.3785310734463277,1.1986455457735212,0.12118597656352992,0.06128374122416269,0.13472850448001222,0.4548684145251126,0.5379626707421227,-0.12216295051324258,-0.008426026408731696,-0.20146577523474532,0.12118597656352992
7,10,range,0.5,2.0,50,,62.30755397109595,0.18741633199464525,0.8639245170648925,-0.11614174582853082,-0.043678300311237206,0.47626676784202493,-0.09170973761017283,-0.3903265187681612,60.630236870065204,0.2710843373493976,1.423327602865657,0.3210154290498623,0.14130397791266192,0.1416196506667559,0.9977709819745512,0.9850177110876654,-0.15671826751991674,-0.0607005180227915,-0.13943713429975577,0.3210154290498623
7,10,range,0.5,2.0,50,20.0,65.47714841674741,0.25605095541401274,0.837590001569362,-0.12207332598125929,-0.04991059185947766,0.46536436638499723,-0.10725056636198589,-0.4943635894754256,68.66556946730276,0.3723404255319149,1.1621138240560704,0.1002814042408189,0.058495141341542434,0.11640610238570065,0.502509233989506,0.47468642488748886,-0.18579700925277723,-0.06387976649543267,-0.12928764537723192,0.1002814042408189
7,10,range,1.0,0.5,0,,126.11649478486892,0.6362433862433863,0.8368371244271139,-0.06098291006756865,-0.04812874556010627,0.4881127773462364,-0.09860169164546735,-0.8670789706262365,123.81717047561509,0.7079646017699115,1.184288569259896,0.05397689413958974,0.05598558224166705,0.07304925714742637,0.7664086457262421,0.7927724374341896,-0.04503862123024164,-0.061333953239677844,-0.07311388893219994,0.05397689413958974
7,10,range,1.0,0.5,0,20.0,130.78747607319738,0.5988520408163265,0.815407382135197,-0.06587361993065331,-0.05617683366167625,0.5463681113163348,-0.10281865375768817,-0.9796265846401575,129.29580633736796,0.6694915254237288,1.1971478166710658,0.051753182952573897,0.06142219125272663,0.06183878510954813,0.9932632270170979,0.8514860089517072,-0.04522605344900946,-0.07545575474319352,-0.07231459590655545,0.051753182952573897
7,10,range,1.0,0.5,20,,64.6430446152602,0.6619354838709678,0.9448361238474767,-0.019251444260419973,-0.006200648489637195,0.13196312859813847,-0.04698773479764759,-0.18533902344362194,63.5521759963334,0.7126436781609196,1.1994431155864986,0.06041096250908697,0.019021054719883024,0.03760903716847713,0.5057575559479079,0.6079794452367157,0.019005503196336364,-0.03246945934482768,-0.034110702316977146,0.06041096250908697
7,10,range,1.0,0.5,20,20.0,65.47714841674741,0.6356687898089172,0.9384144433637857,-0.020365666210938153,-0.006698597016444707,0.13853701487459258,-0.048352398978052595,-0.20816189144214325,64.64790316868398,0.7005649717514124,1.323925552253381,0.08035778171636841,0.026321240171308213,0.029463896795178784,0.8933387309317209,0.9154963257566031,0.02395875716510754,-0.03784623118793037,-0.035455385698639555,0.08035778171636841
7,10,range,1.0,0.5,50,,64.55963423511147,0.6602067183462532,0.9375154800657304,-0.021893247820418155,-0.007084960720665445,0.15822219343294816,-0.044778552028277435,-0.20738599761792362,67.9350846857357,0.7311827956989247,1.3169150888522378,0.08809211999657601,0.03017547194247472,0.04482867826971404,0.6731287449726366,0.9593700928606007,-0.0008906534820091539,-0.0502933283197528,-0.008896582848949352,0.08809211999657601
7,10,range,1.0,0.5,50,20.0,65.47714841674741,0.6292993630573248,0.9277804359931175,-0.024139559048756882,-0.00796309880823487,0.1679505306425286,-0.04741335902762814,-0.24141838563760368,68.66556946730276,0.7074468085106383,1.4323291840888097,0.10005621476532309,0.03521218724528685,0.03709436040237096,0.9492598568443357,1.2065482102921894,0.002323293907654059,-0.055208901952601926,-0.012788760556491783,0.10005621476532309
7,10,range,1.0,1.0,0,,117.60863600969918,0.48936170212765956,0.9173442232875854,-0.04348895227353678,-0.029015471457273345,0.36603687826063663,-0.07926925722662533,-0.40891702063221735,112.4946563613258,0.5357142857142857,1.1186901237534521,0.05804185269308026,0.04173627271069602,0.09087168055488702,0.4592880032133561,0.552397900468284,-0.04104195529202694,-0.03370205717005107,-0.05515592500101466,0.05804185269308026
7,10,range,1.0,1.0,0,20.0,130.78747607319738,0.4585459183673469,0.8579180853362829,-0.06597822932865723,-0.05626150842923883,0.5584165307008352,-0.10075186771177488,-0.7064750480703258,129.29580633736796,0.5112994350282486,1.0555758545495162,0.021098983688279838,0.02499995099273411,0.14222718947841434,0.17577476630464053,0.28405819548836486,-0.07699178301556663,-0.057034056290034996,-0.06633507568928992,0.021098983688279838
7,10,range,1.0,1.0,20,,63.05824739243446,0.5185185185185185,1.0351450990298683,0.017234827303929088,0.00518320163365571,0.07786227872254321,0.06656884076210622,0.14125738917219352,60.630236870065204,0.5481927710843374,1.1691519087675941,0.08256611368468822,0.021114952099318574,0.03164763995044903,0.667188837220672,0.5495695967326631,0.05988171644637479,-0.017196409484133042,0.020707589435805432,0.08256611368468822
7,10,range,1.0,1.0,20,20.0,65.47714841674741,0.5057324840764331,1.000551735534561,0.0002293985766987339,7.636221652895792e-05,0.11553376651411622,0.0006609515021708201,0.017757577851462255,64.64790316868398,0.5649717514124294,1.2647543871611842,0.09099340697130869,0.027445307025161236,0.02551646603978812,1.0755920111494066,0.7740097447996126,0.055693900794949486,-0.02080007480815106,-0.019509170405158534,0.09099340697130869
7,10,range,1.0,1.0,50,,62.97483701228573,0.5139072847682119,1.0166354224077214,0.00817310832628241,0.0025095831218340248,0.1275087832144728,0.01968164904854316,0.07597130357250023,65.0131455594675,0.5730337078651685,1.287963720002773,0.13001105245510203,0.03706196676569906,0.03307575339153895,1.1205176894074864,0.8975196921205998,0.01449821684422031,-0.009719228071502365,0.021604008427352914,0.13001105245510203
7,10,range,1.0,1.0,50,20.0,65.47714841674741,0.49171974522292994,0.9655489700953678,-0.015252382821110872,-0.004959656258037404,0.1345843305597282,-0.036851661983311794,-0.10414234166465348,68.66556946730276,0.5638297872340425,1.2697706117027392,0.08969517976131731,0.030496172387850518,0.039041010429650504,0.7811317394769467,0.8002811505499255,-0.007211130412064642,-0.02517097739334958,-0.01131718380735724,0.08969517976131731
7,10,range,1.0,2.0,0,,93.16939462612339,0.3276633840644584,0.9248266289008561,-0.05271354876142098,-0.027527350450844312,0.36784989409477375,-0.07483310690787394,-0.3088939071885734,90.9453553050978,0.41365461847389556,1.355467999182225,0.21671371910675644,0.11800805366974298,0.09928032315293861,1.1886348666286553,1.2358546108644057,-0.0023225102051793694,-0.08529728114778197,-0.06233743566304221,0.21671371910675644
7,10,range,1.0,2.0,0,20.0,130.78747607319738,0.39221938775510207,0.8632252409694839,-0.07005679240135253,-0.061322483225593305,0.582491865281539,-0.10527611951448279,-0.6162934656625423,129.29580633736796,0.4774011299435028,1.1157139593542316,0.0460973582903581,0.05740587439105327,0.13036069491560598,0.44036183167186377,0.5038752158320898,-0.07443771332280402,-0.0674771945158315,-0.06923089565499173,0.0460973582903581
7,10,range,1.0,2.0,20,,57.302931162172584,0.3420669577874818,0.9876303215532107,-0.008206910485234503,-0.002377105020546555,0.1334840726237312,-0.01780815473953367,-0.01709460738228679,52.59490427282765,0.4513888888888889,1.5565567404444902,0.32005504750792046,0.07652999011017969,0.03848118291915932,1.9887639699370137,1.3819075135682684,0.018346337349931192,-0.04327443216703139,0.008231197206197692,0.32005504750792046
7,10,range,1.0,2.0,20,20.0,65.47714841674741,0.42038216560509556,0.9534477268981146,-0.02316740767209398,-0.007723437038034131,0.17885991375787286,-0.04318148698477816,-0.1353874002136974,64.64790316868398,0.5310734463276836,1.3293901101830703,0.1191078677707923,0.03946543116437384,0.036090606951996444,1.0935097660415132,0.8589622592488396,0.00490139560135036,-0.03222437848294669,-0.03476408460669162,0.1191078677707923
7,10,range,1.0,2.0,50,,56.80246888128024,0.342143906020558,0.9883840272015841,-0.008045141170593675,-0.002210800751925923,0.1610254616087366,-0.01372951041306609,-0.01316480666464089,54.7863586175288,0.46,1.6202715840211421,0.35094516454360014,0.08666844113045524,0.0326830377448559,2.6517865874966384,1.5345893734684384,-0.02275487229569565,-0.057098461157490725,0.055801370616238195,0.35094516454360014
7,10,range,1.0,2.0,50,20.0,65.47714841674741,0.40764331210191085,0.9220338615836672,-0.03880797158419907,-0.013319656172648076,0.18391780068800873,-0.07242178909720132,-0.23112603859688918,68.66556946730276,0.5319148936170213,1.3604729495798178,0.12641313924623154,0.04717317521972131,0.0507384870173949,0.9297316099226357,0.9510343248559426,-0.0651565442350141,-0.04467818335559289,-0.01265179260914209,0.12641313924623154
7,10,atr,0.5,0.5,0,,128.36857504888442,0.6523716699155295,0.8558681587877864,-0.051375569411754515,-0.039527184742110366,0.4320999651234247,-0.09147694499540136,-0.7444923574392391,127.1043519926668,0.7126436781609196,1.2369380789710351,0.06948177684888211,0.06518384672651978,0.06076691119264077,1.0726865237542949,0.9768913172162909,-0.020369215192187068,-0.05822194794882774,-0.06715316471569029,0.06948177684888211
7,10,atr,0.5,0.5,0,20.0,130.78747607319738,0.6198979591836735,0.8320982039269611,-0.05703144434178897,-0.04635932247336305,0.4883741494132081,-0.0949258320266639,-0.8761498480364931,129.29580633736796,0.672316384180791,1.22584667524966,0.06084129969679732,0.063040633215518,0.05555410550504982,1.1347610161734611,0.9497431265205587,-0.023319591703802836,-0.06825307572242367,-0.07021764544262324,0.06084129969679732
7,10,atr,0.5,0.5,20,,64.97668613585508,0.675224646983312,0.9574689867018509,-0.01427389712966958,-0.004573712852251832,0.12436639019147516,-0.0367761164829993,-0.13573155255347005,63.5521759963334,0.7241379310344828,1.3504821732267398,0.10008980728847867,0.03121406400239435,0.033715626114662396,0.9258040736434624,0.9935444537199365,0.01978746974111302,-0.02027735499401969,-0.02991390404846352,0.10008980728847867
7,10,atr,0.5,0.5,20,20.0,65.47714841674741,0.6509554140127388,0.9454646206611275,-0.017337436130359134,-0.005650477624102868,0.14149940491266283,-0.03993287199752177,-0.17991609230286953,64.64790316868398,0.7005649717514124,1.4656746951921436,0.11205811160613031,0.035987978752302974,0.026449090926708645,1.3606508765094014,1.2293826508064838,0.028463391307371376,-0.02651823770537579,-0.03842324715367496,0.11205811160613031
7,10,atr,0.5,0.5,50,,64.97668613585508,0.675224646983312,0.9444544125119599,-0.01872286767731452,-0.006023004913192187,0.1317280923454932,-0.04572301022469222,-0.17605516373555496,67.9350846857357,0.7311827956989247,1.403461660546607,0.11254907544385288,0.037901893652533714,0.03236959502043076,1.1709103443713498,1.1475159845543867,-0.007194443861794348,-0.04439931587541753,0.0023567862368408807,0.11254907544385288
7,10,atr,0.5,0.5,50,20.0,65.47714841674741,0.6458598726114649,0.9258785869745203,-0.023774355113548376,-0.007812652219800542,0.15283272451021357,-0.05111897497632083,-0.2426774584645677,68.66556946730276,0.7021276595744681,1.5138516484972038,0.12115670251223934,0.04214074361235021,0.027669607801030227,1.522997503809258,1.3733478752219825,-0.0009368107388746506,-0.05201704967448851,-0.00886809376608667,0.12115670251223934
7,10,atr,0.5,1.0,0,,120.1943577943096,0.5079805690492714,0.937439678015285,-0.03153395780356075,-0.02065881080842935,0.3041282859181513,-0.06792794937196064,-0.2903164654170436,115.416595487594,0.5284810126582279,1.1616255447238488,0.07729755603743184,0.053112960092867034,0.0800922062597774,0.6631476715798821,0.6911007770986206,-0.02351165025752959,-0.027171646805775856,-0.038331447030984823,0.07729755603743184
7,10,atr,0.5,1.0,0,20.0,130.78747607319738,0.48214285714285715,0.8852750796338519,-0.050058294059441656,-0.03925745478719278,0.45937764916926194,-0.08545791215176864,-0.5655806606709634,129.29580633736796,0.5141242937853108,1.0824352748354462,0.03170004802081523,0.02979305081252326,0.11392125115292817,0.26152320581986055,0.3901113986795643,-0.032311772620883875,-0.051571135038807336,-0.06052236463096589,0.03170004802081523
7,10,atr,0.5,1.0,20,,63.39188891302935,0.5302631578947369,1.0275146373035846,0.013397176830212744,0.004003722773405549,0.09532479178979958,0.042000855162989986,0.11226474550480525,60.630236870065204,0.5481927710843374,1.290784041932663,0.13488577306220015,0.03638448342441758,0.03578892307940741,1.0166409127117002,0.8474769388263151,0.0474534483580754,-0.004005896543674302,0.00958368304962365,0.13488577306220015
7,10,atr,0.5,1.0,20,20.0,65.47714841674741,0.5261146496815287,1.0151105499764024,0.006302626195943429,0.0019670737108063996,0.1062004052611778,0.01852228064449275,0.06785741666541407,64.64790316868398,0.559322033898305,1.37199593430225,0.1242059394314912,0.03628551643075584,0.027583723998132532,1.3154683694345417,1.0297947355718018,0.06629439089692439,-0.007451775615529237,-0.02058909057344195,0.1242059394314912
7,10,atr,0.5,1.0,50,,63.642120053475516,0.5321100917431193,1.0323305100037015,0.015497179688975933,0.004681010348335235,0.11149720615035835,0.041983207561476554,0.12669048914106348,64.28266077790046,0.5738636363636364,1.444597532407399,0.19443587682566693,0.054372186739673145,0.03025384024225471,1.7971995060558628,1.2267963242950206,0.031153195757178963,-0.016370046400803195,0.03991895876263956,0.19443587682566693
7,10,atr,0.5,1.0,50,20.0,65.47714841674741,0.5146496815286624,0.984609362004789,-0.006543400305836957,-0.002066746866753344,0.12549164640301458,-0.016469198755397763,-0.03602545463676066,68.66556946730276,0.5531914893617021,1.3458006633398147,0.11579255924234431,0.03750301655594335,0.029420676702922432,1.2747163137895492,0.9844962761946789,0.0018329596530503487,-0.01672861992546392,0.0010972079471788302,0.11579255924234431
7,10,atr,0.5,2.0,0,,100.09245617846739,0.3466666666666667,0.9563303585697425,-0.029328217603568265,-0.01567302173437979,0.3343503732181782,-0.046876040793746805,-0.16495485946229566,92.4063248682319,0.4150197628458498,1.4243464235612489,0.2563087776451669,0.1237990184831177,0.07396166291849286,1.673826866488204,1.3472801044696883,0.04773853301726885,-0.07080312602491276,-0.04691749209977323,0.2563087776451669
7,10,atr,0.5,2.0,0,20.0,130.78747607319738,0.4145408163265306,0.8790352355693616,-0.05823513615574768,-0.047737999148052546,0.500675023017079,-0.09534727508550812,-0.5435191189163354,129.29580633736796,0.4745762711864407,1.1152493261667404,0.045765685438127916,0.04838030625062295,0.13184866429673528,0.366938159811308,0.5001674167423743,-0.03920349671806105,-0.06614844735749052,-0.06336233593492409,0.045765685438127916
7,10,atr,0.5,2.0,20,,58.13703496365981,0.34146341463414637,0.9350312615138142,-0.044052010222556184,-0.013517054876886148,0.22627823989899,-0.05973643282235236,-0.19091910316338043,52.22966188204412,0.4405594405594406,1.6098308177056648,0.3535899274380763,0.09609565898078132,0.04998072975168934,1.9226541800849417,1.370808859246178,-0.01824790760702878,-0.05265138387846304,-0.05050490532465754,0.3535899274380763
7,10,atr,0.5,2.0,20,20.0,65.47714841674741,0.4369426751592357,0.9359645445408118,-0.030454437480542388,-0.010316212865134178,0.19071086074991617,-0.05409347335840553,-0.19436131573967957,64.64790316868398,0.519774011299435,1.3710162607478427,0.13330048959070706,0.04496408596188983,0.03215073084184392,1.3985400886554475,0.9724401937116909,-0.005900225415353542,-0.028316802096401875,-0.0473188028663241,0.13330048959070706
7,10,atr,0.5,2.0,50,,57.71998306291619,0.342485549132948,0.9261257860144114,-0.04991953073789025,-0.015404597003901399,0.24187873367505724,-0.06368727324575842,-0.211194128989093,53.69063144517822,0.4489795918367347,1.7389677097332952,0.4184215923252656,0.1183977722655245,0.04441341514754175,2.6658110364223533,1.6285146864170634,-0.04322696186353863,-0.09173035284648993,-0.00792181256904772,0.4184215923252656
7,10,atr,0.5,2.0,50,20.0,65.47714841674741,0.4267515923566879,0.9091673693376177,-0.043183914184002956,-0.014928555448261327,0.2085393042944006,-0.07158629160470527,-0.26896107764582616,68.66556946730276,0.5159574468085106,1.375639942134951,0.13283541458192222,0.050279899829285046,0.04344392500458285,1.1573516855114052,1.0121130193284724,-0.07893742976013937,-0.04288904553026837,-0.012455664410587923,0.13283541458192222
7,10,atr,1.0,0.5,0,,115.43996612583238,0.7998554913294798,0.9193280268455704,-0.016512469149713063,-0.010006146605456179,0.1656742924319348,-0.060396495186886515,-0.31044571609740546,115.78183787837753,0.8296529968454258,1.2577418275706784,0.04539097622630819,0.027295605482930974,0.036467544379394624,0.7484903617023881,0.8957101392301964,-0.01043679681059159,-0.012733964312751388,-0.021256471595484695,0.04539097622630819
7,10,atr,1.0,0.5,0,20.0,130.78747607319738,0.6696428571428571,0.8420236556069007,-0.028646525049119183,-0.020228060207819643,0.24310106234952672,-0.0832084401948687,-0.7066150907742089,129.29580633736796,0.7203389830508474,1.3200690496655847,0.04364214587414252,0.03214362143026772,0.02365661849576175,1.3587580759281586,1.1347533038607682,-0.017509540272263445,-0.032516739990437415,-0.03166546691939445,0.04364214587414252
7,10,atr,1.0,0.5,20,,61.473450169608725,0.8086838534599728,0.9774188403666365,-0.004484886206054106,-0.0015415396049540675,0.11520455787501206,-0.013380890768458288,-0.06517246626517359,61.360721651632254,0.8452380952380952,1.4308762813652014,0.06792752278512151,0.02025859191099788,0.026038369352546272,0.778028440902226,1.0313440569776842,0.049790455665652385,-0.014040856296584369,-0.032464319779864186,0.06792752278512151
7,10,atr,1.0,0.5,20,20.0,65.47714841674741,0.6980891719745222,0.916904787121466,-0.014611862949134507,-0.004719484531142681,0.11244929027308632,-0.0419698916701144,-0.25080752109198146,64.64790316868398,0.7401129943502824,1.4485288099146798,0.05632183481677051,0.017895144500074123,0.017746765011248687,1.0083609316250812,1.0677417977612327,0.018362393883890746,-0.0085551600367389,-0.04173412413418655,0.05632183481677051
7,10,atr,1.0,0.5,50,,61.473450169608725,0.8100407055630936,0.9808913693192975,-0.0037970909120637036,-0.0013277407810374786,0.07965827113393607,-0.01666795879620633,-0.05401035308865564,65.74363034103456,0.85,1.465444266608474,0.07224233472772282,0.02263595282185671,0.01921682715187778,1.177923527279311,1.16284643242552,0.020780023960748385,-0.011301938618864669,-0.011444415583164343,0.07224233472772282
7,10,atr,1.0,0.5,50,20.0,65.47714841674741,0.6942675159235668,0.9264413037362385,-0.012693414036085114,-0.004072436623314912,0.09143434105939793,-0.04453946488955785,-0.2152790070168731,68.66556946730276,0.75,1.663440683269908,0.07487049648648209,0.024579114970441518,0.01385490133680532,1.7740375317684507,1.5171699744307203,-0.0018185565046626182,-0.011855857230592947,-0.018324006292862984,0.07487049648648209
7,10,atr,1.0,1.0,0,,100.25927693876484,0.6821963394342762,0.9935558261529623,-0.002336158770912027,-0.0012442930855562917,0.09449872297931557,-0.013167300534089226,-0.017291287161831058,93.867294431366,0.6848249027237354,1.1598217419649268,0.0526624193351648,0.023218428289389692,0.04987840313181468,0.46550063417286786,0.6326767125039904,0.009296011591598973,-0.00444860423070223,-0.005297361699062022,0.0526624193351648
7,10,atr,1.0,1.0,0,20.0,130.78747607319738,0.5344387755102041,0.9183579367969315,-0.01901145774993425,-0.012764148563477962,0.19905875708131532,-0.06412251714333682,-0.36943661216884954,129.29580633736796,0.5621468926553672,1.1795552534776033,0.03525582007214503,0.022905987490577262,0.029943268242982057,0.7649795374606726,0.71094598719608,-0.009846250616383797,-0.016129732386488044,-0.027182633793420632,0.03525582007214503
7,10,atr,1.0,1.0,20,,57.63657268276747,0.7105643994211288,1.1205624502086626,0.03557274654324374,0.009306632921736613,0.06841485971490062,0.13603233216466928,0.3596941531061376,54.7863586175288,0.7333333333333333,1.484499479116393,0.13153093808987876,0.030130447229342217,0.023430756881704314,1.2859357203637451,1.218088326522277,0.10109833205101523,0.013217628570185195,0.013053791571789196,0.13153093808987876
7,10,atr,1.0,1.0,20,20.0,65.47714841674741,0.5821656050955414,1.0383944552173898,0.008225318519495584,0.0026511906294308663,0.08093229154264658,0.032758131258817054,0.13122925445989087,64.64790316868398,0.5988700564971752,1.3601879479890924,0.06373693878831486,0.018183718894034362,0.017072755800189514,1.0650722769567473,0.9416484797385355,0.05338880578747009,0.013499118851102462,-0.02707592715308363,0.06373693878831486
7,10,atr,1.0,1.0,50,,57.80339344306492,0.70995670995671,1.1184244081849197,0.03504181177279673,0.009184991525962749,0.04103133611108336,0.22385309367202655,0.34604870846331953,59.534509697714626,0.7484662576687117,1.5812389477256361,0.15029708767290237,0.03686538097398073,0.02252058096929601,1.6369640296687755,1.4636230565691974,0.04233467066823898,0.023939696444666904,0.045112433642765806,0.15029708767290237
7,10,atr,1.0,1.0,50,20.0,65.47714841674741,0.5719745222929936,1.0366306588737633,0.007631742085563608,0.0024979303458123603,0.05081845187745872,0.049154003192300205,0.12196321923359849,68.66556946730276,0.601063829787234,1.427349362308014,0.0728346809945559,0.021678427167741265,0.018197633416881305,1.1912772760677193,1.107430253133811,0.009260653738949501,0.020693946863036102,-0.003304987189651276,0.0728346809945559
7,10,atr,1.0,2.0,0,,72.06656844849653,0.5138888888888888,0.9700439187968005,-0.01513127197663324,-0.005442526709069084,0.14501600852938257,-0.03753052345228728,-0.09459293171346145,67.9350846857357,0.5645161290322581,1.3915434871789425,0.17687702416428208,0.05650419317395583,0.040887399170099946,1.3819463776330412,1.1950310664632875,-0.008146910524585561,0.01864295212365934,-0.04498816126905993,0.17687702416428208
7,10,atr,1.0,2.0,0,20.0,130.78747607319738,0.46619897959183676,0.9054678540290908,-0.024431992856855222,-0.016825628007411386,0.2325453521646818,-0.07235417887645404,-0.41176537772272015,129.29580633736796,0.5169491525423728,1.1801610045549147,0.03916869130881784,0.026600054999427192,0.03437871512212285,0.7737361592757707,0.673437077088393,-0.008817963896203105,-0.03125400367872755,-0.027976193167058436,0.03916869130881784
7,10,atr,1.0,2.0,20,,48.37802048625924,0.5155172413793103,0.9653361125533652,-0.01740424918909737,-0.00440024107545367,0.1405817916200537,-0.03130022049616549,-0.10114549359684594,44.194329284806564,0.6363636363636364,1.8375984056102925,0.31570078114315814,0.06545576855216018,0.0266907785436366,2.4523738955439955,1.7138886778379203,0.0510824665250356,-0.039825930251338605,-0.040747032080407725,0.31570078114315814
7,10,atr,1.0,2.0,20,20.0,65.47714841674741,0.4942675159235669,0.9662961082702173,-0.008806329371127384,-0.0027904687921177507,0.11430371390201167,-0.024412757003765564,-0.09537514228285748,64.64790316868398,0.559322033898305,1.333566583424502,0.06596075522675308,0.020009531595203134,0.020311237089144698,0.9851458829111492,0.8467907116872697,0.02054594505663788,-0.00468373174873493,-0.031249012211465445,0.06596075522675308
7,10,atr,1.0,2.0,50,,47.21027516417712,0.5141342756183745,0.956212786006759,-0.022032549723910957,-0.0054234014672310815,0.11381102696794233,-0.0476526889504188,-0.11995341263016342,47.11626841107476,0.6511627906976745,1.9531915849889707,0.3446520165598463,0.07679191397246043,0.02666030610902541,2.8803838057382167,1.9760854953911657,-0.06275210505520293,-0.027611534476651132,0.02330522768687074,0.3446520165598463
7,10,atr,1.0,2.0,50,20.0,65.47714841674741,0.4853503184713376,0.962334014088774,-0.00973093193570272,-0.0030578211979762626,0.09281137547771465,-0.032946620845097696,-0.10285835010651712,68.66556946730276,0.5638297872340425,1.4610636361275464,0.08422862613402192,0.027080978269596212,0.020400932066368394,1.327438284755631,1.140417499335025,-0.028023343050257887,-1.310113984114841e-05,-0.002000478376126369,0.08422862613402192
7,12,range,0.5,0.5,0,,155.05989669647573,0.4523937600860678,0.7739709826313049,-0.12943142703804023,,1.1783452157690721,,-0.25255269423483684,156.32374325534883,0.5280373831775701,1.0840022955778867,0.040585202432417686,,-0.0,,-0.25313233049198575,-0.09937650691779906,-0.10389191681840658,-0.175622629503801,0.040585202432417686
7,12,range,0.5,0.5,0,20.0,156.22764201855784,0.44794447410571275,0.7645964422112597,-0.13391540591080037,,1.2272599999999019,,-0.1835141771101779,157.41947042769942,0.531322505800464,1.112336230248333,0.052011288509711526,,-0.0,,-0.49368964912709823,-0.10487533973077846,-0.10268510738879778,-0.18514407713150335,0.052011288509711526
7,12,range,0.5,0.5,20,,80.32419608322009,0.4787123572170301,0.8604088697326739,-0.07590995125404904,-0.035196220448883375,0.4010147012651045,-0.08776790561006317,-0.6639542658891652,81.44905314472615,0.5336322869955157,1.1010317954265347,0.04942544494418377,0.028735533815893444,0.1115628028356336,0.25757271317600133,0.39407759120759855,-0.010074600169428585,-0.037348467380062124,-0.15973912880806845,0.04942544494418377
7,12,range,0.5,0.5,20,20.0,80.40760646336881,0.475103734439834,0.8529861007063789,-0.07947891967026215,-0.03733126301194345,0.4084209458541911,-0.09140388951861189,-0.7011861480109696,81.44905314472615,0.5381165919282511,1.1246175159730898,0.05822418016306086,0.03466051980583473,0.108665166852366,0.3189662410671581,0.47329440736005807,-0.022269494224512288,-0.0293222141830795,-0.16864801568890758,0.05822418016306086
7,12,range,0.5,0.5,50,,80.57442722366625,0.4813664596273292,0.8690506832430173,-0.07080164905271276,-0.032483934646780455,0.375798482042036,-0.08643977077892208,-0.5859976066037854,86.19720422491197,0.538135593220339,1.121672550040553,0.05866599309620357,0.0348442639541775,0.07523244830170166,0.46315472566362526,0.48446692128402913,-0.04528802932347222,-0.052370453795064116,-0.10552029589912602,0.05866599309620357
7,12,range,0.5,0.5,50,20.0,80.65783760381497,0.4767321613236815,0.8605385888156327,-0.07507888266349519,-0.03494677169057536,0.39159700384442525,-0.08924167281029328,-0.6294073653520703,86.19720422491197,0.5423728813559322,1.148231272834412,0.06821816370095003,0.04161597487172042,0.07710843530001206,0.5397071631631709,0.5754559822766815,-0.05350415289509856,-0.04427480936006722,-0.11909155199763605,0.06821816370095003
7,12,range,0.5,1.0,0,,150.38891540814726,0.3011647254575707,0.8127074947401953,-0.13772056340023042,,1.2365661588950283,,0.10720617700592147,145.36647153184308,0.3492462311557789,1.0397877219127982,0.02713330330174267,,-0.0,,-0.07435074278653826,-0.14339579897461563,-0.07307309667200104,-0.1936564450562343,0.02713330330174267
7,12,range,0.5,1.0,0,20.0,156.22764201855784,0.3123331553657234,0.786344477611697,-0.15016776568530996,,1.3849168813255317,,0.25802280604431665,157.41947042769942,0.37819025522041766,0.9868352732678239,-0.00790547951640931,,-0.0,,0.16881696602250795,-0.15435333873245635,-0.09331655857136874,-0.20023616625550394,-0.00790547951640931
7,12,range,0.5,1.0,20,,79.3232715214354,0.3249211356466877,0.9060016285877753,-0.06659029825291775,-0.029482486756186033,0.40330964926939233,-0.07310136717431495,-0.3818472150131496,78.89235640924147,0.35648148148148145,1.0662952643397552,0.045881046705066986,0.023583502141520052,0.14662254933795635,0.16084498767758748,0.26501634146666775,-0.01730353908359054,-0.0174088757728531,-0.14935042317509797,0.045881046705066986
7,12,range,0.5,1.0,20,20.0,80.40760646336881,0.3392116182572614,0.896205396846043,-0.07021788036863202,-0.03207838052118439,0.40493751526769345,-0.07921809985913067,-0.42727968565458546,81.44905314472615,0.40358744394618834,1.1053075835302408,0.062495560414348686,0.034849797166601304,0.12709549192484912,0.27420167811465573,0.38284095786952627,-0.04229932186511004,0.002259387253513572,-0.15991760047497197,0.062495560414348686
7,12,range,0.5,1.0,50,,79.57350266188158,0.3259958071278826,0.9107893104212046,-0.06298078051379993,-0.02774588431081393,0.39017246190222354,-0.0711118467345012,-0.34816681230453933,82.91002270786025,0.36123348017621143,1.0867749876103225,0.058761858094802236,0.03130166354143027,0.11056823355398662,0.28309816061361565,0.3378203040024998,-0.04710146873718162,-0.00867234768818711,-0.12658531251699853,0.058761858094802236
7,12,range,0.5,1.0,50,20.0,80.65783760381497,0.33815925542916236,0.8889218497386421,-0.07507807520905363,-0.034983517842943734,0.4186305228252319,-0.08356657227678667,-0.44143824473990406,86.19720422491197,0.4067796610169492,1.100411579338812,0.058944206718032945,0.03631470775102574,0.12124663218340127,0.29951106349985074,0.3776803716630133,-0.07963332627913032,-0.004025318498586609,-0.13894752707420507,0.058944206718032945
7,12,range,0.5,2.0,0,,132.2888629158744,0.18095838587641866,0.8285935450837074,-0.14911222993674858,,1.218335041121423,,-0.016419633237569568,116.51232265994457,0.23197492163009403,1.149219359869822,0.12146513588165976,,31.809996928530936,,0.5251516418545186,-0.11175006027717145,-0.10299081022203582,-0.2209972814867539,0.12146513588165976
7,12,range,0.5,2.0,0,20.0,156.22764201855784,0.2530699412706887,0.7689324898874947,-0.1753544039809991,,1.6279192598553625,,0.1853631631982238,157.41947042769942,0.35266821345707655,1.04433239348028,0.02770123907294617,,-0.0,,-0.1455424255307279,-0.19162018502138756,-0.11193877862526973,-0.22238686738560678,0.02770123907294617
7,12,range,0.5,2.0,20,,76.07026669563521,0.18530701754385964,0.8517906799848214,-0.12639617548391913,-0.06489810061447598,0.6408350654625606,-0.10127114465503216,-0.5114960372460932,72.31799337513802,0.2474747474747475,1.2435875347660883,0.19386680439073578,0.1329051674528996,0.18851606047626268,0.7050071337006036,0.6645843794054314,-0.06038380605440256,-0.04164905284560029,-0.25780908013766335,0.19386680439073578
7,12,range,0.5,2.0,20,20.0,80.40760646336881,0.266597510373444,0.8641895764158586,-0.10086754518735307,-0.05108688604660272,0.5164652732668412,-0.09891640094881607,-0.48963041342202707,81.44905314472615,0.38565022421524664,1.208764389496347,0.12588703637774182,0.08607847441810557,0.1528780632916601,0.5630531455247797,0.616997995812056,-0.09585992398345061,-0.003264182229810818,-0.19869173932855547,0.12588703637774182
7,12,range,0.5,2.0,50,,75.90344593533777,0.1879120879120879,0.8678147261436305,-0.11273783653337048,-0.05460636913634531,0.5606675924107601,-0.09739526570734842,-0.41002097600366805,75.23993250140622,0.2621359223300971,1.3500647307117428,0.27025837235084305,0.16634371871751719,0.1426768687376148,1.1658772735153458,0.918580714224859,-0.13016674576496323,-0.06667750560838288,-0.14411928209924393,0.27025837235084305
7,12,range,0.5,2.0,50,20.0,80.65783760381497,0.26370217166494314,0.8551354099808893,-0.10746619777683003,-0.05603186645370073,0.5197384648554539,-0.10780781151012928,-0.4830609782911483,86.19720422491197,0.3898305084745763,1.2347145523225118,0.1406116312050597,0.10673993745731569,0.13308353725766103,0.8020521520303304,0.7185177786980498,-0.16543990545080656,-0.02965680597825334,-0.1375692081218127,0.1406116312050597
7,12,range,1.0,0.5,0,,149.1377597059164,0.6448545861297539,0.8679746282714371,-0.0482085446350216,-0.04402537593773992,0.457348780404229,-0.09626214789252957,-0.7607675724841384,149.01889543967832,0.7107843137254902,1.1989795896989077,0.0578059199233727,0.06775181633152849,0.07225970642519716,0.9376154385800721,0.9429526515171477,-0.040296096840514675,-0.03249587234054455,-0.06957363098445261,0.0578059199233727
7,12,range,1.0,0.5,0,20.0,156.22764201855784,0.606513614522157,0.8456228123552386,-0.05351045168526855,-0.05386589669652253,0.5288680855987078,-0.10185128988364531,-0.9064619600571256,157.41947042769942,0.6635730858468677,1.1966839196334493,0.051159689689564865,0.0712527185207752,0.08060124579783651,0.884015101943843,0.9495207772066642,-0.036786056705282885,-0.04391178586265411,-0.07568122129085988,0.051159689689564865
7,12,range,1.0,0.5,20,,78.73939886039435,0.6716101694915254,0.9838292814114453,-0.005546031837265934,-0.0021042836705995605,0.1170397038663624,-0.017979229279341494,-0.05007510160861589,79.62284119080851,0.7018348623853211,1.1383173716014379,0.04369199324949419,0.0163253577057616,0.04143906294366454,0.3939605904688422,0.48613349642544024,0.022089778795370385,0.0014894682864087488,-0.032887963206464435,0.04369199324949419
7,12,range,1.0,0.5,20,20.0,80.40760646336881,0.6390041493775933,0.9711607504353862,-0.009232113384173525,-0.00367578727179374,0.13596912868263386,-0.027033984165430753,-0.10138907027920567,81.44905314472615,0.672645739910314,1.187725538818946,0.05057635034598681,0.019938259258327484,0.030938042056788618,0.6444576945667609,0.6322301803366117,0.03010664581601031,-0.0038036382617523045,-0.04349212379348207,0.05057635034598681
7,12,range,1.0,0.5,50,,78.9062196206918,0.6723044397463002,0.9864186439695791,-0.004564506355000943,-0.0017645884849689653,0.11496227850500369,-0.015349282459569224,-0.03771642780043243,84.37099227099435,0.7229437229437229,1.263387698984169,0.07512597590254486,0.03006564093995534,0.033504406079787656,0.89736379353679,0.8953942694298342,-0.0019273301592253292,-0.010473501902116069,-0.0007079235222427288,0.07512597590254486
7,12,range,1.0,0.5,50,20.0,80.65783760381497,0.6370217166494312,0.9781162702585011,-0.006967136277551658,-0.0027669701278968395,0.12607516510577046,-0.021946987938310424,-0.07064768627361566,86.19720422491197,0.6864406779661016,1.298007586697782,0.0742140198707676,0.030808065515393723,0.025520135568779183,1.2072061855769953,0.9831871834526568,0.007594055981715314,-0.0108910736514816,-0.014123601049423012,0.0742140198707676
7,12,range,1.0,1.0,0,,135.87550926226947,0.4972375690607735,0.9469592179729518,-0.027725123491170012,-0.02021422962231212,0.30043116624398297,-0.06728406335145654,-0.28827748341743126,130.026291118935,0.547752808988764,1.1732078241466106,0.08179595124689987,0.06054637548636932,0.06716169337526216,0.9015016215876195,0.8395215247338274,0.003468630903763817,-0.002547797399238462,-0.07703280189445504,0.08179595124689987
7,12,range,1.0,1.0,0,20.0,156.22764201855784,0.46342765616657766,0.8722291122722646,-0.05790326289377943,-0.06012370917825893,0.5746833249228847,-0.1046205911513559,-0.7339929592605244,157.41947042769942,0.5150812064965197,1.0777436608825635,0.028712180274536626,0.04317847506487582,0.15512809315022413,0.27834078398077333,0.4181723487737633,-0.052844754162114274,-0.03213203513632244,-0.08654233555533188,0.028712180274536626
7,12,range,1.0,1.0,20,,75.73662517504033,0.526431718061674,1.0664505513993803,0.03215217143685752,0.011201707034187436,0.07798709344680489,0.14363539579569196,0.2750599688027458,74.8746901106227,0.5463414634146342,1.1588450824326757,0.07764729564051627,0.022822660691047103,0.02873142989469343,0.7943447567592989,0.5776596082321293,0.09483892430052046,0.013122578746027468,0.00542645395060028,0.07764729564051627
7,12,range,1.0,1.0,20,20.0,80.40760646336881,0.5010373443983402,1.0030501339191198,0.001307469557279607,0.0005079466794537524,0.13641157319083733,0.003723633322101961,0.02915196120887103,81.44905314472615,0.5515695067264574,1.2065895809115363,0.07289185442726206,0.02723957506983421,0.036970453904003615,0.736793092683246,0.6926048043084532,0.05171982672983853,0.008166552435617036,-0.04250013460171309,0.07289185442726206
7,12,range,1.0,1.0,50,,75.73662517504033,0.5220264317180616,1.0475301003360598,0.0233276984527371,0.008220921663345093,0.10823857369613724,0.07595186616579074,0.20061759357940018,79.257598800025,0.5806451612903226,1.330570188135136,0.14470862616077362,0.04712082714950139,0.03541417154512296,1.3305641525303618,1.1188779553875832,0.03968993908187553,0.03513640642925962,-0.0006964938904879341,0.14470862616077362
7,12,range,1.0,1.0,50,20.0,80.65783760381497,0.4901758014477766,0.9764578225369056,-0.01013189200945625,-0.004061762001720481,0.13665960272823746,-0.02972174600710452,-0.07414234256170497,86.19720422491197,0.5635593220338984,1.27304812201334,0.09060824746641581,0.03796870770699745,0.040226122922582194,0.9438818595585439,0.9008367462029991,-0.004896945715654195,0.01021446787872169,-0.034091998359719426,0.09060824746641581
7,12,range,1.0,2.0,0,,103.92933366530865,0.32985553772070625,0.9339146389944277,-0.04672342883410489,-0.02682406421139527,0.3929372124087433,-0.06826552274588897,-0.296735745497992,94.59777921293306,0.42084942084942084,1.386835062093272,0.23580520009907255,0.12952683696202216,0.11841512682772164,1.0938369145224713,1.3386588256401435,0.013896782761578984,-0.04432816178627359,-0.09954369007289142,0.23580520009907255
7,12,range,1.0,2.0,0,20.0,156.22764201855784,0.402028830752803,0.8895835499065977,-0.05497392481785671,-0.05575364219852397,0.5618484141256846,-0.09923253460683785,-0.5546041748840354,157.41947042769942,0.48259860788863107,1.1106826664622003,0.04331356129020083,0.06073076354189344,0.12062974248180754,0.5034476762731412,0.5319366656532506,-0.05447331079567285,-0.03667195049895307,-0.0729158564577097,0.04331356129020083
7,12,range,1.0,2.0,20,,67.06194563957315,0.34701492537313433,1.0098499137658692,0.006703360550037009,0.0021452907683001676,0.1500286848128576,0.014299203988731588,0.060206809420440474,64.64790316868398,0.4293785310734463,1.4203533711125453,0.25359321026152915,0.07038766626333226,0.0455742699759078,1.5444606419486635,1.2024992537615238,0.07736851758282966,0.007452819404632107,-0.044195876032203034,0.25359321026152915
7,12,range,1.0,2.0,20,20.0,80.40760646336881,0.42738589211618255,0.9931153754180077,-0.0031720687564695963,-0.001305019081663139,0.13692134120298063,-0.009531159059627516,-0.003929256726356116,81.44905314472615,0.5246636771300448,1.277477666450181,0.10149554022951648,0.038848741742901316,0.03403783277472088,1.141340049468525,0.8308221283273579,0.02549137704514889,0.008521083830515426,-0.03578534365439493,0.10149554022951648
7,12,range,1.0,2.0,50,,66.31125221823464,0.34591194968553457,1.0051236815587148,0.0033198634540388314,0.0011118324654166845,0.14946066818782905,0.007438963567454623,0.04306659407417933,66.83935751338514,0.4644808743169399,1.6505683845816492,0.3627100748774079,0.10408332943726473,0.03519737865822876,2.957132985610313,1.7065875026188881,0.004199792685823667,0.009120292153981698,-0.0032615707704386782,0.3627100748774079
7,12,range,1.0,2.0,50,20.0,80.65783760381497,0.4157187176835574,0.9613547045452348,-0.018404117110674297,-0.007612619669867482,0.14585608205105363,-0.05219267899437238,-0.1139803923645991,86.19720422491197,0.538135593220339,1.365509571855732,0.12652059868039975,0.05485223370767378,0.037996100071280015,1.4436279935249132,1.0797919468658694,-0.0484680395267014,0.006834472602256402,-0.02047415491607859,0.12652059868039975
7,12,atr,0.5,0.5,0,,152.14053339127042,0.6567982456140351,0.8764889791181933,-0.043471742348172186,-0.039666573115113235,0.42325254834118375,-0.0937184507702905,-0.6861892648648249,153.40180412908063,0.7166666666666667,1.295980690040159,0.08586691929018779,0.09505120227834563,0.05095496097757578,1.8653964296072307,1.311453006524967,-0.025183939451139198,-0.03586528145887807,-0.06377151509258615,0.08586691929018779
7,12,atr,0.5,0.5,0,20.0,156.22764201855784,0.6241324079017618,0.8523167173303033,-0.04935676656719363,-0.0484342132975103,0.4872317880588131,-0.09940692394163712,-0.8386532476455427,157.41947042769942,0.6705336426914154,1.2839633134197541,0.07454351300721877,0.09451307094000083,0.06116155561400343,1.5453019464789628,1.293708086988775,-0.026835792418641646,-0.04369189462527406,-0.07083355730637414,0.07454351300721877
7,12,atr,0.5,0.5,20,,79.23986114128668,0.6821052631578948,0.9809822608260952,-0.006302277677436916,-0.0024136072895195593,0.11369168253591329,-0.021229409537123715,-0.058821842030319094,79.98808358159205,0.7123287671232876,1.2844347878863003,0.08503465261287044,0.032559030909737,0.030056397630340962,1.0832645784826092,0.9264263876591396,0.004026177806642775,0.009909261165656586,-0.027289368090742293,0.08503465261287044
7,12,atr,0.5,0.5,20,20.0,80.40760646336881,0.6545643153526971,0.9701300795397992,-0.009280859483559875,-0.003659839459163039,0.13110376702997437,-0.02791559344230198,-0.10200451992467517,81.44905314472615,0.6816143497757847,1.363610296842789,0.0923400248728669,0.03647781490764257,0.024983125418189273,1.460098138125042,1.1168062902733868,0.015922387859884653,0.0016995007359624482,-0.03581219434452858,0.0923400248728669
7,12,atr,0.5,0.5,50,,79.49009228173286,0.6841552990556139,0.9756751840286575,-0.008073130924865909,-0.003090120204661262,0.12167781454810847,-0.02539592132006532,-0.07460094174292418,84.73623466177787,0.7241379310344828,1.3442997406495878,0.09908444387405942,0.04015361119734906,0.0242822097721977,1.653622614006225,1.1109914988815375,-0.0254352953781257,-0.012861877187806445,0.0131511233122493,0.09908444387405942
7,12,atr,0.5,0.5,50,20.0,80.65783760381497,0.6525336091003102,0.960927901341508,-0.012171127409338574,-0.004813883388680162,0.12553153248116838,-0.03834800144260421,-0.13188065656232756,86.19720422491197,0.6864406779661016,1.3987867471662665,0.09889767693500041,0.0416465568820763,0.025669190520882026,1.6224335881646366,1.2525517054829618,-0.012472729489840052,-0.017533950573774656,-0.003736620858674171,0.09889767693500041
7,12,atr,0.5,1.0,0,,139.62897636896201,0.5113500597371565,0.9568935891997985,-0.02160762451667407,-0.016037743055507758,0.27277016884483685,-0.05879581012625579,-0.217038612038803,135.13968458990436,0.5432432432432432,1.2703692803232607,0.12601610517200265,0.0923910572639175,0.06641847124232879,1.3910446226145035,1.1867347048219088,0.005889556962788189,-0.0024566807776530827,-0.05847629307020076,0.12601610517200265
7,12,atr,0.5,1.0,0,20.0,156.22764201855784,0.4826481580352376,0.8894152477805444,-0.04752563449499167,-0.04609992627022508,0.4779068089804943,-0.09646216669013108,-0.6137391681881877,157.41947042769942,0.5197215777262181,1.159145524683623,0.05804928974156393,0.07158707953590415,0.10839287109582131,0.6604408464521605,0.7664841216922351,-0.03034121887180928,-0.0313377960038465,-0.07496447978650807,0.05804928974156393
7,12,atr,0.5,1.0,20,,76.23708745593267,0.5317286652078774,1.0225006803513799,0.010926807911581208,0.003934985669306057,0.08075703797573999,0.048726225824282404,0.10424697536039033,75.60517489218974,0.5458937198067633,1.278126231815171,0.13035726582180363,0.04359387601163789,0.03277412950709782,1.330130705750609,0.9121016955394219,0.03665637232410808,0.00797644831195637,-0.0020525188620448757,0.13035726582180363
7,12,atr,0.5,1.0,20,20.0,80.40760646336881,0.5217842323651453,1.0101382988095478,0.004182451909300976,0.0015987613641250675,0.10929603849438438,0.014627807065552625,0.05564421085739579,81.44905314472615,0.5515695067264574,1.35852988989216,0.1208015017858688,0.044287924521344335,0.03532394837673844,1.2537648410365376,1.1072290510160692,0.027329906606744052,0.02349551098623447,-0.029058444426853767,0.1208015017858688
7,12,atr,0.5,1.0,50,,76.57072897652755,0.5359477124183006,1.0322375410803881,0.015420164846549532,0.005556981133141958,0.09241945405390777,0.060127829038035666,0.1376618469781031,79.257598800025,0.5806451612903226,1.4538927655639173,0.19597870844430965,0.0663180516285986,0.030204562731951542,2.195630250208682,1.39411233546137,0.00797834695896623,0.017359775156233603,0.02244502718367814,0.19597870844430965
7,12,atr,0.5,1.0,50,20.0,80.65783760381497,0.5129265770423992,0.985836457591091,-0.005878401210735807,-0.0022948943989210546,0.09812441187486808,-0.023387599019167524,-0.034989965616823784,86.19720422491197,0.559322033898305,1.377216716719617,0.12375751648443092,0.05004725336220872,0.03648333515005509,1.3717839434461119,1.1816150613672234,-0.0288856963983321,0.01895350012617693,-0.009969055501478015,0.12375751648443092
7,12,atr,0.5,2.0,0,,112.43719244047837,0.3516320474777448,0.9856038697348688,-0.009376158202822268,-0.005457344844235434,0.2611589194458262,-0.020896643529601848,-0.0389594738043031,100.80689985625298,0.40217391304347827,1.4084133667923258,0.2519576594872919,0.11809624169297805,0.07783181352285647,1.5173260951744025,1.3127834035167145,0.07008200059689787,-0.01493070241654763,-0.06489864417286953,0.2519576594872919
7,12,atr,0.5,2.0,0,20.0,156.22764201855784,0.4191137213027229,0.890076422874358,-0.05184370949967087,-0.05178118744902327,0.513335864705311,-0.10087194565832473,-0.54835687383938,157.41947042769942,0.4802784222737819,1.1509399910895075,0.05814595260825214,0.07732933890021965,0.11053885043241968,0.6995670626002811,0.6978990094349119,-0.041141557630987126,-0.04083901222168122,-0.06927804052850123,0.05814595260825214
7,12,atr,0.5,2.0,20,,68.73015324254762,0.345873786407767,0.9440194551034942,-0.0377394461485525,-0.01371082453589012,0.2443932946679741,-0.05610147592026722,-0.17691721862978127,66.4741151226016,0.4065934065934066,1.4186065568145674,0.2565950849066838,0.08992528161040325,0.05631235029700437,1.596901587948585,1.1346819784284565,0.0026888604517864567,-0.03523802777700133,-0.06697337558262804,0.2565950849066838
7,12,atr,0.5,2.0,20,20.0,80.40760646336881,0.4429460580912863,0.9578252432352389,-0.019362807192933304,-0.007973737136868109,0.17460377607017247,-0.04566760992421779,-0.1319019330223159,81.44905314472615,0.5201793721973094,1.383613211271757,0.13697932575053112,0.05594511140153524,0.03790534332062909,1.4759162297598407,1.109151000940326,-0.024460291732162336,0.010734371037401706,-0.042559235430668876,0.13697932575053112
7,12,atr,0.5,2.0,50,,68.14628058150655,0.34761321909424725,0.9367783787855226,-0.04235235353830116,-0.015466072251343554,0.2428506691776638,-0.06368552453948127,-0.1902997035292569,68.30032707651924,0.4385026737967914,1.6186144148706179,0.35668255968309726,0.12792496012232712,0.049422688593796366,2.5883852894717774,1.5772212483692218,-0.049662488237855545,-0.05370438352660375,-0.021528665456967442,0.35668255968309726
7,12,atr,0.5,2.0,50,20.0,80.65783760381497,0.4332988624612203,0.9294397595124274,-0.03241100417011655,-0.013731456726221558,0.1901900925648192,-0.07219859110979561,-0.2228284351199194,86.19720422491197,0.5296610169491526,1.4278313361984374,0.146758815523998,0.06774524476434185,0.04039246754105131,1.677175198457277,1.257726959635533,-0.09446821520677272,0.003930609691278263,-0.018303008793971457,0.146758815523998
7,12,atr,1.0,0.5,0,,134.37412241959248,0.8063314711359404,0.965586829634143,-0.006768666992573342,-0.004790526227283709,0.1200360547125033,-0.039909060979698416,-0.1346368012796552,137.69638132538904,0.8275862068965517,1.273678200091675,0.048862162648535726,0.03250102242343922,0.029953998435443868,1.0850311851849974,1.0391510811495348,-0.006967349270695163,0.00413577339717365,-0.013860604904176569,0.048862162648535726
7,12,atr,1.0,0.5,0,20.0,156.22764201855784,0.6721836625734117,0.8694307681905784,-0.023095272020949256,-0.019372111348490817,0.23807202812515266,-0.08137079984174808,-0.6364067850483899,157.41947042769942,0.7146171693735499,1.3421829071682347,0.04628158069376281,0.04117323223628655,0.02574719195651548,1.5991348612238632,1.3419104422660866,-0.012181859713471533,-0.01991787133312678,-0.0331622668153147,0.04628158069376281
7,12,atr,1.0,0.5,20,,74.15182795221459,0.8177727784026997,1.039805880742886,0.00732699751045269,0.0024206034224314443,0.09258087102284611,0.026145826839694714,0.11782080523039558,75.97041728297326,0.8317307692307693,1.3146077267062122,0.053726939240109566,0.019001652264497793,0.021310053956978565,0.8916754646824898,0.9040510201407178,0.048786444140152686,0.0048648819930416426,-0.019296811847211364,0.053726939240109566
7,12,atr,1.0,0.5,20,20.0,80.40760646336881,0.6991701244813278,0.9531579109371557,-0.007998219388907922,-0.0031072746699546405,0.10962551387304366,-0.02834444793164799,-0.15125773787993477,81.44905314472615,0.7219730941704036,1.3334817745335008,0.04504631553904341,0.017600631800451794,0.016999845489121986,1.0353406924618371,0.9274427864613938,0.02051430913577758,0.002593161358386768,-0.036633896095750046,0.04504631553904341
7,12,atr,1.0,0.5,50,,74.48546947280948,0.8208286674132139,1.0543319969575735,0.009831135716783882,0.0033187043019824447,0.05193017854268495,0.06390704586649121,0.15598591342539422,81.08381075394261,0.8378378378378378,1.3364968084633617,0.056470520391555666,0.0206541187942737,0.01805661131749227,1.1438535410165864,0.9742990063243634,0.016714436538750533,0.013328057607591388,0.004044317349892316,0.056470520391555666
7,12,atr,1.0,0.5,50,20.0,80.65783760381497,0.6980351602895554,0.9716463423406788,-0.004763051009846941,-0.0018186704062719272,0.0741215435577431,-0.024536326673433664,-0.08537089459448702,86.19720422491197,0.7330508474576272,1.4606573838524013,0.057781963936997964,0.02312548818288307,0.014074156181069136,1.6431172061305315,1.264313872729136,0.0017000637328567466,0.0021804182165397,-0.01362655524002559,0.057781963936997964
7,12,atr,1.0,1.0,0,,112.60401320077581,0.682962962962963,1.0140264828282928,0.0044005398048229775,0.002256712858818899,0.11912287424553364,0.018944412423825573,0.07386195320078431,107.38126289035644,0.6836734693877551,1.1991619727424339,0.06596491848207393,0.03136664117632071,0.042633113235506954,0.7357342402617932,0.829687661995979,0.028722509382074116,0.017232356056135458,-0.02521795801617218,0.06596491848207393
7,12,atr,1.0,1.0,0,20.0,156.22764201855784,0.5328350240256273,0.9279324621162752,-0.016401132545434696,-0.01316810824971737,0.20481528746277655,-0.0642926043892625,-0.36114617646467784,157.41947042769942,0.5661252900232019,1.2356114466916506,0.044517935375335285,0.03584338765214712,0.033294726930662495,1.0765484794872264,1.0004104036871113,-0.001147318061144799,-0.006299107502328577,-0.036479147248912894,0.044517935375335285
7,12,atr,1.0,1.0,20,,68.47992210210144,0.7125456760048721,1.145155975404729,0.04253890295851898,0.01302745818948825,0.048578022637136044,0.26817596687291373,0.4718896158748697,66.4741151226016,0.7142857142857143,1.3611767378456274,0.10580336834259076,0.02806393344503233,0.025039839979488054,1.1207712776128573,1.0710961792070068,0.11510418941697077,0.021851983437313077,0.011270862807043949,0.10580336834259076
7,12,atr,1.0,1.0,20,20.0,80.40760646336881,0.5746887966804979,1.0516894051795633,0.010714788565439903,0.004199716580562063,0.07776963564257147,0.05400200921428926,0.19045434565674121,81.44905314472615,0.5919282511210763,1.3398421666531863,0.061009870153822914,0.02135402680312115,0.01858454987855879,1.149020392888694,0.9930141924730225,0.04605813726411189,0.02521317850760381,-0.026772880933148294,0.061009870153822914
7,12,atr,1.0,1.0,50,,68.73015324254762,0.712378640776699,1.1401302020533142,0.04105125464497987,0.012642442157769773,0.045441610562815746,0.27821289785258874,0.4454684219365572,71.58750859357096,0.7397959183673469,1.4933902589681578,0.1325880270750185,0.03731337707066196,0.022118538407866976,1.6869729989659072,1.4141719535913064,0.0505820643959217,0.049069047217742565,0.02896053857409879,0.1325880270750185
7,12,atr,1.0,1.0,50,20.0,80.65783760381497,0.5667011375387797,1.0533485416896198,0.0108318307976845,0.004269179171904058,0.05410431438770112,0.07890644619044501,0.19033528369729916,86.19720422491197,0.6059322033898306,1.4050623146543884,0.07007620981801825,0.025484826196098043,0.018470741906609297,1.3797402575897035,1.178896116936988,0.007924253056176712,0.034101519214265436,-0.006973799239043646,0.07007620981801825
7,12,atr,1.0,2.0,0,,77.65506391846095,0.5091299677765844,0.9703551208811013,-0.015154014798005105,-0.005878713673466818,0.19703795586048584,-0.02983543778554668,-0.10239665853487717,69.03081185808628,0.5555555555555556,1.4348575958720424,0.19932754862024804,0.0648077434687866,0.03960097653722566,1.6365188218999118,1.2821811075315284,0.0352590254270607,0.01661992974249428,-0.08435674641142281,0.19932754862024804
7,12,atr,1.0,2.0,0,20.0,156.22764201855784,0.46823278163374266,0.9226286589651518,-0.019440586324365003,-0.015880562606696014,0.2369528101158365,-0.067019937847256,-0.37017274196412947,157.41947042769942,0.5243619489559165,1.2106549536057436,0.04401955582078735,0.03620654680272639,0.04033478838730392,0.8976505951900081,0.8589899536656372,-0.0011583035188958157,-0.017515748080322163,-0.034019689339744585,0.04401955582078735
7,12,atr,1.0,2.0,20,,54.71720937756217,0.5167682926829268,0.9830549512508977,-0.008316620316780723,-0.0025000195157590666,0.15390806922463826,-0.016243589620438516,-0.04595061916490193,52.22966188204412,0.6013986013986014,1.617144107255955,0.2533344073803314,0.06124227500124446,0.03078216967672535,1.9895373082668129,1.481179404336683,0.07970272947697972,-0.03803940873949914,-0.04204411059177911,0.2533344073803314
7,12,atr,1.0,2.0,20,20.0,80.40760646336881,0.495850622406639,1.004462780151038,0.0008644961505729672,0.0004239242047390235,0.1041707053871314,0.004069514583429061,0.026558280655011157,81.44905314472615,0.5605381165919282,1.3421739301391504,0.06725460195908216,0.02446176903359487,0.01896780689183147,1.2896466720213917,0.961882316915984,0.025934744274581076,0.01243304425642484,-0.02617954587009184,0.06725460195908216
7,12,atr,1.0,2.0,50,,54.55038861726473,0.5137614678899083,0.9630814886661894,-0.018541408549330115,-0.005287603173199651,0.10982645837606163,-0.04814507588958332,-0.10649501691911098,55.882085789879376,0.6405228758169934,1.8546465736911764,0.3157067155813542,0.08297676091282469,0.030618513356561395,2.710019260129858,1.9688360764839479,-0.048485894101022164,-0.00199435037904416,-0.006047159690461896,0.3157067155813542
7,12,atr,1.0,2.0,50,20.0,80.65783760381497,0.4870734229576008,0.9954157929291699,-0.001351190753412645,-0.0004306476076783028,0.06205173627730738,-0.0069401379157829094,-0.0035432906916943404,86.19720422491197,0.576271186440678,1.4598270648148788,0.08386513596618862,0.03253226121076702,0.01864544967269308,1.7447828709871056,1.2705108559260503,-0.019309650729332797,0.0202819999261062,-0.006161743375943204,0.08386513596618862
7,15,range,0.5,0.5,0,,187.00607229343657,0.45316681534344333,0.7773245454561787,-0.1276311177090833,,1.3923591073444215,,-0.13905695183866393,200.88331493093892,0.5236363636363637,1.0677008209100158,0.03295015490291461,,-0.0,,-0.31526679104176053,-0.0750790710415398,-0.12556011441765147,-0.17107715443833002,0.03295015490291461
7,15,range,0.5,0.5,0,20.0,188.9245110368572,0.445916114790287,0.7664232741556258,-0.13143701836931584,,1.449614919138923,,0.04816264368455153,203.07476927564008,0.5305755395683454,1.1153381221943368,0.05240985644370703,,-0.0,,-0.6265445382639154,-0.08303807402225062,-0.12708768864075254,-0.1742928744362156,0.05240985644370703
7,15,range,0.5,0.5,20,,114.77268308464261,0.4745639534883721,0.8446982475236992,-0.08595073940476729,-0.0662426294654489,0.6035376022735625,-0.10975725326128634,-0.8770028526625354,113.22514114289285,0.5387096774193548,1.126828635093978,0.06079849748234496,0.07069243159669725,0.14358927881109845,0.4923238850561955,0.5773831595279671,-0.021986547912501035,-0.09549294899306751,-0.12322446780228731,0.06079849748234496
7,15,range,0.5,0.5,20,20.0,115.18973498538622,0.4670528602461984,0.8324497687481561,-0.09065286195278374,-0.07240097892774744,0.624763086738494,-0.11588549398094031,-0.9318771219202818,113.22514114289285,0.5451612903225806,1.1634155074882573,0.07269620755899084,0.08994835828264303,0.17531233382037864,0.5130749007927887,0.6979421110202442,-0.037392938542296965,-0.0951768370438668,-0.125070266645591,0.07269620755899084
7,15,range,0.5,0.5,50,,115.43996612583238,0.4725433526011561,0.837777399998849,-0.08982459868942864,-0.07182652920605415,0.6344586637462084,-0.11320915500144495,-0.8571344639947022,116.51232265994457,0.5517241379310345,1.18765852114559,0.08704339038900237,0.10879390645437459,0.1301379169274543,0.8359893029102503,0.8068153248314059,-0.05353410842425833,-0.11125074056630997,-0.09410332992235143,0.08704339038900237
7,15,range,0.5,0.5,50,20.0,115.857018026576,0.4658027357811375,0.8262948874755834,-0.09409613941189697,-0.0778427691195307,0.6589483815658916,-0.11813181623505786,-0.9039291749698697,116.51232265994457,0.554858934169279,1.1938533798993316,0.08541942503357879,0.11452611404092305,0.16715398658464786,0.685153350996665,0.8194799971504685,-0.06519145047527687,-0.10944083659538247,-0.09888011656591132,0.08541942503357879
7,15,range,0.5,1.0,0,,179.66595884034896,0.30362116991643456,0.8220539556067303,-0.13072889656764794,,1.3532669549493077,,0.1934015624275562,178.23828670236034,0.3442622950819672,1.01763507231185,0.012378573570854062,,-0.0,,-0.0024948598998317455,-0.08537442814712282,-0.1041164072603967,-0.19292737712622546,0.012378573570854062
7,15,range,0.5,1.0,0,20.0,188.9245110368572,0.31876379690949225,0.7952671537927325,-0.14069686379583474,,1.538227642500653,,-0.127597173583299,203.07476927564008,0.3902877697841727,1.011516954719703,0.006853534928941703,,-0.0,,-0.0042992903656869945,-0.10207348624529879,-0.12642250508795597,-0.18574116341104993,0.006853534928941703
7,15,range,0.5,1.0,20,,112.52060282062709,0.3194959229058562,0.8821326235036209,-0.08502181582042895,-0.06306820122347379,0.6059690363174157,-0.10407825721055111,-0.5391664862243223,107.74650528113997,0.38305084745762713,1.195580411835529,0.12579913797092582,0.12727681269791047,0.16012650792338068,0.7948516104454827,0.7505500395698682,-0.036796772730618744,-0.09631518772481919,-0.10840271919732114,0.12579913797092582
7,15,range,0.5,1.0,20,20.0,115.18973498538622,0.34178131788559013,0.876374330001092,-0.08217821946044367,-0.06217655380509579,0.604669765167464,-0.10282729084010993,-0.5762298643335911,113.22514114289285,0.43548387096774194,1.251772513110487,0.13733037430221284,0.14336942559921728,0.16335583478269547,0.8776510847618932,0.9162332097671316,-0.03816907609327705,-0.07864476388757688,-0.11750166343504917,0.13733037430221284
7,15,range,0.5,1.0,50,,113.10447548166815,0.3185840707964602,0.8791898861391171,-0.08684410283101568,-0.065913067169317,0.6345585493676984,-0.10387231758991448,-0.5406911099084993,109.20747484427407,0.391304347826087,1.2349529316464856,0.14873182117669584,0.15508453713399128,0.21749738303109373,0.7130409339767558,0.8182730065475136,-0.0728332684215393,-0.07881551846986232,-0.10349071039424569,0.14873182117669584
7,15,range,0.5,1.0,50,20.0,115.857018026576,0.34053275737940963,0.8646607873024222,-0.08985554629807263,-0.07214475974366996,0.6686741054216518,-0.10789225896249861,-0.5934344550572878,116.51232265994457,0.43573667711598746,1.2182745659637888,0.11984163563548114,0.14634273312608737,0.24036800867828445,0.608827830004436,0.7859308462846583,-0.07655366684204183,-0.08818095085960836,-0.09971309135089469,0.11984163563548114
7,15,range,0.5,2.0,0,,154.39261365528594,0.1804430037817396,0.8245712367277392,-0.152729245724339,,1.4142502051675216,,0.15713454426898027,127.46959438345033,0.23782234957020057,1.183790321642041,0.14675953320202817,,-0.0,,-0.5391725367325653,-0.04433654699948714,-0.14547718628245027,-0.24846958981048112,0.14675953320202817
7,15,range,0.5,2.0,0,20.0,188.9245110368572,0.26666666666666666,0.789852406776702,-0.1546847854137624,,1.7324502198553149,,0.27506414032906923,203.07476927564008,0.3669064748201439,1.0462269776543078,0.02788474551115257,,-0.0,,-0.19081116319135671,-0.1238337581093925,-0.11854064871010388,-0.2157892189761797,0.02788474551115257
7,15,range,0.5,2.0,20,,105.2638997476882,0.1862123613312203,0.8532461005709548,-0.12585209005056805,-0.11192004291865221,0.868353305091975,-0.12888768000577572,-0.3993281082014329,93.50205204058248,0.2578125,1.315346964249729,0.24498880166233117,0.3441176419251182,0.2826207907656613,1.2175949299159938,0.928949389229672,-0.06261304519910572,-0.11332126497092124,-0.18571671427211062,0.24498880166233117
7,15,range,0.5,2.0,20,20.0,115.18973498538622,0.2838522809558291,0.8774356911953353,-0.0878528394784854,-0.0692485296274239,0.6674022221755554,-0.10375831444146519,-0.47279666712928703,113.22514114289285,0.4129032258064516,1.3596083105466756,0.20334230247263127,0.21895796642657128,0.1489501549434467,1.4700083159343142,1.0907664221982503,-0.05105981530542977,-0.06225041317315403,-0.13959664229850774,0.20334230247263127
7,15,range,0.5,2.0,50,,105.09707898739076,0.18492063492063493,0.8475931519888301,-0.1309872748083852,-0.12111422017630813,0.8512231760225376,-0.1422825688819138,-0.48431311452858333,91.67584008666485,0.2788844621513944,1.4631282606571647,0.3496867232992216,0.4911267602826703,0.3831700513906304,1.2817462077222244,1.1521576370467355,-0.09925275566640232,-0.13749909217368003,-0.14781979356696168,0.3496867232992216
7,15,range,0.5,2.0,50,20.0,115.857018026576,0.28077753779697623,0.8548762398403729,-0.10393119413206255,-0.09276500568683055,0.7337013548554038,-0.1264342842942037,-0.5343952843146127,116.51232265994457,0.4169278996865204,1.3756256760800205,0.21262531093318993,0.30053704706589945,0.19894924371671363,1.510621711605187,1.1161323975071893,-0.12240766723383631,-0.07759851307818419,-0.11424110723255806,0.21262531093318993
7,15,range,1.0,0.5,0,,177.08023705573856,0.6434291097503533,0.8611051507753943,-0.050940808066596795,-0.06000752324334946,0.5808599416516943,-0.1033080764232357,-0.9006126524788715,183.71692256411322,0.7117296222664016,1.2003799627406435,0.05811198631579003,0.10013102713490252,0.07835981903946883,1.2778363753554334,1.0845745615850046,-0.021137418111474838,-0.050416340329589505,-0.07577686059263943,0.05811198631579003
7,15,range,1.0,0.5,0,20.0,188.9245110368572,0.5924944812362031,0.831130969946353,-0.05777720311402855,-0.08048697045799957,0.678800203852055,-0.11857240171887422,-1.0918440173569197,203.07476927564008,0.6492805755395683,1.1921510244176563,0.04870978810030729,0.11782984373170269,0.09508378765475817,1.2392211820540182,1.0556934069147978,-0.0224622676504269,-0.06585208270243544,-0.07832973599957324,0.04870978810030729
7,15,range,1.0,0.5,20,,111.85331977943731,0.6510067114093959,0.8912519073347134,-0.03925966694570114,-0.024126400017278282,0.32920249462768847,-0.07328741552995834,-0.5206000452670834,110.66844440740817,0.6963696369636964,1.1049781559236487,0.033279090933333706,0.02284586556030943,0.05532449545014585,0.41294304402461934,0.4490323926815699,0.006654447310598101,-0.06503899707156302,-0.0485564001916836,0.033279090933333706
7,15,range,1.0,0.5,20,20.0,115.18973498538622,0.611151339608979,0.8971736839042957,-0.03372575654644337,-0.02103794697650585,0.2916066100613384,-0.07214495916975473,-0.4864370905308521,113.22514114289285,0.6580645161290323,1.186309552579399,0.0479109693046874,0.03230222817098305,0.042444718080481655,0.7610423541919421,0.731674116301907,0.00940015392146239,-0.05661642244800239,-0.04398636085010221,0.0479109693046874
7,15,range,1.0,0.5,50,,112.27037168018093,0.6567607726597325,0.9135033502972562,-0.030629708231157682,-0.018379337999380074,0.2892941451277225,-0.06353166252730642,-0.387929270150837,114.32086831524342,0.7284345047923323,1.2959385844940363,0.08258592870635867,0.05386974773225761,0.038726080157074856,1.391045711669224,1.135307769341457,-0.014802513054863792,-0.056897513436578596,-0.016358841318697644,0.08258592870635867
7,15,range,1.0,0.5,50,20.0,115.857018026576,0.6119510439164867,0.9118121682579641,-0.02849479945320144,-0.017585146403331753,0.2756515504634872,-0.06379483944045901,-0.3957192331141274,116.51232265994457,0.6865203761755486,1.3336825605121825,0.07895579871554559,0.05211815144507859,0.03486100588514296,1.4950271835756255,1.242959739301443,-0.00948140189507258,-0.0534245119837861,-0.018165415835379912,0.07895579871554559
7,15,range,1.0,1.0,0,,156.31105239870658,0.4973319103521878,0.9459996341641211,-0.02811128854024719,-0.0242191143108218,0.38720326798386706,-0.06254883755741157,-0.33129058866032707,148.6536530488948,0.5405405405405406,1.1392211883716132,0.065864404537784,0.05937955949446594,0.06581209817324651,0.9022590244449085,0.7569558725004463,0.03509117413138363,-0.020678969524422875,-0.08892448061789203,0.065864404537784
7,15,range,1.0,1.0,0,20.0,188.9245110368572,0.458719646799117,0.8658450729661257,-0.05904881743161231,-0.08333625340284101,0.7027971270917256,-0.11857796537629325,-0.8427713917330347,203.07476927564008,0.5071942446043165,1.0654103002195499,0.023582863998833976,0.05965387611821993,0.17997458499359106,0.33145722280923284,0.4130544576851795,-0.022604165089959567,-0.061812148481574035,-0.08595431935848846,0.023582863998833976
7,15,range,1.0,1.0,20,,105.09707898739076,0.5071428571428571,0.9842351240309536,-0.008349236002838522,-0.004189036612739172,0.19015056378825826,-0.022030103562584565,-0.05206043114528434,100.07641507468594,0.5474452554744526,1.1602045249349853,0.07682067091803813,0.03654202225271286,0.043719374019156126,0.8358313235844037,0.6654450226333746,0.06013260980261124,-0.0593478620609043,-0.01025897759194438,0.07682067091803813
7,15,range,1.0,1.0,20,20.0,115.18973498538622,0.4829833454018827,0.9384655258036025,-0.026195648121404434,-0.015842473614528396,0.2786679834937348,-0.05685071322477409,-0.27508963337630493,113.22514114289285,0.5580645161290323,1.2789883073378552,0.09154003281875135,0.0569674152947488,0.04658681132376487,1.2228228049102081,1.0420744818033867,0.032533809038029424,-0.05574543487973302,-0.0417787580478992,0.09154003281875135
7,15,range,1.0,1.0,50,,105.2638997476882,0.508716323296355,0.9901397650636967,-0.00515983317293017,-0.0025935788651694214,0.18905372216181476,-0.013718740025385624,-0.0217440782831304,101.53738463782004,0.5899280575539568,1.379975920663549,0.16153017706099781,0.07551394578529069,0.041506118344339836,1.8193449254593685,1.4026042372683176,0.008535614558719108,-0.024141483712311864,0.003071252343859568,0.16153017706099781
7,15,range,1.0,1.0,50,20.0,115.857018026576,0.4794816414686825,0.933357927063513,-0.02811336894945894,-0.017322023011024035,0.27894935255475795,-0.06209737664698006,-0.28479261354590685,116.51232265994457,0.5768025078369906,1.3489529555932005,0.10914101647221376,0.07067532764968876,0.04940253765175598,1.430601159557573,1.2606240548655792,-0.012705277582760301,-0.045038831248009795,-0.02298734976073346,0.10914101647221376
7,15,range,1.0,2.0,0,,114.68927270449389,0.32945454545454544,0.9282631498530985,-0.05079438733293627,-0.03338883887287447,0.4538157368077262,-0.07357355896853957,-0.34482441844251477,100.80689985625298,0.41304347826086957,1.3484691629210943,0.21033129297484934,0.13594740169570807,0.1048068929508999,1.297122716531602,1.2620577910879025,0.008630287628086137,-0.045084917621567175,-0.10623727676484919,0.21033129297484934
7,15,range,1.0,2.0,0,20.0,188.84110065670848,0.4037102473498233,0.8863016953261249,-0.05454903192284952,-0.07306598393051822,0.6785494378051287,-0.1076796764681749,-0.6424260764198922,203.07476927564008,0.4784172661870504,1.086016687344131,0.03281938749402024,0.0716898695680066,0.14104644305832023,0.5082713751126932,0.4846145211316639,-0.02133107888578461,-0.05307200326193206,-0.08315638253159263,0.03281938749402024
7,15,range,1.0,2.0,20,,88.99887561868725,0.3392689784442362,0.9709311733628253,-0.02004285578795932,-0.009068488201307345,0.27146166408463074,-0.03340614680119311,-0.09361889526799096,80.7185683631591,0.416289592760181,1.3486492534521513,0.21171652396460133,0.0841783593548513,0.06083411268211121,1.383736125070575,1.1546259239251317,0.05442048323824966,-0.05136510416870657,-0.04628256720832253,0.21171652396460133
7,15,range,1.0,2.0,20,20.0,115.1063246052375,0.42246376811594205,0.94607050607767,-0.02533383902279687,-0.015300100539115902,0.2994146642166046,-0.05110003739846021,-0.2112321821361321,113.22514114289285,0.5290322580645161,1.354102868996257,0.12173952127569435,0.07457070541970623,0.04536806409727534,1.6436827734111914,1.1832497340457309,0.026413664549030193,-0.04886524212510929,-0.04159674906124557,0.12173952127569435
7,15,range,1.0,2.0,50,,88.0813614370513,0.3409090909090909,0.9787880535999798,-0.014778615145705182,-0.006437376662090433,0.19559028840015255,-0.032912557748881625,-0.05888061984398047,77.06614445532384,0.47393364928909953,1.710262622077844,0.38726963176290496,0.1372635541704743,0.03813774457261478,3.5991523806323324,1.9519998764251467,0.01662082810525697,-0.040193215658449355,-0.014802284573871961,0.38726963176290496
7,15,range,1.0,2.0,50,20.0,115.77360764642728,0.41786743515850144,0.9295271326765298,-0.03263415061240035,-0.020541778726107185,0.29272217329568584,-0.07017500073476644,-0.2722390037516842,116.51232265994457,0.5517241379310345,1.467417085781675,0.15303227702493863,0.10087812041601141,0.042104751172387704,2.3958844930110232,1.5037693684414069,-0.03532299311522973,-0.03335035483476344,-0.029896522258126907,0.15303227702493863
7,15,atr,0.5,0.5,0,,182.16827024481066,0.6524725274725275,0.8775695517513821,-0.04382267980436362,-0.05059503219267014,0.5197328414765333,-0.09734815304134399,-0.7661425012445715,193.2132247244849,0.6994328922495274,1.2438748336472216,0.07499094686498342,0.1177619417351985,0.07394425837054718,1.592577224117571,1.2812891636526198,-0.007644272862276933,-0.049729009820663375,-0.06620942561480893,0.07499094686498342
7,15,atr,0.5,0.5,0,20.0,188.9245110368572,0.6066225165562914,0.8349152333392833,-0.05551657102591421,-0.07541194587311906,0.6517840887748395,-0.11570080824598084,-1.02056112380377,203.07476927564008,0.6546762589928058,1.2834764283900417,0.0740855559434668,0.1622471495115998,0.09025955703557426,1.7975619960959133,1.4857996057307472,-0.018802560532028948,-0.069306080244806,-0.07015196354817207,0.0740855559434668
7,15,atr,0.5,0.5,20,,112.68742358092454,0.6676535899333826,0.9180505281992595,-0.028341309806480242,-0.016790441793603228,0.26329807776862957,-0.0637697089773578,-0.37546644546194646,111.0336867981917,0.7006578947368421,1.2236727495887378,0.06885758130949621,0.0435864118738718,0.04519870748445084,0.9643287230916128,0.8850437469274558,0.010698875291173214,-0.040083052197339195,-0.04455133467817742,0.06885758130949621
7,15,atr,0.5,0.5,20,20.0,115.18973498538622,0.6241853729181752,0.9014506425322404,-0.031073348258542178,-0.01913332307130078,0.2633404864672028,-0.07265621525949333,-0.45182975728212244,113.22514114289285,0.6645161290322581,1.3187822371592046,0.07954732175939283,0.05216785304064819,0.03971468608419509,1.3135657910036707,1.1688203522881266,0.0014820086368393366,-0.044108517084173356,-0.04103656044486411,0.07954732175939283
7,15,atr,0.5,0.5,50,,113.18788586181688,0.6720707442888725,0.9267288836223523,-0.025042461089958664,-0.014721455978140008,0.25286441686688077,-0.05821877257601668,-0.31089430660099254,114.68611070602695,0.7261146496815286,1.3689655421083642,0.10484020704928565,0.065032551772926,0.03302110414111569,1.9694239022114275,1.3466859810023082,-0.013709436239277985,-0.05311918285972738,-0.003409515547379945,0.10484020704928565
7,15,atr,0.5,0.5,50,20.0,115.857018026576,0.624910007199424,0.9039845751471943,-0.029999243846196393,-0.018497895106920237,0.2737947674497653,-0.06756117101585644,-0.41535453910902614,116.51232265994457,0.6865203761755486,1.4033843779626394,0.09647955321671604,0.06375510692617237,0.030116105094166044,2.1169771697510353,1.4534035472564966,-0.021676136489658646,-0.0548618815546972,-0.00963004527668098,0.09647955321671604
7,15,atr,0.5,1.0,0,,162.9004724304557,0.5120327700972862,0.9806706076920315,-0.009780353307707865,-0.008042076198898629,0.29262285582277625,-0.027482734307566262,-0.09499401729752299,162.16762150788523,0.5180180180180181,1.176125022135517,0.08700704471426163,0.0704893171557559,0.08205013388706757,0.8591005744460603,0.898814863063794,0.04809372240068391,-0.004539882478017523,-0.060712292106456366,0.08700704471426163
7,15,atr,0.5,1.0,0,20.0,188.9245110368572,0.4750551876379691,0.882810373898444,-0.04968873649173593,-0.06369860696775731,0.610870427596646,-0.10427515245478065,-0.7050889276819162,203.07476927564008,0.5107913669064749,1.146618732123358,0.05210959552437986,0.10189921488909381,0.1319280969827203,0.7723844823020558,0.8112291249831914,-0.007343584199802933,-0.06272153397328101,-0.06969115819049292,0.05210959552437986
7,15,atr,0.5,1.0,20,,106.01459316902671,0.5224232887490166,0.9890914551511267,-0.005666891689875981,-0.0028145292114239995,0.20758347562117624,-0.013558541704737121,-0.026973613607314127,101.53738463782004,0.5467625899280576,1.269398437800147,0.12620117071351747,0.060679782119265946,0.04180273437298365,1.4515744730440931,1.0249409319565197,0.04774891757263538,-0.03942883315185779,-0.011375653311340477,0.12620117071351747
7,15,atr,0.5,1.0,20,20.0,115.18973498538622,0.499637943519189,0.9470306295317824,-0.02148104319675262,-0.012793264482512723,0.23645606388315227,-0.05410419285687964,-0.22580421919653273,113.22514114289285,0.5580645161290323,1.3971243162157811,0.1268724809254305,0.0754166615316012,0.03897023429927185,1.9352375701013003,1.4049561473453291,0.015076231743846485,-0.03341403728176554,-0.03558610168776223,0.1268724809254305
7,15,atr,0.5,1.0,50,,106.51505544991905,0.5277995301487862,1.0050455637037212,0.002289286850820851,0.0012642299392919831,0.19790685570462058,0.006388004775230567,0.045366289509694485,102.26786941938708,0.5857142857142857,1.4800969258090388,0.20616181594163793,0.09230347893232316,0.03430508702886322,2.6906644736001373,1.636807779620095,0.015796689780679544,-0.02176669521580652,0.01791651577509187,0.20616181594163793
7,15,atr,0.5,1.0,50,20.0,115.857018026576,0.4974802015838733,0.9410978093942775,-0.02374997076738944,-0.014330424864880897,0.2873666369762353,-0.0498680884311076,-0.23662318839738408,116.51232265994457,0.5736677115987461,1.4278289123370878,0.13345947115804183,0.08246377928828341,0.038116743487797256,2.1634529013393675,1.4965862233324945,-0.02828296650438179,-0.035397401784252235,-0.006754114569563818,0.13345947115804183
7,15,atr,0.5,2.0,0,,126.61695706576126,0.34914361001317523,0.9933426350803551,-0.004284864822880384,-0.002820367019466752,0.3265926257280694,-0.008635733930548303,-0.002945609402961107,112.12941397054227,0.3778501628664495,1.2888606849213577,0.18565899386863552,0.09550543969683933,0.08671147825136667,1.1014163479024077,1.0605221895182957,0.11619677811299245,-0.031005341749738485,-0.07494800281128935,0.18565899386863552
7,15,atr,0.5,2.0,0,20.0,188.9245110368572,0.4181015452538631,0.8868989926533944,-0.052161078981750694,-0.06861998421075322,0.6377333382806141,-0.10759980714785715,-0.6239300435202351,203.07476927564008,0.4766187050359712,1.1361440693641236,0.05079008630281937,0.10620258391277537,0.14777599280024079,0.7186727823668685,0.7248493863408454,-0.015575366817247673,-0.05858555676990891,-0.07422807494567307,0.05079008630281937
7,15,atr,0.5,2.0,20,,91.00072474225661,0.3473877176901925,0.9470641428210212,-0.03597655142012181,-0.01751704797757514,0.3434016266184265,-0.0510103814884935,-0.18412809841964795,82.91002270786025,0.3964757709251101,1.3649053959371025,0.22848298597829647,0.10340807675071062,0.0754483304864623,1.3705813777982159,1.1347072986815039,0.032546985595155245,-0.07359319818636986,-0.05097202484376318,0.22848298597829647
7,15,atr,0.5,2.0,20,20.0,115.18973498538622,0.4351918899348298,0.9233018918184634,-0.03438556011280374,-0.021639384618229784,0.3167690859853909,-0.06831280442318091,-0.30878691529587915,113.22514114289285,0.5258064516129032,1.4361299766754008,0.14761185631548268,0.09622339777215383,0.03965851799585375,2.4262983750984812,1.435603303527337,-0.009247389883632391,-0.036498976392440555,-0.04953005376723565,0.14761185631548268
7,15,atr,0.5,2.0,50,,90.16662094076938,0.35430157261794637,0.9617884099614277,-0.02546270242893526,-0.01204145020968661,0.3026223192787641,-0.0397903572954726,-0.11885445045285434,79.98808358159205,0.4429223744292237,1.6513769927244126,0.3766107328528872,0.14848125495000586,0.03874304824421367,3.832461865521429,1.758533003256878,0.010903273719716139,-0.07503153874258003,-0.00245680316436818,0.3766107328528872
7,15,atr,0.5,2.0,50,20.0,115.857018026576,0.4319654427645788,0.9082566318248914,-0.04066391966794079,-0.026410091534781577,0.3235665536201202,-0.08162182166018327,-0.352193340438004,116.51232265994457,0.5454545454545454,1.5059190624730823,0.16524693977174781,0.11591640751069643,0.04167264966888566,2.7815943654104602,1.6430502444052721,-0.06714467477355637,-0.03298021259008613,-0.02627750912464969,0.16524693977174781
7,15,atr,1.0,0.5,0,,156.14423163840914,0.7975427350427351,0.9358406970429001,-0.013283234194573518,-0.010935474812721502,0.19693623038251726,-0.05552799904558488,-0.28592410130247065,165.8200454157205,0.8149779735682819,1.2366664025040663,0.04488641053834237,0.03873996527030221,0.030429734763009662,1.273095726006605,1.0206067581651397,-0.0031291175800998955,-0.017597355975892202,-0.014482802276398149,0.04488641053834237
7,15,atr,1.0,0.5,0,20.0,188.9245110368572,0.6512141280353201,0.8590553117727069,-0.024735299081273355,-0.02602096688313027,0.30840216313878205,-0.08437349018016045,-0.7655531571562891,203.07476927564008,0.6942446043165468,1.3169146350708234,0.043351296998036006,0.05326217744897277,0.024044924555475754,2.2151110237874865,1.4438541194999888,-0.007045855498138797,-0.032635065774975554,-0.02984760576859565,0.043351296998036006
7,15,atr,1.0,0.5,20,,103.34546100426758,0.8062953995157385,0.962879675327627,-0.007366141797212302,-0.003985714801522211,0.16396950744237557,-0.024307658562205087,-0.13609236233331692,102.63311181017062,0.8185053380782918,1.2124203942397949,0.03908277961983604,0.02017433601337215,0.026552931071096963,0.7597781186323361,0.7374575206411647,0.044030904950467714,-0.03442033553237716,-0.018830439441380544,0.03908277961983604
7,15,atr,1.0,0.5,20,20.0,115.18973498538622,0.664011585807386,0.9017995669168914,-0.016314925526902637,-0.009610161282469387,0.16934103300225825,-0.056750340493914614,-0.4006773915791147,113.22514114289285,0.6935483870967742,1.2264675635479472,0.03159188659571939,0.018406135765865583,0.02514936043884228,0.7318729162367871,0.7769692981743952,0.010269677599843503,-0.0222941577276386,-0.028728314525822408,0.03159188659571939
7,15,atr,1.0,0.5,50,,103.67910252486247,0.8101367658889783,0.9835024466925493,-0.0032658905670539273,-0.0018424753306512942,0.11242409695904297,-0.016388615790461036,-0.05632398454912165,107.38126289035644,0.8469387755102041,1.4304837753638258,0.06858521035640024,0.03431434486173113,0.02126080075018493,1.6139723646783461,1.3333150332114034,0.014692432051514106,-0.019277295529072088,0.0009319857240654654,0.06858521035640024
7,15,atr,1.0,0.5,50,20.0,115.857018026576,0.6645068394528437,0.9191039593112527,-0.013149649629605313,-0.007682477039997582,0.14380376038647666,-0.053423338995800304,-0.31704377018703883,116.51232265994457,0.7241379310344828,1.4188995790212535,0.05225286143289439,0.029994274084843564,0.022586850262310908,1.327952934406835,1.3519874801900178,-0.005627758969392187,-0.02036014752145327,-0.009692634616080931,0.05225286143289439
7,15,atr,1.0,1.0,0,,125.94967402457146,0.6728476821192053,0.9866647763016794,-0.0046767166381488385,-0.003003207976196798,0.18177511864768858,-0.0165215569575148,-0.05301872505701618,120.16474656777983,0.6413373860182371,1.0453079200177648,0.01862919017403427,0.010341304068736568,0.059424601282185886,0.17402395381046756,0.24962244016657412,0.03559397132722749,-0.01133355660176084,-0.0306813162390227,0.01862919017403427
7,15,atr,1.0,1.0,0,20.0,188.9245110368572,0.5200883002207506,0.9191300856520486,-0.017993549690824236,-0.017998310436097453,0.2666189132136595,-0.06750575275833567,-0.450303968971838,203.07476927564008,0.5485611510791367,1.1646513333815667,0.0321258619546567,0.03486495143368251,0.03813981730043156,0.9141352502831209,0.8208917792819429,0.009855136330902712,-0.026047302681287583,-0.031237942024289676,0.0321258619546567
7,15,atr,1.0,1.0,20,,90.75049360181043,0.6939338235294118,1.0434639926877625,0.013618719537785864,0.005629977576572243,0.10957238660278051,0.051381353926166794,0.17858198757197327,85.10147705256139,0.6952789699570815,1.2431106406824077,0.07678987524046443,0.028273657181259182,0.028710575143015282,0.9847819850497703,0.8729262933722423,0.08760458153078955,-0.017742487184395046,-0.012567510298760885,0.07678987524046443
7,15,atr,1.0,1.0,20,20.0,115.18973498538622,0.5438088341781318,0.9894203501670219,-0.002269711429278,-0.0012352387742546878,0.1165917359014537,-0.01059456542699341,-0.03389809159570114,113.22514114289285,0.5870967741935483,1.2945624575011998,0.05342075125104704,0.027414916622467755,0.031341368986319416,0.8747198194959012,1.0290784249892309,0.03160028211820293,-0.0063365231307639805,-0.02213656503853986,0.05342075125104704
7,15,atr,1.0,1.0,50,,90.91731436210787,0.6963302752293578,1.052250782904218,0.016114666271196718,0.00672256254028869,0.07288334768031626,0.09223729087987906,0.20706012727160036,88.75390096039665,0.7407407407407407,1.5003859226762035,0.13586446512803158,0.049638412687158295,0.01983499707928626,2.5025671790491875,1.6059627089553608,0.034789550272606905,0.012048184181450768,0.007757346714620886,0.13586446512803158
7,15,atr,1.0,1.0,50,20.0,115.857018026576,0.5421166306695464,1.0007173055532044,-1.3055808053212212e-05,8.190556963549867e-05,0.09026187766624522,0.0009074215134140565,0.014323699067364953,116.51232265994457,0.6081504702194357,1.3596985097451488,0.06317330063904628,0.03223517552568911,0.02904290372730974,1.1099157242799245,1.225086986712841,0.002223013355378989,0.001181895367939301,-0.0008705152052143855,0.06317330063904628
7,15,atr,1.0,2.0,0,,83.74402166931772,0.500996015936255,0.9556014871915121,-0.023347861479859577,-0.009855486410081937,0.26367103662976504,-0.037377963602125044,-0.17596035737265045,71.58750859357096,0.5,1.2037975140315709,0.10263913949738046,0.03807653460757532,0.04944972886982532,0.770004921721825,0.6749085770433623,0.05517482866377426,-0.0007601579939329051,-0.11224448346809439,0.10263913949738046
7,15,atr,1.0,2.0,0,20.0,188.84110065670848,0.463339222614841,0.9208844165540743,-0.01925976964420228,-0.019403459803141287,0.288335389453075,-0.06729475642912398,-0.4216133302193033,203.07476927564008,0.512589928057554,1.1495875472279553,0.03193639936194763,0.034669389803337225,0.045840656441867134,0.7563022106217706,0.7158336107610309,0.01309232208549973,-0.028911493568751355,-0.034560235726169286,0.03193639936194763
7,15,atr,1.0,2.0,20,,68.56333248225016,0.5194647201946472,0.9761203159228864,-0.011745362497792339,-0.004271293115909791,0.19873088570229003,-0.02149284999568928,-0.07791836136647116,61.725964042415775,0.5680473372781065,1.424893616067709,0.18736044809606453,0.05557168417254266,0.046925104218446506,1.184263415033549,1.189886415235071,0.0901764670869227,-0.05780113732235062,-0.04481055016328035,0.18736044809606453
7,15,atr,1.0,2.0,20,20.0,115.1063246052375,0.48043478260869565,0.97177080739511,-0.0065589181606638056,-0.0037353039819887357,0.15299537761930365,-0.024414489117986573,-0.10277344631987272,113.22514114289285,0.5548387096774193,1.322147593038249,0.06286152308672835,0.033060999603205854,0.02972895229922733,1.112080885678071,1.0754500718538254,0.025641436138366665,-0.011261406806886757,-0.02453294861329928,0.06286152308672835
7,15,atr,1.0,2.0,50,,68.14628058150655,0.5128518971848225,0.949576068475648,-0.02567111148508928,-0.00906823473590812,0.1538611823577367,-0.05893776842832209,-0.17297059027210235,61.725964042415775,0.6331360946745562,1.8174985742726968,0.30805350989997254,0.0932038503724526,0.03174121794261143,2.9363665421083236,1.9729660300656697,-0.023532514884906635,-0.02892904819650554,-0.020780448184149394,0.30805350989997254
7,15,atr,1.0,2.0,50,20.0,115.77360764642728,0.4776657060518732,0.9705117336577309,-0.006764802128132014,-0.0038450716524605077,0.11588367062212412,-0.03318044407653083,-0.10329520219879976,116.51232265994457,0.5799373040752351,1.4435461328741366,0.08114641283740225,0.04371331041456861,0.027193988112774195,1.6074622903153573,1.424579224350128,-0.011032694510096041,-0.00030093352313645915,-0.0079301866724303,0.08114641283740225
