tf,n_entry,sl_atr,sides,p_trail_r,p_trail_start,dev_trades_per_year,dev_winrate,dev_pf,dev_avg_r,dev_cagr,dev_maxdd,dev_mar,dev_sharpe,hold_trades_per_year,hold_winrate,hold_pf,hold_avg_r,hold_cagr,hold_maxdd,hold_mar,hold_sharpe,r_12-15,r_16-19,r_20-23,r_24-26
H1,10,1.5,long,1.0,0.0,229.71218692958266,0.32207697893972403,0.7862936959517517,-0.09532580819560518,,1.3380467495445114,,0.20809459460098476,254.57394637611714,0.37733142037302725,1.056514778133256,0.02139166106930221,,-0.0,,-0.24296562205997718,-0.11012288968970393,-0.08730316262820063,-0.0930278479957577,0.02139166106930221
H1,10,1.5,both,1.0,0.0,462.76078906511424,0.32083633741888967,0.7548086827926852,-0.10798674692056437,,2.9299474357719912,,-0.04490733260072796,463.49259390429364,0.36012608353033887,0.935091480262,-0.025656764069761646,,-0.0,,0.5565528747535572,-0.08881562935615768,-0.11580369598468249,-0.11915664257288208,-0.025656764069761646
H1,10,1.5,long,1.0,1.0,204.2720209842222,0.4324213964883626,0.8150615309529692,-0.10693624343346336,,1.380874016339119,,0.0052033314417723,222.0673735963834,0.5197368421052632,1.1770360004547362,0.08396226453690392,,5.0450571335509435,,0.2667564080095238,-0.12965539827943526,-0.10406499409117499,-0.09315567591734175,0.08396226453690392
H1,10,1.5,both,1.0,1.0,397.533871788813,0.44607637431808644,0.8447747801431384,-0.08711935315340052,,2.097719329066784,,0.12366912492333734,397.38372117247553,0.5110294117647058,1.0761849303036988,0.03721777527671901,,-0.0,,-0.5885813523249839,-0.059348572100905835,-0.12624665522323622,-0.07626689271202494,0.03721777527671901
H1,10,1.5,long,2.0,0.0,152.55758529201404,0.2897758337889557,0.879251229279886,-0.07993017641991526,-0.0966165744325429,0.8756766146898126,-0.11033362409337265,-0.19536629449168424,149.01889543967832,0.3284313725490196,1.3801977498794853,0.23182100839223665,0.40912344844398074,0.32414063430445444,1.2621788358065122,1.1973506918467967,-0.15731499003880062,-0.059081869730006106,-0.03473022811435399,0.23182100839223665
H1,10,1.5,both,2.0,0.0,280.3422876798574,0.2865218684915204,0.9146305296366953,-0.056097436614868344,-0.18252127361818482,1.072853874424606,-0.17012687185948303,-0.24885596867544788,274.2970354784275,0.2996005326231691,1.0707717537989256,0.04449619717506946,0.46478338759742877,2.1976601021353086,0.21149011493898992,-0.4280142949860798,-0.015524573750166358,-0.11644527337307603,-0.037261640253388746,0.04449619717506946
H1,10,1.5,long,2.0,1.0,152.55758529201404,0.2897758337889557,0.879251229279886,-0.07993017641991526,-0.0966165744325429,0.8756766146898126,-0.11033362409337265,-0.19536629449168424,149.01889543967832,0.3284313725490196,1.3801977498794853,0.23182100839223665,0.40912344844398074,0.32414063430445444,1.2621788358065122,1.1973506918467967,-0.15731499003880062,-0.059081869730006106,-0.03473022811435399,0.23182100839223665
H1,10,1.5,both,2.0,1.0,280.3422876798574,0.2865218684915204,0.9146305296366953,-0.056097436614868344,-0.18252127361818482,1.072853874424606,-0.17012687185948303,-0.24885596867544788,274.2970354784275,0.2996005326231691,1.0707717537989256,0.04449619717506946,0.46478338759742877,2.1976601021353086,0.21149011493898992,-0.4280142949860798,-0.015524573750166358,-0.11644527337307603,-0.037261640253388746,0.04449619717506946
H1,10,1.5,long,3.0,0.0,119.44366437297109,0.22486033519553073,0.9165544187858318,-0.06393209664085822,-0.047357766737150975,0.858182601017307,-0.05518378802018605,-0.01517843035160439,109.93795962584112,0.2757475083056478,1.6099600888513177,0.42698044417053016,0.3160498391015558,0.17691424743078685,1.7864578104440243,1.5177378685616867,-0.23849471648129064,-0.10977332518378148,0.11115230908089305,0.42698044417053016
H1,10,1.5,both,3.0,0.0,198.34988399366287,0.22750210260723297,0.9317819178101843,-0.0512039778325891,-0.07295223266351736,0.8074448237303998,-0.09034949574198471,-0.10507327324388678,198.32661819545424,0.2302025782688766,1.0529972622435968,0.039827403220414184,0.08987317860856159,0.47755777877858935,0.18819330896132172,0.3673282930039599,-0.02307034485719201,-0.1393004164740395,-0.01066434223591857,0.039827403220414184
H1,10,1.5,long,3.0,1.0,119.44366437297109,0.22486033519553073,0.9165544187858318,-0.06393209664085822,-0.047357766737150975,0.858182601017307,-0.05518378802018605,-0.01517843035160439,109.93795962584112,0.2757475083056478,1.6099600888513177,0.42698044417053016,0.3160498391015558,0.17691424743078685,1.7864578104440243,1.5177378685616867,-0.23849471648129064,-0.10977332518378148,0.11115230908089305,0.42698044417053016
H1,10,1.5,both,3.0,1.0,198.34988399366287,0.22750210260723297,0.9317819178101843,-0.0512039778325891,-0.07295223266351736,0.8074448237303998,-0.09034949574198471,-0.10507327324388678,198.32661819545424,0.2302025782688766,1.0529972622435968,0.039827403220414184,0.08987317860856159,0.47755777877858935,0.18819330896132172,0.3673282930039599,-0.02307034485719201,-0.1393004164740395,-0.01066434223591857,0.039827403220414184
H1,10,2.5,long,1.0,0.0,151.80689187067554,0.3489010989010989,0.878490724499071,-0.0514969059944824,-0.04944049243815185,0.5817442661745089,-0.08498664329477194,-0.3984401614043749,155.5932584737818,0.39906103286384975,1.2846563513340963,0.10855813789376592,0.1316631540971478,0.10844453669369765,1.2141059209744358,1.114967987514751,-0.10811075335536457,-0.04615545529837137,-0.004973862399695747,0.10855813789376592
H1,10,2.5,both,1.0,0.0,283.09483022476525,0.3573954036535062,0.9256716776223395,-0.030730571581285115,-0.05687203072494784,0.6612386050098128,-0.08600833389651208,-0.35509985839429475,285.9847919835003,0.384418901660281,1.0564745962707867,0.022291978750280272,0.056789374934676395,0.2266282963547404,0.2505837790254762,0.36160899086677645,-0.013624416347818741,-0.06517975276611253,-0.014132198689842475,0.022291978750280272
H1,10,2.5,long,1.0,1.0,128.70221656947933,0.45560596241088785,0.8708201239102217,-0.07064975211066815,-0.060986849849530844,0.645226424987955,-0.09452007463995192,-0.42233358345676436,121.99095852169745,0.5119760479041916,1.286837554948465,0.1427610542201205,0.15519444331172538,0.1251119026862405,1.2404450734070187,1.085647552265128,-0.15650644663185137,-0.024706667155287302,-0.03622996634028677,0.1427610542201205
H1,10,2.5,both,1.0,1.0,220.70386587352058,0.4633408919123205,0.905908458046653,-0.05067349759917774,-0.08450452375833217,0.7851993878838256,-0.10762173921973951,-0.44063533369869806,215.49301056227995,0.49830508474576274,1.0398047211384573,0.0201421285790663,0.056904324565436815,0.3879320577931247,0.14668631638528465,0.29850116994252385,-0.051943964458012346,-0.043316758608495064,-0.05645443911254962,0.0201421285790663
H1,10,2.5,long,2.0,0.0,85.66246041273834,0.2765335929892892,0.8777111865957246,-0.0806346272899637,-0.042007236492836886,0.5891297735124714,-0.07130387629602228,-0.23711803391846206,69.76129663965334,0.38219895287958117,1.775587352817386,0.40585017897587017,0.19820946957770058,0.07211345290013035,2.7485782694693612,1.5388534900312105,-0.27041538064497067,-0.03696840224406127,0.05528917884904641,0.40585017897587017
H1,10,2.5,both,2.0,0.0,126.11649478486892,0.3062169312169312,0.9917951903498339,-0.00458432695822208,-0.003098346566769661,0.2554399501499284,-0.01212945181421744,0.017527744257186235,121.99095852169745,0.31137724550898205,1.0764529195987147,0.048130985668521156,0.028813694151275993,0.1757073059445762,0.1639868871495006,0.286695658840537,-0.00094447099115827,-0.011737150799931094,-0.0172891167004993,0.048130985668521156
H1,10,2.5,long,2.0,1.0,85.66246041273834,0.2765335929892892,0.8777111865957246,-0.0806346272899637,-0.042007236492836886,0.5891297735124714,-0.07130387629602228,-0.23711803391846206,69.76129663965334,0.38219895287958117,1.775587352817386,0.40585017897587017,0.19820946957770058,0.07211345290013035,2.7485782694693612,1.5388534900312105,-0.27041538064497067,-0.03696840224406127,0.05528917884904641,0.40585017897587017
H1,10,2.5,both,2.0,1.0,126.11649478486892,0.3062169312169312,0.9917951903498339,-0.00458432695822208,-0.003098346566769661,0.2554399501499284,-0.01212945181421744,0.017527744257186235,121.99095852169745,0.31137724550898205,1.0764529195987147,0.048130985668521156,0.028813694151275993,0.1757073059445762,0.1639868871495006,0.286695658840537,-0.00094447099115827,-0.011737150799931094,-0.0172891167004993,0.048130985668521156
H1,10,2.5,long,3.0,0.0,56.80246888128024,0.2276064610866373,0.9330686629032867,-0.052300661772453225,-0.015527054324109169,0.48177990484943045,-0.032228522127675296,-0.07104115341657088,42.002874940105414,0.34782608695652173,2.4620735790622703,0.9123837242541597,0.19411036880231003,0.054351382439271394,3.5713970848707666,1.8979832295803463,-0.34772248683467266,-0.01725078650576651,0.22525863683858105,0.9123837242541597
H1,10,2.5,both,3.0,0.0,72.98408263013248,0.22514285714285714,1.0160891414708373,0.012724496955702009,0.004281092372252493,0.2650524990726535,0.016151865714267435,0.08343878168836646,68.30032707651924,0.2620320855614973,1.2601177922121283,0.18586282737491855,0.05668440070615821,0.10064887952955312,0.5631895851310913,0.6034685818686996,0.014667768724780856,-0.10968033041333894,0.1592586784544033,0.18586282737491855
H1,10,2.5,long,3.0,1.0,56.80246888128024,0.2276064610866373,0.9330686629032867,-0.052300661772453225,-0.015527054324109169,0.48177990484943045,-0.032228522127675296,-0.07104115341657088,42.002874940105414,0.34782608695652173,2.4620735790622703,0.9123837242541597,0.19411036880231003,0.054351382439271394,3.5713970848707666,1.8979832295803463,-0.34772248683467266,-0.01725078650576651,0.22525863683858105,0.9123837242541597
H1,10,2.5,both,3.0,1.0,72.98408263013248,0.22514285714285714,1.0160891414708373,0.012724496955702009,0.004281092372252493,0.2650524990726535,0.016151865714267435,0.08343878168836646,68.30032707651924,0.2620320855614973,1.2601177922121283,0.18586282737491855,0.05668440070615821,0.10064887952955312,0.5631895851310913,0.6034685818686996,0.014667768724780856,-0.10968033041333894,0.1592586784544033,0.18586282737491855
H1,10,4.0,long,1.0,0.0,91.25095588270277,0.3546617915904936,0.9033995836596959,-0.03861688958244933,-0.01884814218629327,0.3398815223212498,-0.0554550363831734,-0.25075523649097475,82.54478031707671,0.47345132743362833,1.6853004005273526,0.2218921551453527,0.1007543871357548,0.04867094118616285,2.070113802615333,1.6191860116303387,-0.1473791897799293,-0.014497982042850686,0.03982119364171321,0.2218921551453527
H1,10,4.0,both,1.0,0.0,143.13221233520838,0.36013986013986016,0.9308852319497932,-0.027479543499931723,-0.02166737219702841,0.32866072168711064,-0.06592626002220014,-0.2482224878323063,144.63598675027603,0.3686868686868687,1.0418356216621205,0.02058201571838296,0.014286245685660282,0.10822810411027638,0.13200125607950836,0.1912740936202633,-0.025773771905819018,-0.034992960829464195,-0.03110836015834887,0.02058201571838296
H1,10,4.0,long,1.0,1.0,67.39558716016805,0.47277227722772275,0.9382511474798131,-0.033024694499751005,-0.011206971023585144,0.24888348755066747,-0.04502898578718943,-0.14963226046435593,63.5521759963334,0.5919540229885057,1.6818416014048756,0.2685712418575553,0.08683082906128292,0.045187239602845174,1.9215785213800867,1.503607775799035,-0.1343717388838932,0.0015145444291022462,0.02469844234835632,0.2685712418575553
H1,10,4.0,both,1.0,1.0,96.17216831147742,0.4891587163920208,0.9876934224867401,-0.006396095213267778,-0.002935148521144293,0.21050484191617375,-0.013943377712485654,-0.01919922110994537,92.04108247744838,0.5158730158730159,1.1382636800714934,0.06819717392169701,0.029825918506820814,0.08327670363691693,0.3581544081867195,0.47225931146681277,0.047667523106016824,-0.04966501644637618,-0.03413152484435609,0.06819717392169701
H1,10,4.0,long,2.0,0.0,36.61715688528932,0.296127562642369,0.9645566951150542,-0.02371951009340431,-0.0035357595317159207,0.2196351192235785,-0.016098334110751567,-0.029169897111138706,27.3931793087644,0.44,2.810574829519067,0.8787321710615797,0.10747376709250989,0.03769889255883296,2.850846796753675,1.9099627491322635,-0.24773976480565574,0.04204355106674577,0.13284341774285882,0.8787321710615797
H1,10,4.0,both,2.0,0.0,48.12778934581307,0.29116117850953205,0.966626069625393,-0.020441305715205214,-0.005222308451958924,0.2108422233181531,-0.02476879806033279,-0.046935186728005174,50.40344992812649,0.37681159420289856,1.345937322743699,0.1807325040952134,0.046687026437606916,0.05409764906505594,0.863013961687369,0.6731719219156932,0.016361032678954984,-0.15006963654392033,0.07362839317536629,0.1807325040952134
H1,10,4.0,long,2.0,1.0,36.61715688528932,0.296127562642369,0.9645566951150542,-0.02371951009340431,-0.0035357595317159207,0.2196351192235785,-0.016098334110751567,-0.029169897111138706,27.3931793087644,0.44,2.810574829519067,0.8787321710615797,0.10747376709250989,0.03769889255883296,2.850846796753675,1.9099627491322635,-0.24773976480565574,0.04204355106674577,0.13284341774285882,0.8787321710615797
H1,10,4.0,both,2.0,1.0,48.12778934581307,0.29116117850953205,0.966626069625393,-0.020441305715205214,-0.005222308451958924,0.2108422233181531,-0.02476879806033279,-0.046935186728005174,50.40344992812649,0.37681159420289856,1.345937322743699,0.1807325040952134,0.046687026437606916,0.05409764906505594,0.863013961687369,0.6731719219156932,0.016361032678954984,-0.15006963654392033,0.07362839317536629,0.1807325040952134
H1,10,4.0,long,3.0,0.0,23.855368722534728,0.21328671328671328,0.9756257175979998,-0.02018020547121579,-2.900947578954316e-05,0.25401225026779667,-0.00011420502656450401,0.027503086767808636,15.340180412908063,0.38095238095238093,4.040734319571083,1.627775644241803,0.10321735749456962,0.036192978213404475,2.8518613993567934,1.831467207256844,-0.44280967683791733,0.190173860357133,0.2551430209609735,1.627775644241803
H1,10,4.0,both,3.0,0.0,25.273345185063015,0.23432343234323433,1.111634827212024,0.08733050400375511,0.009755531493092828,0.16304753427717147,0.05983243804539223,0.17908392327193415,29.584633653465552,0.24691358024691357,1.6306914358881894,0.4229682471253978,0.052622690263966154,0.08610649797729966,0.61113494916306,0.8479038550164169,0.06909895238230529,-0.025577773245203946,0.21979051715250378,0.4229682471253978
H1,10,4.0,long,3.0,1.0,23.855368722534728,0.21328671328671328,0.9756257175979998,-0.02018020547121579,-2.900947578954316e-05,0.25401225026779667,-0.00011420502656450401,0.027503086767808636,15.340180412908063,0.38095238095238093,4.040734319571083,1.627775644241803,0.10321735749456962,0.036192978213404475,2.8518613993567934,1.831467207256844,-0.44280967683791733,0.190173860357133,0.2551430209609735,1.627775644241803
H1,10,4.0,both,3.0,1.0,25.273345185063015,0.23432343234323433,1.111634827212024,0.08733050400375511,0.009755531493092828,0.16304753427717147,0.05983243804539223,0.17908392327193415,29.584633653465552,0.24691358024691357,1.6306914358881894,0.4229682471253978,0.052622690263966154,0.08610649797729966,0.61113494916306,0.8479038550164169,0.06909895238230529,-0.025577773245203946,0.21979051715250378,0.4229682471253978
H1,20,1.5,long,1.0,0.0,161.0654440671838,0.33298808907301913,0.8260737806831466,-0.07613613852248788,-0.0981484142032224,0.7561049899374237,-0.12980791756359827,-0.7727145371617801,187.00410408116497,0.388671875,1.1455242916584272,0.05483033869280282,0.15012886607032327,0.45818325803205506,0.32766117800799277,0.5853417280113549,-0.04014701486032313,-0.0650665736279574,-0.1155791448260263,0.05483033869280282
H1,20,1.5,both,1.0,0.0,319.0447040688648,0.33359477124183007,0.7806481777035652,-0.09499245552903883,,1.7883645052258135,,-0.11500157811244618,322.50903106185285,0.35900339750849375,0.9684689997149083,-0.01208567731779244,,-0.0,,0.2651620492295486,-0.04647016428874784,-0.10983869016501994,-0.12610539588022582,-0.01208567731779244
H1,20,1.5,long,1.0,1.0,145.71793411981878,0.4373211219232971,0.8237338911578332,-0.10136127707563825,-0.14790828229838815,0.919598044103206,-0.16084014450316564,-0.6521242216353199,164.7243182433699,0.5121951219512195,1.1937981634379158,0.0928939577466195,0.37578757011647745,0.5286597722771265,0.7108306510590472,0.8411763448597736,-0.0644073229831487,-0.08356998654100209,-0.14871640174103293,0.0928939577466195
H1,20,1.5,both,1.0,1.0,286.01419352997056,0.45290172061825607,0.8460920870258287,-0.08537766680300114,,1.4821508030745025,,0.2528881922040053,288.541488718985,0.4835443037974684,1.012375597147195,0.006199836393998551,,-0.0,,0.008973207581843822,-0.02494339159867076,-0.12335763119314935,-0.1068739861454255,0.006199836393998551
H1,20,1.5,long,2.0,0.0,111.85331977943731,0.2878448918717375,0.9038137564755637,-0.0635784328511181,-0.043390932966128726,0.5463116111384504,-0.07942524391108405,-0.281192800726448,115.78183787837753,0.3438485804416404,1.4066598596080149,0.24294530519559082,0.19780066109034977,0.1577219871473838,1.2541096182456433,1.1463280069565325,-0.11354529239154769,-0.001154387804488095,-0.07818270530133278,0.24294530519559082
H1,20,1.5,both,2.0,0.0,218.61860636980254,0.28653185806943915,0.9260059398235034,-0.04838128540145939,-0.07595823685343506,0.8270572455191926,-0.09184157114269835,-0.2654640532541434,215.1277681714964,0.29711375212224106,1.0630274302355187,0.04020253938914113,0.09904211396751239,0.41518680454829315,0.2385483182088754,0.3921369429012991,0.03482429501645603,-0.12119233555675744,-0.054781350675159116,0.04020253938914113
H1,20,1.5,long,2.0,1.0,111.85331977943731,0.2878448918717375,0.9038137564755637,-0.0635784328511181,-0.043390932966128726,0.5463116111384504,-0.07942524391108405,-0.281192800726448,115.78183787837753,0.3438485804416404,1.4066598596080149,0.24294530519559082,0.19780066109034977,0.1577219871473838,1.2541096182456433,1.1463280069565325,-0.11354529239154769,-0.001154387804488095,-0.07818270530133278,0.24294530519559082
H1,20,1.5,both,2.0,1.0,218.61860636980254,0.28653185806943915,0.9260059398235034,-0.04838128540145939,-0.07595823685343506,0.8270572455191926,-0.09184157114269835,-0.2654640532541434,215.1277681714964,0.29711375212224106,1.0630274302355187,0.04020253938914113,0.09904211396751239,0.41518680454829315,0.2385483182088754,0.3921369429012991,0.03482429501645603,-0.12119233555675744,-0.054781350675159116,0.04020253938914113
H1,20,1.5,long,3.0,0.0,91.83482854374382,0.24159854677565848,0.9796848402102445,-0.015021869249361715,-0.007068243787745954,0.3559957897063085,-0.019854852198047494,0.006711211001384657,93.13680964979895,0.29411764705882354,1.5488814837030103,0.3880559317483705,0.16626196494026146,0.08447774483403112,1.9681155701647506,1.2847369209380872,-0.1761781769329032,-0.008520761699876225,0.08894262129935276,0.3880559317483705
H1,20,1.5,both,3.0,0.0,173.15994918874858,0.22976878612716764,0.9368009111602684,-0.04754165751989778,-0.0533742039092967,0.6951827794907379,-0.07677722389555798,-0.1451945246856294,170.20295410512279,0.24248927038626608,1.100022058178512,0.07594857266546425,0.10806861910221488,0.30018908617876516,0.36000182577543505,0.4416157911169865,-0.006793235412498194,-0.13808925785663653,-0.011915339924295797,0.07594857266546425
H1,20,1.5,long,3.0,1.0,91.83482854374382,0.24159854677565848,0.9796848402102445,-0.015021869249361715,-0.007068243787745954,0.3559957897063085,-0.019854852198047494,0.006711211001384657,93.13680964979895,0.29411764705882354,1.5488814837030103,0.3880559317483705,0.16626196494026146,0.08447774483403112,1.9681155701647506,1.2847369209380872,-0.1761781769329032,-0.008520761699876225,0.08894262129935276,0.3880559317483705
H1,20,1.5,both,3.0,1.0,173.15994918874858,0.22976878612716764,0.9368009111602684,-0.04754165751989778,-0.0533742039092967,0.6951827794907379,-0.07677722389555798,-0.1451945246856294,170.20295410512279,0.24248927038626608,1.100022058178512,0.07594857266546425,0.10806861910221488,0.30018908617876516,0.36000182577543505,0.4416157911169865,-0.006793235412498194,-0.13808925785663653,-0.011915339924295797,0.07594857266546425
H1,20,2.5,long,1.0,0.0,112.60401320077581,0.3540740740740741,0.8874932922931655,-0.04762270434833403,-0.03074054244105351,0.3657931735716253,-0.0840380429763112,-0.3959073821989655,119.79950417699631,0.3871951219512195,1.293932442955998,0.11165690111037177,0.08638084218225162,0.08481125319379686,1.0185068481993562,0.9968624693118369,-0.07239417976383841,-0.010323850437025248,-0.06068207788201344,0.11165690111037177
H1,20,2.5,both,1.0,0.0,221.0375073941155,0.3611320754716981,0.9224637317637411,-0.03208498825154178,-0.04307145676197155,0.5523621208277322,-0.07797684732151365,-0.38045255855806764,218.41494968854815,0.35785953177257523,1.0226889133007506,0.010359275312449496,0.015395041780855045,0.1863477580178572,0.08261458009803252,0.15851223261676523,0.00858984858145057,-0.060859900702244264,-0.04319388031234011,0.010359275312449496
H1,20,2.5,long,1.0,1.0,99.59199389757505,0.4564489112227806,0.8953087946496109,-0.05676956666298669,-0.032831334839019566,0.41387500283066,-0.079326691910535,-0.35523574220425647,101.17214224703652,0.5018050541516246,1.2934307816235635,0.1513375722279247,0.10019161635674312,0.1075916539950893,0.9312210811566859,1.0155203777374384,-0.12055369696207408,0.044045003538642456,-0.09173866696125793,0.1513375722279247
H1,20,2.5,both,1.0,1.0,187.33971381403146,0.4661620658949243,0.9290400917890478,-0.03802019067724484,-0.04326883459520059,0.5206712256112956,-0.08310202766515604,-0.3108737978802737,181.5254682194121,0.45472837022132795,0.9710581974769783,-0.014524941545812393,-0.024704673745059802,0.21050346959845903,-0.11735993611974484,-0.08268653710455325,-0.023646479883743538,-0.06205227562949619,-0.027226990740873216,-0.014524941545812393
H1,20,2.5,long,2.0,0.0,72.4002099690914,0.3029953917050691,0.9439108752654977,-0.03592269733238208,-0.013749509691869832,0.3520426498926828,-0.03905637483430276,-0.09741949857845185,67.56984229495218,0.3837837837837838,1.59118857075041,0.33949027675423976,0.12011672365673398,0.06737488236879356,1.7828116270280745,1.2797350301199906,-0.20587676220295506,0.020832673272940277,0.029111468072702765,0.33949027675423976
H1,20,2.5,both,2.0,0.0,123.11372109951489,0.30149051490514905,0.9954962898749716,-0.0025910146489061046,-0.001601741023989689,0.22819940481522902,-0.00701904119901892,0.029629062496096415,126.73910960188329,0.30835734870317005,1.024023423381569,0.013268974936441394,0.009383886647203576,0.15823194976845448,0.05930462628397929,0.12410320984558323,0.04227964038892437,-0.0625120148418945,-0.007937524774099146,0.013268974936441394
H1,20,2.5,long,2.0,1.0,72.4002099690914,0.3029953917050691,0.9439108752654977,-0.03592269733238208,-0.013749509691869832,0.3520426498926828,-0.03905637483430276,-0.09741949857845185,67.56984229495218,0.3837837837837838,1.59118857075041,0.33949027675423976,0.12011672365673398,0.06737488236879356,1.7828116270280745,1.2797350301199906,-0.20587676220295506,0.020832673272940277,0.029111468072702765,0.33949027675423976
H1,20,2.5,both,2.0,1.0,123.11372109951489,0.30149051490514905,0.9954962898749716,-0.0025910146489061046,-0.001601741023989689,0.22819940481522902,-0.00701904119901892,0.029629062496096415,126.73910960188329,0.30835734870317005,1.024023423381569,0.013268974936441394,0.009383886647203576,0.15823194976845448,0.05930462628397929,0.12410320984558323,0.04227964038892437,-0.0625120148418945,-0.007937524774099146,0.013268974936441394
H1,20,2.5,long,3.0,0.0,54.38356785696728,0.22699386503067484,0.9352154001422157,-0.04884664117829547,-0.014120197372089582,0.48241747860604123,-0.029269663721327607,-0.059831471361216707,47.11626841107476,0.3178294573643411,2.016064398101833,0.6494348334499,0.1565955369113794,0.059889664736976836,2.61473390440763,1.5352866450204155,-0.39252333123354877,-0.012788152036835653,0.2586105292463614,0.6494348334499
H1,20,2.5,both,3.0,0.0,76.82096011697372,0.23452768729641693,1.067646529054916,0.05242992095196423,0.017463057710989105,0.1908975494654689,0.09147868979925257,0.20289788511956966,75.97041728297326,0.27884615384615385,1.1870323958872573,0.1353203535629245,0.03766769459472585,0.08556148398985276,0.4402412491956437,0.45883071865471126,-0.001600459875028911,-0.03960820945365342,0.21346011834051526,0.1353203535629245
H1,20,2.5,long,3.0,1.0,54.38356785696728,0.22699386503067484,0.9352154001422157,-0.04884664117829547,-0.014120197372089582,0.48241747860604123,-0.029269663721327607,-0.059831471361216707,47.11626841107476,0.3178294573643411,2.016064398101833,0.6494348334499,0.1565955369113794,0.059889664736976836,2.61473390440763,1.5352866450204155,-0.39252333123354877,-0.012788152036835653,0.2586105292463614,0.6494348334499
H1,20,2.5,both,3.0,1.0,76.82096011697372,0.23452768729641693,1.067646529054916,0.05242992095196423,0.017463057710989105,0.1908975494654689,0.09147868979925257,0.20289788511956966,75.97041728297326,0.27884615384615385,1.1870323958872573,0.1353203535629245,0.03766769459472585,0.08556148398985276,0.4402412491956437,0.45883071865471126,-0.001600459875028911,-0.03960820945365342,0.21346011834051526,0.1353203535629245
H1,20,4.0,long,1.0,0.0,75.236162894148,0.3514412416851441,0.8911254528496652,-0.04437667247471779,-0.017855428394724204,0.26091660115721965,-0.06843346998823244,-0.2924569909189589,76.70090206454032,0.4380952380952381,1.5901856512253911,0.19857706054219715,0.0839495798654577,0.05291512930511406,1.5864948450072913,1.382751633807987,-0.12851031975031887,-0.006985214151614398,-0.006053741604415653,0.19857706054219715
H1,20,4.0,both,1.0,0.0,136.79302344390544,0.3646341463414634,0.9607937943497576,-0.01562946144246602,-0.010894667593233986,0.23566763681034877,-0.04622895082535819,-0.11698405057033205,139.8878356700902,0.360313315926893,1.0163274316662472,0.0071525834116415825,0.004856551977705514,0.08704680107617999,0.055792423359190976,0.0896857276405535,-0.014417639703934518,-0.046573126073956375,0.01408874610649527,0.0071525834116415825
H1,20,4.0,long,1.0,1.0,59.22136990559321,0.4788732394366197,0.9635769362049037,-0.018973418893105488,-0.0055196819681869735,0.20374178233065,-0.027091556307430112,-0.073503630043684,63.5521759963334,0.5402298850574713,1.4238406475619554,0.19401101013771463,0.05946053852672173,0.05155106585735904,1.1534298571293962,1.0475139643018991,-0.1171099167887358,0.008493193140323686,0.037948703568671686,0.19401101013771463
H1,20,4.0,both,1.0,1.0,96.58922021222104,0.48618307426597585,0.9741922391783862,-0.013257924515783292,-0.006403954013491697,0.20615183256257436,-0.031064259453273943,-0.060201133749539296,97.51971833920126,0.49812734082397003,1.1013002917224641,0.05221234000830736,0.024902283330925812,0.05872943044823638,0.4240171093243357,0.37205417918124195,-0.01817546261479725,-0.05979945547628626,0.03523057910016249,0.05221234000830736
H1,20,4.0,long,2.0,0.0,39.202878669899725,0.28936170212765955,0.9592393009548349,-0.02593695749704179,-0.0045582818897289545,0.27215906423330477,-0.01674859480638656,-0.039891829683481775,35.42851190600196,0.4329896907216495,2.094558643170597,0.5661379984903495,0.09185405534394797,0.04077791455453289,2.252544210447796,1.4761631137447087,-0.22544197825209225,-0.06823185338888663,0.20274742209911753,0.5661379984903495
H1,20,4.0,both,2.0,0.0,49.62917618849008,0.2991596638655462,1.0044984499330454,0.003023042771950006,0.0005529460734847724,0.2066560362492533,0.00267568314732336,0.03678206007796201,56.612570571446426,0.3741935483870968,1.141869716577281,0.08423750936370006,0.022023819872836636,0.06402280438039039,0.34399961210668767,0.33897977293474885,-0.008318603219855456,-0.13798384446359968,0.1703462069002473,0.08423750936370006
H1,20,4.0,long,2.0,1.0,39.202878669899725,0.28936170212765955,0.9592393009548349,-0.02593695749704179,-0.0045582818897289545,0.27215906423330477,-0.01674859480638656,-0.039891829683481775,35.42851190600196,0.4329896907216495,2.094558643170597,0.5661379984903495,0.09185405534394797,0.04077791455453289,2.252544210447796,1.4761631137447087,-0.22544197825209225,-0.06823185338888663,0.20274742209911753,0.5661379984903495
H1,20,4.0,both,2.0,1.0,49.62917618849008,0.2991596638655462,1.0044984499330454,0.003023042771950006,0.0005529460734847724,0.2066560362492533,0.00267568314732336,0.03678206007796201,56.612570571446426,0.3741935483870968,1.141869716577281,0.08423750936370006,0.022023819872836636,0.06402280438039039,0.34399961210668767,0.33897977293474885,-0.008318603219855456,-0.13798384446359968,0.1703462069002473,0.08423750936370006
H1,20,4.0,long,3.0,0.0,24.856293284319403,0.22818791946308725,0.9617944100899767,-0.02774587617055888,-0.0012148486537749692,0.29314381370024567,-0.004144207030809844,0.011755678273455467,20.818816274660943,0.3508771929824561,2.88396432648188,1.1827564583516708,0.10152224279203614,0.04922799922794428,2.0622865926756377,1.6172837853707025,-0.4168506244873065,0.0222893072439937,0.3031856865086139,1.1827564583516708
H1,20,4.0,both,3.0,0.0,29.110222671904268,0.22349570200573066,1.0160319662978508,0.01377324780092925,0.0016167469569035031,0.1791903762043592,0.009022509975980352,0.05133741477040327,29.584633653465552,0.25925925925925924,1.5331017749863292,0.3822795262059512,0.049776780335329285,0.08689511746710309,0.572837482545252,0.741906326130429,0.028139939047181775,-0.1439597947850928,0.2082150605495059,0.3822795262059512
H1,20,4.0,long,3.0,1.0,24.856293284319403,0.22818791946308725,0.9617944100899767,-0.02774587617055888,-0.0012148486537749692,0.29314381370024567,-0.004144207030809844,0.011755678273455467,20.818816274660943,0.3508771929824561,2.88396432648188,1.1827564583516708,0.10152224279203614,0.04922799922794428,2.0622865926756377,1.6172837853707025,-0.4168506244873065,0.0222893072439937,0.3031856865086139,1.1827564583516708
H1,20,4.0,both,3.0,1.0,29.110222671904268,0.22349570200573066,1.0160319662978508,0.01377324780092925,0.0016167469569035031,0.1791903762043592,0.009022509975980352,0.05133741477040327,29.584633653465552,0.25925925925925924,1.5331017749863292,0.3822795262059512,0.049776780335329285,0.08689511746710309,0.572837482545252,0.741906326130429,0.028139939047181775,-0.1439597947850928,0.2082150605495059,0.3822795262059512
H1,40,1.5,long,1.0,0.0,110.93580559780136,0.3406015037593985,0.8757753966992833,-0.05366049354701713,-0.0345875469385345,0.41112739675313414,-0.08412853828688766,-0.4367239003260544,142.8097747963584,0.39641943734015345,1.1483204354761556,0.0551792574066761,0.05593585437772197,0.15801024594592236,0.3540014385957322,0.5680347808057604,-0.030677083093113438,-0.029201931583629784,-0.09400176022894102,0.0551792574066761
H1,40,1.5,both,1.0,0.0,216.36652610578702,0.34232845026985353,0.8134263194872937,-0.0795675934462929,-0.3766292406707815,1.0476850142572003,-0.3594870934923207,-0.4534398464735998,227.9112518489198,0.3733974358974359,1.0540120311077035,0.02045698342743506,1.9349701141095563,13.648118774545168,0.14177559164552628,0.3739734149457628,-0.03880554916917163,-0.09870862016907685,-0.09714843826675963,0.02045698342743506
H1,40,1.5,long,1.0,1.0,101.00997036010334,0.4393063583815029,0.8440908896767115,-0.08871031918773117,-0.059045545016175205,0.5920047962223209,-0.09973828825873447,-0.5959756426438206,127.83483677423386,0.5114285714285715,1.1523163494269661,0.0736399007759407,0.0885908349795923,0.1958784125676044,0.4522746218857402,0.6304963227796335,-0.08844305836422163,-0.03427613243292141,-0.14177710471514388,0.0736399007759407
H1,40,1.5,both,1.0,1.0,194.59641688697036,0.46035147878268323,0.866600651478597,-0.07251267825212397,-0.13254551218303634,0.9295489008006622,-0.14259122039611788,-0.5103210908512338,205.63146601112476,0.4920071047957371,1.059089144588125,0.0298513014047267,0.14504978880126318,0.9108128604195078,0.15925311894965477,0.4930632237085067,-0.007338367051093956,-0.09971373529809438,-0.10596469258841919,0.0298513014047267
H1,40,1.5,long,2.0,0.0,77.4882431581635,0.2755651237890204,0.9198451955771697,-0.05203564855568306,-0.0221542136825551,0.39299416648861385,-0.05637288176692814,-0.188441246014269,86.56244661569549,0.35443037974683544,1.5163421674102984,0.2996205983186043,0.14645204179130755,0.09274478610542475,1.5790865227165736,1.2593990227888554,-0.12985515987711943,0.05185607906006913,-0.08792158719605794,0.2996205983186043
H1,40,1.5,both,2.0,0.0,148.88752856547023,0.28515406162464985,0.9476651559738407,-0.033324345100915455,-0.02839107453656131,0.5613564861601295,-0.050575837701219026,-0.17436829534578135,150.84510739359595,0.3075060532687651,1.1705313403007707,0.10508973425170581,0.10021453544013958,0.1899527264532562,0.5275761886197537,0.6445245583074877,0.03844448873981,-0.05414623445634722,-0.07578342952465306,0.10508973425170581
H1,40,1.5,long,2.0,1.0,77.4882431581635,0.2755651237890204,0.9198451955771697,-0.05203564855568306,-0.0221542136825551,0.39299416648861385,-0.05637288176692814,-0.188441246014269,86.56244661569549,0.35443037974683544,1.5163421674102984,0.2996205983186043,0.14645204179130755,0.09274478610542475,1.5790865227165736,1.2593990227888554,-0.12985515987711943,0.05185607906006913,-0.08792158719605794,0.2996205983186043
H1,40,1.5,both,2.0,1.0,148.88752856547023,0.28515406162464985,0.9476651559738407,-0.033324345100915455,-0.02839107453656131,0.5613564861601295,-0.050575837701219026,-0.17436829534578135,150.84510739359595,0.3075060532687651,1.1705313403007707,0.10508973425170581,0.10021453544013958,0.1899527264532562,0.5275761886197537,0.6445245583074877,0.03844448873981,-0.05414623445634722,-0.07578342952465306,0.10508973425170581
H1,40,1.5,long,3.0,0.0,65.22691727630125,0.25191815856777494,0.9991796333357009,0.0008703235525510637,-0.00019461110224339162,0.2799767391892982,-0.0006950973956154655,0.041265623108023446,70.12653903043686,0.3385416666666667,1.6684861315127981,0.43908620934728093,0.13468553715252551,0.0698730389028706,1.9275752030729585,1.3305264812450066,-0.16916978141939232,0.07978005600664205,0.022268291478152066,0.43908620934728093
H1,40,1.5,both,3.0,0.0,125.19898060323297,0.24050632911392406,0.9818273873807333,-0.011824673825976717,-0.008652723346114333,0.42441361744927136,-0.020387478135403047,-0.011704187258428759,123.81717047561509,0.27728613569321536,1.2120707606913552,0.15138690054385254,0.09296633504126817,0.1479932524982767,0.6281795519180897,0.6713336149512599,0.03999667803282663,-0.02004966743100636,-0.06854663653590488,0.15138690054385254
H1,40,1.5,long,3.0,1.0,65.22691727630125,0.25191815856777494,0.9991796333357009,0.0008703235525510637,-0.00019461110224339162,0.2799767391892982,-0.0006950973956154655,0.041265623108023446,70.12653903043686,0.3385416666666667,1.6684861315127981,0.43908620934728093,0.13468553715252551,0.0698730389028706,1.9275752030729585,1.3305264812450066,-0.16916978141939232,0.07978005600664205,0.022268291478152066,0.43908620934728093
H1,40,1.5,both,3.0,1.0,125.19898060323297,0.24050632911392406,0.9818273873807333,-0.011824673825976717,-0.008652723346114333,0.42441361744927136,-0.020387478135403047,-0.011704187258428759,123.81717047561509,0.27728613569321536,1.2120707606913552,0.15138690054385254,0.09296633504126817,0.1479932524982767,0.6281795519180897,0.6713336149512599,0.03999667803282663,-0.02004966743100636,-0.06854663653590488,0.15138690054385254
H1,40,2.5,long,1.0,0.0,77.4882431581635,0.36490850376749195,0.941344942240374,-0.023975307981453056,-0.009585312586450456,0.21085669371868246,-0.04545889635943377,-0.1539722903834236,90.58011291431428,0.40725806451612906,1.3551375230516138,0.13499053789369372,0.061423018910236715,0.05489155443731237,1.1189885136225,1.0208434239942101,-0.0729155500333578,0.04852639418823983,-0.051899518176054045,0.13499053789369372
H1,40,2.5,both,1.0,0.0,150.63914654859343,0.3588039867109635,0.9382200850244631,-0.02514072457160639,-0.020611882234461865,0.3857623664948236,-0.05343155275033405,-0.2517038441492045,154.4975313014312,0.38534278959810875,1.0928650128561102,0.03859857622871746,0.03294615547986912,0.10010378010801786,0.32911999371370676,0.4044542047334491,0.012840140660358318,-0.025103593054584927,-0.058981315930600124,0.03859857622871746
H1,40,2.5,long,1.0,1.0,69.81448818448101,0.46236559139784944,0.918275657765765,-0.04366544500403295,-0.01624969715771385,0.25089406317637336,-0.06476716488221823,-0.22539343832466233,79.98808358159205,0.4977168949771689,1.3014700729258941,0.15593391558378217,0.06769203688573566,0.07590261248189564,0.8918274967397417,0.9392601141886129,-0.1386536901317971,0.0438743449493448,-0.04829591020998533,0.15593391558378217
H1,40,2.5,both,1.0,1.0,133.12296671736163,0.46365914786967416,0.9324524333755689,-0.036361119786443935,-0.02708975532072111,0.4195429717876128,-0.06456967972862357,-0.2577862462727134,138.42686610695608,0.47493403693931396,1.0052379907406108,0.0057058069048663475,0.0025860091677085695,0.0994098282745133,0.026013616687552116,0.06757076456438206,-0.024881642667357828,-0.05772205943624019,-0.024595102569009167,0.0057058069048663475
H1,40,2.5,long,2.0,0.0,51.54761493191071,0.313915857605178,1.0484521543532364,0.03161095660376482,0.007343064366615248,0.17199581449061746,0.042693273602979566,0.13282113384559302,55.51684339909585,0.42105263157894735,1.620755933290836,0.3420373254794536,0.0783843944644751,0.0490144992646812,1.5992083085699749,1.1909036603509835,-0.14038910757827822,0.15566725925796016,0.01937717533309969,0.3420373254794536
H1,40,2.5,both,2.0,0.0,96.33898907177486,0.3047619047619048,1.0402569513236828,0.02609272005420077,0.011141505195178425,0.1913362038648807,0.058229989777817584,0.1651341165508238,98.98068790233536,0.33948339483394835,1.0711326849170129,0.0457680034711676,0.018106725619776,0.0836072306176996,0.21656889584790068,0.25146659270593213,0.07513943575721803,0.029126381506124528,-0.04049932011398594,0.0457680034711676
H1,40,2.5,long,2.0,1.0,51.54761493191071,0.313915857605178,1.0484521543532364,0.03161095660376482,0.007343064366615248,0.17199581449061746,0.042693273602979566,0.13282113384559302,55.51684339909585,0.42105263157894735,1.620755933290836,0.3420373254794536,0.0783843944644751,0.0490144992646812,1.5992083085699749,1.1909036603509835,-0.14038910757827822,0.15566725925796016,0.01937717533309969,0.3420373254794536
H1,40,2.5,both,2.0,1.0,96.33898907177486,0.3047619047619048,1.0402569513236828,0.02609272005420077,0.011141505195178425,0.1913362038648807,0.058229989777817584,0.1651341165508238,98.98068790233536,0.33948339483394835,1.0711326849170129,0.0457680034711676,0.018106725619776,0.0836072306176996,0.21656889584790068,0.25146659270593213,0.07513943575721803,0.029126381506124528,-0.04049932011398594,0.0457680034711676
H1,40,2.5,long,3.0,0.0,41.95542121480758,0.23856858846918488,0.9747420292601591,-0.018297451923623458,-0.002487616513184965,0.26207210504286055,-0.009492107192324524,0.008624093168253296,41.637632549321886,0.3684210526315789,2.034335599356472,0.6337573405380066,0.11344193500748934,0.055989248775650334,2.0261378298189476,1.352693796017073,-0.23409953096065497,-0.023134585352080697,0.1658197938511646,0.6337573405380066
H1,40,2.5,both,3.0,0.0,71.31587502715801,0.22456140350877193,0.9991429370801335,-0.0005190704345917999,-0.00023932428127704242,0.2848953537734462,-0.0008400427669570115,0.03912022712401722,66.10887273181808,0.287292817679558,1.2125734960834407,0.1569470004067843,0.045288569509187804,0.09076948291476669,0.4989404814800383,0.4869024140756953,0.12644557178834817,-0.18833669610410114,0.08328798903227737,0.1569470004067843
H1,40,2.5,long,3.0,1.0,41.95542121480758,0.23856858846918488,0.9747420292601591,-0.018297451923623458,-0.002487616513184965,0.26207210504286055,-0.009492107192324524,0.008624093168253296,41.637632549321886,0.3684210526315789,2.034335599356472,0.6337573405380066,0.11344193500748934,0.055989248775650334,2.0261378298189476,1.352693796017073,-0.23409953096065497,-0.023134585352080697,0.1658197938511646,0.6337573405380066
H1,40,2.5,both,3.0,1.0,71.31587502715801,0.22456140350877193,0.9991429370801335,-0.0005190704345917999,-0.00023932428127704242,0.2848953537734462,-0.0008400427669570115,0.03912022712401722,66.10887273181808,0.287292817679558,1.2125734960834407,0.1569470004067843,0.045288569509187804,0.09076948291476669,0.4989404814800383,0.4869024140756953,0.12644557178834817,-0.18833669610410114,0.08328798903227737,0.1569470004067843
H1,40,4.0,long,1.0,0.0,54.049926336372394,0.3549382716049383,0.9168594835444391,-0.03149494814449333,-0.009010017303193618,0.16687584045942255,-0.053992341122527494,-0.1856961959913946,60.630236870065204,0.4457831325301205,1.5356286737474483,0.18489002974727264,0.05794866655663067,0.038821260621591885,1.4927044003408887,1.1853398428729613,-0.14275095776005775,0.0512010563252889,-0.015308977790389961,0.18489002974727264
H1,40,4.0,both,1.0,0.0,103.26205062411886,0.3667205169628433,0.9653407862782719,-0.013039862939575217,-0.007126837813301701,0.18514303057111325,-0.03849368669896699,-0.09742892736715032,107.74650528113997,0.38305084745762713,1.0895290709104866,0.03498657205185407,0.020065923490394155,0.07325410130184376,0.2739221850215929,0.33326393278574834,0.006420608869438924,-0.04319703772841016,-0.0014048369932052455,0.03498657205185407
H1,40,4.0,long,1.0,1.0,43.87385995822821,0.4847908745247148,0.9859464681061283,-0.006922517990281065,-0.0015409998749106313,0.14967387564966653,-0.010295717059652851,-0.012430620797600067,54.05587383596175,0.5405405405405406,1.5263553212011791,0.23280562685185763,0.0598483960367735,0.0397636064625851,1.5051048272768428,1.1969433499667994,-0.17485987207861994,0.09882251888998228,0.03434297917133975,0.23280562685185763
H1,40,4.0,both,1.0,1.0,81.65876216559964,0.48008171603677224,0.950949492603403,-0.024835803383317867,-0.010708381173087145,0.21371361397763383,-0.050106219130278844,-0.1436103698632886,88.38865856961313,0.5,1.0723105202475671,0.03510253547485203,0.017918501720416202,0.06647274803792899,0.26956162110511817,0.2755706630664569,0.007818281215302363,-0.07156207265641348,-0.00863396016670355,0.03510253547485203
H1,40,4.0,long,2.0,0.0,31.779354836663398,0.29658792650918636,1.009953814898737,0.007094005968867665,0.0018331082414217992,0.18760633871301327,0.009771035744298367,0.055055739390609544,35.42851190600196,0.4329896907216495,2.0183855741792236,0.5120070608175532,0.07692564888630415,0.040862665631985234,1.8825411337357942,1.3507034291903073,-0.2835001228798873,0.02714622784826959,0.24757311234793428,0.5120070608175532
H1,40,4.0,both,2.0,0.0,50.796921510572204,0.277504105090312,0.9568824514345132,-0.02798361949063594,-0.007455191159307373,0.2361044060201476,-0.03157582395421793,-0.07425807658723926,53.69063144517822,0.36054421768707484,1.168767855513604,0.09711369103885534,0.027506852690381667,0.0760552144207302,0.3616695173353451,0.3820528813926567,0.026997946777253867,-0.16016958582593205,0.05619128012687064,0.09711369103885534
H1,40,4.0,long,2.0,1.0,31.779354836663398,0.29658792650918636,1.009953814898737,0.007094005968867665,0.0018331082414217992,0.18760633871301327,0.009771035744298367,0.055055739390609544,35.42851190600196,0.4329896907216495,2.0183855741792236,0.5120070608175532,0.07692564888630415,0.040862665631985234,1.8825411337357942,1.3507034291903073,-0.2835001228798873,0.02714622784826959,0.24757311234793428,0.5120070608175532
H1,40,4.0,both,2.0,1.0,50.796921510572204,0.277504105090312,0.9568824514345132,-0.02798361949063594,-0.007455191159307373,0.2361044060201476,-0.03157582395421793,-0.07425807658723926,53.69063144517822,0.36054421768707484,1.168767855513604,0.09711369103885534,0.027506852690381667,0.0760552144207302,0.3616695173353451,0.3820528813926567,0.026997946777253867,-0.16016958582593205,0.05619128012687064,0.09711369103885534
H1,40,4.0,long,3.0,0.0,22.270571499708996,0.21722846441947566,1.0163532885862878,0.015281268028503778,0.002247163828340115,0.2456697852312547,0.009147090783772238,0.060728405808580146,23.740755400929146,0.3230769230769231,2.430941419158745,0.9560382154038175,0.09368101145091168,0.05234147545758061,1.78980455999629,1.511592181098974,-0.4570992781390757,0.05463148042133393,0.49899724994072425,0.9560382154038175
H1,40,4.0,both,3.0,0.0,27.692246209375977,0.24096385542168675,1.087591638442538,0.06873367846213728,0.008388856464461414,0.1492764955880321,0.05619676715624861,0.15629662746279716,27.758421699547924,0.23684210526315788,1.642392414449643,0.4477341566471768,0.05331635969788895,0.07105652400446254,0.750337290556748,0.8569335783483392,0.07019706236824393,-0.13464697395357628,0.35436968481399633,0.4477341566471768
H1,40,4.0,long,3.0,1.0,22.270571499708996,0.21722846441947566,1.0163532885862878,0.015281268028503778,0.002247163828340115,0.2456697852312547,0.009147090783772238,0.060728405808580146,23.740755400929146,0.3230769230769231,2.430941419158745,0.9560382154038175,0.09368101145091168,0.05234147545758061,1.78980455999629,1.511592181098974,-0.4570992781390757,0.05463148042133393,0.49899724994072425,0.9560382154038175
H1,40,4.0,both,3.0,1.0,27.692246209375977,0.24096385542168675,1.087591638442538,0.06873367846213728,0.008388856464461414,0.1492764955880321,0.05619676715624861,0.15629662746279716,27.758421699547924,0.23684210526315788,1.642392414449643,0.4477341566471768,0.05331635969788895,0.07105652400446254,0.750337290556748,0.8569335783483392,0.07019706236824393,-0.13464697395357628,0.35436968481399633,0.4477341566471768
H1,55,1.5,long,1.0,0.0,93.08598424597467,0.33602150537634407,0.8446399405147136,-0.06799453886234116,-0.03745302041937404,0.4252747043847346,-0.08806783011832112,-0.49855540016751876,125.6433824295327,0.39825581395348836,1.1487642128376263,0.05470998277580755,0.05031172341654311,0.161313447890765,0.31188796764552573,0.5293952156435928,-0.06733383315883129,-0.0324956230601141,-0.10267167411488722,0.05470998277580755
H1,55,1.5,both,1.0,0.0,180.33324188153875,0.3418131359851989,0.799482517514146,-0.08575191092840546,-0.17318676440941883,0.9484141349306685,-0.18260668839786875,-0.5893853340132317,192.11749755213432,0.37832699619771865,1.0743888783637279,0.027791444859987635,0.21144760380237382,1.3791666858546077,0.15331548098651268,0.4506551899334566,-0.05423909220010034,-0.09248291243054074,-0.10691916065659084,0.027791444859987635
H1,55,1.5,long,1.0,1.0,84.32789433035877,0.4421364985163205,0.8296755111208117,-0.09623512418080575,-0.051731180733488036,0.5446321306010498,-0.09498371070468814,-0.5790580084133908,111.0336867981917,0.5263157894736842,1.2226873867709425,0.10401605927344093,0.09811314199214949,0.13245334249644397,0.7407373807481195,0.8100438491666924,-0.1166986093556051,-0.0304644997206177,-0.14512205288653726,0.10401605927344093
H1,55,1.5,both,1.0,1.0,161.48249596792738,0.4669421487603306,0.8637981054346175,-0.07293813178641018,-0.09211030750442561,0.7963538152615008,-0.11566505457650016,-0.6124233828146802,172.02916605904042,0.505307855626327,1.1204675186168045,0.05888336262891716,0.13937869732974795,0.35033026312121324,0.3978494352385518,0.5777483317524919,-0.027823668318993747,-0.07636764451396322,-0.11198299401385736,0.05888336262891716
H1,55,1.5,long,2.0,0.0,64.72645499540891,0.27835051546391754,0.9128879099986356,-0.0563321435811814,-0.02006453178121792,0.35578510001714453,-0.05639508731605414,-0.191540237936155,73.4137205474886,0.38308457711442784,1.656873770009126,0.3743286977908347,0.1502057707153157,0.07030534852936328,2.136477150846948,1.4097405738773139,-0.12268395751613692,0.06497656923235486,-0.11776604681334558,0.3743286977908347
H1,55,1.5,both,2.0,0.0,123.78100414070467,0.28773584905660377,0.9474105310205504,-0.03278411299232287,-0.022939890690631515,0.48753615738066003,-0.047052696181301756,-0.15301090271569023,122.72144330326451,0.34226190476190477,1.3096021868949872,0.18478579824936853,0.13036284800807763,0.10711535857409024,1.2170322701007197,0.977860453268822,0.03096183611310762,-0.04360751321590162,-0.07829493353625948,0.18478579824936853
H1,55,1.5,long,2.0,1.0,64.72645499540891,0.27835051546391754,0.9128879099986356,-0.0563321435811814,-0.02006453178121792,0.35578510001714453,-0.05639508731605414,-0.191540237936155,73.4137205474886,0.38308457711442784,1.656873770009126,0.3743286977908347,0.1502057707153157,0.07030534852936328,2.136477150846948,1.4097405738773139,-0.12268395751613692,0.06497656923235486,-0.11776604681334558,0.3743286977908347
H1,55,1.5,both,2.0,1.0,123.78100414070467,0.28773584905660377,0.9474105310205504,-0.03278411299232287,-0.022939890690631515,0.48753615738066003,-0.047052696181301756,-0.15301090271569023,122.72144330326451,0.34226190476190477,1.3096021868949872,0.18478579824936853,0.13036284800807763,0.10711535857409024,1.2170322701007197,0.977860453268822,0.03096183611310762,-0.04360751321590162,-0.07829493353625948,0.18478579824936853
H1,55,1.5,long,3.0,0.0,55.5513131790494,0.23573573573573572,0.9207065490424781,-0.057255800641439654,-0.0177842626605077,0.36160844482513665,-0.04918099373787482,-0.12989611970540824,58.073540134580526,0.3584905660377358,1.8758070808754972,0.5595615967358586,0.1698947727171083,0.07562665044069782,2.246493421658682,1.4849420746946884,-0.19372240351215664,0.07830425034785285,-0.11854831295868988,0.5595615967358586
H1,55,1.5,both,3.0,0.0,106.43164506977033,0.22962382445141066,0.9384922747555954,-0.04377326670673887,-0.027655922349653306,0.5024010547448798,-0.055047500574410685,-0.14707181218309479,101.53738463782004,0.29136690647482016,1.3234133689100807,0.22702698957944062,0.13834885147273512,0.1515451813500152,0.9129214815032536,0.8646810215067633,-0.006677051603474906,-0.02030319964690728,-0.12131387853788762,0.22702698957944062
H1,55,1.5,long,3.0,1.0,55.5513131790494,0.23573573573573572,0.9207065490424781,-0.057255800641439654,-0.0177842626605077,0.36160844482513665,-0.04918099373787482,-0.12989611970540824,58.073540134580526,0.3584905660377358,1.8758070808754972,0.5595615967358586,0.1698947727171083,0.07562665044069782,2.246493421658682,1.4849420746946884,-0.19372240351215664,0.07830425034785285,-0.11854831295868988,0.5595615967358586
H1,55,1.5,both,3.0,1.0,106.43164506977033,0.22962382445141066,0.9384922747555954,-0.04377326670673887,-0.027655922349653306,0.5024010547448798,-0.055047500574410685,-0.14707181218309479,101.53738463782004,0.29136690647482016,1.3234133689100807,0.22702698957944062,0.13834885147273512,0.1515451813500152,0.9129214815032536,0.8646810215067633,-0.006677051603474906,-0.02030319964690728,-0.12131387853788762,0.22702698957944062
H1,55,2.5,long,1.0,0.0,65.06009651600381,0.358974358974359,0.9142114397440821,-0.03581299417965237,-0.012207386693624755,0.2094487724373215,-0.0582834005259108,-0.21470567284231867,78.16187162767442,0.40654205607476634,1.4398189382831297,0.15998412488431496,0.06500185349117449,0.04067141732342459,1.5982195302974322,1.1386889576659318,-0.10109179664964267,0.047734317396574216,-0.06166099668977448,0.15998412488431496
H1,55,2.5,both,1.0,0.0,125.86626364442274,0.35917826375082834,0.9311109931386248,-0.027757125194815196,-0.018957448739831184,0.3587223321174919,-0.052847138420203166,-0.2545083673768011,128.20007916501737,0.39316239316239315,1.1674882151715524,0.06509599020547521,0.04575361679378531,0.07010065677237207,0.6526845667417147,0.6260567280021287,0.0060716763967457715,-0.015440661492661831,-0.06937937444001777,0.06509599020547521
H1,55,2.5,long,1.0,1.0,58.303855723957255,0.4520743919885551,0.892087023072989,-0.05867623508100152,-0.01850697337475682,0.26943233084418455,-0.06868876246874615,-0.2846709311386746,67.56984229495218,0.5405405405405406,1.54780717549673,0.2579793115617074,0.09590768315215703,0.04896371961299788,1.95874994608656,1.410828976843116,-0.1489781879461968,0.039689859188344286,-0.0789545913975462,0.2579793115617074
H1,55,2.5,both,1.0,1.0,110.26852255661157,0.4659606656580938,0.9429018475075586,-0.03056450931746012,-0.018011514196361933,0.339980872531048,-0.05297802215245822,-0.19878434231516295,112.4946563613258,0.512987012987013,1.1914390511407813,0.0980684435514666,0.06063370728064754,0.07582450052101997,0.7996585122751814,0.7449153812917885,0.0032911204250993514,-0.058003940960748845,-0.0332260968507044,0.0980684435514666
H1,55,2.5,long,2.0,0.0,43.62362881778204,0.30019120458891013,0.9988896661898405,0.001126216099975048,-0.00014981458461149622,0.16956039697076833,-0.0008835470268291703,0.02449831927711762,45.655298847940664,0.44,1.8967403447688664,0.4658389249276819,0.09400594153535113,0.043844066599461586,2.144097225153507,1.4497195419777293,-0.14026503815201996,0.10259575900626358,-0.026216629758832814,0.4658389249276819
H1,55,2.5,both,2.0,0.0,83.3269697685741,0.29429429429429427,0.9933417501098252,-0.00284481437338865,-0.001730079435366072,0.23202672251071715,-0.007456380095556282,0.015068550169778157,82.91002270786025,0.34801762114537443,1.1502646024303549,0.09394577814699896,0.03566542798177097,0.08713705496544447,0.40930265540779,0.4429029966203128,0.02015161331943468,0.01665044246465792,-0.06627301032245665,0.09394577814699896
H1,55,2.5,long,2.0,1.0,43.62362881778204,0.30019120458891013,0.9988896661898405,0.001126216099975048,-0.00014981458461149622,0.16956039697076833,-0.0008835470268291703,0.02449831927711762,45.655298847940664,0.44,1.8967403447688664,0.4658389249276819,0.09400594153535113,0.043844066599461586,2.144097225153507,1.4497195419777293,-0.14026503815201996,0.10259575900626358,-0.026216629758832814,0.4658389249276819
H1,55,2.5,both,2.0,1.0,83.3269697685741,0.29429429429429427,0.9933417501098252,-0.00284481437338865,-0.001730079435366072,0.23202672251071715,-0.007456380095556282,0.015068550169778157,82.91002270786025,0.34801762114537443,1.1502646024303549,0.09394577814699896,0.03566542798177097,0.08713705496544447,0.40930265540779,0.4429029966203128,0.02015161331943468,0.01665044246465792,-0.06627301032245665,0.09394577814699896
H1,55,2.5,long,3.0,0.0,37.2844399264791,0.21700223713646533,0.8975705182047509,-0.07736452970927699,-0.013965103127135836,0.29820666158399084,-0.04683028559106323,-0.11617742725298842,33.60229995208433,0.42391304347826086,2.54542199803329,0.8593663585296492,0.13946367777020097,0.05315979632868511,2.623480287770519,1.5898405334380952,-0.3031196108435261,-0.11545667814896172,0.13908473339509939,0.8593663585296492
H1,55,2.5,both,3.0,0.0,65.39373803659869,0.22193877551020408,0.9800221533398306,-0.014400339771682522,-0.005044568948407102,0.2869801361139007,-0.017578111909477046,-0.006540162665411701,60.630236870065204,0.30120481927710846,1.257138561532991,0.1798242632059274,0.05121917860436209,0.10885775796769971,0.47051473005313826,0.5356100059801756,0.045606452120493274,-0.17282336720191935,0.09077060153650814,0.1798242632059274
H1,55,2.5,long,3.0,1.0,37.2844399264791,0.21700223713646533,0.8975705182047509,-0.07736452970927699,-0.013965103127135836,0.29820666158399084,-0.04683028559106323,-0.11617742725298842,33.60229995208433,0.42391304347826086,2.54542199803329,0.8593663585296492,0.13946367777020097,0.05315979632868511,2.623480287770519,1.5898405334380952,-0.3031196108435261,-0.11545667814896172,0.13908473339509939,0.8593663585296492
H1,55,2.5,both,3.0,1.0,65.39373803659869,0.22193877551020408,0.9800221533398306,-0.014400339771682522,-0.005044568948407102,0.2869801361139007,-0.017578111909477046,-0.006540162665411701,60.630236870065204,0.30120481927710846,1.257138561532991,0.1798242632059274,0.05121917860436209,0.10885775796769971,0.47051473005313826,0.5356100059801756,0.045606452120493274,-0.17282336720191935,0.09077060153650814,0.1798242632059274
H1,55,4.0,long,1.0,0.0,44.62455337956671,0.36074766355140186,0.9379374649717894,-0.0240430191230229,-0.005501223445081527,0.141961264692158,-0.03875158098239608,-0.12402610605420379,50.03820753734297,0.48175182481751827,1.8794755118231767,0.27717990957645705,0.06838651444123145,0.03294837828980907,2.0755654144708964,1.55913752745716,-0.16502895796501277,0.0917911873658117,-0.03914392968640752,0.27717990957645705
H1,55,4.0,both,1.0,0.0,86.32974345392813,0.3652173913043478,0.9777962422809173,-0.008590283429851343,-0.0037758867325828893,0.16820360899284542,-0.02244830985013822,-0.053248955566847174,87.29293139726255,0.40585774058577406,1.3093049880451757,0.10993995204217265,0.04769644131611295,0.06348631958967699,0.751286916998548,0.8764612028658856,0.005153094409119667,-0.009431028189076533,-0.03556546984861837,0.10993995204217265
H1,55,4.0,long,1.0,1.0,37.78490220737144,0.4746136865342163,0.9690629999809525,-0.016418597108405923,-0.0029612155251036443,0.15976132999420023,-0.018535245827079334,-0.05246120525712516,44.559571675590085,0.5655737704918032,1.651574112578604,0.27403896682973417,0.058941118218802435,0.031813263442659105,1.8527215331127265,1.3012074545858971,-0.13374250987602007,0.0851096119337986,-0.05067794854936534,0.27403896682973417
H1,55,4.0,both,1.0,1.0,71.81633730805035,0.4738675958188153,0.9384885614527365,-0.03186606491849057,-0.011962320016846273,0.252835601274966,-0.0473126409276394,-0.18352196891362477,71.95275098435448,0.5076142131979695,1.1609200716421175,0.07887848473916119,0.031240872752223314,0.06863838895549915,0.4551516028803932,0.508667406817084,0.020273182718352205,-0.07075412371921667,-0.06195570776109757,0.07887848473916119
H1,55,4.0,long,2.0,0.0,27.358604688781085,0.28353658536585363,1.0304592147136453,0.0199151934363854,0.0034732018041283563,0.17650161588368538,0.01967801703536356,0.08604166003100638,29.584633653465552,0.4691358024691358,2.135049208361978,0.5443179190588052,0.0667514414177417,0.034101003097998794,1.9574626947457443,1.301912586786169,-0.3041584173097565,0.05779559541955584,0.2644967208321761,0.5443179190588052
H1,55,4.0,both,2.0,0.0,47.37709592447457,0.2764084507042254,0.968304014979723,-0.021052564971865056,-0.005161544394081674,0.2419160665336725,-0.021336095894909212,-0.047342062951583046,47.48151080185829,0.35384615384615387,1.2163144078172057,0.1254443766320089,0.030035775867780057,0.06875593625908978,0.43684629287277316,0.4481097176070991,0.017377754776617894,-0.14067307936306986,0.05640343339774567,0.1254443766320089
H1,55,4.0,long,2.0,1.0,27.358604688781085,0.28353658536585363,1.0304592147136453,0.0199151934363854,0.0034732018041283563,0.17650161588368538,0.01967801703536356,0.08604166003100638,29.584633653465552,0.4691358024691358,2.135049208361978,0.5443179190588052,0.0667514414177417,0.034101003097998794,1.9574626947457443,1.301912586786169,-0.3041584173097565,0.05779559541955584,0.2644967208321761,0.5443179190588052
H1,55,4.0,both,2.0,1.0,47.37709592447457,0.2764084507042254,0.968304014979723,-0.021052564971865056,-0.005161544394081674,0.2419160665336725,-0.021336095894909212,-0.047342062951583046,47.48151080185829,0.35384615384615387,1.2163144078172057,0.1254443766320089,0.030035775867780057,0.06875593625908978,0.43684629287277316,0.4481097176070991,0.017377754776617894,-0.14067307936306986,0.05640343339774567,0.1254443766320089
H1,55,4.0,long,3.0,0.0,19.851670475396034,0.20588235294117646,1.0265380442403957,0.022905498647595193,0.0028884535228681507,0.20754430910290683,0.013917286074252062,0.07244800860655205,19.357846711526843,0.3584905660377358,2.911591255724802,1.2067758063991456,0.09513685868810162,0.03159836879990872,3.0108155041337596,1.6323895894196103,-0.4606989239059279,0.16063469951057785,0.375184784306816,1.2067758063991456
H1,55,4.0,both,3.0,0.0,28.276118870417037,0.22713864306784662,1.058430131201396,0.04504104163828379,0.005826313446418485,0.1657056856468945,0.03516061276759019,0.11502699878242623,21.549301056227993,0.2542372881355932,2.022724724386118,0.6967095433393576,0.06599808290164644,0.0684043071182746,0.9648234984316459,1.0986367164836188,0.052492256323557134,-0.16096403593185782,0.34826914594160013,0.6967095433393576
H1,55,4.0,long,3.0,1.0,19.851670475396034,0.20588235294117646,1.0265380442403957,0.022905498647595193,0.0028884535228681507,0.20754430910290683,0.013917286074252062,0.07244800860655205,19.357846711526843,0.3584905660377358,2.911591255724802,1.2067758063991456,0.09513685868810162,0.03159836879990872,3.0108155041337596,1.6323895894196103,-0.4606989239059279,0.16063469951057785,0.375184784306816,1.2067758063991456
H1,55,4.0,both,3.0,1.0,28.276118870417037,0.22713864306784662,1.058430131201396,0.04504104163828379,0.005826313446418485,0.1657056856468945,0.03516061276759019,0.11502699878242623,21.549301056227993,0.2542372881355932,2.022724724386118,0.6967095433393576,0.06599808290164644,0.0684043071182746,0.9648234984316459,1.0986367164836188,0.052492256323557134,-0.16096403593185782,0.34826914594160013,0.6967095433393576
H4,10,1.5,long,1.0,0.0,57.80339344306492,0.3852813852813853,0.9438248637681484,-0.02224985870915992,-0.0064871217843675,0.13884662777503612,-0.046721493264338755,-0.12370159779427178,60.995479260848725,0.41916167664670656,1.719988673520654,0.25092603356366183,0.07494367231413945,0.031574612173994134,2.373542132557545,1.4352582882495577,-0.07654347408667286,0.015538765882211406,-0.0161281049180893,0.25092603356366183
H4,10,1.5,both,1.0,0.0,113.93857928315538,0.3740849194729136,0.9829143179330835,-0.006824223175682804,-0.003951086340288179,0.2264960366352652,-0.017444395049838142,-0.042696332923898975,111.0336867981917,0.3651315789473684,1.168377312858855,0.06511320905322537,0.036603835788098005,0.07496689205500744,0.4882666839281493,0.5796614072607783,0.05644333584232087,-0.04247549609363216,-0.03381255934147751,0.06511320905322537
H4,10,1.5,long,1.0,1.0,51.29738379146454,0.48292682926829267,0.9539694797668902,-0.024269595288768077,-0.006280501819047712,0.15671721000260858,-0.04007538048273813,-0.10134459171017013,52.22966188204412,0.5384615384615384,1.8835263477071778,0.37926861078558666,0.09620659475073423,0.03276399188483531,2.9363514399862582,1.7307778438871522,-0.10713143637529281,0.0194137439711206,-0.004858869024716046,0.37926861078558666
H4,10,1.5,both,1.0,1.0,100.25927693876484,0.4875207986688852,0.9880915212161869,-0.006219252664889862,-0.003245430460330656,0.2217814644794266,-0.014633461222507691,-0.02186985667083535,94.23253682214953,0.4844961240310077,1.289161024245512,0.13951527254918333,0.06518847744774936,0.0568840908864148,1.1459878576229094,0.9511060071962896,0.06108784172256121,-0.04029912619722862,-0.04101295637644322,0.13951527254918333
H4,10,1.5,long,2.0,0.0,37.78490220737144,0.304635761589404,1.0081572971459531,0.0057678743584453195,0.001667687266861062,0.23526512439727723,0.007088544343890703,0.05205991818677852,36.52423907835253,0.45,2.3529688245533347,0.659753252045616,0.10199986510476311,0.043182952180549385,2.362040109677963,1.7110602853460644,-0.2853640463624524,0.0642882652579241,0.23720899636187465,0.659753252045616
H4,10,1.5,both,2.0,0.0,68.73015324254762,0.29854368932038833,1.0540474754729847,0.03468181118049649,0.011439035557260446,0.14234330999489828,0.08036229842955339,0.1756781373708585,67.20459990416866,0.3695652173913043,1.4005189453830644,0.22613488926825606,0.058292001915076774,0.05253141732484929,1.1096597975760787,0.8807527143993906,0.026182017298559044,-0.007311952003551574,0.0855880170445892,0.22613488926825606
H4,10,1.5,long,2.0,1.0,37.78490220737144,0.304635761589404,1.0081572971459531,0.0057678743584453195,0.001667687266861062,0.23526512439727723,0.007088544343890703,0.05205991818677852,36.52423907835253,0.45,2.3529688245533347,0.659753252045616,0.10199986510476311,0.043182952180549385,2.362040109677963,1.7110602853460644,-0.2853640463624524,0.0642882652579241,0.23720899636187465,0.659753252045616
H4,10,1.5,both,2.0,1.0,68.73015324254762,0.29854368932038833,1.0540474754729847,0.03468181118049649,0.011439035557260446,0.14234330999489828,0.08036229842955339,0.1756781373708585,67.20459990416866,0.3695652173913043,1.4005189453830644,0.22613488926825606,0.058292001915076774,0.05253141732484929,1.1096597975760787,0.8807527143993906,0.026182017298559044,-0.007311952003551574,0.0855880170445892,0.22613488926825606
H4,10,1.5,long,3.0,0.0,28.526350010863208,0.23391812865497075,1.059032351929121,0.045545835980886774,0.0067290318789658965,0.19947109202553648,0.0337343712847596,0.12333346535367158,25.56696735484677,0.34285714285714286,2.675239852045484,1.0356572837708573,0.10498113764774919,0.0450846054264104,2.328536241025892,1.702584858591283,-0.29797791865016526,0.11401644310344082,0.3553471196133895,1.0356572837708573
H4,10,1.5,both,3.0,0.0,47.29368554432584,0.2328042328042328,1.0797091930267975,0.06061706185812156,0.013429884331892517,0.19629237494694962,0.0684177586394892,0.19783406999473405,43.463844503239514,0.31932773109243695,1.6194303721012946,0.39341661023506413,0.0649003990885817,0.05157157617303217,1.2584528902283083,0.9677056375218974,0.11890071103190299,-0.11721346857785543,0.22520931725524496,0.39341661023506413
H4,10,1.5,long,3.0,1.0,28.526350010863208,0.23391812865497075,1.059032351929121,0.045545835980886774,0.0067290318789658965,0.19947109202553648,0.0337343712847596,0.12333346535367158,25.56696735484677,0.34285714285714286,2.675239852045484,1.0356572837708573,0.10498113764774919,0.0450846054264104,2.328536241025892,1.702584858591283,-0.29797791865016526,0.11401644310344082,0.3553471196133895,1.0356572837708573
H4,10,1.5,both,3.0,1.0,47.29368554432584,0.2328042328042328,1.0797091930267975,0.06061706185812156,0.013429884331892517,0.19629237494694962,0.0684177586394892,0.19783406999473405,43.463844503239514,0.31932773109243695,1.6194303721012946,0.39341661023506413,0.0649003990885817,0.05157157617303217,1.2584528902283083,0.9677056375218974,0.11890071103190299,-0.11721346857785543,0.22520931725524496,0.39341661023506413
H4,10,2.5,long,1.0,0.0,39.119468289751005,0.34541577825159914,0.951748364315385,-0.01894249610112145,-0.0036855872887221475,0.15884485127334938,-0.023202434697614318,-0.08166453916084289,36.88948146913606,0.5643564356435643,2.3401530469331866,0.36068238104244477,0.06316687862918013,0.02340186556294893,2.6992240622555013,1.6748208953900654,-0.18093188711782288,0.008778122936245263,0.10006191883294685,0.36068238104244477
H4,10,2.5,both,1.0,0.0,73.73477605147097,0.36425339366515835,0.9801296478162093,-0.007543381189638224,-0.0029009989786943358,0.15409892210304135,-0.018825563080542018,-0.03838457075146296,67.9350846857357,0.43548387096774194,1.290695243790397,0.1096388727840185,0.03366955900311619,0.04712428311664744,0.7144842696020103,0.7146772102167814,-0.016931757702112908,-0.008566358028426724,-0.008994653113467352,0.1096388727840185
H4,10,2.5,long,1.0,1.0,31.02866141532489,0.49193548387096775,1.0661519997742304,0.03179452465813142,0.004834467779403218,0.1262318716863874,0.03829831337218901,0.13641512219006635,30.315118435032602,0.6867469879518072,2.5506094117927254,0.4662073859863342,0.06000787891696091,0.03083041970065416,1.9463854044026414,1.7436129191270284,-0.19035061801484568,0.06788700958260653,0.20326925181645458,0.4662073859863342
H4,10,2.5,both,1.0,1.0,55.134261278305786,0.4962178517397882,1.0217249807647126,0.010491984251907373,0.0027452046208860104,0.12484339153390413,0.021989186509247357,0.0743229866747391,51.49917710047707,0.5815602836879432,1.4429509229762114,0.1818745171313848,0.04012784398482405,0.04181016688824885,0.9597628273543765,0.9322768133110022,-0.024475165265845134,-0.02519232085925791,0.06897549181550128,0.1818745171313848
H4,10,2.5,long,2.0,0.0,20.435543136437094,0.27346938775510204,1.0432528585754044,0.028655212831499976,0.003254026021545453,0.1802565694219848,0.01805219100740624,0.08757484816515991,14.974938022124539,0.4878048780487805,3.6055423611008512,1.174330078706474,0.07294582333072475,0.027308520989453418,2.671174442544747,1.8263655641647516,-0.3781489105202105,0.1391641888241527,0.3882133627791484,1.174330078706474
H4,10,2.5,both,2.0,0.0,32.44663787785318,0.2853470437017995,1.01565173459081,0.012314073202671633,0.0018781022713396656,0.1204928010432554,0.015586842160515885,0.05637102096293196,27.027936917980874,0.33783783783783783,1.6253230469500546,0.34254033984215104,0.038950255849873994,0.04354424268966518,0.8944984099842542,0.818326444517598,-0.04336809589387297,-0.08895034649049234,0.21114369148327186,0.34254033984215104
H4,10,2.5,long,2.0,1.0,20.435543136437094,0.27346938775510204,1.0432528585754044,0.028655212831499976,0.003254026021545453,0.1802565694219848,0.01805219100740624,0.08757484816515991,14.974938022124539,0.4878048780487805,3.6055423611008512,1.174330078706474,0.07294582333072475,0.027308520989453418,2.671174442544747,1.8263655641647516,-0.3781489105202105,0.1391641888241527,0.3882133627791484,1.174330078706474
H4,10,2.5,both,2.0,1.0,32.44663787785318,0.2853470437017995,1.01565173459081,0.012314073202671633,0.0018781022713396656,0.1204928010432554,0.015586842160515885,0.05637102096293196,27.027936917980874,0.33783783783783783,1.6253230469500546,0.34254033984215104,0.038950255849873994,0.04354424268966518,0.8944984099842542,0.818326444517598,-0.04336809589387297,-0.08895034649049234,0.21114369148327186,0.34254033984215104
H4,10,2.5,long,3.0,0.0,15.01386842677011,0.2111111111111111,0.94467319404288,-0.045743925186307974,-0.0028921705895527117,0.21267745634482105,-0.013598858286435114,-0.03308592210774329,10.226786941938709,0.42857142857142855,3.444289912139542,1.435071521634035,0.06429666239941989,0.03148258793849957,2.042292791336652,1.385687810300814,-0.5636362556378015,0.14079256721534555,0.4413729701067362,1.435071521634035
H4,10,2.5,both,3.0,0.0,23.0212649210475,0.21014492753623187,0.8740940101823703,-0.10150962679074,-0.012109139117922885,0.23739768931630884,-0.05100782216034403,-0.1783408953863659,18.262119539176265,0.24,1.603305115482093,0.45930717384646697,0.04284892589694378,0.06875269941485213,0.6232326332147978,0.7255153609451364,-0.11491995709502353,-0.0736652226503538,-0.11460859079600623,0.45930717384646697
H4,10,2.5,long,3.0,1.0,15.01386842677011,0.2111111111111111,0.94467319404288,-0.045743925186307974,-0.0028921705895527117,0.21267745634482105,-0.013598858286435114,-0.03308592210774329,10.226786941938709,0.42857142857142855,3.444289912139542,1.435071521634035,0.06429666239941989,0.03148258793849957,2.042292791336652,1.385687810300814,-0.5636362556378015,0.14079256721534555,0.4413729701067362,1.435071521634035
H4,10,2.5,both,3.0,1.0,23.0212649210475,0.21014492753623187,0.8740940101823703,-0.10150962679074,-0.012109139117922885,0.23739768931630884,-0.05100782216034403,-0.1783408953863659,18.262119539176265,0.24,1.603305115482093,0.45930717384646697,0.04284892589694378,0.06875269941485213,0.6232326332147978,0.7255153609451364,-0.11491995709502353,-0.0736652226503538,-0.11460859079600623,0.45930717384646697
H4,10,4.0,long,1.0,0.0,23.104675301196224,0.36462093862815886,0.9618005274580373,-0.014160736872924892,-0.0013652766902578772,0.1201340512491434,-0.011364610416962127,-0.03775774419335173,18.62736192995979,0.5294117647058824,3.568038217959035,0.6028038871482987,0.0482526473885696,0.016329723091970158,2.9548968538417504,1.8629584304184716,-0.22669870764189967,0.0005069624841498498,0.21640400004423768,0.6028038871482987
H4,10,4.0,both,1.0,0.0,36.2001049845457,0.34101382488479265,0.9947437539678243,-0.003671330322754212,-0.00013062775858374565,0.10664277635603576,-0.001224909581757643,0.009884612769629899,34.33278473365138,0.4148936170212766,1.3178356313184352,0.1472253448880651,0.01712340168705384,0.031306331835499794,0.5469628884351366,0.5530048906448476,0.02257790484928859,-0.10680385658709825,0.08769928795602763,0.1472253448880651
H4,10,4.0,long,1.0,1.0,16.51525526944712,0.4595959595959596,0.9970661890673478,-0.0023224127098596635,0.0001391971992141805,0.12151008934010532,0.001145560833426508,0.016623311930730293,13.513968458990437,0.6486486486486487,3.1469710425588393,0.7990739571480553,0.043180976672991145,0.016829546172286897,2.565783784716487,1.7712427033203326,-0.32506748255870954,0.10088744856980467,0.24304382829256188,0.7990739571480553
H4,10,4.0,both,1.0,1.0,23.271496061493668,0.46953405017921146,1.0244333979364384,0.0135500791253583,0.001122144708031847,0.06257862310593588,0.01793175772071927,0.048245560076657604,25.201724964063246,0.5217391304347826,1.1319711738495934,0.10154663019874713,0.00806463350544262,0.03994359139378147,0.2019005608668965,0.2877567603359441,0.06932319335915453,-0.06931032401382532,0.04958146592577669,0.10154663019874713
H4,10,4.0,long,2.0,0.0,9.675604097251847,0.27586206896551724,1.0000506758462566,0.0017509074001109605,0.00026409327594034693,0.1173530088091255,0.002250417595767777,0.021157791027950706,8.035332597237558,0.5,3.386092255506402,1.0475560154720498,0.035713637940562704,0.022064077751801553,1.6186327088902073,1.244940808690693,-0.4645791658723336,0.20502826643819008,0.38885805935212336,1.0475560154720498
H4,10,4.0,both,2.0,0.0,14.346585385580326,0.29651162790697677,0.8359894715903081,-0.11552465083585856,-0.0084127021035999,0.15952289777485704,-0.05273664295813623,-0.21600158142544718,12.41824128663986,0.29411764705882354,1.4941363257903515,0.2899522434768917,0.01982304277834812,0.06101243767818729,0.32490166813044924,0.5741897939778849,-0.23177523296275823,-0.11160176697786785,0.014084231782113347,0.2899522434768917
H4,10,4.0,long,2.0,1.0,9.675604097251847,0.27586206896551724,1.0000506758462566,0.0017509074001109605,0.00026409327594034693,0.1173530088091255,0.002250417595767777,0.021157791027950706,8.035332597237558,0.5,3.386092255506402,1.0475560154720498,0.035713637940562704,0.022064077751801553,1.6186327088902073,1.244940808690693,-0.4645791658723336,0.20502826643819008,0.38885805935212336,1.0475560154720498
H4,10,4.0,both,2.0,1.0,14.346585385580326,0.29651162790697677,0.8359894715903081,-0.11552465083585856,-0.0084127021035999,0.15952289777485704,-0.05273664295813623,-0.21600158142544718,12.41824128663986,0.29411764705882354,1.4941363257903515,0.2899522434768917,0.01982304277834812,0.06101243767818729,0.32490166813044924,0.5741897939778849,-0.23177523296275823,-0.11160176697786785,0.014084231782113347,0.2899522434768917
H4,10,4.0,long,3.0,0.0,6.088957750856767,0.3150684931506849,0.9752341073553744,-0.020468764827839048,-0.0002992394329000003,0.11204725772366074,-0.0026706537846558176,0.003243306729762709,5.1133934709693545,0.42857142857142855,3.5538229981737346,1.5312212883329352,0.03296377388882088,0.030843777787348106,1.0687333476492098,1.1477523541182075,-0.6746834560311529,0.5046475705134896,0.28712690155968124,1.5312212883329352
H4,10,4.0,both,3.0,0.0,9.341962576656957,0.25,0.8960177081981267,-0.08112523405017143,-0.003785256468056608,0.1731527440291119,-0.021860794001741023,-0.08444597576944787,8.765817378804607,0.25,1.6892247421532574,0.5775824386269225,0.023571571631029853,0.07276302240725019,0.3239498697442941,0.6691917995462915,-0.23788783330788954,-0.2902554475937537,0.5918602400141236,0.5775824386269225
H4,10,4.0,long,3.0,1.0,6.088957750856767,0.3150684931506849,0.9752341073553744,-0.020468764827839048,-0.0002992394329000003,0.11204725772366074,-0.0026706537846558176,0.003243306729762709,5.1133934709693545,0.42857142857142855,3.5538229981737346,1.5312212883329352,0.03296377388882088,0.030843777787348106,1.0687333476492098,1.1477523541182075,-0.6746834560311529,0.5046475705134896,0.28712690155968124,1.5312212883329352
H4,10,4.0,both,3.0,1.0,9.341962576656957,0.25,0.8960177081981267,-0.08112523405017143,-0.003785256468056608,0.1731527440291119,-0.021860794001741023,-0.08444597576944787,8.765817378804607,0.25,1.6892247421532574,0.5775824386269225,0.023571571631029853,0.07276302240725019,0.3239498697442941,0.6691917995462915,-0.23788783330788954,-0.2902554475937537,0.5918602400141236,0.5775824386269225
H4,20,1.5,long,1.0,0.0,41.45495893391524,0.3682092555331992,0.9916154335050966,-0.0032398659675763326,-0.0006386680030900926,0.1410547959228672,-0.0045278006955490864,-0.0031886232947395685,48.21199558342534,0.4621212121212121,1.8449436605925829,0.2740563468477957,0.060942434597903494,0.02575791737433283,2.365969022737499,1.4130311151015622,-0.07839709208099895,0.11812491860991402,-0.06403084347864343,0.2740563468477957
H4,20,1.5,both,1.0,0.0,79.90714418247647,0.37995824634655534,1.048856853749529,0.01799166531636346,0.0067897946715402835,0.1631165025738435,0.04162543068544837,0.1625986793083457,78.52711401845794,0.413953488372093,1.406142569119444,0.14159217152309336,0.04745973175654261,0.04240374921075975,1.1192343280933266,0.9983579034617861,0.05417443602947218,0.06318285960075694,-0.060371407594396985,0.14159217152309336
H4,20,1.5,long,1.0,1.0,37.868312587520165,0.45154185022026433,0.8438311499124027,-0.08750570544013407,-0.01771502166921357,0.23818099422993969,-0.07437630246900181,-0.3815826033112008,41.637632549321886,0.6052631578947368,2.263406222682235,0.4459363363742054,0.10270491553583483,0.031692220543327446,3.24069799386331,1.8966811786392619,-0.13578021559774536,0.04041593900540224,-0.18074719586491206,0.4459363363742054
H4,20,1.5,both,1.0,1.0,72.14997882864525,0.48554913294797686,0.9720302451867318,-0.014581570664214519,-0.00527354570721561,0.24477350363981884,-0.021544593793025764,-0.07292886468059286,69.39605424886982,0.5368421052631579,1.4717410933650656,0.20671308095607538,0.06975024455360046,0.05230673824875043,1.333484879555967,1.1837149848126736,0.04940770367396839,0.05239810298496616,-0.13949046751329558,0.20671308095607538
H4,20,1.5,long,2.0,0.0,27.7756565895247,0.3183183183183183,1.0301685584009694,0.02069636557228331,0.0026057244733650453,0.13104059163745285,0.01988486499339263,0.07100752757308937,28.488906481114974,0.48717948717948717,2.7936808782547984,0.7789848964456486,0.09538368921697726,0.03233442043639058,2.949911825530303,1.7619151490809393,-0.20527752289319615,0.11668360155555663,0.10817165288338125,0.7789848964456486
H4,20,1.5,both,2.0,0.0,51.46420455176198,0.3192868719611021,1.1352422257571984,0.08419932367817126,0.01887698603707122,0.14292081911812188,0.1320800297223995,0.31989322410926874,51.86441949126059,0.4014084507042254,1.5674874204274492,0.30690215269517007,0.05750588323514316,0.0425409993068817,1.3517755617424025,1.0401432363017458,0.058179407684467416,0.18555369325747886,0.022724141775618753,0.30690215269517007
H4,20,1.5,long,2.0,1.0,27.7756565895247,0.3183183183183183,1.0301685584009694,0.02069636557228331,0.0026057244733650453,0.13104059163745285,0.01988486499339263,0.07100752757308937,28.488906481114974,0.48717948717948717,2.7936808782547984,0.7789848964456486,0.09538368921697726,0.03233442043639058,2.949911825530303,1.7619151490809393,-0.20527752289319615,0.11668360155555663,0.10817165288338125,0.7789848964456486
H4,20,1.5,both,2.0,1.0,51.46420455176198,0.3192868719611021,1.1352422257571984,0.08419932367817126,0.01887698603707122,0.14292081911812188,0.1320800297223995,0.31989322410926874,51.86441949126059,0.4014084507042254,1.5674874204274492,0.30690215269517007,0.05750588323514316,0.0425409993068817,1.3517755617424025,1.0401432363017458,0.058179407684467416,0.18555369325747886,0.022724141775618753,0.30690215269517007
H4,20,1.5,long,3.0,0.0,22.520802640155164,0.21851851851851853,1.0067725992063263,0.006324761721492493,0.001001888499189807,0.15437247598239037,0.006490072098759981,0.041175914540583974,19.357846711526843,0.4339622641509434,3.9933266025056025,1.6213451301205366,0.13140457120570992,0.033039169203790644,3.977235940625094,2.0594614553507853,-0.27164557942327255,0.15689108558863252,0.09824320353382826,1.6213451301205366
H4,20,1.5,both,3.0,0.0,40.12039285153568,0.23700623700623702,1.1014076333368596,0.07570061704090802,0.014058920072131942,0.1433571644553765,0.09806918353570067,0.22070853695667478,38.715693423053686,0.32075471698113206,1.79926064679748,0.5262772329453375,0.07559232156297035,0.054967216491079766,1.3752255687758481,1.1451804917217547,0.09213171656549257,0.03426218110427181,0.09924746758210827,0.5262772329453375
H4,20,1.5,long,3.0,1.0,22.520802640155164,0.21851851851851853,1.0067725992063263,0.006324761721492493,0.001001888499189807,0.15437247598239037,0.006490072098759981,0.041175914540583974,19.357846711526843,0.4339622641509434,3.9933266025056025,1.6213451301205366,0.13140457120570992,0.033039169203790644,3.977235940625094,2.0594614553507853,-0.27164557942327255,0.15689108558863252,0.09824320353382826,1.6213451301205366
H4,20,1.5,both,3.0,1.0,40.12039285153568,0.23700623700623702,1.1014076333368596,0.07570061704090802,0.014058920072131942,0.1433571644553765,0.09806918353570067,0.22070853695667478,38.715693423053686,0.32075471698113206,1.79926064679748,0.5262772329453375,0.07559232156297035,0.054967216491079766,1.3752255687758481,1.1451804917217547,0.09213171656549257,0.03426218110427181,0.09924746758210827,0.5262772329453375
H4,20,2.5,long,1.0,0.0,29.27704343220171,0.3475783475783476,0.8647802702497465,-0.05343096200961071,-0.00803182556659221,0.1371509894993274,-0.058561922126209656,-0.24967173844735005,31.045603216599652,0.5764705882352941,2.4850144258568365,0.3622974311486036,0.05645512695600363,0.023471490805658513,2.4052637910154995,1.6175996101317502,-0.16358711410868562,0.024169413929185014,-0.07002728514296637,0.3622974311486036
H4,20,2.5,both,1.0,0.0,54.049926336372394,0.375,1.060625139045551,0.02303145582874917,0.005697033295676501,0.11904420155844037,0.04785645349454297,0.1581776702090837,55.882085789879376,0.45098039215686275,1.3008273079954975,0.09888905834180309,0.02443114758252496,0.029432370831799747,0.8300774586642781,0.6619908090442448,0.0064909336787427885,0.08764016608076941,-0.03311213157212208,0.09888905834180309
H4,20,2.5,long,1.0,1.0,24.689472524021955,0.49324324324324326,0.9834684917127411,-0.007661075669750147,-0.0010041774589379937,0.12401477219113215,-0.008097240685088311,-0.016030558381729045,28.488906481114974,0.6794871794871795,2.2357182682240193,0.3747225869148404,0.04983625358440391,0.03129353764961734,1.5925413784278017,1.4544643781379543,-0.11097534716576776,0.07083987096303641,-0.03761162606921805,0.3747225869148404
H4,20,2.5,both,1.0,1.0,44.374322239120545,0.5093984962406015,1.1051721526485712,0.051623991772439586,0.010367147417268852,0.11782527476179136,0.08798746651113885,0.2569784362077153,47.11626841107476,0.5891472868217055,1.3556024792241521,0.13925855441728865,0.027135566837831693,0.033579021134875216,0.8081107167727608,0.713991797669957,0.04851055779349253,0.11157928317543432,-0.017585804579491823,0.13925855441728865
H4,20,2.5,long,2.0,0.0,17.182538310636904,0.2815533980582524,1.0213164958653294,0.016252166581302824,0.0015768234338688902,0.11024281339899754,0.014303185715716038,0.054830862022207494,16.43590758525864,0.4444444444444444,3.0756365738694105,1.002005099064397,0.07023680997850179,0.030989857921913052,2.2664450464884855,1.691318426099163,-0.26649139484706785,0.11306389279133244,0.1770098164617959,1.002005099064397
H4,20,2.5,both,2.0,0.0,28.60976039101193,0.3119533527696793,1.1159925702936295,0.07243414853234312,0.009814568350475117,0.10656599961152768,0.0920984965772651,0.20911594979137152,28.12366409033145,0.2987012987012987,1.7571164138685669,0.3943124272171023,0.04448688636577569,0.049133321145292834,0.905432104502419,0.987888490927738,0.0037936948102558405,-0.028756151148075063,0.29074480605557507,0.3943124272171023
H4,20,2.5,long,2.0,1.0,17.182538310636904,0.2815533980582524,1.0213164958653294,0.016252166581302824,0.0015768234338688902,0.11024281339899754,0.014303185715716038,0.054830862022207494,16.43590758525864,0.4444444444444444,3.0756365738694105,1.002005099064397,0.07023680997850179,0.030989857921913052,2.2664450464884855,1.691318426099163,-0.26649139484706785,0.11306389279133244,0.1770098164617959,1.002005099064397
H4,20,2.5,both,2.0,1.0,28.60976039101193,0.3119533527696793,1.1159925702936295,0.07243414853234312,0.009814568350475117,0.10656599961152768,0.0920984965772651,0.20911594979137152,28.12366409033145,0.2987012987012987,1.7571164138685669,0.3943124272171023,0.04448688636577569,0.049133321145292834,0.905432104502419,0.987888490927738,0.0037936948102558405,-0.028756151148075063,0.29074480605557507,0.3943124272171023
H4,20,2.5,long,3.0,0.0,13.679302344390543,0.21951219512195122,0.9530987546181896,-0.03833524214498161,-0.00211854739566375,0.14733541646029802,-0.01437907766212225,-0.02516908493792521,12.052998895856335,0.36363636363636365,2.858865665825242,1.0893067427293728,0.06036400300770439,0.03475395254161231,1.736896053346109,1.2417951702388015,-0.450171313813158,0.11029210819191006,0.22142681258857874,1.0893067427293728
H4,20,2.5,both,3.0,0.0,18.934156293760083,0.23348017621145375,0.9949397028580299,-0.003174756629937962,-0.0004983842950089246,0.15456354174698853,-0.0032244621815457003,0.013820187483772502,22.64502822857857,0.22580645161290322,1.2417780389944189,0.18340323153402524,0.020260872130036356,0.08880702345334271,0.22814492978340817,0.38661824790169996,-0.11363766629486424,-0.04387138959505722,0.1985275886172985,0.18340323153402524
H4,20,2.5,long,3.0,1.0,13.679302344390543,0.21951219512195122,0.9530987546181896,-0.03833524214498161,-0.00211854739566375,0.14733541646029802,-0.01437907766212225,-0.02516908493792521,12.052998895856335,0.36363636363636365,2.858865665825242,1.0893067427293728,0.06036400300770439,0.03475395254161231,1.736896053346109,1.2417951702388015,-0.450171313813158,0.11029210819191006,0.22142681258857874,1.0893067427293728
H4,20,2.5,both,3.0,1.0,18.934156293760083,0.23348017621145375,0.9949397028580299,-0.003174756629937962,-0.0004983842950089246,0.15456354174698853,-0.0032244621815457003,0.013820187483772502,22.64502822857857,0.22580645161290322,1.2417780389944189,0.18340323153402524,0.020260872130036356,0.08880702345334271,0.22814492978340817,0.38661824790169996,-0.11363766629486424,-0.04387138959505722,0.1985275886172985,0.18340323153402524
H4,20,4.0,long,1.0,0.0,18.517104393016467,0.36486486486486486,0.9658253857374213,-0.011809514753965964,-0.0009410259345072891,0.07941792987909538,-0.011849036306283636,-0.028419200935583717,18.992604320743315,0.5192307692307693,2.8760292734856443,0.4868880640882056,0.04071522306033071,0.018588302993614976,2.190367946676803,1.6284621563419592,-0.1799089789687402,-0.012548673220133965,0.15005124185584523,0.4868880640882056
H4,20,4.0,both,1.0,0.0,32.530048258001905,0.358974358974359,1.134520575995049,0.04863307418575433,0.007543725719500793,0.06521824915747518,0.11566893955226867,0.2508058371129704,33.60229995208433,0.41304347826086957,1.2178066583868676,0.08474904072980477,0.009704099099740127,0.030616030873692048,0.3169613703283377,0.3583886459165036,0.0480867761993479,-0.021484263699678072,0.12498657911199298,0.08474904072980477
H4,20,4.0,long,1.0,1.0,14.847047666472664,0.5,0.9495082725024,-0.025284200537992758,-0.00164040904759033,0.1048205041134001,-0.015649696225613005,-0.05076380695288784,15.340180412908063,0.6190476190476191,2.6445794449354834,0.5805077714153608,0.03857194188597002,0.01921471048504265,2.0074172814623283,1.4842686013665507,-0.31396041605409647,0.14756648342551118,0.07676666635938326,0.5805077714153608
H4,20,4.0,both,1.0,1.0,21.353057318073045,0.51953125,1.2209644576761869,0.1061150379739067,0.010013818802073304,0.06557131103021852,0.15271646463585942,0.33445575962932994,24.10599779171267,0.5151515151515151,1.107740204527465,0.05356528619107881,0.005781271398583199,0.0409456586493059,0.14119375751405092,0.23207501629985916,0.047745187497138755,0.1737335587007801,0.0992410967858088,0.05356528619107881
H4,20,4.0,long,2.0,0.0,9.675604097251847,0.27586206896551724,0.9045641044284142,-0.06458410833506352,-0.002911749170941502,0.1018905221001166,-0.02857723280758584,-0.08515671018391358,9.131059769588132,0.48,3.4642824149937246,0.9205211094897807,0.0416118882185863,0.02322259784071824,1.7918705092340914,1.2854522054180835,-0.4460017251324612,0.27816840584060115,0.010339184063213483,0.9205211094897807
H4,20,4.0,both,2.0,0.0,12.845198542903315,0.3051948051948052,0.9877728277936098,-0.011925740124074208,-0.0007910663061549972,0.10107330576551282,-0.007826659078414318,-0.008639459236186505,14.974938022124539,0.2682926829268293,1.464104547877345,0.27904046099933033,0.021422135547068066,0.04275448117093658,0.5010500644697402,0.6371070953770585,-0.1994125888087298,0.07908772168412764,0.13398420351629825,0.27904046099933033
H4,20,4.0,long,2.0,1.0,9.675604097251847,0.27586206896551724,0.9045641044284142,-0.06458410833506352,-0.002911749170941502,0.1018905221001166,-0.02857723280758584,-0.08515671018391358,9.131059769588132,0.48,3.4642824149937246,0.9205211094897807,0.0416118882185863,0.02322259784071824,1.7918705092340914,1.2854522054180835,-0.4460017251324612,0.27816840584060115,0.010339184063213483,0.9205211094897807
H4,20,4.0,both,2.0,1.0,12.845198542903315,0.3051948051948052,0.9877728277936098,-0.011925740124074208,-0.0007910663061549972,0.10107330576551282,-0.007826659078414318,-0.008639459236186505,14.974938022124539,0.2682926829268293,1.464104547877345,0.27904046099933033,0.021422135547068066,0.04275448117093658,0.5010500644697402,0.6371070953770585,-0.1994125888087298,0.07908772168412764,0.13398420351629825,0.27904046099933033
H4,20,4.0,long,3.0,0.0,7.423523833236332,0.2696629213483146,0.8305947635696955,-0.13700837308459785,-0.004688628666612349,0.12084727897448509,-0.03879796637872397,-0.1311850569932111,5.1133934709693545,0.5,5.371838889341853,2.1326319491307153,0.05141446949898443,0.03208686780668641,1.6023523956511094,1.4262502703162858,-0.652314848606388,0.4895934820382562,-0.09378039520886482,2.1326319491307153
H4,20,4.0,both,3.0,0.0,8.341038014872282,0.27,0.9812502987075175,-0.021252630649142942,-0.0008245768351506921,0.142040771937009,-0.005805212291555049,-0.007698537473705404,10.957271723505759,0.2,1.46560291777905,0.3388843930278285,0.019011933454406993,0.06116890494095193,0.31081042684611976,0.5367771325726852,-0.3397230138320834,-0.0950761880502014,0.7297790880638282,0.3388843930278285
H4,20,4.0,long,3.0,1.0,7.423523833236332,0.2696629213483146,0.8305947635696955,-0.13700837308459785,-0.004688628666612349,0.12084727897448509,-0.03879796637872397,-0.1311850569932111,5.1133934709693545,0.5,5.371838889341853,2.1326319491307153,0.05141446949898443,0.03208686780668641,1.6023523956511094,1.4262502703162858,-0.652314848606388,0.4895934820382562,-0.09378039520886482,2.1326319491307153
H4,20,4.0,both,3.0,1.0,8.341038014872282,0.27,0.9812502987075175,-0.021252630649142942,-0.0008245768351506921,0.142040771937009,-0.005805212291555049,-0.007698537473705404,10.957271723505759,0.2,1.46560291777905,0.3388843930278285,0.019011933454406993,0.06116890494095193,0.31081042684611976,0.5367771325726852,-0.3397230138320834,-0.0950761880502014,0.7297790880638282,0.3388843930278285
H4,40,1.5,long,1.0,0.0,30.44478875428383,0.38082191780821917,1.027887373672156,0.010785532833433567,0.0016134827330938073,0.10117881639167002,0.015946843327835608,0.06324438591024173,38.35045103227016,0.49523809523809526,2.1256894137702065,0.31931967657378635,0.05523919386051501,0.02275112356028518,2.427976522308624,1.4864791589244641,-0.09735772003655063,0.12466232462142639,-0.02138863039181479,0.31931967657378635
H4,40,1.5,both,1.0,0.0,58.220445343808535,0.3753581661891118,1.0698945106006437,0.026402664811225742,0.007268313574983365,0.14660296712999257,0.049578216029819946,0.18911693091476509,56.2473281806629,0.461038961038961,1.6068946652722953,0.2022295287941934,0.04802999038060163,0.03487362576953694,1.3772582953664982,1.1732854310215717,0.08802703597610308,0.04474451071143519,-0.04773961582262911,0.2022295287941934
H4,40,1.5,long,1.0,1.0,27.7756565895247,0.46546546546546547,0.9251287582275681,-0.0411775269757899,-0.005717588483983849,0.15135099568323382,-0.03777701268612946,-0.14048947988855096,32.87181517051728,0.6444444444444445,2.5257177848364067,0.4894462884376338,0.07857245812013303,0.02344211144909912,3.3517654026490247,1.859866120598284,-0.11899757079155518,0.09079576258004897,-0.11745206360924763,0.4894462884376338
H4,40,1.5,both,1.0,1.0,52.6319498738441,0.48019017432646594,1.0030606292221325,0.0013895241003028906,0.000414045468029256,0.19933839813157314,0.0020770984010615237,0.028161916849587142,49.67296514655944,0.5808823529411765,1.7479154265695143,0.2921926349716279,0.06672257149012362,0.03181223084754597,2.0973873793975275,1.41341554592125,0.0791190082638443,0.03935463938534758,-0.10684193102137982,0.2921926349716279
H4,40,1.5,long,2.0,0.0,20.268722376139646,0.3333333333333333,1.1656998349894978,0.10510805029404864,0.009715725187883884,0.09756128037224118,0.09958587208792177,0.23491301124526498,22.64502822857857,0.43548387096774194,2.906652513344719,0.8054639951163325,0.07362479466868788,0.029112197692121942,2.529001604321047,1.5782691240152016,-0.1598079683944772,0.06227706890694838,0.3432506908654026,0.8054639951163325
H4,40,1.5,both,2.0,0.0,38.11854372796633,0.32603938730853393,1.1802831138258156,0.1109451292791214,0.018475953278539015,0.12369796072079829,0.14936344278335795,0.3541369695231406,37.61996625070311,0.36893203883495146,1.7019149502322461,0.3584006952477213,0.050202343632196555,0.030232502564214753,1.6605421111125436,1.0140112408467339,0.16453692676201576,0.06693656403399711,0.10166343750389507,0.3584006952477213
H4,40,1.5,long,2.0,1.0,20.268722376139646,0.3333333333333333,1.1656998349894978,0.10510805029404864,0.009715725187883884,0.09756128037224118,0.09958587208792177,0.23491301124526498,22.64502822857857,0.43548387096774194,2.906652513344719,0.8054639951163325,0.07362479466868788,0.029112197692121942,2.529001604321047,1.5782691240152016,-0.1598079683944772,0.06227706890694838,0.3432506908654026,0.8054639951163325
H4,40,1.5,both,2.0,1.0,38.11854372796633,0.32603938730853393,1.1802831138258156,0.1109451292791214,0.018475953278539015,0.12369796072079829,0.14936344278335795,0.3541369695231406,37.61996625070311,0.36893203883495146,1.7019149502322461,0.3584006952477213,0.050202343632196555,0.030232502564214753,1.6605421111125436,1.0140112408467339,0.16453692676201576,0.06693656403399711,0.10166343750389507,0.3584006952477213
H4,40,1.5,long,3.0,0.0,16.76548640989329,0.22388059701492538,1.0870912420042822,0.07085370324122651,0.005774797645763385,0.1202436721233777,0.04802579249108488,0.1301680710585224,15.705422803691588,0.4883720930232558,4.529368592510461,1.8107182770948078,0.11343145012923372,0.033177566334719306,3.4189201517933876,1.9420905811934053,-0.2514513114105424,0.10877434647820891,0.2906167860419466,1.8107182770948078
H4,40,1.5,both,3.0,0.0,31.779354836663398,0.2335958005249344,1.0975497396343639,0.07513961602772944,0.011144486619918181,0.16685528688040088,0.06679133054924634,0.19801293075970336,29.584633653465552,0.3333333333333333,2.0580264912783726,0.6822460730656614,0.07748229158894238,0.05073252996182483,1.5272704051472732,1.2243878868876499,0.23767164154460915,-0.06004400968473686,0.05859571399141453,0.6822460730656614
H4,40,1.5,long,3.0,1.0,16.76548640989329,0.22388059701492538,1.0870912420042822,0.07085370324122651,0.005774797645763385,0.1202436721233777,0.04802579249108488,0.1301680710585224,15.705422803691588,0.4883720930232558,4.529368592510461,1.8107182770948078,0.11343145012923372,0.033177566334719306,3.4189201517933876,1.9420905811934053,-0.2514513114105424,0.10877434647820891,0.2906167860419466,1.8107182770948078
H4,40,1.5,both,3.0,1.0,31.779354836663398,0.2335958005249344,1.0975497396343639,0.07513961602772944,0.011144486619918181,0.16685528688040088,0.06679133054924634,0.19801293075970336,29.584633653465552,0.3333333333333333,2.0580264912783726,0.6822460730656614,0.07748229158894238,0.05073252996182483,1.5272704051472732,1.2243878868876499,0.23767164154460915,-0.06004400968473686,0.05859571399141453,0.6822460730656614
H4,40,2.5,long,1.0,0.0,21.26964693792432,0.3686274509803922,0.9661036484425248,-0.01305695533941334,-0.0014061111250726066,0.08768419584305669,-0.016036083943671706,-0.043487223336078296,25.201724964063246,0.5507246376811594,2.8890511006859594,0.37745121111383306,0.04456247946304215,0.018422653618265093,2.4188958000524305,1.5276314764268404,-0.1467393399720541,0.045724120826031805,-0.00918132473004444,0.37745121111383306
H4,40,2.5,both,1.0,0.0,39.202878669899725,0.3723404255319149,1.1018169589380278,0.03853577960936004,0.007002852674079074,0.09269393803132207,0.07554811914143458,0.21913993231421625,39.81142059540426,0.45871559633027525,1.5750969266918893,0.16348597352288696,0.02845341055966788,0.02088058300024332,1.3626731858653713,0.8997800677200939,0.050324739770108526,0.06655384472398994,-0.017662445802586475,0.16348597352288696
H4,40,2.5,long,1.0,1.0,18.767335533462635,0.5022222222222222,1.018136476876904,0.008717792067051968,0.0008096513928392834,0.059712428898957816,0.013559177004997272,0.03954355203601286,21.549301056227993,0.711864406779661,2.894830020208221,0.5272793060701884,0.05066547449919945,0.016327579897285425,3.103060883359875,1.6250033827943844,-0.11402141145948845,-0.011346093454975437,0.07200141269534745,0.5272793060701884
H4,40,2.5,both,1.0,1.0,34.36507662127381,0.4878640776699029,1.0720182547037274,0.036216958513611806,0.005840967537430908,0.07323646309825795,0.07975491019540845,0.16578443178169577,35.79375429678548,0.5510204081632653,1.3475840489120054,0.1473611877099359,0.023116177006688998,0.032985549149643224,0.7007970945646368,0.6520260704925073,0.06412780772289958,0.01033033496993653,0.007497309331387588,0.1473611877099359
H4,40,2.5,long,2.0,0.0,13.095429683349483,0.27388535031847133,1.0894018573520179,0.05894254289700437,0.0038883378811505054,0.07503395760029631,0.05182104217217979,0.12253361265226742,12.41824128663986,0.5,4.409435711845235,1.4195070100219238,0.0717382043179442,0.020004625646004866,3.5860808188765616,1.8544122249116466,-0.2621565179354985,0.032567641440155455,0.3795905994794762,1.4195070100219238
H4,40,2.5,both,2.0,0.0,24.18901024312962,0.30344827586206896,1.0822578721878762,0.053461747395536115,0.006232628819172525,0.10664390865655542,0.05844336444235725,0.15114443781622924,25.201724964063246,0.2898550724637681,1.584624989015865,0.36828112285406456,0.037464390663794145,0.03875088437357704,0.9668009200156445,0.8458367559734441,0.05670318815089029,-0.14647036171864786,0.2891085116103056,0.36828112285406456
H4,40,2.5,long,2.0,1.0,13.095429683349483,0.27388535031847133,1.0894018573520179,0.05894254289700437,0.0038883378811505054,0.07503395760029631,0.05182104217217979,0.12253361265226742,12.41824128663986,0.5,4.409435711845235,1.4195070100219238,0.0717382043179442,0.020004625646004866,3.5860808188765616,1.8544122249116466,-0.2621565179354985,0.032567641440155455,0.3795905994794762,1.4195070100219238
H4,40,2.5,both,2.0,1.0,24.18901024312962,0.30344827586206896,1.0822578721878762,0.053461747395536115,0.006232628819172525,0.10664390865655542,0.05844336444235725,0.15114443781622924,25.201724964063246,0.2898550724637681,1.584624989015865,0.36828112285406456,0.037464390663794145,0.03875088437357704,0.9668009200156445,0.8458367559734441,0.05670318815089029,-0.14647036171864786,0.2891085116103056,0.36828112285406456
H4,40,2.5,long,3.0,0.0,10.843349419333967,0.2230769230769231,0.9935937868966465,-0.006204138205568377,-2.1625683251813577e-05,0.10558607256902203,-0.0002048156800005681,0.016637694919308204,9.496302160371657,0.46153846153846156,3.8137342223294595,1.4854359243354618,0.06020933376082871,0.03041941856516623,1.9793058710785285,1.3030254716447263,-0.3525387899799334,-0.047505151250718886,0.35872353969685444,1.4854359243354618
H4,40,2.5,both,3.0,0.0,19.100977054057527,0.23580786026200873,0.9214862886512766,-0.062127065789704616,-0.005660191108780577,0.15450162211890459,-0.03663515651909783,-0.08242350694785626,18.62736192995979,0.29411764705882354,1.4959474235268433,0.36969784513791765,0.03079719712152973,0.06410597017862152,0.4804107485733081,0.5787474378606589,-0.12530693565847892,-0.09015741613023187,0.034367429241378034,0.36969784513791765
H4,40,2.5,long,3.0,1.0,10.843349419333967,0.2230769230769231,0.9935937868966465,-0.006204138205568377,-2.1625683251813577e-05,0.10558607256902203,-0.0002048156800005681,0.016637694919308204,9.496302160371657,0.46153846153846156,3.8137342223294595,1.4854359243354618,0.06020933376082871,0.03041941856516623,1.9793058710785285,1.3030254716447263,-0.3525387899799334,-0.047505151250718886,0.35872353969685444,1.4854359243354618
H4,40,2.5,both,3.0,1.0,19.100977054057527,0.23580786026200873,0.9214862886512766,-0.062127065789704616,-0.005660191108780577,0.15450162211890459,-0.03663515651909783,-0.08242350694785626,18.62736192995979,0.29411764705882354,1.4959474235268433,0.36969784513791765,0.03079719712152973,0.06410597017862152,0.4804107485733081,0.5787474378606589,-0.12530693565847892,-0.09015741613023187,0.034367429241378034,0.36969784513791765
H4,40,4.0,long,1.0,0.0,14.263175005431604,0.3391812865497076,0.9922417017045104,-0.003902515352851313,-0.00020471038189584512,0.05551413719777822,-0.0036875360444949506,-0.0008466055420250683,15.705422803691588,0.5116279069767442,3.0429847453187784,0.5580847046805119,0.03856775147778557,0.01596540616738337,2.4157075036761553,1.6593118035208065,-0.15685423795037715,-0.01218093966018921,0.13445013228418992,0.5580847046805119
H4,40,4.0,both,1.0,0.0,27.024963168186197,0.345679012345679,1.0331071007713806,0.011647443486586967,0.0016415545249610641,0.0874419379337017,0.018773080329094347,0.06963787567857743,28.12366409033145,0.37662337662337664,1.3030729679765596,0.1241480066083312,0.014665142189685287,0.04480134144871276,0.3273371224045491,0.5400641874851342,0.0800670731770531,-0.06159572352897308,0.018189794118853134,0.1241480066083312
H4,40,4.0,long,1.0,1.0,11.427222080375028,0.46715328467153283,1.0459738087897488,0.019797466031164387,0.001280320927046441,0.06586200570005693,0.019439446361186878,0.06444184649223195,13.148726068206912,0.6111111111111112,2.7009520202545967,0.6554528156591095,0.03800460071447942,0.016840391398601197,2.2567528161866934,1.5592633002471563,-0.21171110522861705,0.038791992005406284,0.19017717222764696,0.6554528156591095
H4,40,4.0,both,1.0,1.0,19.43461857465242,0.5150214592274678,1.2123038757531854,0.09842179053500721,0.008925732253551866,0.04564725862730392,0.19553709295946498,0.32079992977059163,19.723089102310368,0.5,1.4447414000464682,0.21456738276454188,0.01770921610383791,0.03736608067138216,0.47393828267894844,0.6946581189526779,0.10560440580358997,0.06751952700397935,0.11787198957969203,0.21456738276454188
H4,40,4.0,long,2.0,0.0,8.00739649427739,0.2916666666666667,1.0407618741225682,0.02001493067838781,0.0012480908891674414,0.0818306993264812,0.0152521107535439,0.05627167263283506,9.131059769588132,0.48,2.8661400180722483,0.8173650857393119,0.03319369601755473,0.020319403799485006,1.633595963007341,1.1163351879878793,-0.417145503418187,0.2680438218896758,0.19016792880664862,0.8173650857393119
H4,40,4.0,both,2.0,0.0,12.177915501713533,0.3287671232876712,1.029964843333331,0.01583905997576181,0.0012620006002372897,0.0888135405940951,0.014209551739469731,0.0512465416752616,14.244453240557487,0.3333333333333333,1.3091971100468,0.18649920909558654,0.011126336902144374,0.044098473725486836,0.2523066211181335,0.3556505477538465,-0.15368427782050217,0.12640834262649808,0.11523935428563258,0.18649920909558654
H4,40,4.0,long,2.0,1.0,8.00739649427739,0.2916666666666667,1.0407618741225682,0.02001493067838781,0.0012480908891674414,0.0818306993264812,0.0152521107535439,0.05627167263283506,9.131059769588132,0.48,2.8661400180722483,0.8173650857393119,0.03319369601755473,0.020319403799485006,1.633595963007341,1.1163351879878793,-0.417145503418187,0.2680438218896758,0.19016792880664862,0.8173650857393119
H4,40,4.0,both,2.0,1.0,12.177915501713533,0.3287671232876712,1.029964843333331,0.01583905997576181,0.0012620006002372897,0.0888135405940951,0.014209551739469731,0.0512465416752616,14.244453240557487,0.3333333333333333,1.3091971100468,0.18649920909558654,0.011126336902144374,0.044098473725486836,0.2523066211181335,0.3556505477538465,-0.15368427782050217,0.12640834262649808,0.11523935428563258,0.18649920909558654
H4,40,4.0,long,3.0,0.0,6.839651172195271,0.2682926829268293,0.8274303231064902,-0.14268505151988586,-0.0044669466632120125,0.1186508020606212,-0.03764784211850296,-0.1303304222771285,6.20912064331993,0.4117647058823529,3.7774758399768418,1.6115256659766848,0.046710924221233574,0.029758447991006205,1.5696693670096928,1.2875090260366213,-0.6907437295749769,0.19560242305793474,0.14963488960217727,1.6115256659766848
H4,40,4.0,both,3.0,0.0,8.674679535467174,0.25,0.898138844700448,-0.08311405484331173,-0.0030540620889503156,0.12540695389460327,-0.024353211637028235,-0.06877644738762606,10.592029332722234,0.20689655172413793,1.6250537255402395,0.4846005417580316,0.023306874657669008,0.06337907338523681,0.3677376997294187,0.6207234612407505,-0.1689516444958036,-0.11579499191122304,0.11074762336102939,0.4846005417580316
H4,40,4.0,long,3.0,1.0,6.839651172195271,0.2682926829268293,0.8274303231064902,-0.14268505151988586,-0.0044669466632120125,0.1186508020606212,-0.03764784211850296,-0.1303304222771285,6.20912064331993,0.4117647058823529,3.7774758399768418,1.6115256659766848,0.046710924221233574,0.029758447991006205,1.5696693670096928,1.2875090260366213,-0.6907437295749769,0.19560242305793474,0.14963488960217727,1.6115256659766848
H4,40,4.0,both,3.0,1.0,8.674679535467174,0.25,0.898138844700448,-0.08311405484331173,-0.0030540620889503156,0.12540695389460327,-0.024353211637028235,-0.06877644738762606,10.592029332722234,0.20689655172413793,1.6250537255402395,0.4846005417580316,0.023306874657669008,0.06337907338523681,0.3677376997294187,0.6207234612407505,-0.1689516444958036,-0.11579499191122304,0.11074762336102939,0.4846005417580316
H4,55,1.5,long,1.0,0.0,27.108373548334917,0.37538461538461537,1.0391697794187686,0.015566031589087523,0.0020440942580708388,0.08517080382199911,0.023999940899264608,0.07871833398881432,36.88948146913606,0.4752475247524752,1.8324761853558027,0.2588438719292139,0.04384349893595063,0.02692661948744004,1.62825856979193,1.2252747359729794,-0.1490939546402607,0.13312715126440078,0.013236396924023456,0.2588438719292139
H4,55,1.5,both,1.0,0.0,50.04622808923369,0.37333333333333335,1.0863142513531345,0.03327971937003552,0.007795669462589805,0.12745077123711862,0.06116612231467928,0.21105402504955115,51.49917710047707,0.44680851063829785,1.4592008098684006,0.15593803959843627,0.03486076690986284,0.027346760051190053,1.274767718172369,0.9183898294426949,0.07153173371893423,0.06340979668179539,-0.031024655752341885,0.15593803959843627
H4,55,1.5,long,1.0,1.0,24.856293284319403,0.4463087248322148,0.9159020913229877,-0.047127560265366714,-0.005917287215759792,0.14380929089757896,-0.0411467658231768,-0.15181181745715402,31.7760879981667,0.6091954022988506,2.182723666529806,0.4160152196605556,0.06598960887514971,0.0252866820701659,2.60965866111025,1.5888941141446804,-0.16792800410016076,0.10352505690950083,-0.11587116880553727,0.4160152196605556
H4,55,1.5,both,1.0,1.0,45.45865718105394,0.47155963302752296,1.0030769233352654,0.0018987168542108478,0.0003642629871953851,0.16974748720694555,0.002145910924450377,0.026466572359198578,45.655298847940664,0.552,1.541718392603721,0.22055464016044926,0.04815015135177969,0.026281862480141745,1.8320677002309618,1.0875932920172544,0.08218028430231575,0.03249111622234041,-0.1041848216367356,0.22055464016044926
H4,55,1.5,long,2.0,0.0,17.766410971677963,0.3474178403755869,1.2440135665890477,0.15187581110035292,0.012077156306850911,0.07761870475500218,0.1555959526118296,0.31175773306828813,23.010270619362096,0.3968253968253968,2.3757825277847977,0.6412045676529246,0.059090962533994595,0.026435549225181106,2.2352840877505837,1.3370914501530555,-0.1491620948677555,0.16566931124085119,0.3509455410959678,0.6412045676529246
H4,55,1.5,both,2.0,0.0,32.530048258001905,0.34102564102564104,1.2601269976597078,0.15697456574418372,0.021799838649281922,0.09537854935829496,0.22856123096808262,0.4528166472490738,35.79375429678548,0.30612244897959184,1.4300536705458908,0.23754904219609327,0.0316346426323173,0.04773465558033182,0.6627185688829348,0.7164270720363937,0.2166088132173965,0.13037691839888355,0.12633238569060345,0.23754904219609327
H4,55,1.5,long,2.0,1.0,17.766410971677963,0.3474178403755869,1.2440135665890477,0.15187581110035292,0.012077156306850911,0.07761870475500218,0.1555959526118296,0.31175773306828813,23.010270619362096,0.3968253968253968,2.3757825277847977,0.6412045676529246,0.059090962533994595,0.026435549225181106,2.2352840877505837,1.3370914501530555,-0.1491620948677555,0.16566931124085119,0.3509455410959678,0.6412045676529246
H4,55,1.5,both,2.0,1.0,32.530048258001905,0.34102564102564104,1.2601269976597078,0.15697456574418372,0.021799838649281922,0.09537854935829496,0.22856123096808262,0.4528166472490738,35.79375429678548,0.30612244897959184,1.4300536705458908,0.23754904219609327,0.0316346426323173,0.04773465558033182,0.6627185688829348,0.7164270720363937,0.2166088132173965,0.13037691839888355,0.12633238569060345,0.23754904219609327
H4,55,1.5,long,3.0,0.0,15.01386842677011,0.23333333333333334,1.209751418234407,0.15922024491581183,0.011301491434422273,0.12587471097924333,0.08978365349562457,0.24627468594968063,16.43590758525864,0.4444444444444444,3.7316853029666537,1.528962441298345,0.09544038354004636,0.03204348451961853,2.9784645762109068,1.7774612402942631,-0.24154032264058783,0.13784398934273295,0.48887386014765977,1.528962441298345
H4,55,1.5,both,3.0,0.0,27.859066969673425,0.24850299401197604,1.1696796362585784,0.12453962176076652,0.01585725406677696,0.11491617118833776,0.13798975290247253,0.2875282367484681,29.219391262682024,0.3,1.774403493901033,0.5360234217029735,0.057854935210691405,0.054845361340575174,1.0548738087698533,1.025533241738293,0.32141496206080256,-0.0637713615329543,0.12165820249363847,0.5360234217029735
H4,55,1.5,long,3.0,1.0,15.01386842677011,0.23333333333333334,1.209751418234407,0.15922024491581183,0.011301491434422273,0.12587471097924333,0.08978365349562457,0.24627468594968063,16.43590758525864,0.4444444444444444,3.7316853029666537,1.528962441298345,0.09544038354004636,0.03204348451961853,2.9784645762109068,1.7774612402942631,-0.24154032264058783,0.13784398934273295,0.48887386014765977,1.528962441298345
H4,55,1.5,both,3.0,1.0,27.859066969673425,0.24850299401197604,1.1696796362585784,0.12453962176076652,0.01585725406677696,0.11491617118833776,0.13798975290247253,0.2875282367484681,29.219391262682024,0.3,1.774403493901033,0.5360234217029735,0.057854935210691405,0.054845361340575174,1.0548738087698533,1.025533241738293,0.32141496206080256,-0.0637713615329543,0.12165820249363847,0.5360234217029735
H4,55,2.5,long,1.0,0.0,18.934156293760083,0.3700440528634361,0.9712509838850253,-0.011738331498013886,-0.0011001597738710123,0.08007574111797362,-0.013738989592992638,-0.035401195250611375,24.471240182496196,0.5522388059701493,2.3777397749599163,0.3220073441523279,0.03762680473209645,0.019480001211340116,1.9315606977576742,1.3206510868241046,-0.16495834048617886,0.058733209864576606,-0.016099775317584195,0.3220073441523279
H4,55,2.5,both,1.0,0.0,33.19733129919168,0.39195979899497485,1.1928337570691552,0.07245918833853313,0.010987665969910854,0.07068014423671151,0.15545619054076323,0.36476558096065936,36.52423907835253,0.43,1.4265320815611582,0.125187250627323,0.020026028448090205,0.02180557630117295,0.9183902397944409,0.7185188152554557,0.08055096579497027,0.10328054003296137,0.014596039639531534,0.125187250627323
H4,55,2.5,long,1.0,1.0,16.76548640989329,0.48756218905472637,1.0488945835567187,0.025254729041363194,0.0019769635354565107,0.0712300986094542,0.02775460899325658,0.08374332020692314,21.549301056227993,0.6779661016949152,2.3995154588775747,0.43385675640491633,0.04256649931890788,0.021805039001478177,1.9521404807403586,1.4314314197044227,-0.1137525962831473,0.06056644248269586,0.03282727815596788,0.43385675640491633
H4,55,2.5,both,1.0,1.0,29.44386419249916,0.49291784702549574,1.154946932146726,0.0776170844686668,0.01038479656969904,0.06861780676871508,0.15134258960946242,0.31058990917495133,33.2370575613008,0.5054945054945055,1.171845280868606,0.0695324515247809,0.011259184731964522,0.03615532639769857,0.3114115084487583,0.3606033926872655,0.10714494463626936,0.06681196789597249,0.032021240324177684,0.0695324515247809
H4,55,2.5,long,2.0,0.0,12.428146642159701,0.30201342281879195,1.1083242064964516,0.0717932648221503,0.004366320613843344,0.08074738399210533,0.05407383370178579,0.13937231391471558,13.148726068206912,0.4722222222222222,3.3928873203463126,1.1642306212843685,0.06307185918706848,0.02923650094754055,2.1572984845292935,1.6758867037885004,-0.31827384650111146,0.09096543087412072,0.36136914611970855,1.1642306212843685
H4,55,2.5,both,2.0,0.0,21.603288458519213,0.3281853281853282,1.2101861427074387,0.13044963670304816,0.012941165932668142,0.07649033869527874,0.1691869346300452,0.3152620795486757,24.471240182496196,0.26865671641791045,1.4290623984541886,0.28250961808756836,0.026689525305284567,0.04693257060944154,0.5686781047513167,0.6872352266299752,0.1569507276848856,-0.07851001276125208,0.32389967461216534,0.28250961808756836
H4,55,2.5,long,2.0,1.0,12.428146642159701,0.30201342281879195,1.1083242064964516,0.0717932648221503,0.004366320613843344,0.08074738399210533,0.05407383370178579,0.13937231391471558,13.148726068206912,0.4722222222222222,3.3928873203463126,1.1642306212843685,0.06307185918706848,0.02923650094754055,2.1572984845292935,1.6758867037885004,-0.31827384650111146,0.09096543087412072,0.36136914611970855,1.1642306212843685
H4,55,2.5,both,2.0,1.0,21.603288458519213,0.3281853281853282,1.2101861427074387,0.13044963670304816,0.012941165932668142,0.07649033869527874,0.1691869346300452,0.3152620795486757,24.471240182496196,0.26865671641791045,1.4290623984541886,0.28250961808756836,0.026689525305284567,0.04693257060944154,0.5686781047513167,0.6872352266299752,0.1569507276848856,-0.07851001276125208,0.32389967461216534,0.28250961808756836
H4,55,2.5,long,3.0,0.0,10.092655997995461,0.2231404958677686,1.0691564870117598,0.05937366708268001,0.002913355362328618,0.11469529279459913,0.025400827630702946,0.08853798140371591,11.322514114289286,0.41935483870967744,3.4507413497235886,1.330770030060081,0.06496511798506566,0.035374196726366706,1.8365114687294906,1.418145498849128,-0.3990546909994603,0.08581554665503323,0.4300903188963465,1.330770030060081
H4,55,2.5,both,3.0,0.0,17.349359070934348,0.24519230769230768,1.052401797535636,0.040993540872891074,0.003532159622399389,0.1251214301545847,0.028229853335559586,0.09108737871603644,22.279785837795043,0.2459016393442623,1.3855315407817868,0.26196006644654907,0.02705907140257846,0.06181270571509735,0.43775905114552294,0.5465489048473837,0.04657915181652622,-0.0424362666879002,0.1226270221939549,0.26196006644654907
H4,55,2.5,long,3.0,1.0,10.092655997995461,0.2231404958677686,1.0691564870117598,0.05937366708268001,0.002913355362328618,0.11469529279459913,0.025400827630702946,0.08853798140371591,11.322514114289286,0.41935483870967744,3.4507413497235886,1.330770030060081,0.06496511798506566,0.035374196726366706,1.8365114687294906,1.418145498849128,-0.3990546909994603,0.08581554665503323,0.4300903188963465,1.330770030060081
H4,55,2.5,both,3.0,1.0,17.349359070934348,0.24519230769230768,1.052401797535636,0.040993540872891074,0.003532159622399389,0.1251214301545847,0.028229853335559586,0.09108737871603644,22.279785837795043,0.2459016393442623,1.3855315407817868,0.26196006644654907,0.02705907140257846,0.06181270571509735,0.43775905114552294,0.5465489048473837,0.04657915181652622,-0.0424362666879002,0.1226270221939549,0.26196006644654907
H4,55,4.0,long,1.0,0.0,12.845198542903315,0.36363636363636365,1.1556179402505218,0.05556379773701503,0.0035436361966982854,0.05097561722717614,0.06951629797645885,0.1791688148010638,15.705422803691588,0.46511627906976744,2.5959200413158983,0.47292614454845944,0.0327050710633785,0.021222048326517827,1.5410892747102154,1.4687172057064617,-0.1593622541687282,0.05367982547537573,0.21201064992626548,0.47292614454845944
H4,55,4.0,both,1.0,0.0,23.855368722534728,0.36713286713286714,1.1329702428757515,0.04602712038048575,0.005445499912878793,0.053274756135770526,0.10221538882319715,0.21498936663411813,26.297452136413824,0.3333333333333333,1.2276918042509655,0.08076669911072093,0.010441720590047554,0.05154335999513358,0.20258129448746454,0.4240868327202493,0.0991169203409424,-0.055394163941296565,0.09258582265618855,0.08076669911072093
H4,55,4.0,long,1.0,1.0,10.676528659036522,0.46875,1.1668784935411831,0.0801786612616744,0.004250104346120276,0.06729578407377176,0.06315558106078648,0.19613920406856292,12.783483677423385,0.5428571428571428,2.461709057370351,0.6451670943229384,0.03559850270119336,0.022223396754769892,1.6018479575383864,1.49443393373907,-0.27062384396391015,0.12962794243130427,0.29451684693161234,0.6451670943229384
H4,55,4.0,both,1.0,1.0,19.43461857465242,0.4892703862660944,1.1186918956436616,0.055595558113400036,0.005386545149532962,0.0506118190767173,0.10642860201029421,0.19753534943909112,20.453573883877418,0.4107142857142857,1.2219916222347194,0.12785793027634476,0.011268558862235656,0.043288768916515834,0.26031137277125005,0.4232244704236744,0.041413742216807194,-0.04108041344471157,0.15179263566107173,0.12785793027634476
H4,55,4.0,long,2.0,0.0,7.340113453087609,0.3068181818181818,1.2088674837244697,0.13250109603230734,0.004961692048787603,0.0761000382357127,0.06519959994526191,0.1967161572951026,10.226786941938709,0.42857142857142855,2.6860334715387855,0.7771698378320439,0.03426675007981772,0.025603186809691116,1.3383783172978818,1.174226616224292,-0.40653380535613587,0.48417076481853805,0.29039002648636275,0.7771698378320439
H4,55,4.0,both,2.0,0.0,12.845198542903315,0.3181818181818182,0.9999834657377631,-0.004538972957046154,0.0001568410163261813,0.10018393096060461,0.0015655306676662147,0.018265870169785904,16.801149976042165,0.30434782608695654,1.3031872463600302,0.17609550421187306,0.013702202164477262,0.047409237321910866,0.28901967081728586,0.41083948085052063,-0.07662370206329926,-0.008941180340768152,0.08324597093816521,0.17609550421187306
H4,55,4.0,long,2.0,1.0,7.340113453087609,0.3068181818181818,1.2088674837244697,0.13250109603230734,0.004961692048787603,0.0761000382357127,0.06519959994526191,0.1967161572951026,10.226786941938709,0.42857142857142855,2.6860334715387855,0.7771698378320439,0.03426675007981772,0.025603186809691116,1.3383783172978818,1.174226616224292,-0.40653380535613587,0.48417076481853805,0.29039002648636275,0.7771698378320439
H4,55,4.0,both,2.0,1.0,12.845198542903315,0.3181818181818182,0.9999834657377631,-0.004538972957046154,0.0001568410163261813,0.10018393096060461,0.0015655306676662147,0.018265870169785904,16.801149976042165,0.30434782608695654,1.3031872463600302,0.17609550421187306,0.013702202164477262,0.047409237321910866,0.28901967081728586,0.41083948085052063,-0.07662370206329926,-0.008941180340768152,0.08324597093816521,0.17609550421187306
H4,55,4.0,long,3.0,0.0,6.672830411897826,0.2875,0.9068566874169958,-0.07729911043281187,-0.0021374210439270014,0.09148953420421503,-0.023362465035137624,-0.05663502455679286,6.20912064331993,0.4117647058823529,3.7959787976512733,1.5679734846984936,0.04454541511629495,0.03395789149378649,1.3117838934271209,1.270367927211407,-0.5757503146246462,0.1936355042455715,0.13175632336983042,1.5679734846984936
H4,55,4.0,both,3.0,0.0,8.84150029576462,0.25471698113207547,0.9229184368973803,-0.06458562829825967,-0.0023450447248766215,0.15960586334410723,-0.014692722909688783,-0.04917946566533596,10.226786941938709,0.25,1.8316232260886618,0.5904031269443221,0.02730994769472539,0.05898617622954264,0.4629889482656018,0.7489206894787843,-0.14476974441849177,-0.3084877389544471,0.37413494834643307,0.5904031269443221
H4,55,4.0,long,3.0,1.0,6.672830411897826,0.2875,0.9068566874169958,-0.07729911043281187,-0.0021374210439270014,0.09148953420421503,-0.023362465035137624,-0.05663502455679286,6.20912064331993,0.4117647058823529,3.7959787976512733,1.5679734846984936,0.04454541511629495,0.03395789149378649,1.3117838934271209,1.270367927211407,-0.5757503146246462,0.1936355042455715,0.13175632336983042,1.5679734846984936
H4,55,4.0,both,3.0,1.0,8.84150029576462,0.25471698113207547,0.9229184368973803,-0.06458562829825967,-0.0023450447248766215,0.15960586334410723,-0.014692722909688783,-0.04917946566533596,10.226786941938709,0.25,1.8316232260886618,0.5904031269443221,0.02730994769472539,0.05898617622954264,0.4629889482656018,0.7489206894787843,-0.14476974441849177,-0.3084877389544471,0.37413494834643307,0.5904031269443221
D1,10,1.5,long,1.0,0.0,10.509707898739077,0.3253968253968254,0.9075506985319941,-0.036583367487651924,-0.0018249759160680057,0.05081018768411502,-0.035917519679592814,-0.09312438999520556,12.052998895856335,0.5757575757575758,4.212212172665312,0.6992636035714828,0.03842993366636693,0.017878347549062583,2.149523805872201,1.7140664389339442,-0.231850762376932,-0.0015688372384462953,0.05757497862218634,0.6992636035714828
D1,10,1.5,both,1.0,0.0,19.518028954801142,0.3333333333333333,1.0071460009461353,0.0029384833912301693,0.0002990787788883509,0.07494740095713887,0.003990515682583695,0.022237129657668213,20.818816274660943,0.40350877192982454,1.5636733343038656,0.19912332976036906,0.01945410074666931,0.028343053059133736,0.6863798584464809,0.7821764375011403,0.06299959389560246,-0.029440024644808403,-0.01687414302430544,0.19912332976036906
D1,10,1.5,long,1.0,1.0,8.758089915615896,0.47619047619047616,1.0900367300789864,0.047974998430639626,0.0020162484531260905,0.045038387419694396,0.0447673322389963,0.10551357837745062,8.400574988021082,0.7391304347826086,5.076783219747444,1.1129349229007623,0.04076693191722636,0.02125391613543853,1.9180903724962033,1.8477196189440745,-0.23863948526037115,-0.030155558293531566,0.3283784037374107,1.1129349229007623
D1,10,1.5,both,1.0,1.0,16.431844889298397,0.48223350253807107,1.0691821486673307,0.036123921944314075,0.0028061661966030105,0.044001581343404816,0.06377421244710818,0.11646426297449233,15.705422803691588,0.4883720930232558,1.7544284769196445,0.3360183969007893,0.02540043107174106,0.021407543080733914,1.1865178071088696,0.9929666663768186,0.058214273105559905,-0.03181190422643415,0.08029661373259023,0.3360183969007893
D1,10,1.5,long,2.0,0.0,6.255778511154212,0.30666666666666664,0.9884787236053865,-0.005557619845260706,-0.00018996417105310304,0.07361743170242074,-0.002580423775458286,0.0019476549374939187,5.478635861752879,0.6666666666666666,5.9582930665449565,1.572068973256252,0.03735161311412516,0.022107804416938128,1.689521601046363,1.4152704145539352,-0.4541891718202294,0.232484974769291,0.1532661584411214,1.572068973256252
D1,10,1.5,both,2.0,0.0,11.760863600969918,0.3191489361702128,0.9961923696376116,-0.0015015131545246237,-8.916963433314162e-05,0.07750632244163784,-0.0011504820706760568,0.009950474328636015,12.41824128663986,0.4117647058823529,1.6640492538592382,0.3310300646026118,0.02025467846279061,0.02945613389086767,0.6876217543630259,0.6600151178132541,-0.056260393566641725,0.04985635489709461,-0.002640021896250562,0.3310300646026118
D1,10,1.5,long,2.0,1.0,6.255778511154212,0.30666666666666664,0.9884787236053865,-0.005557619845260706,-0.00018996417105310304,0.07361743170242074,-0.002580423775458286,0.0019476549374939187,5.478635861752879,0.6666666666666666,5.9582930665449565,1.572068973256252,0.03735161311412516,0.022107804416938128,1.689521601046363,1.4152704145539352,-0.4541891718202294,0.232484974769291,0.1532661584411214,1.572068973256252
D1,10,1.5,both,2.0,1.0,11.760863600969918,0.3191489361702128,0.9961923696376116,-0.0015015131545246237,-8.916963433314162e-05,0.07750632244163784,-0.0011504820706760568,0.009950474328636015,12.41824128663986,0.4117647058823529,1.6640492538592382,0.3310300646026118,0.02025467846279061,0.02945613389086767,0.6876217543630259,0.6600151178132541,-0.056260393566641725,0.04985635489709461,-0.002640021896250562,0.3310300646026118
D1,10,1.5,long,3.0,0.0,5.171443569220815,0.27419354838709675,0.8993739815806934,-0.07636608642614834,-0.001916270415385446,0.09245682446671029,-0.0207261110949729,-0.05701317678316234,4.748151080185829,0.5384615384615384,4.572945750726013,1.7114254859868465,0.03660466430681919,0.030304624231712783,1.2078903875176128,1.18820973087833,-0.7057652604496265,6.648870939220663e-05,0.4936357163292271,1.7114254859868465
D1,10,1.5,both,3.0,0.0,8.174217254574836,0.2755102040816326,0.856542601167412,-0.10426357714571097,-0.004225456350022583,0.14454898731129817,-0.029232002441654702,-0.10657562140125093,9.861544551155184,0.2962962962962963,1.773663776498121,0.47276977968411404,0.02502064189411901,0.05522971416686258,0.4530286327125555,0.6796528249484248,-0.0834024127924494,-0.31845512844196466,0.16220661492173893,0.47276977968411404
D1,10,1.5,long,3.0,1.0,5.171443569220815,0.27419354838709675,0.8993739815806934,-0.07636608642614834,-0.001916270415385446,0.09245682446671029,-0.0207261110949729,-0.05701317678316234,4.748151080185829,0.5384615384615384,4.572945750726013,1.7114254859868465,0.03660466430681919,0.030304624231712783,1.2078903875176128,1.18820973087833,-0.7057652604496265,6.648870939220663e-05,0.4936357163292271,1.7114254859868465
D1,10,1.5,both,3.0,1.0,8.174217254574836,0.2755102040816326,0.856542601167412,-0.10426357714571097,-0.004225456350022583,0.14454898731129817,-0.029232002441654702,-0.10657562140125093,9.861544551155184,0.2962962962962963,1.773663776498121,0.47276977968411404,0.02502064189411901,0.05522971416686258,0.4530286327125555,0.6796528249484248,-0.0834024127924494,-0.31845512844196466,0.16220661492173893,0.47276977968411404
D1,10,2.5,long,1.0,0.0,6.088957750856767,0.3561643835616438,1.1291181025351649,0.04938616282604854,0.001542069413528635,0.04487748752282915,0.034361759061136955,0.11527810404266883,6.574363034103456,0.6111111111111112,4.030771288126662,0.8414772878554424,0.021830674645496817,0.012936127867046482,1.6875741234058395,1.497807296171028,-0.2960397287335681,0.08283430596785613,0.3555468428713693,0.8414772878554424
D1,10,2.5,both,1.0,0.0,11.260401320077582,0.4,1.213296634423242,0.07709637340728215,0.004115156066648362,0.03354085587916692,0.12269084848262296,0.2319808406035714,12.41824128663986,0.4117647058823529,1.3299755959153474,0.19012904214777634,0.00763984635249626,0.027972170867337255,0.2731231118503287,0.46360961841864523,0.00296234824325504,0.13053504290901877,0.10682349858776256,0.19012904214777634
D1,10,2.5,long,1.0,1.0,5.0046228089233695,0.4666666666666667,1.031730581072146,0.015251923925678274,0.0004450745623501007,0.03552473189698919,0.012528583287853662,0.0358918729707806,4.382908689402304,0.6666666666666666,5.31267485063736,1.2380949739082137,0.020764793957004812,0.014715778500358153,1.4110564355463382,1.4191600903440702,-0.34930906283517765,0.18780449401419164,0.15518019963218427,1.2380949739082137
D1,10,2.5,both,1.0,1.0,8.591269155318452,0.49514563106796117,0.9815044889922441,-0.013642457976230015,-0.00036926875511889,0.06108494796988101,-0.006045167711380623,-0.01159036693080963,11.68775650507281,0.4375,1.170609808853788,0.09350997470537442,0.004766327403535886,0.0447501202948776,0.10650982326144656,0.2647817155628174,0.029577425349200395,0.2611204313685764,-0.2581818417840064,0.09350997470537442
D1,10,2.5,long,2.0,0.0,3.83687748684125,0.32608695652173914,0.6622311546903764,-0.2331128651865545,-0.004291655082660384,0.07149622513189727,-0.06002631712014273,-0.2418661306611194,3.652423907835253,0.6,3.9789045345731795,1.0099426594351943,0.015745161063452695,0.021447701993667988,0.7341187912859449,0.8468775500164961,-0.7540823389906732,0.14168014272364646,0.015897881803283442,1.0099426594351943
D1,10,2.5,both,2.0,0.0,5.171443569220815,0.3064516129032258,0.7824861315451358,-0.13627542281504382,-0.0033556767764691964,0.10207373673629892,-0.03287502626790647,-0.15028904885601,7.670090206454032,0.38095238095238093,1.450947016161899,0.2994836318670002,0.009796571755577244,0.04239383017676154,0.23108484689235037,0.4429231142188725,0.07401436149031793,-0.1998485877337423,-0.2189908035000752,0.2994836318670002
D1,10,2.5,long,2.0,1.0,3.83687748684125,0.32608695652173914,0.6622311546903764,-0.2331128651865545,-0.004291655082660384,0.07149622513189727,-0.06002631712014273,-0.2418661306611194,3.652423907835253,0.6,3.9789045345731795,1.0099426594351943,0.015745161063452695,0.021447701993667988,0.7341187912859449,0.8468775500164961,-0.7540823389906732,0.14168014272364646,0.015897881803283442,1.0099426594351943
D1,10,2.5,both,2.0,1.0,5.171443569220815,0.3064516129032258,0.7824861315451358,-0.13627542281504382,-0.0033556767764691964,0.10207373673629892,-0.03287502626790647,-0.15028904885601,7.670090206454032,0.38095238095238093,1.450947016161899,0.2994836318670002,0.009796571755577244,0.04239383017676154,0.23108484689235037,0.4429231142188725,0.07401436149031793,-0.1998485877337423,-0.2189908035000752,0.2994836318670002
D1,10,2.5,long,3.0,0.0,2.0018491235693476,0.25,0.650779209787474,-0.31218577069339987,-0.0028144754781033177,0.07417666568211372,-0.03794286858571987,-0.14065587179596156,2.5566967354846772,0.42857142857142855,6.0049687061040045,2.219930319424594,0.025721304055593253,0.02511323287280167,1.0242131782025619,1.1213375361977382,-1.129520818182914,0.5242656614135665,0.4783863383316813,2.219930319424594
D1,10,2.5,both,3.0,0.0,3.5866463463950815,0.18604651162790697,0.4677727616050081,-0.4538267420450736,-0.00797232152289562,0.10789678793636903,-0.073888404607533,-0.35852253250465793,5.843878252536405,0.3125,2.059462841397444,0.7022839605548372,0.019871407221662363,0.04265412508179573,0.46587304706299654,0.748060973635159,-0.21504516635518733,-0.5097673300744766,-0.6126055736533078,0.7022839605548372
D1,10,2.5,long,3.0,1.0,2.0018491235693476,0.25,0.650779209787474,-0.31218577069339987,-0.0028144754781033177,0.07417666568211372,-0.03794286858571987,-0.14065587179596156,2.5566967354846772,0.42857142857142855,6.0049687061040045,2.219930319424594,0.025721304055593253,0.02511323287280167,1.0242131782025619,1.1213375361977382,-1.129520818182914,0.5242656614135665,0.4783863383316813,2.219930319424594
D1,10,2.5,both,3.0,1.0,3.5866463463950815,0.18604651162790697,0.4677727616050081,-0.4538267420450736,-0.00797232152289562,0.10789678793636903,-0.073888404607533,-0.35852253250465793,5.843878252536405,0.3125,2.059462841397444,0.7022839605548372,0.019871407221662363,0.04265412508179573,0.46587304706299654,0.748060973635159,-0.21504516635518733,-0.5097673300744766,-0.6126055736533078,0.7022839605548372
D1,10,4.0,long,1.0,0.0,3.7534671066925274,0.4222222222222222,0.8664593459010236,-0.056675570637006914,-0.0008908268289167243,0.03296935793456859,-0.027019841596086606,-0.08305972152972227,3.287181517051728,0.7777777777777778,11.5528071151309,0.8541209505277292,0.01215148726824511,0.00991814169991276,1.2251778242240674,1.14808482658075,-0.44031617978005555,0.2266706217105868,0.025919831429838322,0.8541209505277292
D1,10,4.0,both,1.0,0.0,5.588495469964429,0.4626865671641791,1.1261781739439432,0.037888007575315644,0.0007586899523968071,0.025306043005429532,0.02998058417248507,0.06658193954649728,6.20912064331993,0.4117647058823529,1.788513534174141,0.28389930351545045,0.009890636064408653,0.019667168312421133,0.5029008704909519,0.7879839942993481,-0.0428945855057092,0.1660882759070894,-0.0019428396353134314,0.28389930351545045
D1,10,4.0,long,1.0,1.0,3.002773685354022,0.5277777777777778,0.7395860478588289,-0.14209922664284608,-0.0018769441965543754,0.042330419541325236,-0.0443403164176533,-0.1696085944431694,2.5566967354846772,1.0,inf,1.3060581428259377,0.014717879603556305,0.009241051962845607,1.5926627902029686,1.348775261267947,-0.6233903347611831,0.15958938013659812,0.10275158427086195,1.3060581428259377
D1,10,4.0,both,1.0,1.0,3.83687748684125,0.5434782608695652,1.1128873489063524,0.041750559985468075,0.0005419856234176734,0.028197779112416728,0.019220862084809127,0.048890810301886085,5.1133934709693545,0.5,2.463652417634914,0.5068329775991903,0.015514116205698647,0.014207378329843997,1.0919760032792059,1.0515830736950869,-0.22337697257479502,0.27271579477480307,0.07377771414571321,0.5068329775991903
D1,10,4.0,long,2.0,0.0,1.2511557022308424,0.3333333333333333,0.7408716461270728,-0.18975944849288304,-0.0010396848614905307,0.03677281105221629,-0.02827319510641189,-0.08517922203803666,1.4609695631341013,0.75,190.22050333562964,2.4535035239394207,0.014756204403977735,0.01431971215813306,1.0304819147916155,1.0885353469186976,-1.220876818060779,0.6270052911955177,0.3359606812484597,2.4535035239394207
D1,10,4.0,both,2.0,0.0,2.5857217846104077,0.1935483870967742,0.32687398778609084,-0.536140245399443,-0.006669019934431364,0.07926520982953346,-0.0841355236272465,-0.5000090172513273,4.382908689402304,0.5,2.145351439001065,0.5302856292840497,0.01357255494009002,0.025827767184701218,0.5255024502516643,0.6698363752834814,-0.5045149571682107,-0.4788532357758506,-0.665555531152776,0.5302856292840497
D1,10,4.0,long,2.0,1.0,1.2511557022308424,0.3333333333333333,0.7408716461270728,-0.18975944849288304,-0.0010396848614905307,0.03677281105221629,-0.02827319510641189,-0.08517922203803666,1.4609695631341013,0.75,190.22050333562964,2.4535035239394207,0.014756204403977735,0.01431971215813306,1.0304819147916155,1.0885353469186976,-1.220876818060779,0.6270052911955177,0.3359606812484597,2.4535035239394207
D1,10,4.0,both,2.0,1.0,2.5857217846104077,0.1935483870967742,0.32687398778609084,-0.536140245399443,-0.006669019934431364,0.07926520982953346,-0.0841355236272465,-0.5000090172513273,4.382908689402304,0.5,2.145351439001065,0.5302856292840497,0.01357255494009002,0.025827767184701218,0.5255024502516643,0.6698363752834814,-0.5045149571682107,-0.4788532357758506,-0.665555531152776,0.5302856292840497
D1,10,4.0,long,3.0,0.0,0.6672830411897827,0.25,0.6011378877095791,-0.47818864363124014,-0.0013344940875428257,0.039991613074288584,-0.033369348844815634,-0.11230208035313768,0.7304847815670507,0.5,234.3536389962162,5.464481228199763,0.018187108892736115,0.013367458619177465,1.3605509776289262,1.2853227783614742,-1.4577905475083544,-0.34374813565872286,4.150939859809296,5.464481228199763
D1,10,4.0,both,3.0,0.0,0.8341038014872283,0.2,0.5557228067590949,-0.44424165398705,-0.0015608479901070282,0.03327068812542329,-0.04691360708329714,-0.14543602183861415,0.7304847815670507,1.0,inf,6.510466766314278,0.019960795348485938,0.01338769734348579,1.4909804753091835,1.3985747650695424,-0.3768202103872227,-1.5714658909565802,-0.116604588101681,6.510466766314278
D1,10,4.0,long,3.0,1.0,0.6672830411897827,0.25,0.6011378877095791,-0.47818864363124014,-0.0013344940875428257,0.039991613074288584,-0.033369348844815634,-0.11230208035313768,0.7304847815670507,0.5,234.3536389962162,5.464481228199763,0.018187108892736115,0.013367458619177465,1.3605509776289262,1.2853227783614742,-1.4577905475083544,-0.34374813565872286,4.150939859809296,5.464481228199763
D1,10,4.0,both,3.0,1.0,0.8341038014872283,0.2,0.5557228067590949,-0.44424165398705,-0.0015608479901070282,0.03327068812542329,-0.04691360708329714,-0.14543602183861415,0.7304847815670507,1.0,inf,6.510466766314278,0.019960795348485938,0.01338769734348579,1.4909804753091835,1.3985747650695424,-0.3768202103872227,-1.5714658909565802,-0.116604588101681,6.510466766314278
D1,20,1.5,long,1.0,0.0,7.9239861141286685,0.3263157894736842,0.9513795330502556,-0.016483837473279507,-0.0007556762295219954,0.04290224787160805,-0.01761390759252241,-0.042512187083269246,10.226786941938709,0.6428571428571429,3.7178713526042197,0.6902942397197117,0.030993204371440486,0.015882402084857014,1.9514179408032226,1.5373680537756058,-0.14878929853788622,-0.0033703886851958196,0.038194625369450654,0.6902942397197117
D1,20,1.5,both,1.0,0.0,14.680226906175218,0.3465909090909091,0.9926617295517234,0.00047883211383816844,-0.0001965957758904846,0.05842073361346548,-0.0033651712967392618,-0.0014576844460821748,14.974938022124539,0.5365853658536586,2.1327287032577904,0.3734315247217027,0.024851494474116276,0.020644311223024257,1.203793829963182,1.1324199383129772,0.014942249541857695,0.019380082633977204,-0.0268266751384744,0.3734315247217027
D1,20,1.5,long,1.0,1.0,6.589420031749103,0.4810126582278481,1.039658038097791,0.02444949178535269,0.0006456018263985008,0.05872817104243048,0.010993051800166914,0.04384107715872065,9.496302160371657,0.7692307692307693,4.308200231895777,0.831543511229498,0.03436512821426585,0.014312040792096147,2.4011340320692813,1.6348626832485988,-0.3446659757729885,-0.08564484755091792,0.40074280401282214,0.831543511229498
D1,20,1.5,both,1.0,1.0,12.09450512156481,0.5172413793103449,1.097837439699085,0.05219338574072161,0.002725916355310831,0.03753601276023931,0.0726213615900703,0.12558891910038944,13.879210849773962,0.631578947368421,2.264865076131325,0.45393554757723603,0.027741724715914184,0.0223662167537083,1.2403405109321688,1.2259258867459761,-0.04539816020950919,-0.02228743079399254,0.2149688082189538,0.45393554757723603
D1,20,1.5,long,2.0,0.0,4.587570908179756,0.32727272727272727,1.1724700342402,0.1165055401526718,0.002449954837876467,0.06799273926422592,0.0360325950151195,0.1252511223481453,5.843878252536405,0.75,6.835980383120059,1.5564120343837367,0.03818198255429328,0.01845101800311532,2.0693699690633074,1.4806473717092872,-0.4727407488510498,0.3070261072080594,0.4121649760975031,1.5564120343837367
D1,20,1.5,both,2.0,0.0,9.008321056062066,0.3333333333333333,1.039325122543407,0.029249006697917065,0.0010407604647217905,0.07306787226087742,0.014243749441696043,0.04817565648576226,9.861544551155184,0.5185185185185185,2.5351424698583926,0.6932779192786229,0.02989700343936108,0.027423092615999532,1.0902126852723455,1.0561826173871425,-0.030439086859635575,0.11762680518352754,0.0019713716712613538,0.6932779192786229
D1,20,1.5,long,2.0,1.0,4.587570908179756,0.32727272727272727,1.1724700342402,0.1165055401526718,0.002449954837876467,0.06799273926422592,0.0360325950151195,0.1252511223481453,5.843878252536405,0.75,6.835980383120059,1.5564120343837367,0.03818198255429328,0.01845101800311532,2.0693699690633074,1.4806473717092872,-0.4727407488510498,0.3070261072080594,0.4121649760975031,1.5564120343837367
D1,20,1.5,both,2.0,1.0,9.008321056062066,0.3333333333333333,1.039325122543407,0.029249006697917065,0.0010407604647217905,0.07306787226087742,0.014243749441696043,0.04817565648576226,9.861544551155184,0.5185185185185185,2.5351424698583926,0.6932779192786229,0.02989700343936108,0.027423092615999532,1.0902126852723455,1.0561826173871425,-0.030439086859635575,0.11762680518352754,0.0019713716712613538,0.6932779192786229
D1,20,1.5,long,3.0,0.0,4.253929387584864,0.29411764705882354,0.804634655293127,-0.14877494790607845,-0.0031333298905692475,0.1114483386286461,-0.028114639743619045,-0.11851950010222567,4.382908689402304,0.5833333333333334,7.570054572691529,2.827218255117255,0.055397268566212965,0.02572366559484618,2.153552663867314,1.6887641276524668,-0.7794858692419357,-0.11018324945149786,0.47252777024606185,2.827218255117255
D1,20,1.5,both,3.0,0.0,7.173292692790163,0.29069767441860467,0.8522069919018463,-0.10550119695165104,-0.0038495517845900107,0.13159205206775035,-0.029253680021708785,-0.10223093769150478,7.670090206454032,0.38095238095238093,2.9698597836189684,1.2610781892370757,0.04384348113699921,0.03423670613867965,1.2805986930929112,1.2337219110710815,-0.09426496915499666,-0.263505627828881,0.0705270859210041,1.2610781892370757
D1,20,1.5,long,3.0,1.0,4.253929387584864,0.29411764705882354,0.804634655293127,-0.14877494790607845,-0.0031333298905692475,0.1114483386286461,-0.028114639743619045,-0.11851950010222567,4.382908689402304,0.5833333333333334,7.570054572691529,2.827218255117255,0.055397268566212965,0.02572366559484618,2.153552663867314,1.6887641276524668,-0.7794858692419357,-0.11018324945149786,0.47252777024606185,2.827218255117255
D1,20,1.5,both,3.0,1.0,7.173292692790163,0.29069767441860467,0.8522069919018463,-0.10550119695165104,-0.0038495517845900107,0.13159205206775035,-0.029253680021708785,-0.10223093769150478,7.670090206454032,0.38095238095238093,2.9698597836189684,1.2610781892370757,0.04384348113699921,0.03423670613867965,1.2805986930929112,1.2337219110710815,-0.09426496915499666,-0.263505627828881,0.0705270859210041,1.2610781892370757
D1,20,2.5,long,1.0,0.0,4.42075014788231,0.37735849056603776,1.3714042208526587,0.14135978301842247,0.002802695664253285,0.03184825499694597,0.08800154559557642,0.24270578991733957,5.843878252536405,0.75,5.198918973248659,0.9582694752106242,0.024247043118234668,0.012800457168956728,1.894232588585808,1.682079839339071,-0.08979811993742536,0.12690110806343086,0.315501094201625,0.9582694752106242
D1,20,2.5,both,1.0,0.0,8.924910675913342,0.35514018691588783,1.250161921787572,0.08937992454529546,0.003606165698932129,0.031982626344417245,0.11275389519602746,0.23203029557298535,9.496302160371657,0.5384615384615384,2.153166529548656,0.4310805236548536,0.017059381536576712,0.020072265795875247,0.8498981485230398,1.0798209594309849,0.09178447885883893,0.027555369403164883,0.15065086047858303,0.4310805236548536
D1,20,2.5,long,1.0,1.0,3.7534671066925274,0.5111111111111111,1.309451894042484,0.1528420110347882,0.0025536406806450085,0.02361980163516479,0.10811439994666121,0.20347318966829783,5.843878252536405,0.75,4.86633400736357,0.9415322970446196,0.02393005164366757,0.013342275869044526,1.79355095626435,1.653341249672844,-0.1072659993322583,0.2979169370955955,0.16757260507150118,0.9415322970446196
D1,20,2.5,both,1.0,1.0,6.839651172195271,0.5487804878048781,1.2844520403795303,0.13239120081502512,0.004160559558951116,0.04285884213828858,0.0970758739941371,0.24957563774529387,9.496302160371657,0.5384615384615384,1.6815110889022236,0.3194135679175717,0.012586464766358274,0.02177985774587294,0.5778947187450423,0.7821331681811065,0.409353159223244,0.26920226673288283,-0.14742998541091729,0.3194135679175717
D1,20,2.5,long,2.0,0.0,2.919363305205299,0.4,0.8071061573179369,-0.10887464400468458,-0.0016374655951345574,0.046533392043819184,-0.035189044323108924,-0.10187963603851675,4.017666298618779,0.5454545454545454,6.044772438080534,1.8539223650314545,0.033510273975810634,0.017549547417856515,1.9094665621812112,1.5870841871625077,-0.625320654698227,0.22543419608385581,-0.0026558678645790057,1.8539223650314545
D1,20,2.5,both,2.0,0.0,5.254853949369538,0.30158730158730157,0.6510386492875653,-0.22696564397896776,-0.005762985721707192,0.12584042706196302,-0.045795980324109475,-0.2721015851148483,6.939605424886981,0.3684210526315789,2.15691128968044,0.7092005832337788,0.02293739399138639,0.02802722551097401,0.8183968827883193,0.9722099260056751,-0.23328987719109193,-0.25487272641888353,-0.19457776236620783,0.7092005832337788
D1,20,2.5,long,2.0,1.0,2.919363305205299,0.4,0.8071061573179369,-0.10887464400468458,-0.0016374655951345574,0.046533392043819184,-0.035189044323108924,-0.10187963603851675,4.017666298618779,0.5454545454545454,6.044772438080534,1.8539223650314545,0.033510273975810634,0.017549547417856515,1.9094665621812112,1.5870841871625077,-0.625320654698227,0.22543419608385581,-0.0026558678645790057,1.8539223650314545
D1,20,2.5,both,2.0,1.0,5.254853949369538,0.30158730158730157,0.6510386492875653,-0.22696564397896776,-0.005762985721707192,0.12584042706196302,-0.045795980324109475,-0.2721015851148483,6.939605424886981,0.3684210526315789,2.15691128968044,0.7092005832337788,0.02293739399138639,0.02802722551097401,0.8183968827883193,0.9722099260056751,-0.23328987719109193,-0.25487272641888353,-0.19457776236620783,0.7092005832337788
D1,20,2.5,long,3.0,0.0,2.0852595037180706,0.24,0.6079737817448095,-0.3537309703605682,-0.0027003688526551217,0.07167885983586646,-0.03767315577896398,-0.14102654996499261,2.9219391262682026,0.5,8.769316649021995,2.9386930204019635,0.03632181345718766,0.022827502872766057,1.5911426518982392,1.3267233259753992,-1.0394226626835235,0.3033620499056577,-0.17911162713356615,2.9386930204019635
D1,20,2.5,both,3.0,0.0,3.6700567265438044,0.18181818181818182,0.4591175863229366,-0.4695320725620658,-0.007631783628390232,0.11459609525620477,-0.06659723973428328,-0.330681349653837,4.382908689402304,0.4166666666666667,3.9164800031035907,1.76290973810444,0.03355289700596331,0.033528976704737236,1.000713421749692,1.131308599790802,-0.3752661860919438,-0.4509324030787258,-0.5588311568979973,1.76290973810444
D1,20,2.5,long,3.0,1.0,2.0852595037180706,0.24,0.6079737817448095,-0.3537309703605682,-0.0027003688526551217,0.07167885983586646,-0.03767315577896398,-0.14102654996499261,2.9219391262682026,0.5,8.769316649021995,2.9386930204019635,0.03632181345718766,0.022827502872766057,1.5911426518982392,1.3267233259753992,-1.0394226626835235,0.3033620499056577,-0.17911162713356615,2.9386930204019635
D1,20,2.5,both,3.0,1.0,3.6700567265438044,0.18181818181818182,0.4591175863229366,-0.4695320725620658,-0.007631783628390232,0.11459609525620477,-0.06659723973428328,-0.330681349653837,4.382908689402304,0.4166666666666667,3.9164800031035907,1.76290973810444,0.03355289700596331,0.033528976704737236,1.000713421749692,1.131308599790802,-0.3752661860919438,-0.4509324030787258,-0.5588311568979973,1.76290973810444
D1,20,4.0,long,1.0,0.0,3.2530048258001902,0.41025641025641024,1.0009658435697697,-0.010281040107137401,5.4740337203096345e-06,0.02760886026134398,0.0001982709053721424,0.004266219120936662,3.287181517051728,0.7777777777777778,9.871568161245767,1.2966178128729158,0.016759788150149557,0.010833690577813868,1.547006352984794,1.551909333125669,-0.3435256915578945,0.17392799370392867,0.07445054165382715,1.2966178128729158
D1,20,4.0,both,1.0,0.0,5.338264329518261,0.40625,1.1016751355680885,0.02137749678214557,0.0007677885326398126,0.028192549485946076,0.027233738935975034,0.06895083866897196,5.843878252536405,0.5,2.0650079211922105,0.47775249382670587,0.010352306134019384,0.021968250279449986,0.47123944794562733,0.8661627476666373,0.07630344282220072,0.041386290234136196,-0.04465309379580683,0.47775249382670587
D1,20,4.0,long,1.0,1.0,3.002773685354022,0.4444444444444444,0.719836943389758,-0.17079169184442689,-0.002238552652854664,0.049327146902832686,-0.045381758188128896,-0.22615673857570553,2.9219391262682026,0.875,13.164225439603555,1.6900515202862105,0.020086890716864536,0.010850322252839266,1.8512713492549298,1.7278374962415357,-0.6697413898556722,0.01574859998165578,0.02647547633814076,1.6900515202862105
D1,20,4.0,both,1.0,1.0,4.337339767733587,0.40384615384615385,0.5606456719270124,-0.2663420818761945,-0.005212638772394973,0.06764101433199464,-0.07706328510702656,-0.4066144341006028,5.1133934709693545,0.5714285714285714,2.284285183341876,0.5209273121563631,0.011640233469258021,0.01952931305498755,0.59603906376447,0.8412435370376844,-0.24558969802007097,-0.35903386537893606,-0.1949122742336948,0.5209273121563631
D1,20,4.0,long,2.0,0.0,1.3345660823795653,0.25,0.5997718707656513,-0.30710840764905317,-0.001525873999844718,0.04633241247048992,-0.03293318690919837,-0.12565317291470326,1.8262119539176265,0.8,256.8235476993142,2.6952688204967887,0.01846647979238769,0.011581495734045235,1.5944814224731954,1.2218283065519955,-1.0213539374109648,0.49652252443297906,0.2581614515793245,2.6952688204967887
D1,20,4.0,both,2.0,0.0,2.418901024312962,0.13793103448275862,0.29645616312679796,-0.622507987900466,-0.006555241583331539,0.082841931539911,-0.07912951160697408,-0.5084675530355028,2.5566967354846772,0.7142857142857143,8.106622094628031,1.9690934649546958,0.021461399686844462,0.01601760142344506,1.3398635113638977,1.1518734775900292,-0.5179057899117625,-0.5822556556396447,-0.8225580215520558,1.9690934649546958
D1,20,4.0,long,2.0,1.0,1.3345660823795653,0.25,0.5997718707656513,-0.30710840764905317,-0.001525873999844718,0.04633241247048992,-0.03293318690919837,-0.12565317291470326,1.8262119539176265,0.8,256.8235476993142,2.6952688204967887,0.01846647979238769,0.011581495734045235,1.5944814224731954,1.2218283065519955,-1.0213539374109648,0.49652252443297906,0.2581614515793245,2.6952688204967887
D1,20,4.0,both,2.0,1.0,2.418901024312962,0.13793103448275862,0.29645616312679796,-0.622507987900466,-0.006555241583331539,0.082841931539911,-0.07912951160697408,-0.5084675530355028,2.5566967354846772,0.7142857142857143,8.106622094628031,1.9690934649546958,0.021461399686844462,0.01601760142344506,1.3398635113638977,1.1518734775900292,-0.5179057899117625,-0.5822556556396447,-0.8225580215520558,1.9690934649546958
D1,20,4.0,long,3.0,0.0,0.8341038014872283,0.2,0.47467872059736776,-0.5795967224701921,-0.002301095496567762,0.05290310207503873,-0.04349641904370458,-0.18994604157205705,0.7304847815670507,0.5,236.14377630500437,5.877258778064786,0.01871054415024931,0.012679798931891107,1.4756183635680693,1.3318625088945542,-1.322772973313396,-0.34374813565872286,4.150939859809296,5.877258778064786
D1,20,4.0,both,3.0,0.0,0.8341038014872283,0.2,0.5557228067590949,-0.44424165398705,-0.0015608479901070282,0.03327068812542329,-0.04691360708329714,-0.14543602183861415,0.7304847815670507,1.0,inf,6.3943492558398365,0.019485247906073866,0.014037921896168346,1.3880436185780722,1.3768092673688122,-0.3768202103872227,-1.5714658909565802,-0.116604588101681,6.3943492558398365
D1,20,4.0,long,3.0,1.0,0.8341038014872283,0.2,0.47467872059736776,-0.5795967224701921,-0.002301095496567762,0.05290310207503873,-0.04349641904370458,-0.18994604157205705,0.7304847815670507,0.5,236.14377630500437,5.877258778064786,0.01871054415024931,0.012679798931891107,1.4756183635680693,1.3318625088945542,-1.322772973313396,-0.34374813565872286,4.150939859809296,5.877258778064786
D1,20,4.0,both,3.0,1.0,0.8341038014872283,0.2,0.5557228067590949,-0.44424165398705,-0.0015608479901070282,0.03327068812542329,-0.04691360708329714,-0.14543602183861415,0.7304847815670507,1.0,inf,6.3943492558398365,0.019485247906073866,0.014037921896168346,1.3880436185780722,1.3768092673688122,-0.3768202103872227,-1.5714658909565802,-0.116604588101681,6.3943492558398365
D1,40,1.5,long,1.0,0.0,5.671905850113152,0.35294117647058826,1.0104862730441808,0.00224596080833268,0.00011738584771880944,0.042260803837994215,0.0027776529800238843,0.01436900395764663,8.400574988021082,0.6086956521739131,6.443872484496564,0.8328147843039104,0.031121581914570484,0.013316616705587623,2.3370487115929333,1.6823216458097938,-0.023652038221317742,-0.0058856356166850305,0.019060330568387067,0.8328147843039104
D1,40,1.5,both,1.0,0.0,10.009245617846739,0.35833333333333334,1.018498272221634,0.006792902520002975,0.00034559052970473125,0.04453434449175663,0.007760090187668543,0.02794547593424899,9.861544551155184,0.5555555555555556,4.467253377505589,0.6738992748635341,0.029684448872205005,0.013331065167761693,2.226712456855319,1.5459132401962685,0.03496264990744529,0.052181982049221746,-0.051248491369626184,0.6738992748635341
D1,40,1.5,long,1.0,1.0,4.587570908179756,0.509090909090909,1.2340087841909215,0.11430669662625037,0.002474448882876734,0.04011252682616113,0.061687684089323305,0.18154745401540057,7.670090206454032,0.7619047619047619,5.634360154519496,0.9781994122698725,0.032185286025954385,0.011811182411738716,2.724984248314256,1.6236089096278201,-0.08001869488018357,-0.03632169325687749,0.39975487973337726,0.9781994122698725
D1,40,1.5,both,1.0,1.0,8.090806874426114,0.5257731958762887,1.2387507050246809,0.11539713387128064,0.004325759365185089,0.037453332857901735,0.11549731452730941,0.24385898431969305,8.765817378804607,0.7083333333333334,4.24914090214324,0.8481627289913184,0.031457984541530815,0.011612161279266208,2.709055083285813,1.5508111027760532,0.035270291289632154,-0.019717042839770715,0.3400155337608323,0.8481627289913184
D1,40,1.5,long,2.0,0.0,3.1695944456514673,0.34210526315789475,1.2120856884092162,0.12944527276756929,0.001981546208087215,0.05581842826236453,0.03549985676367152,0.12167161679661431,4.382908689402304,0.8333333333333334,13.15255747535274,2.082843342592204,0.03984561315973245,0.016026107040359797,2.4862939614334367,1.5931587164462926,0.041004659085048516,0.026690064544720615,0.29843976102228886,2.082843342592204
D1,40,1.5,both,2.0,0.0,6.255778511154212,0.3333333333333333,1.0046876954177546,0.0036255319817899098,8.503315461627636e-05,0.06524321703388376,0.0013033255943236948,0.013134429389422815,5.478635861752879,0.7333333333333333,7.140177947026754,1.5870862050626264,0.039119951055199165,0.016462863842019716,2.376254303661896,1.4802086669190366,0.06998656112485112,-0.008667290486774828,-0.03976048472959856,1.5870862050626264
D1,40,1.5,long,2.0,1.0,3.1695944456514673,0.34210526315789475,1.2120856884092162,0.12944527276756929,0.001981546208087215,0.05581842826236453,0.03549985676367152,0.12167161679661431,4.382908689402304,0.8333333333333334,13.15255747535274,2.082843342592204,0.03984561315973245,0.016026107040359797,2.4862939614334367,1.5931587164462926,0.041004659085048516,0.026690064544720615,0.29843976102228886,2.082843342592204
D1,40,1.5,both,2.0,1.0,6.255778511154212,0.3333333333333333,1.0046876954177546,0.0036255319817899098,8.503315461627636e-05,0.06524321703388376,0.0013033255943236948,0.013134429389422815,5.478635861752879,0.7333333333333333,7.140177947026754,1.5870862050626264,0.039119951055199165,0.016462863842019716,2.376254303661896,1.4802086669190366,0.06998656112485112,-0.008667290486774828,-0.03976048472959856,1.5870862050626264
D1,40,1.5,long,3.0,0.0,3.0861840655027444,0.2972972972972973,0.6572671484891842,-0.26631210539145617,-0.003999380047969625,0.08668374447835624,-0.04613760136963415,-0.19267056205398153,3.287181517051728,0.6666666666666666,12.386429176732875,3.5177098368124975,0.05442835369905241,0.02166630813318768,2.5121194328294907,1.718218392800537,-0.44922929521978194,-0.35762259415609005,-0.04841221017629803,3.5177098368124975
D1,40,1.5,both,3.0,0.0,5.671905850113152,0.2647058823529412,0.7217303956303773,-0.2119109454304056,-0.005973695998465756,0.12762583768193017,-0.0468063215643954,-0.2005050236279149,4.017666298618779,0.6363636363636364,8.559492261796846,2.7994200777418374,0.054062791365873775,0.022272161204228605,2.4273706925042093,1.6068165813565631,0.05356947601145597,-0.3200382337081728,-0.30945035378253855,2.7994200777418374
D1,40,1.5,long,3.0,1.0,3.0861840655027444,0.2972972972972973,0.6572671484891842,-0.26631210539145617,-0.003999380047969625,0.08668374447835624,-0.04613760136963415,-0.19267056205398153,3.287181517051728,0.6666666666666666,12.386429176732875,3.5177098368124975,0.05442835369905241,0.02166630813318768,2.5121194328294907,1.718218392800537,-0.44922929521978194,-0.35762259415609005,-0.04841221017629803,3.5177098368124975
D1,40,1.5,both,3.0,1.0,5.671905850113152,0.2647058823529412,0.7217303956303773,-0.2119109454304056,-0.005973695998465756,0.12762583768193017,-0.0468063215643954,-0.2005050236279149,4.017666298618779,0.6363636363636364,8.559492261796846,2.7994200777418374,0.054062791365873775,0.022272161204228605,2.4273706925042093,1.6068165813565631,0.05356947601145597,-0.3200382337081728,-0.30945035378253855,2.7994200777418374
D1,40,2.5,long,1.0,0.0,2.752542544907853,0.45454545454545453,2.4519313802764113,0.366382308408488,0.004549906830181527,0.018936739062358283,0.24026876090961488,0.48049362777613797,4.382908689402304,0.8333333333333334,13.860362001794789,1.3583259610692318,0.024826825333434943,0.009138550401623343,2.716713728363832,1.9095940572825725,0.3204727010907168,0.3567996686227995,0.39789112386281605,1.3583259610692318
D1,40,2.5,both,1.0,0.0,5.588495469964429,0.417910447761194,1.7419977322004654,0.21021132778157325,0.005298564751885726,0.021883806786482978,0.24212262535412726,0.4157816148586608,5.478635861752879,0.7333333333333333,6.505420043832389,1.020428908067237,0.022986286720083404,0.009094750340686044,2.5274236080184123,1.7318543991948023,0.16463731275164004,0.24454413909022313,0.2209637835149747,1.020428908067237
D1,40,2.5,long,1.0,1.0,2.3354906441642393,0.6428571428571429,2.3095837512848525,0.425844659929459,0.004477180901458988,0.026996008924764458,0.1658460298311689,0.42544104755832235,4.382908689402304,0.8333333333333334,8.409560871077941,1.2910448840723898,0.023620537383246543,0.010053990706084703,2.349369327440429,1.7521897758606713,0.009436686804787523,0.5347936015335525,0.544027340029732,1.2910448840723898
D1,40,2.5,both,1.0,1.0,4.921212428774647,0.559322033898305,1.3211524409980353,0.1404772675665023,0.003142487511629044,0.040047290556262466,0.07846941623214587,0.22226617693013592,5.478635861752879,0.7333333333333333,4.643329276740656,0.9437259691266188,0.021888319533176714,0.01026152610107687,2.1330472015151525,1.5506457477665028,0.01572479632497619,0.20476301975274086,0.21407582569984515,0.9437259691266188
D1,40,2.5,long,2.0,0.0,2.0852595037180706,0.44,0.852993469071468,-0.08783734925832178,-0.0007972775307772961,0.0501981662310917,-0.015882602705185656,-0.05691568654898409,3.287181517051728,0.6666666666666666,7.077988564300283,1.8598113469462016,0.028140619485462315,0.01562148408306562,1.8014049968509709,1.4286310814430077,-0.4973062363664283,-0.07600055139617923,0.17198991118914633,1.8598113469462016
D1,40,2.5,both,2.0,0.0,4.003698247138695,0.3333333333333333,0.723833806946468,-0.17548467726084802,-0.003197341736756454,0.07952177449216266,-0.04020712260478507,-0.16640845998027134,4.017666298618779,0.5454545454545454,4.642522837236121,1.400840265934763,0.026501208905100215,0.016144144476895744,1.6415369016937815,1.293451287232675,-0.2595293644336744,-0.10876855097588518,-0.14873356553187259,1.400840265934763
D1,40,2.5,long,2.0,1.0,2.0852595037180706,0.44,0.852993469071468,-0.08783734925832178,-0.0007972775307772961,0.0501981662310917,-0.015882602705185656,-0.05691568654898409,3.287181517051728,0.6666666666666666,7.077988564300283,1.8598113469462016,0.028140619485462315,0.01562148408306562,1.8014049968509709,1.4286310814430077,-0.4973062363664283,-0.07600055139617923,0.17198991118914633,1.8598113469462016
D1,40,2.5,both,2.0,1.0,4.003698247138695,0.3333333333333333,0.723833806946468,-0.17548467726084802,-0.003197341736756454,0.07952177449216266,-0.04020712260478507,-0.16640845998027134,4.017666298618779,0.5454545454545454,4.642522837236121,1.400840265934763,0.026501208905100215,0.016144144476895744,1.6415369016937815,1.293451287232675,-0.2595293644336744,-0.10876855097588518,-0.14873356553187259,1.400840265934763
D1,40,2.5,long,3.0,0.0,1.6682076029744566,0.25,0.6356698570928555,-0.31558692191944526,-0.00189229347786668,0.0629487480001497,-0.030060859635559073,-0.10568402570076998,2.191454344701152,0.6666666666666666,14.320809142914802,3.7088848248568254,0.03629392813288268,0.01751324722532006,2.072369998889192,1.2974235344980978,-0.946048820385895,0.19322353350347474,-0.2840014643711227,3.7088848248568254
D1,40,2.5,both,3.0,0.0,3.4198255860976357,0.21951219512195122,0.543587796090281,-0.39493960484642154,-0.005840853507962707,0.10072521860464954,-0.05798799534889358,-0.2474966048058096,2.191454344701152,0.8333333333333334,24.7007948773315,3.9488288306521238,0.03987386715178309,0.018271955509379236,2.182244102516302,1.366724852661432,-0.5475251797501571,-0.15853020631915696,-0.4552887246386069,3.9488288306521238
D1,40,2.5,long,3.0,1.0,1.6682076029744566,0.25,0.6356698570928555,-0.31558692191944526,-0.00189229347786668,0.0629487480001497,-0.030060859635559073,-0.10568402570076998,2.191454344701152,0.6666666666666666,14.320809142914802,3.7088848248568254,0.03629392813288268,0.01751324722532006,2.072369998889192,1.2974235344980978,-0.946048820385895,0.19322353350347474,-0.2840014643711227,3.7088848248568254
D1,40,2.5,both,3.0,1.0,3.4198255860976357,0.21951219512195122,0.543587796090281,-0.39493960484642154,-0.005840853507962707,0.10072521860464954,-0.05798799534889358,-0.2474966048058096,2.191454344701152,0.8333333333333334,24.7007948773315,3.9488288306521238,0.03987386715178309,0.018271955509379236,2.182244102516302,1.366724852661432,-0.5475251797501571,-0.15853020631915696,-0.4552887246386069,3.9488288306521238
D1,40,4.0,long,1.0,0.0,2.0852595037180706,0.52,1.6275297111826643,0.1436047903413266,0.0014194174117123648,0.01802539223289018,0.07874543828912711,0.20188241619665023,3.652423907835253,0.7,6.321729436464985,1.029843984892233,0.015615321370632262,0.009862690721757683,1.5832719296554574,1.4778510178404345,-0.18169133806600687,0.31761343176196655,0.18217469010715065,1.029843984892233
D1,40,4.0,both,1.0,0.0,4.253929387584864,0.39215686274509803,1.096321000884779,0.016593966156889194,0.0005912659939066867,0.033353494022300076,0.017727258005154345,0.06208970571682605,4.382908689402304,0.6666666666666666,4.330303047256589,0.8013525792784132,0.014698286224013035,0.009998462440265655,1.4700546520853368,1.305525493484782,-0.02171670367500699,0.03263442200563779,0.03886418014003684,0.8013525792784132
D1,40,4.0,long,1.0,1.0,1.8350283632719022,0.5909090909090909,1.2885193004793158,0.08674543293531721,0.0008288043090622921,0.026242897512106355,0.0315820426719248,0.11039850425829009,2.9219391262682026,0.875,40.983363203016424,1.757212631935451,0.02311728175595773,0.009101569154740788,2.5399226620078466,1.8878641172614836,-0.5191823611586642,0.4872162046929277,0.14072050674819275,1.757212631935451
D1,40,4.0,both,1.0,1.0,3.6700567265438044,0.4318181818181818,0.6239902095714949,-0.21314481438818156,-0.00342899213287029,0.057004419839056256,-0.060153092383916085,-0.29583022268055054,3.652423907835253,0.8,11.244692823047961,1.3292455862170138,0.023065392429970633,0.00961241130012927,2.399542810830457,1.7167489739744264,-0.5148342928447213,-0.017746212315759895,-0.0622665312573717,1.3292455862170138
D1,40,4.0,long,2.0,0.0,1.0843349419333967,0.3076923076923077,0.5605869774040985,-0.31808037938133044,-0.0013090951539925788,0.04034210140996888,-0.03244985036077199,-0.11888216287395688,1.8262119539176265,0.8,45.95810039800501,3.156615877986343,0.025362284166026816,0.011779775933496958,2.153036213015449,1.402070813703791,-0.9213105479793166,0.5668607812094861,-0.2915415896397802,3.156615877986343
D1,40,4.0,both,2.0,0.0,1.918438743420625,0.21739130434782608,0.43064702708822866,-0.4905731906517066,-0.0037399715952177726,0.0583068025476694,-0.06414297186267615,-0.3052883341541413,1.8262119539176265,1.0,inf,3.336573882332817,0.02736333871355856,0.012105918861491746,2.260327285077039,1.446440952623832,-0.47065589948525266,-0.3609663006161401,-0.6544179116451927,3.336573882332817
D1,40,4.0,long,2.0,1.0,1.0843349419333967,0.3076923076923077,0.5605869774040985,-0.31808037938133044,-0.0013090951539925788,0.04034210140996888,-0.03244985036077199,-0.11888216287395688,1.8262119539176265,0.8,45.95810039800501,3.156615877986343,0.025362284166026816,0.011779775933496958,2.153036213015449,1.402070813703791,-0.9213105479793166,0.5668607812094861,-0.2915415896397802,3.156615877986343
D1,40,4.0,both,2.0,1.0,1.918438743420625,0.21739130434782608,0.43064702708822866,-0.4905731906517066,-0.0037399715952177726,0.0583068025476694,-0.06414297186267615,-0.3052883341541413,1.8262119539176265,1.0,inf,3.336573882332817,0.02736333871355856,0.012105918861491746,2.260327285077039,1.446440952623832,-0.47065589948525266,-0.3609663006161401,-0.6544179116451927,3.336573882332817
D1,40,4.0,long,3.0,0.0,0.6672830411897827,0.25,0.5300839277870236,-0.5319909678693318,-0.001726999844256616,0.05061858771999428,-0.034117898622731686,-0.15501144081518445,0.7304847815670507,0.5,31.159937279524364,5.944454244973651,0.01827142787545122,0.013427444691018491,1.360752421320553,1.3264395977787602,-1.2949722566471233,-0.9660031597641665,4.150939859809296,5.944454244973651
D1,40,4.0,both,3.0,0.0,0.5838726610410598,0.2857142857142857,0.7606110556087644,-0.25933000261353106,-0.0005782352687643266,0.02933168403174261,-0.019713674405416447,-0.05400630978771793,0.7304847815670507,1.0,inf,6.3943492558398365,0.01926054967844726,0.013883257040416333,1.3873221263840887,1.3765663260856074,-0.13965039999917078,-1.6134224756513065,0.17835702867663616,6.3943492558398365
D1,40,4.0,long,3.0,1.0,0.6672830411897827,0.25,0.5300839277870236,-0.5319909678693318,-0.001726999844256616,0.05061858771999428,-0.034117898622731686,-0.15501144081518445,0.7304847815670507,0.5,31.159937279524364,5.944454244973651,0.01827142787545122,0.013427444691018491,1.360752421320553,1.3264395977787602,-1.2949722566471233,-0.9660031597641665,4.150939859809296,5.944454244973651
D1,40,4.0,both,3.0,1.0,0.5838726610410598,0.2857142857142857,0.7606110556087644,-0.25933000261353106,-0.0005782352687643266,0.02933168403174261,-0.019713674405416447,-0.05400630978771793,0.7304847815670507,1.0,inf,6.3943492558398365,0.01926054967844726,0.013883257040416333,1.3873221263840887,1.3765663260856074,-0.13965039999917078,-1.6134224756513065,0.17835702867663616,6.3943492558398365
D1,55,1.5,long,1.0,0.0,5.0880331890720925,0.32786885245901637,1.0089839948929704,0.0016449294201564624,9.415519494804236e-05,0.041865164190058174,0.002249010526283846,0.012694358056104006,8.035332597237558,0.6363636363636364,6.47603185580937,0.8109221762135438,0.02894401315997852,0.014555778322176983,1.9884895550985289,1.5951438675606942,-0.023530726086573767,0.03878362569388249,-0.019996764191399626,0.8109221762135438
D1,55,1.5,both,1.0,0.0,8.591269155318452,0.36893203883495146,1.180030670317698,0.06586146726046037,0.0027053840627984105,0.03711548852670404,0.07289097274987846,0.18402445598759895,8.765817378804607,0.5833333333333334,4.473450256479475,0.6790805669648988,0.025828951539322853,0.014118978207914171,1.8293782424598433,1.4476539082671005,0.08756439426640533,0.1421310895058998,-0.013338166346485903,0.6790805669648988
D1,55,1.5,long,1.0,1.0,4.003698247138695,0.4791666666666667,1.2820582350950207,0.14280448459849593,0.0027177689900026447,0.03141170517051893,0.0865208996216281,0.20619726559700302,7.304847815670506,0.85,7.1376086664469875,0.9852897055216691,0.030933258132196606,0.011830933289496798,2.614608448486339,1.6620862992011267,-0.17734259852507622,0.08364568597449797,0.34298929702441877,0.9852897055216691
D1,55,1.5,both,1.0,1.0,7.006471932492717,0.5238095238095238,1.3267225303797698,0.15549174002841315,0.005084307312840153,0.031612739755668764,0.1608309609396775,0.30215352667059975,8.035332597237558,0.7727272727272727,4.5216223877414485,0.8044992503810096,0.027321331367781143,0.012548422853651355,2.177272131041643,1.4856035077344467,0.03111380180672293,0.13326665775690924,0.294798127953737,0.8044992503810096
D1,55,1.5,long,2.0,0.0,2.752542544907853,0.3939393939393939,1.3467957417710477,0.2035592003487124,0.0026617584438692887,0.04699360754943153,0.05664086208043178,0.17005636740274366,4.382908689402304,0.75,8.727659507321734,1.8286629119479523,0.035127281521024845,0.015973909733627625,2.19904094281166,1.44155375186751,0.058766084394418105,0.1873073719619009,0.28788876135956804,1.8286629119479523
D1,55,1.5,both,2.0,0.0,5.338264329518261,0.375,1.1460535695325151,0.08590841302511065,0.002122422631314791,0.05253561029779437,0.04039969497420872,0.105843073439483,5.1133934709693545,0.6428571428571429,5.323088195788663,1.4240817386660183,0.032501588962299044,0.017441946618935326,1.8634152295257382,1.31499462817088,0.10668763530119878,0.18058678666449082,-0.027660162683440695,1.4240817386660183
D1,55,1.5,long,2.0,1.0,2.752542544907853,0.3939393939393939,1.3467957417710477,0.2035592003487124,0.0026617584438692887,0.04699360754943153,0.05664086208043178,0.17005636740274366,4.382908689402304,0.75,8.727659507321734,1.8286629119479523,0.035127281521024845,0.015973909733627625,2.19904094281166,1.44155375186751,0.058766084394418105,0.1873073719619009,0.28788876135956804,1.8286629119479523
D1,55,1.5,both,2.0,1.0,5.338264329518261,0.375,1.1460535695325151,0.08590841302511065,0.002122422631314791,0.05253561029779437,0.04039969497420872,0.105843073439483,5.1133934709693545,0.6428571428571429,5.323088195788663,1.4240817386660183,0.032501588962299044,0.017441946618935326,1.8634152295257382,1.31499462817088,0.10668763530119878,0.18058678666449082,-0.027660162683440695,1.4240817386660183
D1,55,1.5,long,3.0,0.0,2.6691321647591306,0.3125,0.7365471592653049,-0.19713446978894217,-0.0025316042023103558,0.06700961095065733,-0.03777971795977905,-0.12713775915747072,3.287181517051728,0.6666666666666666,10.808509216019557,3.235716905081605,0.04998250545115823,0.021873145567543033,2.285108252803196,1.6225569847854684,-0.36220405720872345,-0.2801517098946681,-0.017746229289038,3.235716905081605
D1,55,1.5,both,3.0,0.0,4.837802048625924,0.29310344827586204,0.8387361440882838,-0.11312865658439854,-0.002759362669909393,0.09538806824106877,-0.02892775502000748,-0.09168491618349141,4.017666298618779,0.5454545454545454,6.757354298105568,2.4649674130621158,0.047169200759282104,0.022039029990838472,2.140257569361725,1.5197824218177272,0.14813811922249975,-0.26545156338352666,-0.17051977443368557,2.4649674130621158
D1,55,1.5,long,3.0,1.0,2.6691321647591306,0.3125,0.7365471592653049,-0.19713446978894217,-0.0025316042023103558,0.06700961095065733,-0.03777971795977905,-0.12713775915747072,3.287181517051728,0.6666666666666666,10.808509216019557,3.235716905081605,0.04998250545115823,0.021873145567543033,2.285108252803196,1.6225569847854684,-0.36220405720872345,-0.2801517098946681,-0.017746229289038,3.235716905081605
D1,55,1.5,both,3.0,1.0,4.837802048625924,0.29310344827586204,0.8387361440882838,-0.11312865658439854,-0.002759362669909393,0.09538806824106877,-0.02892775502000748,-0.09168491618349141,4.017666298618779,0.5454545454545454,6.757354298105568,2.4649674130621158,0.047169200759282104,0.022039029990838472,2.140257569361725,1.5197824218177272,0.14813811922249975,-0.26545156338352666,-0.17051977443368557,2.4649674130621158
D1,55,2.5,long,1.0,0.0,2.5023114044616848,0.4666666666666667,2.2927642030439306,0.33151043823505827,0.003826315306307171,0.01932308551959752,0.19801782186527675,0.42733630597398803,4.382908689402304,0.75,10.344678036344659,1.2503219360463924,0.023003618928489233,0.009224786410630695,2.493674964872871,1.7672470649724743,0.050614009082740906,0.39412084413575227,0.40934824691052274,1.2503219360463924
D1,55,2.5,both,1.0,0.0,5.0880331890720925,0.4098360655737705,1.6843819897442054,0.18987439054769484,0.004519848704339857,0.020650883759868337,0.21886950490339083,0.3770165109099434,5.1133934709693545,0.6428571428571429,6.142915485279456,0.947558620028292,0.021177325517462764,0.00943810098635969,2.2438121342491524,1.6162093412995766,0.12358698619717844,0.31377326805354255,0.14406281048815853,0.947558620028292
D1,55,2.5,long,1.0,1.0,2.1686698838667935,0.6538461538461539,2.1031277034780405,0.36325391759604836,0.0036430026304972163,0.02125331083987605,0.17140871170350144,0.36320633085596454,4.382908689402304,0.75,5.097740286833006,1.1197829789628964,0.020558044251034024,0.010162094980857746,2.0230124093269195,1.4910896792237822,-0.23155518137373277,0.5316327189677096,0.5517605756062559,1.1197829789628964
D1,55,2.5,both,1.0,1.0,4.587570908179756,0.5454545454545454,1.2280305103174218,0.09704903580505922,0.0022087472586980184,0.036763358818034324,0.06008012678141133,0.16404906968331479,5.1133934709693545,0.6428571428571429,3.6604591879757695,0.81567375157272,0.018936061343967525,0.013844758008575634,1.3677423131728461,1.331329504577563,-0.01987915688377415,0.2593400421461399,0.07369441058163123,0.81567375157272
D1,55,2.5,long,2.0,0.0,1.918438743420625,0.43478260869565216,0.8224984409979529,-0.11603800203721765,-0.0009108775345230136,0.0519919471193242,-0.01751958880156003,-0.06926787847343592,3.287181517051728,0.6666666666666666,5.713277382491559,1.6690467520911514,0.02487839312357365,0.01507155137159551,1.6506856202249047,1.2992367071006943,-0.5656614773884682,-0.15726739996614475,0.26756267714626325,1.6690467520911514
D1,55,2.5,both,2.0,0.0,3.83687748684125,0.32608695652173914,0.7157879969636184,-0.19042483004495936,-0.003213993338301413,0.08394377264135988,-0.03828745405609574,-0.17305161865611599,4.017666298618779,0.5454545454545454,4.102448832517479,1.1821325039348807,0.023474033942346262,0.018749484069875602,1.251982926829517,1.1847703921223178,-0.21808582051210096,-0.21109859521689384,-0.14024600837474044,1.1821325039348807
D1,55,2.5,long,2.0,1.0,1.918438743420625,0.43478260869565216,0.8224984409979529,-0.11603800203721765,-0.0009108775345230136,0.0519919471193242,-0.01751958880156003,-0.06926787847343592,3.287181517051728,0.6666666666666666,5.713277382491559,1.6690467520911514,0.02487839312357365,0.01507155137159551,1.6506856202249047,1.2992367071006943,-0.5656614773884682,-0.15726739996614475,0.26756267714626325,1.6690467520911514
D1,55,2.5,both,2.0,1.0,3.83687748684125,0.32608695652173914,0.7157879969636184,-0.19042483004495936,-0.003213993338301413,0.08394377264135988,-0.03828745405609574,-0.17305161865611599,4.017666298618779,0.5454545454545454,4.102448832517479,1.1821325039348807,0.023474033942346262,0.018749484069875602,1.251982926829517,1.1847703921223178,-0.21808582051210096,-0.21109859521689384,-0.14024600837474044,1.1821325039348807
D1,55,2.5,long,3.0,0.0,1.5847972228257337,0.2631578947368421,0.6188050487063683,-0.31453436158599823,-0.001780355563176128,0.059224071471312756,-0.03006135037572527,-0.09960772226104786,2.191454344701152,0.6666666666666666,8.004121360671276,2.5230163360360347,0.02329610403277349,0.017234724805013094,1.3516957361568844,0.9335376575139667,-1.0020131896364506,0.13650393986416867,-0.15326688522740747,2.5230163360360347
D1,55,2.5,both,3.0,0.0,3.336415205948913,0.225,0.48868690949305194,-0.44071389686939055,-0.006444875087277424,0.10731984583506193,-0.06005296631885257,-0.2821413867480085,2.9219391262682026,0.5,5.065382307179637,1.6400168488349416,0.022440111889972858,0.023840679694931526,0.9412530253801269,0.8495841672831348,-0.5410351996121407,-0.2790933684171707,-0.4904011742641909,1.6400168488349416
D1,55,2.5,long,3.0,1.0,1.5847972228257337,0.2631578947368421,0.6188050487063683,-0.31453436158599823,-0.001780355563176128,0.059224071471312756,-0.03006135037572527,-0.09960772226104786,2.191454344701152,0.6666666666666666,8.004121360671276,2.5230163360360347,0.02329610403277349,0.017234724805013094,1.3516957361568844,0.9335376575139667,-1.0020131896364506,0.13650393986416867,-0.15326688522740747,2.5230163360360347
D1,55,2.5,both,3.0,1.0,3.336415205948913,0.225,0.48868690949305194,-0.44071389686939055,-0.006444875087277424,0.10731984583506193,-0.06005296631885257,-0.2821413867480085,2.9219391262682026,0.5,5.065382307179637,1.6400168488349416,0.022440111889972858,0.023840679694931526,0.9412530253801269,0.8495841672831348,-0.5410351996121407,-0.2790933684171707,-0.4904011742641909,1.6400168488349416
D1,55,4.0,long,1.0,0.0,2.0018491235693476,0.4583333333333333,1.2655866553398691,0.059990578912708224,0.0006825840262894012,0.022667204651261468,0.030113286432582424,0.10160404690126862,3.652423907835253,0.7,5.01185646019515,0.9030855970684648,0.014059336391211819,0.010120631922383962,1.389175745055658,1.336643945404892,-0.36087356415133226,0.17412970834579927,0.22642754485564412,0.9030855970684648
D1,55,4.0,both,1.0,0.0,4.087108627287418,0.3673469387755102,0.9377206435671758,-0.03453831039892009,-0.0004044969263876652,0.04162942014935378,-0.009716612072338563,-0.03725123824284558,4.017666298618779,0.6363636363636364,3.7254110051453977,0.7501362882484544,0.013029325667553326,0.010251002966692287,1.2710293529217,1.1816352926891076,-0.0279944556861646,-0.03819319305574673,-0.03719885228879727,0.7501362882484544
D1,55,4.0,long,1.0,1.0,1.918438743420625,0.4782608695652174,0.7964058099984087,-0.11915861454303173,-0.0008384979642263035,0.026254635420376482,-0.03193713989170602,-0.10953641174780801,2.9219391262682026,0.875,22.28644422501808,1.6102273201801522,0.02197636603915032,0.00945590160709542,2.3240899654306815,1.7764091248160285,-0.5379012550427908,0.23238724616179496,-0.15248206372526052,1.6102273201801522
D1,55,4.0,both,1.0,1.0,3.2530048258001902,0.4358974358974359,0.6521432508442451,-0.1982791306339959,-0.0027520577074554575,0.045684409002616465,-0.060240632800959294,-0.2562717015621008,3.287181517051728,0.7777777777777778,8.743692915310165,1.31818545928737,0.02087093342597246,0.011726388840994818,1.7798261433228968,1.5992514740098118,-0.22630506374258344,-0.12903658588145028,-0.19484461585046753,1.31818545928737
D1,55,4.0,long,2.0,0.0,1.0843349419333967,0.23076923076923078,0.6598514028173825,-0.28657087603315035,-0.0009828004668492873,0.04090191722119757,-0.024028224924868495,-0.08538889583513995,1.8262119539176265,0.8,25.77613384771415,3.026449606135079,0.02432092700472155,0.01189433152481787,2.044749379481749,1.3525610125173266,-0.9406121457053217,0.7158820765780161,-0.31509227350369634,3.026449606135079
D1,55,4.0,both,2.0,0.0,1.8350283632719022,0.18181818181818182,0.43219729201907714,-0.49678186666514007,-0.0037037435680583597,0.0609154451464872,-0.06080138722046165,-0.30526772230353866,2.191454344701152,0.6666666666666666,10.112811026863657,2.3523497671367513,0.023494391917864066,0.01642535777519309,1.4303732216626177,1.2484037784451734,-0.4701887344856269,-0.41421350590448164,-0.5978283436682712,2.3523497671367513
D1,55,4.0,long,2.0,1.0,1.0843349419333967,0.23076923076923078,0.6598514028173825,-0.28657087603315035,-0.0009828004668492873,0.04090191722119757,-0.024028224924868495,-0.08538889583513995,1.8262119539176265,0.8,25.77613384771415,3.026449606135079,0.02432092700472155,0.01189433152481787,2.044749379481749,1.3525610125173266,-0.9406121457053217,0.7158820765780161,-0.31509227350369634,3.026449606135079
D1,55,4.0,both,2.0,1.0,1.8350283632719022,0.18181818181818182,0.43219729201907714,-0.49678186666514007,-0.0037037435680583597,0.0609154451464872,-0.06080138722046165,-0.30526772230353866,2.191454344701152,0.6666666666666666,10.112811026863657,2.3523497671367513,0.023494391917864066,0.01642535777519309,1.4303732216626177,1.2484037784451734,-0.4701887344856269,-0.41421350590448164,-0.5978283436682712,2.3523497671367513
D1,55,4.0,long,3.0,0.0,0.6672830411897827,0.25,0.6736067864262824,-0.41479932741171116,-0.0012022931144286542,0.05012491868675708,-0.023985936454921333,-0.10001623289102199,0.7304847815670507,0.5,17.820069586790236,5.80458252927082,0.017719801405026825,0.014511838595231162,1.2210583303241709,1.3016750891885802,-1.291912845931035,-1.1412101384516093,5.423589887264704,5.80458252927082
D1,55,4.0,both,3.0,0.0,0.5004622808923369,0.3333333333333333,0.8727964702686865,-0.13454870252886153,-0.0002957898793286562,0.026049698798123598,-0.0113548291525721,-0.02582036536576746,1.095727172350576,0.3333333333333333,6.991389681690037,3.530338543562251,0.0159579333697617,0.01853129125596225,0.8611344535760509,1.1545171430560945,-0.13965039999917078,-1.6134224756513065,1.3647318604748204,3.530338543562251
D1,55,4.0,long,3.0,1.0,0.6672830411897827,0.25,0.6736067864262824,-0.41479932741171116,-0.0012022931144286542,0.05012491868675708,-0.023985936454921333,-0.10001623289102199,0.7304847815670507,0.5,17.820069586790236,5.80458252927082,0.017719801405026825,0.014511838595231162,1.2210583303241709,1.3016750891885802,-1.291912845931035,-1.1412101384516093,5.423589887264704,5.80458252927082
D1,55,4.0,both,3.0,1.0,0.5004622808923369,0.3333333333333333,0.8727964702686865,-0.13454870252886153,-0.0002957898793286562,0.026049698798123598,-0.0113548291525721,-0.02582036536576746,1.095727172350576,0.3333333333333333,6.991389681690037,3.530338543562251,0.0159579333697617,0.01853129125596225,0.8611344535760509,1.1545171430560945,-0.13965039999917078,-1.6134224756513065,1.3647318604748204,3.530338543562251
