tf,n_entry,filt,sl_atr,p_trail_r,p_trail_start,dev_trades_per_year,dev_winrate,dev_pf,dev_avg_r,dev_cagr,dev_maxdd,dev_mar,dev_sharpe,hold_trades_per_year,hold_winrate,hold_pf,hold_avg_r,hold_cagr,hold_maxdd,hold_mar,hold_sharpe,r_12-15,r_16-19,r_20-23,r_24-26
H1,20,none,1.0,1.0,0.0,410.79612223245994,0.31289340101522845,0.6710482023164076,-0.15682299559821705,,3.661850056245247,,0.1838233525631134,426.9683548259411,0.3738237810094098,0.9076053904242617,-0.03678756809116098,,-0.0,,0.7490834069159913,-0.1134546970235137,-0.21522171860865466,-0.13970514236281117,-0.03678756809116098
H1,20,none,1.0,1.0,1.0,380.35133347817606,0.4201754385964912,0.7328418367147428,-0.15780902777234684,,3.4570856874135294,,-0.010784471783985186,393.0008124830732,0.4804832713754647,0.9168917130128006,-0.04322678816830895,,-0.0,,0.6954520308367752,-0.10712203587552502,-0.21808660197263463,-0.14687061230543555,-0.04322678816830895
H1,20,none,1.0,2.0,0.0,295.6897976272224,0.27475317348378,0.800249976075659,-0.13664031719384087,,2.3903760647809733,,0.3788535978933001,287.0805191558509,0.3193384223918575,1.0759091155698597,0.04674827192804857,,-0.0,,-0.35270272876197806,-0.07405047424330863,-0.18552724583927258,-0.1479443169745181,0.04674827192804857
H1,20,none,1.0,2.0,1.0,295.6897976272224,0.27475317348378,0.800249976075659,-0.13664031719384087,,2.3903760647809733,,0.3788535978933001,287.0805191558509,0.3193384223918575,1.0759091155698597,0.04674827192804857,,-0.0,,-0.35270272876197806,-0.07405047424330863,-0.18552724583927258,-0.1479443169745181,0.04674827192804857
H1,20,none,1.0,3.0,0.0,253.81778679256357,0.21689122576404862,0.8657450600923066,-0.10448196667711016,,1.7282543167153706,,0.21484386681935877,244.34715943417842,0.242152466367713,1.0870426208095707,0.06338816973532983,,-0.0,,-0.22725138945936071,-0.031011300440282216,-0.19576747481265694,-0.08298609034486286,0.06338816973532983
H1,20,none,1.0,3.0,1.0,253.81778679256357,0.21689122576404862,0.8657450600923066,-0.10448196667711016,,1.7282543167153706,,0.21484386681935877,244.34715943417842,0.242152466367713,1.0870426208095707,0.06338816973532983,,-0.0,,-0.22725138945936071,-0.031011300440282216,-0.19576747481265694,-0.08298609034486286,0.06338816973532983
H1,20,none,1.5,1.0,0.0,319.0447040688648,0.33359477124183007,0.7806481777035652,-0.09499245552903883,,1.7883645052258135,,-0.11500157811244618,322.50903106185285,0.35900339750849375,0.9684689997149083,-0.01208567731779244,,-0.0,,0.2651620492295486,-0.04730215976060342,-0.10955989479205452,-0.12610539588022582,-0.01208567731779244
H1,20,none,1.5,1.0,1.0,286.01419352997056,0.45290172061825607,0.8460920870258287,-0.08537766680300114,,1.4821508030745025,,0.2528881922040053,288.541488718985,0.4835443037974684,1.012375597147195,0.006199836393998551,,-0.0,,0.008973207581843822,-0.02484360926435058,-0.12303661495339215,-0.1068739861454255,0.006199836393998551
H1,20,none,1.5,2.0,0.0,218.61860636980254,0.28653185806943915,0.9260059398235034,-0.04838128540145939,-0.07595823685343506,0.8270572455191926,-0.09184157114269835,-0.2654640532541434,215.1277681714964,0.29711375212224106,1.0630274302355187,0.04020253938914113,0.09904211396751239,0.41518680454829315,0.2385483182088754,0.3921369429012991,0.03482429501645603,-0.12191402240318933,-0.054781350675159116,0.04020253938914113
H1,20,none,1.5,2.0,1.0,218.61860636980254,0.28653185806943915,0.9260059398235034,-0.04838128540145939,-0.07595823685343506,0.8270572455191926,-0.09184157114269835,-0.2654640532541434,215.1277681714964,0.29711375212224106,1.0630274302355187,0.04020253938914113,0.09904211396751239,0.41518680454829315,0.2385483182088754,0.3921369429012991,0.03482429501645603,-0.12191402240318933,-0.054781350675159116,0.04020253938914113
H1,20,none,1.5,3.0,0.0,173.15994918874858,0.22976878612716764,0.9368009111602684,-0.04754165751989778,-0.0533742039092967,0.6951827794907379,-0.07677722389555798,-0.1451945246856294,170.20295410512279,0.24248927038626608,1.100022058178512,0.07594857266546425,0.10806861910221488,0.30018908617876516,0.36000182577543505,0.4416157911169865,-0.006793235412498194,-0.12306665130978907,-0.011915339924295797,0.07594857266546425
H1,20,none,1.5,3.0,1.0,173.15994918874858,0.22976878612716764,0.9368009111602684,-0.04754165751989778,-0.0533742039092967,0.6951827794907379,-0.07677722389555798,-0.1451945246856294,170.20295410512279,0.24248927038626608,1.100022058178512,0.07594857266546425,0.10806861910221488,0.30018908617876516,0.36000182577543505,0.4416157911169865,-0.006793235412498194,-0.12306665130978907,-0.011915339924295797,0.07594857266546425
H1,20,none,2.5,1.0,0.0,221.0375073941155,0.3611320754716981,0.9224637317637411,-0.03208498825154178,-0.04307145676197155,0.5523621208277322,-0.07797684732151365,-0.38045255855806764,218.41494968854815,0.35785953177257523,1.0226889133007506,0.010359275312449496,0.015395041780855045,0.1863477580178572,0.08261458009803252,0.15851223261676523,0.008220149313709213,-0.06108135462197404,-0.04319388031234011,0.010359275312449496
H1,20,none,2.5,1.0,1.0,187.33971381403146,0.4661620658949243,0.9290400917890478,-0.03802019067724484,-0.04326883459520059,0.5206712256112956,-0.08310202766515604,-0.3108737978802737,181.5254682194121,0.45472837022132795,0.9710581974769783,-0.014524941545812393,-0.024704673745059802,0.21050346959845903,-0.11735993611974484,-0.08268653710455325,-0.023646479883743538,-0.06335041560519983,-0.027226990740873216,-0.014524941545812393
H1,20,none,2.5,2.0,0.0,123.11372109951489,0.30149051490514905,0.9954962898749716,-0.0025910146489061046,-0.001601741023989689,0.22819940481522902,-0.00701904119901892,0.029629062496096415,126.73910960188329,0.30835734870317005,1.024023423381569,0.013268974936441394,0.009383886647203576,0.15823194976845448,0.05930462628397929,0.12410320984558323,0.04227964038892437,-0.0431161781536444,-0.007937524774099146,0.013268974936441394
H1,20,none,2.5,2.0,1.0,123.11372109951489,0.30149051490514905,0.9954962898749716,-0.0025910146489061046,-0.001601741023989689,0.22819940481522902,-0.00701904119901892,0.029629062496096415,126.73910960188329,0.30835734870317005,1.024023423381569,0.013268974936441394,0.009383886647203576,0.15823194976845448,0.05930462628397929,0.12410320984558323,0.04227964038892437,-0.0431161781536444,-0.007937524774099146,0.013268974936441394
H1,20,none,2.5,3.0,0.0,76.82096011697372,0.23452768729641693,1.067646529054916,0.05242992095196423,0.017463057710989105,0.1908975494654689,0.09147868979925257,0.20289788511956966,75.97041728297326,0.27884615384615385,1.1870323958872573,0.1353203535629245,0.03766769459472585,0.08556148398985276,0.4402412491956437,0.45883071865471126,-0.001600459875028911,-0.03960820945365342,0.21346011834051526,0.1353203535629245
H1,20,none,2.5,3.0,1.0,76.82096011697372,0.23452768729641693,1.067646529054916,0.05242992095196423,0.017463057710989105,0.1908975494654689,0.09147868979925257,0.20289788511956966,75.97041728297326,0.27884615384615385,1.1870323958872573,0.1353203535629245,0.03766769459472585,0.08556148398985276,0.4402412491956437,0.45883071865471126,-0.001600459875028911,-0.03960820945365342,0.21346011834051526,0.1353203535629245
H1,20,sma200,1.0,1.0,0.0,197.59919057232437,0.313212325875897,0.6629612582540986,-0.16262884687353138,,1.8208148958666732,,-0.25786891335957907,254.57394637611714,0.3902439024390244,1.057352719491195,0.02311401944766118,,-0.0,,-0.2929664377309156,-0.1474075059190805,-0.18705340936374687,-0.149393701935206,0.02311401944766118
H1,20,sma200,1.0,1.0,1.0,183.5028363271902,0.415,0.7150828331788535,-0.1702377937870067,,1.7916105610964002,,-0.07037475206591062,231.1984333659715,0.4976303317535545,1.0732410075968493,0.037317108037484774,,-0.0,,-0.39683507692550435,-0.14467720054655595,-0.17337545859308,-0.18606028472933978,0.037317108037484774
H1,20,sma200,1.0,2.0,0.0,142.71516043446476,0.2741087083576856,0.810710889562765,-0.12879986350252118,,1.0862114364789914,,0.3210505283531207,164.3590758525864,0.3466666666666667,1.3301086412888512,0.1952070242963362,,12.775352447801776,,0.10733430025515084,-0.06344117027325927,-0.11117960889897113,-0.19219590253954769,0.1952070242963362
H1,20,sma200,1.0,2.0,1.0,142.71516043446476,0.2741087083576856,0.810710889562765,-0.12879986350252118,,1.0862114364789914,,0.3210505283531207,164.3590758525864,0.3466666666666667,1.3301086412888512,0.1952070242963362,,12.775352447801776,,0.10733430025515084,-0.06344117027325927,-0.11117960889897113,-0.19219590253954769,0.1952070242963362
H1,20,sma200,1.0,3.0,0.0,123.19713147966361,0.2071767095463778,0.8793394476186988,-0.0938934756531929,-0.0878399381787136,0.8700705236775188,-0.10095726241528259,-0.22619830874196825,134.0439574175538,0.29427792915531337,1.4554247200458077,0.3142977364468221,0.43486604435756426,0.37536725859135334,1.1585081927216907,1.0753312364269925,-0.028371497968316364,-0.1355779498017638,-0.10011258045302814,0.3142977364468221
H1,20,sma200,1.0,3.0,1.0,123.19713147966361,0.2071767095463778,0.8793394476186988,-0.0938934756531929,-0.0878399381787136,0.8700705236775188,-0.10095726241528259,-0.22619830874196825,134.0439574175538,0.29427792915531337,1.4554247200458077,0.3142977364468221,0.43486604435756426,0.37536725859135334,1.1585081927216907,1.0753312364269925,-0.028371497968316364,-0.1355779498017638,-0.10011258045302814,0.3142977364468221
H1,20,sma200,1.5,1.0,0.0,154.47602403543468,0.3309935205183585,0.7712962450885642,-0.09995681006991762,-0.17236583986361875,0.8994017907830564,-0.19164498184237538,-1.0087532039899245,188.46507364429905,0.4011627906976744,1.1753906700238541,0.06483369319127712,0.4095300333438734,1.2626349755580941,0.3243455482158318,0.5867147800655597,-0.06899569784385656,-0.0567220344785084,-0.16270855441507803,0.06483369319127712
H1,20,sma200,1.5,1.0,1.0,138.96169332777222,0.44537815126050423,0.8223527165577519,-0.09998925780439086,-0.12802726942883225,0.832388949968414,-0.1538070266714742,-0.8752660077020815,165.45480302493698,0.5298013245033113,1.2529604400724013,0.11770981093874597,0.36451806299620526,0.4264575140683149,0.8547582138224736,0.9756474859738916,-0.037523609622364985,-0.06123916964567957,-0.1831181501353636,0.11770981093874597
H1,20,sma200,1.5,2.0,0.0,106.6818762102165,0.2736512900703675,0.9250485317908795,-0.049355305159613186,-0.030050182467954545,0.49232908974569517,-0.06103678026312947,-0.2289740806984935,116.51232265994457,0.3605015673981191,1.4276833251489633,0.24962709367803373,0.17585555001359277,0.13368263812411701,1.3154703743228084,1.193713686911643,0.038895614026961005,-0.06865280726703156,-0.09408531415963853,0.24962709367803373
H1,20,sma200,1.5,2.0,1.0,106.6818762102165,0.2736512900703675,0.9250485317908795,-0.049355305159613186,-0.030050182467954545,0.49232908974569517,-0.06103678026312947,-0.2289740806984935,116.51232265994457,0.3605015673981191,1.4276833251489633,0.24962709367803373,0.17585555001359277,0.13368263812411701,1.3154703743228084,1.193713686911643,0.038895614026961005,-0.06865280726703156,-0.09408531415963853,0.24962709367803373
H1,20,sma200,1.5,3.0,0.0,91.41777664300022,0.22536496350364962,0.9228629424557084,-0.05855562884868438,-0.031000739983704784,0.4730966373002377,-0.0655272888021629,-0.17337265804432944,93.867294431366,0.29961089494163423,1.543726215045006,0.3787787116853151,0.2110947395447591,0.11307307721557334,1.8668877220198745,1.2725818990462017,-0.038873173050295924,-0.07022298289537372,-0.062432272519184956,0.3787787116853151
H1,20,sma200,1.5,3.0,1.0,91.41777664300022,0.22536496350364962,0.9228629424557084,-0.05855562884868438,-0.031000739983704784,0.4730966373002377,-0.0655272888021629,-0.17337265804432944,93.867294431366,0.29961089494163423,1.543726215045006,0.3787787116853151,0.2110947395447591,0.11307307721557334,1.8668877220198745,1.2725818990462017,-0.038873173050295924,-0.07022298289537372,-0.062432272519184956,0.3787787116853151
H1,20,sma200,2.5,1.0,0.0,106.43164506977033,0.34796238244514105,0.9513024950837884,-0.020051597987343087,-0.011090326538600537,0.2513136818962681,-0.04412941808388356,-0.1604251278876495,120.52998895856335,0.396969696969697,1.3160955280097486,0.1183782831688837,0.07325886272199345,0.06709018303965247,1.0919460851477343,1.0628342424031931,0.025384013922586667,0.00034930260880543793,-0.07178485384180695,0.1183782831688837
H1,20,sma200,2.5,1.0,1.0,93.9200880474619,0.45381882770870335,0.9431556915202032,-0.031060115819794606,-0.015467025384720001,0.30075715320162055,-0.05142695766358471,-0.1872556139743628,102.99835420095414,0.5106382978723404,1.277346354535203,0.14085053256030047,0.07830441523126064,0.08998047808626047,0.870237821543841,0.9739874259930937,0.008717220345102996,-0.0032358295507045644,-0.0868529937671622,0.14085053256030047
H1,20,sma200,2.5,2.0,0.0,70.98223350656312,0.28672150411280845,0.9743529922150095,-0.01626530611381118,-0.005941729920478367,0.2582789937924473,-0.02300508389487197,-0.03633544063358522,69.39605424886982,0.3736842105263158,1.5370587574257972,0.3029708209911187,0.10203164407176502,0.062359340938656714,1.636188621238544,1.2068650496446605,0.001021329966927205,0.004710756188517606,-0.048483150245092664,0.3029708209911187
H1,20,sma200,2.5,2.0,1.0,70.98223350656312,0.28672150411280845,0.9743529922150095,-0.01626530611381118,-0.005941729920478367,0.2582789937924473,-0.02300508389487197,-0.03633544063358522,69.39605424886982,0.3736842105263158,1.5370587574257972,0.3029708209911187,0.10203164407176502,0.062359340938656714,1.636188621238544,1.2068650496446605,0.001021329966927205,0.004710756188517606,-0.048483150245092664,0.3029708209911187
H1,20,sma200,2.5,3.0,0.0,56.302006600387905,0.22518518518518518,0.9629598065672555,-0.028431056429568922,-0.008119408322937227,0.2948275705699381,-0.027539515070593327,-0.04164539542937476,46.02054123872419,0.3412698412698413,2.121197726525146,0.6875173078188561,0.1511796358799118,0.054682271683935434,2.7646919417271643,1.5916254539643897,0.040558062352448215,-0.1709336316649244,0.06726609522334559,0.6875173078188561
H1,20,sma200,2.5,3.0,1.0,56.302006600387905,0.22518518518518518,0.9629598065672555,-0.028431056429568922,-0.008119408322937227,0.2948275705699381,-0.027539515070593327,-0.04164539542937476,46.02054123872419,0.3412698412698413,2.121197726525146,0.6875173078188561,0.1511796358799118,0.054682271683935434,2.7646919417271643,1.5916254539643897,0.040558062352448215,-0.1709336316649244,0.06726609522334559,0.6875173078188561
H1,20,sma50,1.0,1.0,0.0,213.4471628005817,0.31535756154747946,0.6778352631500238,-0.15243040007250747,,1.8303302965640067,,-0.2616824798273958,248.73006812358074,0.38179148311306904,1.0237826939811638,0.009903889362448726,,-0.0,,-0.094759845087731,-0.09739614452417723,-0.19904985989942653,-0.1543862609635475,0.009903889362448726
H1,20,sma50,1.0,1.0,1.0,198.016242473068,0.41954507160909854,0.7372492405435688,-0.15513255236198326,,1.7588852071118246,,0.31378628705702416,226.08503989500218,0.4911147011308562,1.0346725545340536,0.017952100409595485,,-0.0,,-0.15176640629653362,-0.09085812180812258,-0.1705832470387867,-0.19562958714442083,0.017952100409595485
H1,20,sma50,1.0,2.0,0.0,154.976486316327,0.27933261571582346,0.8415414955658864,-0.10732853675585036,-0.23077714849277142,1.0057102998464527,-0.22946682412222033,0.19787503352449073,161.4371367263182,0.3393665158371041,1.2943156289502493,0.17807965887781618,1.3045501373744592,0.8303047042832676,1.5711703554667535,1.0619493685243162,-0.03336307275082132,-0.11362861485482145,-0.16429202838367832,0.17807965887781618
H1,20,sma50,1.0,2.0,1.0,154.976486316327,0.27933261571582346,0.8415414955658864,-0.10732853675585036,-0.23077714849277142,1.0057102998464527,-0.22946682412222033,0.19787503352449073,161.4371367263182,0.3393665158371041,1.2943156289502493,0.17807965887781618,1.3045501373744592,0.8303047042832676,1.5711703554667535,1.0619493685243162,-0.03336307275082132,-0.11362861485482145,-0.16429202838367832,0.17807965887781618
H1,20,sma50,1.0,3.0,0.0,134.7911743203361,0.2110148514851485,0.9109535767375619,-0.06850011374039439,-0.062208663994114066,0.8044818928563203,-0.07732761240062425,-0.20712328296139879,134.77444219912084,0.2791327913279133,1.368073346243825,0.25899331382163554,0.28883241295569095,0.23981498941672563,1.2043968296484917,1.0579837457586407,0.04760656595224383,-0.1540081148047074,-0.08539955357964248,0.25899331382163554
H1,20,sma50,1.0,3.0,1.0,134.7911743203361,0.2110148514851485,0.9109535767375619,-0.06850011374039439,-0.062208663994114066,0.8044818928563203,-0.07732761240062425,-0.20712328296139879,134.77444219912084,0.2791327913279133,1.368073346243825,0.25899331382163554,0.28883241295569095,0.23981498941672563,1.2043968296484917,1.0579837457586407,0.04760656595224383,-0.1540081148047074,-0.08539955357964248,0.25899331382163554
H1,20,sma50,1.5,1.0,0.0,167.90509523937905,0.32687531048186785,0.7838175399665538,-0.09415768724870271,-0.1873906061468248,0.9269085955198272,-0.20216729788953217,-0.9605316329934996,186.2736192995979,0.3686274509803922,1.0720302635865213,0.028243096361936608,0.2408502768542602,1.479838241924941,0.16275446196130697,-0.03849401310173311,-0.03641669221118014,-0.0789770041581514,-0.15759998906618006,0.028243096361936608
H1,20,sma50,1.5,1.0,1.0,150.72255692874214,0.4460431654676259,0.8563498837031943,-0.08015575138399482,-0.0953977680931456,0.7516739192570084,-0.12691376626109557,-0.7576166431506076,162.8981062894523,0.5224215246636771,1.185248803934078,0.0906566782708094,0.199444379972068,0.3285750329267998,0.6069979760650298,0.78706417882485,-0.0012007462595805143,-0.08150717898221224,-0.14792098636243395,0.0906566782708094
H1,20,sma50,1.5,2.0,0.0,117.19158410895557,0.2782918149466192,0.951532040247271,-0.031583605622102606,-0.020030783532486995,0.4800797613368025,-0.04172386579411393,-0.1432873985596261,116.14708026916105,0.3522012578616352,1.3889433210258466,0.22882728188875312,0.14526799949454605,0.12615029540073158,1.1515470418288343,1.140563989044175,0.08614612555842852,-0.0905724212468123,-0.0752694614820686,0.22882728188875312
H1,20,sma50,1.5,2.0,1.0,117.19158410895557,0.2782918149466192,0.951532040247271,-0.031583605622102606,-0.020030783532486995,0.4800797613368025,-0.04172386579411393,-0.1432873985596261,116.14708026916105,0.3522012578616352,1.3889433210258466,0.22882728188875312,0.14526799949454605,0.12615029540073158,1.1515470418288343,1.140563989044175,0.08614612555842852,-0.0905724212468123,-0.0752694614820686,0.22882728188875312
H1,20,sma50,1.5,3.0,0.0,101.09338074025206,0.21782178217821782,0.9127124828930069,-0.06663832424494982,-0.04112608081778624,0.5772513131208357,-0.07124467261138537,-0.2230537702777864,94.23253682214953,0.29069767441860467,1.5280300691790922,0.36484304830568576,0.2276786563104498,0.14673426438282774,1.551639334330523,1.2105258505999923,-0.011512543432191692,-0.08607168711695583,-0.09715341758048059,0.36484304830568576
H1,20,sma50,1.5,3.0,1.0,101.09338074025206,0.21782178217821782,0.9127124828930069,-0.06663832424494982,-0.04112608081778624,0.5772513131208357,-0.07124467261138537,-0.2230537702777864,94.23253682214953,0.29069767441860467,1.5280300691790922,0.36484304830568576,0.2276786563104498,0.14673426438282774,1.551639334330523,1.2105258505999923,-0.011512543432191692,-0.08607168711695583,-0.09715341758048059,0.36484304830568576
H1,20,sma50,2.5,1.0,0.0,117.02476334865813,0.35994297933000713,0.9537170669188421,-0.01942952940357606,-0.011686255226708409,0.26237957690209096,-0.0445395002335461,-0.15200020246723125,119.79950417699631,0.38109756097560976,1.2626415770936168,0.10246683809818037,0.062233784922749225,0.09090689108399409,0.684588199867575,0.899586143982939,0.027185240202548044,-0.04155467440745151,-0.03995945193843857,0.10246683809818037
H1,20,sma50,2.5,1.0,1.0,102.76158834322652,0.46915584415584416,0.9630961069828001,-0.020000912222766756,-0.010372058758420732,0.2979397189468935,-0.0348126083862941,-0.10349729971512989,100.44165746546946,0.509090909090909,1.3102675943926392,0.1591756314201103,0.07953211248882819,0.10018399665078283,0.7938604482516094,1.0474545608985126,0.014016801715595006,-0.06561600175115767,-0.007110776130524048,0.1591756314201103
H1,20,sma50,2.5,2.0,0.0,76.65413935667628,0.2883569096844396,1.0104999832398505,0.007359584561302119,0.0025124385518040526,0.2434791174009818,0.010318907751198878,0.06402961109824461,71.22226620278744,0.3487179487179487,1.4675410756147182,0.275525377861929,0.08564800153224517,0.07731156746352148,1.107829065458505,1.0785803610674634,0.0027125300642819442,-0.013565529422337507,0.030837972833933042,0.275525377861929
H1,20,sma50,2.5,2.0,1.0,76.65413935667628,0.2883569096844396,1.0104999832398505,0.007359584561302119,0.0025124385518040526,0.2434791174009818,0.010318907751198878,0.06402961109824461,71.22226620278744,0.3487179487179487,1.4675410756147182,0.275525377861929,0.08564800153224517,0.07731156746352148,1.107829065458505,1.0785803610674634,0.0027125300642819442,-0.013565529422337507,0.030837972833933042,0.275525377861929
H1,20,sma50,2.5,3.0,0.0,59.30478028574193,0.23769338959212377,1.1160435744340966,0.0880060184806519,0.022359485686699543,0.2491933156017361,0.08972746974655915,0.2873629978335257,50.03820753734297,0.2773722627737226,1.6263947254738185,0.43773633875972195,0.0764142340645928,0.05747510145508831,1.3295189069705904,1.0675771445063398,0.0989648178121776,-0.11456562593342531,0.28790220987404685,0.43773633875972195
H1,20,sma50,2.5,3.0,1.0,59.30478028574193,0.23769338959212377,1.1160435744340966,0.0880060184806519,0.022359485686699543,0.2491933156017361,0.08972746974655915,0.2873629978335257,50.03820753734297,0.2773722627737226,1.6263947254738185,0.43773633875972195,0.0764142340645928,0.05747510145508831,1.3295189069705904,1.0675771445063398,0.0989648178121776,-0.11456562593342531,0.28790220987404685,0.43773633875972195
H1,20,mom60,1.0,1.0,0.0,209.86051645418664,0.31558028616852146,0.6981594726834139,-0.14344419304760672,,1.7026500021434114,,0.353279951131032,246.53861377887958,0.39111111111111113,1.0561027224681914,0.02223877613995886,,-0.0,,-0.2637728693560171,-0.111928353955473,-0.16984642645905787,-0.1442023631621327,0.02223877613995886
H1,20,mom60,1.0,1.0,1.0,195.18028954801142,0.4188034188034188,0.7428724756138083,-0.15217824510955777,,1.7112728811138653,,-0.27621095366868786,224.62407033186807,0.49105691056910566,1.0491116866682435,0.025234642885172794,,-0.0,,-0.2342900906952524,-0.11575087275880937,-0.14062162286362073,-0.19346302775083865,0.025234642885172794
H1,20,mom60,1.0,2.0,0.0,152.8078164324602,0.28002183406113534,0.8465004874935386,-0.10358435280498435,-0.18315346973601043,0.9541275570780854,-0.19195910271882152,-0.4139581503241231,161.8023791171017,0.3340857787810384,1.264327226467514,0.16091765998474186,0.7852103391383485,0.763064509695355,1.0290222244143354,0.8893264203696681,-0.06468307490105255,-0.061366296819725726,-0.1761069502418778,0.16091765998474186
H1,20,mom60,1.0,2.0,1.0,152.8078164324602,0.28002183406113534,0.8465004874935386,-0.10358435280498435,-0.18315346973601043,0.9541275570780854,-0.19195910271882152,-0.4139581503241231,161.8023791171017,0.3340857787810384,1.264327226467514,0.16091765998474186,0.7852103391383485,0.763064509695355,1.0290222244143354,0.8893264203696681,-0.06468307490105255,-0.061366296819725726,-0.1761069502418778,0.16091765998474186
H1,20,mom60,1.0,3.0,0.0,132.78932519676673,0.2135678391959799,0.9068049847240387,-0.07185925444484621,-0.06488534124474776,0.7859057012596178,-0.08256122985334267,-0.23409224774852996,136.60065415303848,0.2647058823529412,1.305879974638199,0.21898096621991156,0.26201476757678455,0.3174643634376081,0.8253359991011364,0.8609340856566853,-0.035442545183458386,-0.0893096010702344,-0.08618342405905502,0.21898096621991156
H1,20,mom60,1.0,3.0,1.0,132.78932519676673,0.2135678391959799,0.9068049847240387,-0.07185925444484621,-0.06488534124474776,0.7859057012596178,-0.08256122985334267,-0.23409224774852996,136.60065415303848,0.2647058823529412,1.305879974638199,0.21898096621991156,0.26201476757678455,0.3174643634376081,0.8253359991011364,0.8609340856566853,-0.035442545183458386,-0.0893096010702344,-0.08618342405905502,0.21898096621991156
H1,20,mom60,1.5,1.0,0.0,165.23596307461992,0.33568904593639576,0.799209312345368,-0.08724525678726114,-0.14026301105271866,0.8454265355429628,-0.16590798272334426,-1.0826317681076623,185.90837690881438,0.37721021611001965,1.1032917839960101,0.0397065275070342,0.18333826027700373,0.8172843761729757,0.22432615332193842,0.5230395708473504,-0.027690603635102413,-0.053894398163073114,-0.16718914500521873,0.0397065275070342
H1,20,mom60,1.5,1.0,1.0,149.22117008606514,0.4477361654555618,0.8554171708530703,-0.08038064882800697,-0.09453355649049633,0.7356210158451997,-0.12850850431710545,-0.7995001650604315,162.53286389866875,0.5213483146067416,1.2017898505207545,0.09796054101140589,0.2114780984965452,0.28783187343531813,0.7347278672529253,0.8056827878729651,-0.013571234878558975,-0.054211124921022126,-0.16237203124199504,0.09796054101140589
H1,20,mom60,1.5,2.0,0.0,116.02383878687345,0.2796549245147376,0.933277089491339,-0.04338861492389305,-0.028555619941729504,0.5160740462018145,-0.055332408502020695,-0.21973682105832798,117.60804983229515,0.33540372670807456,1.328703654091603,0.19754465204123225,0.14152875845999224,0.15831044806062225,0.8939950596678007,0.9689628156427337,0.034598209917566125,-0.05767266767928443,-0.09533274850159097,0.19754465204123225
H1,20,mom60,1.5,2.0,1.0,116.02383878687345,0.2796549245147376,0.933277089491339,-0.04338861492389305,-0.028555619941729504,0.5160740462018145,-0.055332408502020695,-0.21973682105832798,117.60804983229515,0.33540372670807456,1.328703654091603,0.19754465204123225,0.14152875845999224,0.15831044806062225,0.8939950596678007,0.9689628156427337,0.034598209917566125,-0.05767266767928443,-0.09533274850159097,0.19754465204123225
H1,20,mom60,1.5,3.0,0.0,98.09060705489804,0.23299319727891157,0.9681041098949472,-0.02297878217815996,-0.012259556155298501,0.37750344019245663,-0.03247534949363218,-0.04057642053130002,97.15447594841774,0.2744360902255639,1.377909833794404,0.27248547191925376,0.13272228204325653,0.11879569137281079,1.1172314459346897,0.9744042713165841,-0.06221099972462635,0.010233651943003606,-0.018524816332945337,0.27248547191925376
H1,20,mom60,1.5,3.0,1.0,98.09060705489804,0.23299319727891157,0.9681041098949472,-0.02297878217815996,-0.012259556155298501,0.37750344019245663,-0.03247534949363218,-0.04057642053130002,97.15447594841774,0.2744360902255639,1.377909833794404,0.27248547191925376,0.13272228204325653,0.11879569137281079,1.1172314459346897,0.9744042713165841,-0.06221099972462635,0.010233651943003606,-0.018524816332945337,0.27248547191925376
H1,20,mom60,2.5,1.0,0.0,115.60678688612984,0.3621933621933622,0.9441535665322035,-0.023040819449384728,-0.014021276958336104,0.272748910474148,-0.05140727027639248,-0.19052516529075983,121.26047374013041,0.3795180722891566,1.229100690215463,0.08810855099212804,0.05666874234106789,0.08129886402495243,0.6970422406354287,0.7978626660466256,-0.005337877998182672,-0.008728794972619521,-0.052098571395846456,0.08810855099212804
H1,20,mom60,2.5,1.0,1.0,101.67725340129313,0.47662018047579985,0.9817694341639037,-0.009601192794850343,-0.004848933156630042,0.22845536904850983,-0.021224859703780602,-0.03838307347006049,102.99835420095414,0.5,1.2051200715249375,0.10931983953023554,0.05312644291860735,0.09114876407136435,0.5828542324173737,0.742442272421822,-0.0017935138483546106,0.00282126527834767,-0.028746530815885348,0.10931983953023554
H1,20,mom60,2.5,2.0,0.0,74.98593175370182,0.3025583982202447,1.0772712597416036,0.05000668074345429,0.016405639020047547,0.20620404638245277,0.07956021866622114,0.2309812194597443,73.04847815670506,0.35,1.3351198437633238,0.20047190745992097,0.05577907083720679,0.06378763751417409,0.8744495487046728,0.8363821050239486,-0.04532289059653555,0.09064446595770649,0.10337578655052247,0.20047190745992097
H1,20,mom60,2.5,2.0,1.0,74.98593175370182,0.3025583982202447,1.0772712597416036,0.05000668074345429,0.016405639020047547,0.20620404638245277,0.07956021866622114,0.2309812194597443,73.04847815670506,0.35,1.3351198437633238,0.20047190745992097,0.05577907083720679,0.06378763751417409,0.8744495487046728,0.8363821050239486,-0.04532289059653555,0.09064446595770649,0.10337578655052247,0.20047190745992097
H1,20,mom60,2.5,3.0,0.0,58.387266104105976,0.24857142857142858,1.09861962946622,0.07269437645800453,0.018645621690285497,0.2805618595393035,0.06645814837734014,0.23927364374734497,48.21199558342534,0.29545454545454547,1.7130843233177475,0.4804685669013918,0.08441848266313512,0.0566814575556366,1.489349185847467,1.1763019965639505,-0.003648823678522066,-0.03366810908108557,0.2735425332301033,0.4804685669013918
H1,20,mom60,2.5,3.0,1.0,58.387266104105976,0.24857142857142858,1.09861962946622,0.07269437645800453,0.018645621690285497,0.2805618595393035,0.06645814837734014,0.23927364374734497,48.21199558342534,0.29545454545454547,1.7130843233177475,0.4804685669013918,0.08441848266313512,0.0566814575556366,1.489349185847467,1.1763019965639505,-0.003648823678522066,-0.03366810908108557,0.2735425332301033,0.4804685669013918
H1,40,none,1.0,1.0,0.0,278.50725931658553,0.3261455525606469,0.7113492456114788,-0.13512774943058092,,2.177170963664011,,0.06841991205281255,307.1688506489448,0.380499405469679,0.9335618335151765,-0.02632713378351695,,-0.0,,0.4899349868895819,-0.08143087309851815,-0.20323979263778033,-0.1151016773044327,-0.02632713378351695
H1,40,none,1.0,1.0,1.0,257.73807465955355,0.43398058252427185,0.77726882187201,-0.128414532924434,,1.9404780673988418,,0.2688676129817629,277.9494593862628,0.4967148488830486,0.9908532032448831,-0.004934198223881197,,-0.0,,0.10819352071826077,-0.07531998286829208,-0.18383913172594307,-0.12224334177016931,-0.004934198223881197
H1,40,none,1.0,2.0,0.0,199.35080855544754,0.2790794979079498,0.8205011454189429,-0.12098615267147521,,1.4591188070415684,,0.09725183272000618,201.9790421032895,0.32368896925858953,1.1854890051623277,0.11307768970019387,,-0.0,,0.07476901426720337,-0.08746016698245904,-0.12671925195389466,-0.14555154972067946,0.11307768970019387
H1,40,none,1.0,2.0,1.0,199.35080855544754,0.2790794979079498,0.8205011454189429,-0.12098615267147521,,1.4591188070415684,,0.09725183272000618,201.9790421032895,0.32368896925858953,1.1854890051623277,0.11307768970019387,,-0.0,,0.07476901426720337,-0.08746016698245904,-0.12671925195389466,-0.14555154972067946,0.11307768970019387
H1,40,none,1.0,3.0,0.0,170.6576377842869,0.21896383186705767,0.9126826422753093,-0.06684588950638609,-0.0862353721031962,0.8815338165294893,-0.09782423599209872,-0.20748208145754382,169.83771171433926,0.2537634408602151,1.2302456527236296,0.1651016136673534,0.31218498293045815,0.37193642080376255,0.8393503982638209,0.7739946482010032,0.007896844441532384,-0.11844357574867413,-0.08294959923475229,0.1651016136673534
H1,40,none,1.0,3.0,1.0,170.6576377842869,0.21896383186705767,0.9126826422753093,-0.06684588950638609,-0.0862353721031962,0.8815338165294893,-0.09782423599209872,-0.20748208145754382,169.83771171433926,0.2537634408602151,1.2302456527236296,0.1651016136673534,0.31218498293045815,0.37193642080376255,0.8393503982638209,0.7739946482010032,0.007896844441532384,-0.11844357574867413,-0.08294959923475229,0.1651016136673534
H1,40,none,1.5,1.0,0.0,216.36652610578702,0.34232845026985353,0.8134263194872937,-0.0795675934462929,-0.3766292406707815,1.0476850142572003,-0.3594870934923207,-0.4534398464735998,227.9112518489198,0.3733974358974359,1.0540120311077035,0.02045698342743506,1.9349701141095563,13.648118774545168,0.14177559164552628,0.3739734149457628,-0.040082781699869015,-0.09831712936992715,-0.09714843826675963,0.02045698342743506
H1,40,none,1.5,1.0,1.0,194.59641688697036,0.46035147878268323,0.866600651478597,-0.07251267825212397,-0.13254551218303634,0.9295489008006622,-0.14259122039611788,-0.5103210908512338,205.63146601112476,0.4920071047957371,1.059089144588125,0.0298513014047267,0.14504978880126318,0.9108128604195078,0.15925311894965477,0.4930632237085067,-0.0072102116414684645,-0.09927918180230226,-0.10596469258841919,0.0298513014047267
H1,40,none,1.5,2.0,0.0,148.88752856547023,0.28515406162464985,0.9476651559738407,-0.033324345100915455,-0.02839107453656131,0.5613564861601295,-0.050575837701219026,-0.17436829534578135,150.84510739359595,0.3075060532687651,1.1705313403007707,0.10508973425170581,0.10021453544013958,0.1899527264532562,0.5275761886197537,0.6445245583074877,0.03844448873981,-0.055318857622436116,-0.07578342952465306,0.10508973425170581
H1,40,none,1.5,2.0,1.0,148.88752856547023,0.28515406162464985,0.9476651559738407,-0.033324345100915455,-0.02839107453656131,0.5613564861601295,-0.050575837701219026,-0.17436829534578135,150.84510739359595,0.3075060532687651,1.1705313403007707,0.10508973425170581,0.10021453544013958,0.1899527264532562,0.5275761886197537,0.6445245583074877,0.03844448873981,-0.055318857622436116,-0.07578342952465306,0.10508973425170581
H1,40,none,1.5,3.0,0.0,125.19898060323297,0.24050632911392406,0.9818273873807333,-0.011824673825976717,-0.008652723346114333,0.42441361744927136,-0.020387478135403047,-0.011704187258428759,123.81717047561509,0.27728613569321536,1.2120707606913552,0.15138690054385254,0.09296633504126817,0.1479932524982767,0.6281795519180897,0.6713336149512599,0.03999667803282663,0.0012213090426154872,-0.06854663653590488,0.15138690054385254
H1,40,none,1.5,3.0,1.0,125.19898060323297,0.24050632911392406,0.9818273873807333,-0.011824673825976717,-0.008652723346114333,0.42441361744927136,-0.020387478135403047,-0.011704187258428759,123.81717047561509,0.27728613569321536,1.2120707606913552,0.15138690054385254,0.09296633504126817,0.1479932524982767,0.6281795519180897,0.6713336149512599,0.03999667803282663,0.0012213090426154872,-0.06854663653590488,0.15138690054385254
H1,40,none,2.5,1.0,0.0,150.63914654859343,0.3588039867109635,0.9382200850244631,-0.02514072457160639,-0.020611882234461865,0.3857623664948236,-0.05343155275033405,-0.2517038441492045,154.4975313014312,0.38534278959810875,1.0928650128561102,0.03859857622871746,0.03294615547986912,0.10010378010801786,0.32911999371370676,0.4044542047334491,0.012272823648461814,-0.02549065627112997,-0.058981315930600124,0.03859857622871746
H1,40,none,2.5,1.0,1.0,133.12296671736163,0.46365914786967416,0.9324524333755689,-0.036361119786443935,-0.02708975532072111,0.4195429717876128,-0.06456967972862357,-0.2577862462727134,138.42686610695608,0.47493403693931396,1.0052379907406108,0.0057058069048663475,0.0025860091677085695,0.0994098282745133,0.026013616687552116,0.06757076456438206,-0.024881642667357828,-0.059549528062964145,-0.024595102569009167,0.0057058069048663475
H1,40,none,2.5,2.0,0.0,96.33898907177486,0.3047619047619048,1.0402569513236828,0.02609272005420077,0.011141505195178425,0.1913362038648807,0.058229989777817584,0.1651341165508238,98.98068790233536,0.33948339483394835,1.0711326849170129,0.0457680034711676,0.018106725619776,0.0836072306176996,0.21656889584790068,0.25146659270593213,0.07513943575721803,0.05262207881504639,-0.04049932011398594,0.0457680034711676
H1,40,none,2.5,2.0,1.0,96.33898907177486,0.3047619047619048,1.0402569513236828,0.02609272005420077,0.011141505195178425,0.1913362038648807,0.058229989777817584,0.1651341165508238,98.98068790233536,0.33948339483394835,1.0711326849170129,0.0457680034711676,0.018106725619776,0.0836072306176996,0.21656889584790068,0.25146659270593213,0.07513943575721803,0.05262207881504639,-0.04049932011398594,0.0457680034711676
H1,40,none,2.5,3.0,0.0,71.31587502715801,0.22456140350877193,0.9991429370801335,-0.0005190704345917999,-0.00023932428127704242,0.2848953537734462,-0.0008400427669570115,0.03912022712401722,66.10887273181808,0.287292817679558,1.2125734960834407,0.1569470004067843,0.045288569509187804,0.09076948291476669,0.4989404814800383,0.4869024140756953,0.12644557178834817,-0.18833669610410114,0.08328798903227737,0.1569470004067843
H1,40,none,2.5,3.0,1.0,71.31587502715801,0.22456140350877193,0.9991429370801335,-0.0005190704345917999,-0.00023932428127704242,0.2848953537734462,-0.0008400427669570115,0.03912022712401722,66.10887273181808,0.287292817679558,1.2125734960834407,0.1569470004067843,0.045288569509187804,0.09076948291476669,0.4989404814800383,0.4869024140756953,0.12644557178834817,-0.18833669610410114,0.08328798903227737,0.1569470004067843
H1,40,sma200,1.0,1.0,0.0,139.37874522851584,0.3231597845601436,0.7205132476247115,-0.13317657986977227,,1.0992758045839242,,-0.30614894195423,198.69186058623777,0.37316176470588236,0.9852859458673525,-0.0061315429095144735,,-0.0,,0.5040186940577972,-0.1386606250372015,-0.14277479446532967,-0.12021260450740592,-0.0061315429095144735
H1,40,sma200,1.0,1.0,1.0,129.3694996106691,0.42488716956802064,0.7656954311332156,-0.13775467336517844,,1.0599712346287116,,-0.03843393960419125,177.87304431157682,0.4948665297741273,1.0564877949158742,0.028457865679790778,,4.962442896150772,,0.6330351970815806,-0.1374970676657534,-0.10544146333686695,-0.16806417666015888,0.028457865679790778
H1,40,sma200,1.0,2.0,0.0,99.92563541816995,0.2871452420701169,0.8641543434008443,-0.09119267136213216,-0.059927893476052096,0.5955127782252775,-0.10063242245556296,-0.42484958416048496,127.1043519926668,0.3390804597701149,1.3131440138698296,0.18923637528877607,0.20568774631173392,0.1442558610761123,1.4258536518194496,1.0851936551616164,-0.1296294206162634,0.010592688778189831,-0.15695380390621325,0.18923637528877607
H1,40,sma200,1.0,2.0,1.0,99.92563541816995,0.2871452420701169,0.8641543434008443,-0.09119267136213216,-0.059927893476052096,0.5955127782252775,-0.10063242245556296,-0.42484958416048496,127.1043519926668,0.3390804597701149,1.3131440138698296,0.18923637528877607,0.20568774631173392,0.1442558610761123,1.4258536518194496,1.0851936551616164,-0.1296294206162634,0.010592688778189831,-0.15695380390621325,0.18923637528877607
H1,40,sma200,1.0,3.0,0.0,84.07766318991261,0.2222222222222222,1.0306777190984866,0.025022248329108245,0.008978559613366688,0.29094988157093765,0.030859471620639203,0.12444561108606735,103.72883898252118,0.28169014084507044,1.432723348694795,0.3006248328018289,0.12322519653734787,0.07318695791749144,1.683704310763509,1.1326712563864296,-0.0005621287798362018,0.05786468549671348,0.01151741642252066,0.3006248328018289
H1,40,sma200,1.0,3.0,1.0,84.07766318991261,0.2222222222222222,1.0306777190984866,0.025022248329108245,0.008978559613366688,0.29094988157093765,0.030859471620639203,0.12444561108606735,103.72883898252118,0.28169014084507044,1.432723348694795,0.3006248328018289,0.12322519653734787,0.07318695791749144,1.683704310763509,1.1326712563864296,-0.0005621287798362018,0.05786468549671348,0.01151741642252066,0.3006248328018289
H1,40,sma200,1.5,1.0,0.0,109.10077723452946,0.34327217125382264,0.8267669072607888,-0.07439008626549605,-0.05166863060154203,0.5069977115186568,-0.101910974009674,-0.6722717467208664,147.1926834857607,0.3920595533498759,1.1174154562624103,0.04328267160638342,0.056351988855322555,0.1956340432978216,0.2880479690824344,0.4743477407979555,-0.0978330127549155,0.011258734866255652,-0.1350407160524521,0.04328267160638342
H1,40,sma200,1.5,1.0,1.0,98.25742781519548,0.45840407470288624,0.8828973541285762,-0.0640389471168291,-0.03720699496564994,0.4377986302986677,-0.08498654950169031,-0.46195192866156815,130.75677590050205,0.5195530726256983,1.1607448754159784,0.07659322800201669,0.07234424012735641,0.14982148965671488,0.48286958228167637,0.6601277428970862,-0.03621607746259308,0.006925855263237494,-0.14893248738844989,0.07659322800201669
H1,40,sma200,1.5,2.0,0.0,73.98500719191715,0.2897406989853439,1.063148785736602,0.040946984072895515,0.013468534181851677,0.21263161558904897,0.06334210528636616,0.20342139632147557,90.9453553050978,0.3373493975903614,1.3955797125188274,0.23199328944214295,0.08192301064333507,0.06049861730399505,1.354130297419628,1.0700871850765732,0.045135910036872,0.07629482930550834,0.005547998070892659,0.23199328944214295
H1,40,sma200,1.5,2.0,1.0,73.98500719191715,0.2897406989853439,1.063148785736602,0.040946984072895515,0.013468534181851677,0.21263161558904897,0.06334210528636616,0.20342139632147557,90.9453553050978,0.3373493975903614,1.3955797125188274,0.23199328944214295,0.08192301064333507,0.06049861730399505,1.354130297419628,1.0700871850765732,0.045135910036872,0.07629482930550834,0.005547998070892659,0.23199328944214295
H1,40,sma200,1.5,3.0,0.0,64.22599271451658,0.24935064935064935,1.0474425115678776,0.037359974975183285,0.010392867016073115,0.23073782475879412,0.04504188694219287,0.14720262551565014,74.50944771983916,0.3137254901960784,1.488788146149421,0.3323544721323838,0.09856788392452653,0.09257606731624898,1.0647231707068405,1.106920534947782,0.008182316735237592,0.09566318362194193,0.0060529878764858545,0.3323544721323838
H1,40,sma200,1.5,3.0,1.0,64.22599271451658,0.24935064935064935,1.0474425115678776,0.037359974975183285,0.010392867016073115,0.23073782475879412,0.04504188694219287,0.14720262551565014,74.50944771983916,0.3137254901960784,1.488788146149421,0.3323544721323838,0.09856788392452653,0.09257606731624898,1.0647231707068405,1.106920534947782,0.008182316735237592,0.09566318362194193,0.0060529878764858545,0.3323544721323838
H1,40,sma200,2.5,1.0,0.0,73.90159681176843,0.3656884875846501,1.0949420741270088,0.03822894476407416,0.012733935171381328,0.12636088085568986,0.10077434634160304,0.2896283982159643,93.867294431366,0.40077821011673154,1.2916642494862802,0.11097726805998885,0.040663097495672984,0.0428265976474283,0.9494823247560682,0.8876332518946825,0.05087213423090393,0.08409278257166417,-0.011326593499542263,0.11097726805998885
H1,40,sma200,2.5,1.0,1.0,66.72830411897826,0.4625,1.0372137456081405,0.019880236821620406,0.006257202893271252,0.13794182927979923,0.045361170907623906,0.13634090849701005,82.91002270786025,0.5022026431718062,1.2479971594201726,0.12793252391389578,0.04475041895073706,0.05981157790641039,0.7481899076590132,0.8075743344262211,0.03871424526622706,0.023970790643308933,0.0029935597009828167,0.12793252391389578
H1,40,sma200,2.5,2.0,0.0,50.880331890720925,0.31475409836065577,1.1162116359550325,0.07313773477504235,0.016386129524043724,0.12066177692206458,0.13580215659038009,0.2810668532294969,59.534509697714626,0.39263803680981596,1.3876135004397387,0.22193172122796712,0.0505455499747296,0.07640597995572944,0.6615391884773457,0.8567716288347074,0.053082507185597885,0.15430245923110092,0.018002501127893263,0.22193172122796712
H1,40,sma200,2.5,2.0,1.0,50.880331890720925,0.31475409836065577,1.1162116359550325,0.07313773477504235,0.016386129524043724,0.12066177692206458,0.13580215659038009,0.2810668532294969,59.534509697714626,0.39263803680981596,1.3876135004397387,0.22193172122796712,0.0505455499747296,0.07640597995572944,0.6615391884773457,0.8567716288347074,0.053082507185597885,0.15430245923110092,0.018002501127893263,0.22193172122796712
H1,40,sma200,2.5,3.0,0.0,43.289987297187146,0.22157996146435452,1.0320665646989706,0.02508097753415516,0.006289778578251415,0.16122003518058906,0.03901362861759694,0.11211009152365398,43.829086894023035,0.35833333333333334,1.8950741417536912,0.5543602166162742,0.09556740307493516,0.06307129072370952,1.515228275469711,1.2479949550552738,0.16193065086692854,-0.11514629134178563,0.0663017855918219,0.5543602166162742
H1,40,sma200,2.5,3.0,1.0,43.289987297187146,0.22157996146435452,1.0320665646989706,0.02508097753415516,0.006289778578251415,0.16122003518058906,0.03901362861759694,0.11211009152365398,43.829086894023035,0.35833333333333334,1.8950741417536912,0.5543602166162742,0.09556740307493516,0.06307129072370952,1.515228275469711,1.2479949550552738,0.16193065086692854,-0.11514629134178563,0.0663017855918219,0.5543602166162742
H1,40,sma50,1.0,1.0,0.0,152.97463719275765,0.3222464558342421,0.7082464840020717,-0.13733311944294768,,1.2347888661323132,,0.26677336003715846,196.1351638507531,0.3854748603351955,1.010516794182469,0.004256758904726076,,-0.0,,0.06951179042656079,-0.09668269962084775,-0.17554096415298434,-0.1337632675711401,0.004256758904726076
H1,40,sma50,1.0,1.0,1.0,141.54741511238262,0.4319387153800825,0.7850732043430342,-0.12442477551862521,,1.0664243162317049,,-0.3732311051531206,176.41207474844273,0.5031055900621118,1.076285490737201,0.03800435989331818,,9.269173362286077,,1.0642125100442703,-0.06564255835652538,-0.1204674182292131,-0.1763987413234464,0.03800435989331818
H1,40,sma50,1.0,2.0,0.0,109.43441875512434,0.29573170731707316,0.9009069456033512,-0.06550766053809734,-0.04366363768880577,0.5572572344593423,-0.07835454613912507,-0.3199576948050926,125.6433824295327,0.34011627906976744,1.3285982160683325,0.1992848762153844,0.1784380959165912,0.13819584911134922,1.291197218035235,1.0752602247487157,-0.025291846722009882,-0.012945910999946231,-0.1461774510910878,0.1992848762153844
H1,40,sma50,1.0,2.0,1.0,109.43441875512434,0.29573170731707316,0.9009069456033512,-0.06550766053809734,-0.04366363768880577,0.5572572344593423,-0.07835454613912507,-0.3199576948050926,125.6433824295327,0.34011627906976744,1.3285982160683325,0.1992848762153844,0.1784380959165912,0.13819584911134922,1.291197218035235,1.0752602247487157,-0.025291846722009882,-0.012945910999946231,-0.1461774510910878,0.1992848762153844
H1,40,sma50,1.0,3.0,0.0,92.83575310552851,0.23270440251572327,1.059353668052661,0.04669955883271752,0.018108771889931985,0.24734213369727914,0.07321345384727385,0.2084928192390151,104.09408137330472,0.28421052631578947,1.4580379256928766,0.319880220626412,0.11830658112166281,0.07959511147186037,1.4863548644377274,1.16329198534134,0.13247106815823234,0.0075796742311360025,0.013940302264401785,0.319880220626412
H1,40,sma50,1.0,3.0,1.0,92.83575310552851,0.23270440251572327,1.059353668052661,0.04669955883271752,0.018108771889931985,0.24734213369727914,0.07321345384727385,0.2084928192390151,104.09408137330472,0.28421052631578947,1.4580379256928766,0.319880220626412,0.11830658112166281,0.07959511147186037,1.4863548644377274,1.16329198534134,0.13247106815823234,0.0075796742311360025,0.013940302264401785,0.319880220626412
H1,40,sma50,1.5,1.0,0.0,119.77730589356598,0.3426183844011142,0.8352789976406357,-0.0702700675580072,-0.05431701671346745,0.5403312986557747,-0.10052539404731177,-0.6776178918167028,145.36647153184308,0.3793969849246231,1.1031644336330981,0.03912586355362969,0.05122465414031674,0.24574136860741314,0.20844945411755747,0.4091105912699366,-0.042629266111550365,-0.02330382481604573,-0.13557112083020695,0.03912586355362969
H1,40,sma50,1.5,1.0,1.0,108.09985267274479,0.4591049382716049,0.8942699568050405,-0.05710710235912091,-0.03628267906297156,0.47029685590411885,-0.0771484618863126,-0.44481527109776736,130.75677590050205,0.5083798882681564,1.1160315892232944,0.05854495685500821,0.05423024679085642,0.1952138449439162,0.27779918379475826,0.48159270839402163,0.015270367372803502,-0.021018436005832784,-0.15095184052720326,0.05854495685500821
H1,40,sma50,1.5,2.0,0.0,82.15922444649199,0.29441624365482233,1.0627405627655249,0.040597557397555696,0.014645001638391442,0.20459431342998413,0.07158068761966459,0.21651050280137996,92.4063248682319,0.33201581027667987,1.356574373881558,0.21411326194611255,0.07568994454287403,0.08304849808290855,0.9113945018886631,0.9743693092915295,0.13179486993301376,0.02871278408073399,-0.02195792487738257,0.21411326194611255
H1,40,sma50,1.5,2.0,1.0,82.15922444649199,0.29441624365482233,1.0627405627655249,0.040597557397555696,0.014645001638391442,0.20459431342998413,0.07158068761966459,0.21651050280137996,92.4063248682319,0.33201581027667987,1.356574373881558,0.21411326194611255,0.07568994454287403,0.08304849808290855,0.9113945018886631,0.9743693092915295,0.13179486993301376,0.02871278408073399,-0.02195792487738257,0.21411326194611255
H1,40,sma50,1.5,3.0,0.0,72.23338920879397,0.22979214780600463,1.0089249977646757,0.009206279871459267,0.002342707244586073,0.3177824868248133,0.00737204642078831,0.06284573616330699,77.43138684610737,0.3018867924528302,1.4189107981911053,0.28769786673952114,0.09690012902309908,0.11079399250221982,0.8745973209798142,0.9728776277262197,0.1286438906198594,0.05500189162583647,-0.12396334094781297,0.28769786673952114
H1,40,sma50,1.5,3.0,1.0,72.23338920879397,0.22979214780600463,1.0089249977646757,0.009206279871459267,0.002342707244586073,0.3177824868248133,0.00737204642078831,0.06284573616330699,77.43138684610737,0.3018867924528302,1.4189107981911053,0.28769786673952114,0.09690012902309908,0.11079399250221982,0.8745973209798142,0.9728776277262197,0.1286438906198594,0.05500189162583647,-0.12396334094781297,0.28769786673952114
H1,40,sma50,2.5,1.0,0.0,82.49286596708687,0.3700707785642063,1.0494364724392582,0.019845585406951378,0.007707355265162974,0.14088090420221713,0.054708303505065656,0.175314471525416,93.50205204058248,0.39453125,1.3005313276336292,0.11727375155842767,0.04447353686807953,0.05597457073326652,0.7945310930566593,0.9073008704063737,0.07142998089453605,0.033606480473095675,-0.0356477898255594,0.11727375155842767
H1,40,sma50,2.5,1.0,1.0,73.48454491102481,0.4790011350737798,1.0602794700923621,0.03064995804458152,0.010479723408932884,0.12849230519708812,0.08155915167728171,0.21118905811965208,81.08381075394261,0.5135135135135135,1.340739056771329,0.17329639080020234,0.055754250572562114,0.05752859643676011,0.9691571501114494,1.0379207145499096,0.06329627629687705,0.0009937243371576148,0.029743701033276122,0.17329639080020234
H1,40,sma50,2.5,2.0,0.0,56.218596220239185,0.29821958456973297,1.1033298862118475,0.06546576549136329,0.01622366774437367,0.1097792804967979,0.1477844240821645,0.2762366650917463,60.630236870065204,0.37349397590361444,1.4000565099379099,0.23080359231889727,0.05272307373206897,0.044664496323681614,1.1804246789214234,0.8691201727919898,0.12522058412256384,0.1002027397304072,-0.014663274862603977,0.23080359231889727
H1,40,sma50,2.5,2.0,1.0,56.218596220239185,0.29821958456973297,1.1033298862118475,0.06546576549136329,0.01622366774437367,0.1097792804967979,0.1477844240821645,0.2762366650917463,60.630236870065204,0.37349397590361444,1.4000565099379099,0.23080359231889727,0.05272307373206897,0.044664496323681614,1.1804246789214234,0.8691201727919898,0.12522058412256384,0.1002027397304072,-0.014663274862603977,0.23080359231889727
H1,40,sma50,2.5,3.0,0.0,46.12594022224372,0.24050632911392406,1.1446878104638412,0.10797835442673769,0.02254583814903599,0.12772508165756857,0.1765184868660446,0.33232327988843896,46.02054123872419,0.3333333333333333,1.6624110024833014,0.4438248265074903,0.06657113266501002,0.06205703718121818,1.07274107319384,0.9889181546540295,0.21544110280375398,-0.07919184117868167,0.18883682647864242,0.4438248265074903
H1,40,sma50,2.5,3.0,1.0,46.12594022224372,0.24050632911392406,1.1446878104638412,0.10797835442673769,0.02254583814903599,0.12772508165756857,0.1765184868660446,0.33232327988843896,46.02054123872419,0.3333333333333333,1.6624110024833014,0.4438248265074903,0.06657113266501002,0.06205703718121818,1.07274107319384,0.9889181546540295,0.21544110280375398,-0.07919184117868167,0.18883682647864242,0.4438248265074903
H1,40,mom60,1.0,1.0,0.0,147.46955210294195,0.32805429864253394,0.7518332944036846,-0.11560227815967898,-0.2588145110524138,1.0176696572271082,-0.25432075056420345,-0.24065124770289473,190.2912855982167,0.3896353166986564,1.042546536512866,0.016399314444335268,0.4031978515609669,1.8257373242726926,0.22084110687805883,-0.6475836207547977,-0.09615060361939623,-0.13323197068116072,-0.11364297420868472,0.016399314444335268
H1,40,mom60,1.0,1.0,1.0,136.95984420420288,0.4342265529841656,0.7948988903272358,-0.11843956777476683,-0.19614619115964682,0.9715271757866445,-0.2018947035638272,-0.3877859288610022,171.29868127747338,0.5010660980810234,1.1044866894342342,0.05182767788241016,0.4243157955636947,0.9928064832715573,0.4273902343641664,0.9717376863274528,-0.09446614995805758,-0.07956390116693812,-0.17366070737835082,0.05182767788241016
H1,40,mom60,1.0,2.0,0.0,106.09800354917543,0.29638364779874216,0.9202571518260274,-0.052242191512469026,-0.03180224399009346,0.4419137488894345,-0.07196482134809136,-0.22672945428381083,123.08668569404803,0.3353115727002967,1.3248556204370303,0.19834293661761898,0.1533263287935478,0.11120099629431482,1.3788215385025884,1.0719652647495896,-0.10687913188566572,0.07128444162745436,-0.12227339261279871,0.19834293661761898
H1,40,mom60,1.0,2.0,1.0,106.09800354917543,0.29638364779874216,0.9202571518260274,-0.052242191512469026,-0.03180224399009346,0.4419137488894345,-0.07196482134809136,-0.22672945428381083,123.08668569404803,0.3353115727002967,1.3248556204370303,0.19834293661761898,0.1533263287935478,0.11120099629431482,1.3788215385025884,1.0719652647495896,-0.10687913188566572,0.07128444162745436,-0.12227339261279871,0.19834293661761898
H1,40,mom60,1.0,3.0,0.0,90.2500313209181,0.2301293900184843,1.0662169009320368,0.051515529523822816,0.01949168001922219,0.3153688496008699,0.06180597748918708,0.21672349613119843,101.53738463782004,0.2733812949640288,1.4505606276121357,0.31678583417282263,0.11324183757688044,0.07272590683902058,1.557104510605034,1.1587592308747574,0.001542576238447187,0.09380995589591128,0.051875565078888554,0.31678583417282263
H1,40,mom60,1.0,3.0,1.0,90.2500313209181,0.2301293900184843,1.0662169009320368,0.051515529523822816,0.01949168001922219,0.3153688496008699,0.06180597748918708,0.21672349613119843,101.53738463782004,0.2733812949640288,1.4505606276121357,0.31678583417282263,0.11324183757688044,0.07272590683902058,1.557104510605034,1.1587592308747574,0.001542576238447187,0.09380995589591128,0.051875565078888554,0.31678583417282263
H1,40,mom60,1.5,1.0,0.0,116.10724916702218,0.34985632183908044,0.8620818439474504,-0.05875202638917733,-0.041139673760450246,0.4469168421707206,-0.0920521893080392,-0.5461454531545947,140.98356284244076,0.3860103626943005,1.1578653140983504,0.05828822100545573,0.06285341102548858,0.17669322979024643,0.35572053949153704,0.5916256735498342,-0.05206704907841576,0.019857606643286865,-0.13596208211946567,0.05828822100545573
H1,40,mom60,1.5,1.0,1.0,105.43072050798565,0.4596518987341772,0.8996245669042613,-0.05413157369046883,-0.032949200643221044,0.42732067946225,-0.07710649689288396,-0.3980124591066024,125.6433824295327,0.5174418604651163,1.1770580090900535,0.08629239601835559,0.07364834679119792,0.13248218925024463,0.5559113055724351,0.6969459896267918,-0.0326713328668625,0.014422636268427994,-0.13687622987699233,0.08629239601835559
H1,40,mom60,1.5,2.0,0.0,80.07396494277391,0.29270833333333335,1.0593105246887529,0.03837624159166705,0.013599928177110643,0.20644138230112008,0.06587791665371373,0.19802304857999126,88.75390096039665,0.3292181069958848,1.3957394406036627,0.2376504930735862,0.08166015511097902,0.0676647394662335,1.206834693448123,1.0679018364272943,0.009937429943305508,0.11105164342144236,-0.006379499196307026,0.2376504930735862
H1,40,mom60,1.5,2.0,1.0,80.07396494277391,0.29270833333333335,1.0593105246887529,0.03837624159166705,0.013599928177110643,0.20644138230112008,0.06587791665371373,0.19802304857999126,88.75390096039665,0.3292181069958848,1.3957394406036627,0.2376504930735862,0.08166015511097902,0.0676647394662335,1.206834693448123,1.0679018364272943,0.009937429943305508,0.11105164342144236,-0.006379499196307026,0.2376504930735862
H1,40,mom60,1.5,3.0,0.0,68.73015324254762,0.25485436893203883,1.0988382633186569,0.07550814756245659,0.02150765512834374,0.226512363500841,0.09495135186412854,0.26480133710761083,74.14420532905564,0.3054187192118227,1.453753989584666,0.31013933651988274,0.08122073553034381,0.05718975531736237,1.4201972902249125,1.0365270183522801,-0.02153064568808873,0.2340520583232504,0.018653805222760795,0.31013933651988274
H1,40,mom60,1.5,3.0,1.0,68.73015324254762,0.25485436893203883,1.0988382633186569,0.07550814756245659,0.02150765512834374,0.226512363500841,0.09495135186412854,0.26480133710761083,74.14420532905564,0.3054187192118227,1.453753989584666,0.31013933651988274,0.08122073553034381,0.05718975531736237,1.4201972902249125,1.0365270183522801,-0.02153064568808873,0.2340520583232504,0.018653805222760795,0.31013933651988274
H1,40,mom60,2.5,1.0,0.0,80.24078570307135,0.367983367983368,1.0664622162504342,0.026700094987883248,0.00982369389276383,0.12679303503907305,0.07747818237599977,0.21624517577448055,92.4063248682319,0.391304347826087,1.2492615057356482,0.09637379981685142,0.03604532296258722,0.04778073728548741,0.7543902629048669,0.7678324569114356,0.023782316376943766,0.07628722758730978,-0.01685076254528702,0.09637379981685142
H1,40,mom60,2.5,1.0,1.0,71.89974768819907,0.47447795823665895,1.0619407109545456,0.03212933109538325,0.010609275437122978,0.1361023078377758,0.07795073871758644,0.21145842977339702,80.35332597237557,0.5045454545454545,1.2471354874864418,0.12669660536946534,0.04091763077820687,0.05244978510386565,0.7801296172554034,0.7919851525752641,0.021649611945864514,0.051895576384425615,0.022111064109093873,0.12669660536946534
H1,40,mom60,2.5,2.0,0.0,54.049926336372394,0.32407407407407407,1.1919175977030831,0.11915104937208407,0.026795709227106723,0.15566558900759422,0.17213636872436516,0.43602985045276504,59.534509697714626,0.3803680981595092,1.3037623276044277,0.17408092970380606,0.035440720179388485,0.04898360493630712,0.723522089186202,0.6897303894906679,0.008821536913168806,0.2319928003835878,0.1207464779709775,0.17408092970380606
H1,40,mom60,2.5,2.0,1.0,54.049926336372394,0.32407407407407407,1.1919175977030831,0.11915104937208407,0.026795709227106723,0.15566558900759422,0.17213636872436516,0.43602985045276504,59.534509697714626,0.3803680981595092,1.3037623276044277,0.17408092970380606,0.035440720179388485,0.04898360493630712,0.723522089186202,0.6897303894906679,0.008821536913168806,0.2319928003835878,0.1207464779709775,0.17408092970380606
H1,40,mom60,2.5,3.0,0.0,44.2075014788231,0.25471698113207547,1.1740577884270105,0.1262802562669393,0.024814583383482303,0.17136292248972787,0.14480719062765623,0.3578201875974252,42.002874940105414,0.3391304347826087,1.9097191392530173,0.59332209305387,0.07940776504047364,0.05332397537051324,1.4891568846606296,1.2826240909548845,0.07942951990821673,0.03644112285563637,0.2684339530339114,0.59332209305387
H1,40,mom60,2.5,3.0,1.0,44.2075014788231,0.25471698113207547,1.1740577884270105,0.1262802562669393,0.024814583383482303,0.17136292248972787,0.14480719062765623,0.3578201875974252,42.002874940105414,0.3391304347826087,1.9097191392530173,0.59332209305387,0.07940776504047364,0.05332397537051324,1.4891568846606296,1.2826240909548845,0.07942951990821673,0.03644112285563637,0.2684339530339114,0.59332209305387
H1,55,none,1.0,1.0,0.0,232.63155023478797,0.32413051272857657,0.7046240513570405,-0.13871487259554718,,1.883932432710164,,-0.17831442033451378,261.5135518010041,0.38687150837988826,0.9393778437323741,-0.023749940765867623,,-0.0,,0.43160176664420963,-0.08871214176780412,-0.20247637057351936,-0.11878740121617129,-0.023749940765867623
H1,55,none,1.0,1.0,1.0,215.69924306459723,0.42962103634957466,0.7644975936207502,-0.13655544246662435,,1.743712678413515,,-0.45896827280490493,236.67706922772442,0.5046296296296297,0.9874352166602427,-0.0067559949276546774,,-0.0,,0.13327307102957783,-0.10057304079479315,-0.17580961101462703,-0.13027688600108103,-0.0067559949276546774
H1,55,none,1.0,2.0,0.0,166.98758105774309,0.2722277722277722,0.8060210185853719,-0.13064826053400694,,1.3474689491884042,,0.24152056964509006,169.83771171433926,0.3311827956989247,1.2079523109798653,0.12456841614495932,,276.87753792032265,,-0.15501310688343856,-0.11582793248196119,-0.1234882066267176,-0.15111892879080877,0.12456841614495932
H1,55,none,1.0,2.0,1.0,166.98758105774309,0.2722277722277722,0.8060210185853719,-0.13064826053400694,,1.3474689491884042,,0.24152056964509006,169.83771171433926,0.3311827956989247,1.2079523109798653,0.12456841614495932,,276.87753792032265,,-0.15501310688343856,-0.11582793248196119,-0.1234882066267176,-0.15111892879080877,0.12456841614495932
H1,55,none,1.0,3.0,0.0,143.04880195505964,0.22099125364431488,0.9082111287675486,-0.0694554805162479,-0.0701273718009684,0.8270253488854657,-0.0847947065896771,-0.22154688829409888,140.25307806087372,0.2708333333333333,1.3229440511835322,0.22927033993856763,0.2939384048524689,0.2738093860166766,1.0735147144830395,0.9281651149816471,0.014268214816032396,-0.10692311502470118,-0.10688032511431894,0.22927033993856763
H1,55,none,1.0,3.0,1.0,143.04880195505964,0.22099125364431488,0.9082111287675486,-0.0694554805162479,-0.0701273718009684,0.8270253488854657,-0.0847947065896771,-0.22154688829409888,140.25307806087372,0.2708333333333333,1.3229440511835322,0.22927033993856763,0.2939384048524689,0.2738093860166766,1.0735147144830395,0.9281651149816471,0.014268214816032396,-0.10692311502470118,-0.10688032511431894,0.22927033993856763
H1,55,none,1.5,1.0,0.0,180.33324188153875,0.3418131359851989,0.799482517514146,-0.08575191092840546,-0.17318676440941883,0.9484141349306685,-0.18260668839786875,-0.5893853340132317,192.11749755213432,0.37832699619771865,1.0743888783637279,0.027791444859987635,0.21144760380237382,1.3791666858546077,0.15331548098651268,0.4506551899334566,-0.055748733073152965,-0.09202621014088064,-0.10691916065659084,0.027791444859987635
H1,55,none,1.5,1.0,1.0,161.48249596792738,0.4669421487603306,0.8637981054346175,-0.07293813178641018,-0.09211030750442561,0.7963538152615008,-0.11566505457650016,-0.6124233828146802,172.02916605904042,0.505307855626327,1.1204675186168045,0.05888336262891716,0.13937869732974795,0.35033026312121324,0.3978494352385518,0.5777483317524919,-0.027636780777267094,-0.07588264069295214,-0.11198299401385736,0.05888336262891716
H1,55,none,1.5,2.0,0.0,123.78100414070467,0.28773584905660377,0.9474105310205504,-0.03278411299232287,-0.022939890690631515,0.48753615738066003,-0.047052696181301756,-0.15301090271569023,122.72144330326451,0.34226190476190477,1.3096021868949872,0.18478579824936853,0.13036284800807763,0.10711535857409024,1.2170322701007197,0.977860453268822,0.03096183611310762,-0.045027220215690444,-0.07829493353625948,0.18478579824936853
H1,55,none,1.5,2.0,1.0,123.78100414070467,0.28773584905660377,0.9474105310205504,-0.03278411299232287,-0.022939890690631515,0.48753615738066003,-0.047052696181301756,-0.15301090271569023,122.72144330326451,0.34226190476190477,1.3096021868949872,0.18478579824936853,0.13036284800807763,0.10711535857409024,1.2170322701007197,0.977860453268822,0.03096183611310762,-0.045027220215690444,-0.07829493353625948,0.18478579824936853
H1,55,none,1.5,3.0,0.0,106.43164506977033,0.22962382445141066,0.9384922747555954,-0.04377326670673887,-0.027655922349653306,0.5024010547448798,-0.055047500574410685,-0.14707181218309479,101.53738463782004,0.29136690647482016,1.3234133689100807,0.22702698957944062,0.13834885147273512,0.1515451813500152,0.9129214815032536,0.8646810215067633,-0.006677051603474906,0.004728151680928368,-0.12131387853788762,0.22702698957944062
H1,55,none,1.5,3.0,1.0,106.43164506977033,0.22962382445141066,0.9384922747555954,-0.04377326670673887,-0.027655922349653306,0.5024010547448798,-0.055047500574410685,-0.14707181218309479,101.53738463782004,0.29136690647482016,1.3234133689100807,0.22702698957944062,0.13834885147273512,0.1515451813500152,0.9129214815032536,0.8646810215067633,-0.006677051603474906,0.004728151680928368,-0.12131387853788762,0.22702698957944062
H1,55,none,2.5,1.0,0.0,125.86626364442274,0.35917826375082834,0.9311109931386248,-0.027757125194815196,-0.018957448739831184,0.3587223321174919,-0.052847138420203166,-0.2545083673768011,128.20007916501737,0.39316239316239315,1.1674882151715524,0.06509599020547521,0.04575361679378531,0.07010065677237207,0.6526845667417147,0.6260567280021287,0.0054097256032797966,-0.015923876480486345,-0.06937937444001777,0.06509599020547521
H1,55,none,2.5,1.0,1.0,110.26852255661157,0.4659606656580938,0.9429018475075586,-0.03056450931746012,-0.018011514196361933,0.339980872531048,-0.05297802215245822,-0.19878434231516295,112.4946563613258,0.512987012987013,1.1914390511407813,0.0980684435514666,0.06063370728064754,0.07582450052101997,0.7996585122751814,0.7449153812917885,0.0032911204250993514,-0.06017750992619382,-0.0332260968507044,0.0980684435514666
H1,55,none,2.5,2.0,0.0,83.3269697685741,0.29429429429429427,0.9933417501098252,-0.00284481437338865,-0.001730079435366072,0.23202672251071715,-0.007456380095556282,0.015068550169778157,82.91002270786025,0.34801762114537443,1.1502646024303549,0.09394577814699896,0.03566542798177097,0.08713705496544447,0.40930265540779,0.4429029966203128,0.02015161331943468,0.04349968935960784,-0.06627301032245665,0.09394577814699896
H1,55,none,2.5,2.0,1.0,83.3269697685741,0.29429429429429427,0.9933417501098252,-0.00284481437338865,-0.001730079435366072,0.23202672251071715,-0.007456380095556282,0.015068550169778157,82.91002270786025,0.34801762114537443,1.1502646024303549,0.09394577814699896,0.03566542798177097,0.08713705496544447,0.40930265540779,0.4429029966203128,0.02015161331943468,0.04349968935960784,-0.06627301032245665,0.09394577814699896
H1,55,none,2.5,3.0,0.0,65.39373803659869,0.22193877551020408,0.9800221533398306,-0.014400339771682522,-0.005044568948407102,0.2869801361139007,-0.017578111909477046,-0.006540162665411701,60.630236870065204,0.30120481927710846,1.257138561532991,0.1798242632059274,0.05121917860436209,0.10885775796769971,0.47051473005313826,0.5356100059801756,0.045606452120493274,-0.17282336720191935,0.09077060153650814,0.1798242632059274
H1,55,none,2.5,3.0,1.0,65.39373803659869,0.22193877551020408,0.9800221533398306,-0.014400339771682522,-0.005044568948407102,0.2869801361139007,-0.017578111909477046,-0.006540162665411701,60.630236870065204,0.30120481927710846,1.257138561532991,0.1798242632059274,0.05121917860436209,0.10885775796769971,0.47051473005313826,0.5356100059801756,0.045606452120493274,-0.17282336720191935,0.09077060153650814,0.1798242632059274
H1,55,sma200,1.0,1.0,0.0,119.44366437297109,0.3233240223463687,0.706759809273854,-0.13961850633942197,-0.22677189356263106,0.9814483186891418,-0.23105841565403654,-0.39745488658557376,174.5858627945251,0.3912133891213389,1.0108831596222905,0.0039103735359576845,0.07395046986569676,1.7941483996904464,0.041217588176349185,0.8827345615930591,-0.15164945177183597,-0.12675843610067725,-0.14346491517830443,0.0039103735359576845
H1,55,sma200,1.0,1.0,1.0,111.01921597795008,0.4214876033057851,0.7477815144350943,-0.1488846727964711,-0.2171618669190022,0.973571877730885,-0.223056840369243,-0.3757657633830181,156.68898564613235,0.5104895104895105,1.0796302329505474,0.03866889780118051,0.4051347726042933,1.6972179563407082,0.23870521230978806,0.390366524787288,-0.16267858712841318,-0.08012379146604719,-0.20025618488487573,0.03866889780118051
H1,55,sma200,1.0,2.0,0.0,85.74587079288706,0.2801556420233463,0.8536499388155504,-0.09853395621111852,-0.05426069364134334,0.5622658918765816,-0.09650361941793485,-0.4359712953045121,110.66844440740817,0.33663366336633666,1.359726605677894,0.21411875669131228,0.1908444768739903,0.13204325276833317,1.4453179005581036,1.1348085308021147,-0.15969840949430764,0.06691238498318569,-0.19574317777261296,0.21411875669131228
H1,55,sma200,1.0,2.0,1.0,85.74587079288706,0.2801556420233463,0.8536499388155504,-0.09853395621111852,-0.05426069364134334,0.5622658918765816,-0.09650361941793485,-0.4359712953045121,110.66844440740817,0.33663366336633666,1.359726605677894,0.21411875669131228,0.1908444768739903,0.13204325276833317,1.4453179005581036,1.1348085308021147,-0.15969840949430764,0.06691238498318569,-0.19574317777261296,0.21411875669131228
H1,55,sma200,1.0,3.0,0.0,72.90067224998376,0.2231121281464531,1.0147831213230236,0.01362719162797232,0.0038804171631647844,0.3419074025508455,0.011349321875497335,0.07888021647198588,88.38865856961313,0.30165289256198347,1.560179561238209,0.38691316472747495,0.14124118280102294,0.0754041414097861,1.8731223532331391,1.2884035739343893,0.026695619269712645,0.13363958199127662,-0.09468933768436193,0.38691316472747495
H1,55,sma200,1.0,3.0,1.0,72.90067224998376,0.2231121281464531,1.0147831213230236,0.01362719162797232,0.0038804171631647844,0.3419074025508455,0.011349321875497335,0.07888021647198588,88.38865856961313,0.30165289256198347,1.560179561238209,0.38691316472747495,0.14124118280102294,0.0754041414097861,1.8731223532331391,1.2884035739343893,0.026695619269712645,0.13363958199127662,-0.09468933768436193,0.38691316472747495
H1,55,sma200,1.5,1.0,0.0,93.83667766731318,0.3377777777777778,0.7974119796516754,-0.08805694823289713,-0.05305637815098685,0.5142016241077829,-0.10318205089890106,-0.7531980757208269,128.56532155580092,0.3977272727272727,1.1417072687809955,0.051345987910507734,0.058781115300341025,0.19602551197688595,0.29986461816904786,0.51044147790917,-0.1115025556938178,0.019842352919294953,-0.16427106887643464,0.051345987910507734
H1,55,sma200,1.5,1.0,1.0,84.32789433035877,0.456973293768546,0.8517741094532165,-0.08131011870247204,-0.041531174125432724,0.46982709525852473,-0.0883967198668693,-0.5423909411510127,113.59038353367637,0.5305466237942122,1.2213407007117738,0.10222757732727732,0.08762291382693332,0.11692361798462128,0.7494030319730457,0.8120799410830456,-0.08324004337067552,0.01561063981735542,-0.1655556495454669,0.10222757732727732
H1,55,sma200,1.5,2.0,0.0,63.725530433624236,0.2892670157068063,1.0451324094630647,0.03008983556636872,0.008590727005640675,0.23395343880249195,0.03671981506069306,0.14531608520391964,77.7966292368909,0.36619718309859156,1.499467074069228,0.29043525816826365,0.0918793253633936,0.04992652826041765,1.840290694441028,1.2086653719500469,0.026965346958732032,0.11571661623609591,-0.04101970071982511,0.29043525816826365
H1,55,sma200,1.5,2.0,1.0,63.725530433624236,0.2892670157068063,1.0451324094630647,0.03008983556636872,0.008590727005640675,0.23395343880249195,0.03671981506069306,0.14531608520391964,77.7966292368909,0.36619718309859156,1.499467074069228,0.29043525816826365,0.0918793253633936,0.04992652826041765,1.840290694441028,1.2086653719500469,0.026965346958732032,0.11571661623609591,-0.04101970071982511,0.29043525816826365
H1,55,sma200,1.5,3.0,0.0,55.5513131790494,0.23573573573573572,1.0025163529212604,0.004531118276746438,0.0005050116836338159,0.27807539829866723,0.0018160962340559427,0.04223854519281559,62.82169121476635,0.3313953488372093,1.6259625105126003,0.41892789600201924,0.11551453285763258,0.07859226285614025,1.4697952274141406,1.2487052044816143,-0.051426194125985925,0.16222535141363084,-0.08228840064178601,0.41892789600201924
H1,55,sma200,1.5,3.0,1.0,55.5513131790494,0.23573573573573572,1.0025163529212604,0.004531118276746438,0.0005050116836338159,0.27807539829866723,0.0018160962340559427,0.04223854519281559,62.82169121476635,0.3313953488372093,1.6259625105126003,0.41892789600201924,0.11551453285763258,0.07859226285614025,1.4697952274141406,1.2487052044816143,-0.051426194125985925,0.16222535141363084,-0.08228840064178601,0.41892789600201924
H1,55,sma200,2.5,1.0,0.0,63.80894081377296,0.3633986928104575,1.0652849048063513,0.02650753146204159,0.007795691611753863,0.1493319132837539,0.0522037884624222,0.19182769088733082,80.7185683631591,0.39819004524886875,1.388413786549423,0.14098578316762542,0.047151514575637155,0.03256326686967673,1.4479970564484477,1.0527345728402686,0.03899946592050563,0.08893551509752909,-0.03399444954828358,0.14098578316762542
H1,55,sma200,2.5,1.0,1.0,57.302931162172584,0.46142649199417757,1.0191991929868365,0.010544747985373696,0.002842437258745223,0.1532452065073504,0.018548294746230026,0.07580396744827786,69.76129663965334,0.5392670157068062,1.4908982014106174,0.23161843104604302,0.07022316673891305,0.039367030037131795,1.7838065678990034,1.3184502764307215,0.027622766721283585,0.04540275549275343,-0.0323512568413354,0.23161843104604302
H1,55,sma200,2.5,2.0,0.0,43.87385995822821,0.2965779467680608,1.0795303582221065,0.05171212235348638,0.010132741021076086,0.14208804239219142,0.07131311580117132,0.18892260903745908,49.67296514655944,0.4117647058823529,1.5851283028588734,0.3192662064982269,0.06375444984327094,0.05708736289866187,1.1167874395677393,1.1083038424814182,-0.02430959675277817,0.2089946173030024,-0.015973687840956242,0.3192662064982269
H1,55,sma200,2.5,2.0,1.0,43.87385995822821,0.2965779467680608,1.0795303582221065,0.05171212235348638,0.010132741021076086,0.14208804239219142,0.07131311580117132,0.18892260903745908,49.67296514655944,0.4117647058823529,1.5851283028588734,0.3192662064982269,0.06375444984327094,0.05708736289866187,1.1167874395677393,1.1083038424814182,-0.02430959675277817,0.2089946173030024,-0.015973687840956242,0.3192662064982269
H1,55,sma200,2.5,3.0,0.0,37.78490220737144,0.2052980132450331,1.0373301534775106,0.030460664934773857,0.006463847251027222,0.15708443398718966,0.04114887189620808,0.11641406709965064,35.79375429678548,0.40816326530612246,2.344428174309757,0.755941298995236,0.10527829230756458,0.045485850620877316,2.3145283834538963,1.4864564866208738,0.04860413907275604,-0.11080403980143627,0.13996265649222203,0.755941298995236
H1,55,sma200,2.5,3.0,1.0,37.78490220737144,0.2052980132450331,1.0373301534775106,0.030460664934773857,0.006463847251027222,0.15708443398718966,0.04114887189620808,0.11641406709965064,35.79375429678548,0.40816326530612246,2.344428174309757,0.755941298995236,0.10527829230756458,0.045485850620877316,2.3145283834538963,1.4864564866208738,0.04860413907275604,-0.11080403980143627,0.13996265649222203,0.755941298995236
H1,55,sma50,1.0,1.0,0.0,132.87273557691546,0.325172630257376,0.7235414863646219,-0.12977083630755049,-0.29279656139428745,1.0175274562018835,-0.2877529835776686,-0.07999510180682992,174.95110518530862,0.3966597077244259,1.0301436483501953,0.011859425356909906,0.44498764556227455,3.5683983978711717,0.12470234428637353,-0.7039721259303803,-0.07833425438944741,-0.17275124555928756,-0.12985258819085652,0.011859425356909906
H1,55,sma50,1.0,1.0,1.0,123.44736262010979,0.4283783783783784,0.7828741122023086,-0.1265882870407731,-0.17036436718185866,0.9386489164854606,-0.18149956196587966,-0.6429822900738789,157.78471281848294,0.5138888888888888,1.1061411694896355,0.05175540425245287,0.2941347682983271,0.9940653265393284,0.295890783478293,0.7894781156441368,-0.07063646799196525,-0.12419094945372094,-0.17566066495237054,0.05175540425245287
H1,55,sma50,1.0,2.0,0.0,95.92193717103125,0.28695652173913044,0.8770665633494187,-0.08195170325723262,-0.04926118345162245,0.5709858770819739,-0.08627390874074148,-0.36374476283239815,111.0336867981917,0.33881578947368424,1.3846052742282484,0.2316069676480684,0.19398578693651847,0.13954936070945176,1.3900872490588179,1.1576088549594168,-0.045159864905738985,-0.04680758633450954,-0.1458191545465204,0.2316069676480684
H1,55,sma50,1.0,2.0,1.0,95.92193717103125,0.28695652173913044,0.8770665633494187,-0.08195170325723262,-0.04926118345162245,0.5709858770819739,-0.08627390874074148,-0.36374476283239815,111.0336867981917,0.33881578947368424,1.3846052742282484,0.2316069676480684,0.19398578693651847,0.13954936070945176,1.3900872490588179,1.1576088549594168,-0.045159864905738985,-0.04680758633450954,-0.1458191545465204,0.2316069676480684
H1,55,sma50,1.0,3.0,0.0,82.15922444649199,0.22944162436548224,1.0213216816975648,0.01788418209953727,0.006200640658885481,0.33209803982093367,0.01867111489796462,0.10042264874491155,91.31059769588133,0.3,1.5409431159410951,0.3776628480641721,0.13851956407401267,0.08687922724836218,1.5943922208012502,1.2505939175850194,0.14053587260209496,-0.023795146611847135,-0.04131803698308089,0.3776628480641721
H1,55,sma50,1.0,3.0,1.0,82.15922444649199,0.22944162436548224,1.0213216816975648,0.01788418209953727,0.006200640658885481,0.33209803982093367,0.01867111489796462,0.10042264874491155,91.31059769588133,0.3,1.5409431159410951,0.3776628480641721,0.13851956407401267,0.08687922724836218,1.5943922208012502,1.2505939175850194,0.14053587260209496,-0.023795146611847135,-0.04131803698308089,0.3776628480641721
H1,55,sma50,1.5,1.0,0.0,104.42979594620098,0.33865814696485624,0.8198754729406956,-0.07755316270296259,-0.05158602206815399,0.5155336272358293,-0.10006335056113831,-0.6885159381752614,130.026291118935,0.37359550561797755,1.0966375468397571,0.037034832595554096,0.04148051204890124,0.2538170531992009,0.16342681284045352,0.3619870645308324,-0.04452754764328301,-0.03773832960087338,-0.14248580480160591,0.037034832595554096
H1,55,sma50,1.5,1.0,1.0,93.83667766731318,0.46044444444444443,0.8965359373194787,-0.05543480339646981,-0.029633261959637225,0.41481729202317547,-0.0714369013285532,-0.3906550749752944,116.14708026916105,0.5062893081761006,1.1350288786462837,0.06830759293491355,0.0518757604597222,0.14035738251437305,0.36959766227052543,0.5255786574477904,0.016320186484372428,-0.02660387729982356,-0.14401847879358096,0.06830759293491355
H1,55,sma50,1.5,2.0,0.0,71.73292692790163,0.29651162790697677,1.0525496929733684,0.03443599024326684,0.01094444585907639,0.18911443489257057,0.057872080813363376,0.17363824483086365,81.44905314472615,0.34977578475336324,1.39672484976999,0.2420820619006799,0.07839199049291179,0.06285985006683069,1.2470915920029686,1.0224225063058823,0.13586941735774258,0.008289549097335725,-0.02432104990639308,0.2420820619006799
H1,55,sma50,1.5,2.0,1.0,71.73292692790163,0.29651162790697677,1.0525496929733684,0.03443599024326684,0.01094444585907639,0.18911443489257057,0.057872080813363376,0.17363824483086365,81.44905314472615,0.34977578475336324,1.39672484976999,0.2420820619006799,0.07839199049291179,0.06285985006683069,1.2470915920029686,1.0224225063058823,0.13586941735774258,0.008289549097335725,-0.02432104990639308,0.2420820619006799
H1,55,sma50,1.5,3.0,0.0,62.641195491690844,0.23169107856191745,1.032472583486125,0.027449974788139982,0.007141424029311283,0.24977335309771845,0.028591616922872293,0.11656523316383428,67.56984229495218,0.3081081081081081,1.4803083293053794,0.3295358890073292,0.09136801845529696,0.08067792768882343,1.1325032889752134,1.0337799795438687,0.17154851754526157,0.0263673781903601,-0.08936118714291895,0.3295358890073292
H1,55,sma50,1.5,3.0,1.0,62.641195491690844,0.23169107856191745,1.032472583486125,0.027449974788139982,0.007141424029311283,0.24977335309771845,0.028591616922872293,0.11656523316383428,67.56984229495218,0.3081081081081081,1.4803083293053794,0.3295358890073292,0.09136801845529696,0.08067792768882343,1.1325032889752134,1.0337799795438687,0.17154851754526157,0.0263673781903601,-0.08936118714291895,0.3295358890073292
H1,55,sma50,2.5,1.0,0.0,72.31679958894269,0.3679354094579008,1.0281203024790795,0.011193450117676975,0.003907448283840154,0.15219458341289518,0.025674029891323204,0.10144139163775853,82.54478031707671,0.3893805309734513,1.3578703599518647,0.13431312964598047,0.04726511790161392,0.04159969691777471,1.1361889966419079,0.9957032867389883,0.0727036455054807,0.009727731152605225,-0.03921778935785439,0.13431312964598047
H1,55,sma50,2.5,1.0,1.0,64.22599271451658,0.4779220779220779,1.0358243776420046,0.018243806284162147,0.005613081194920433,0.11992208689849307,0.0468060666728688,0.12787818881950236,71.22226620278744,0.5282051282051282,1.4608221095677227,0.22319158961880203,0.06675385794045785,0.0430046067523016,1.5522490026463316,1.2620666411548347,0.07405242357378915,-0.021287083480724667,0.006349819922330976,0.22319158961880203
H1,55,sma50,2.5,2.0,0.0,49.37894504804391,0.28716216216216217,1.079140824717801,0.05154761671503461,0.011366559735856763,0.12877095741307645,0.08826959094040648,0.20536713292694767,52.22966188204412,0.3916083916083916,1.5434581945605443,0.3036868383813382,0.06239459018314597,0.04432023507456312,1.4078127085331353,1.064045501814508,0.12128124886680176,0.06864940850993162,-0.02336172001225157,0.3036868383813382
H1,55,sma50,2.5,2.0,1.0,49.37894504804391,0.28716216216216217,1.079140824717801,0.05154761671503461,0.011366559735856763,0.12877095741307645,0.08826959094040648,0.20536713292694767,52.22966188204412,0.3916083916083916,1.5434581945605443,0.3036868383813382,0.06239459018314597,0.04432023507456312,1.4078127085331353,1.064045501814508,0.12128124886680176,0.06864940850993162,-0.02336172001225157,0.3036868383813382
H1,55,sma50,2.5,3.0,0.0,41.204727793469075,0.23279352226720648,1.132669891539015,0.10118711310928201,0.01928626678511658,0.12557147219693895,0.1535879642700145,0.3010911516744889,39.81142059540426,0.3669724770642202,1.891928925653367,0.5606053441889886,0.07499195720979923,0.04877811363355264,1.5374099493305349,1.1496805760718625,0.22798200282316328,-0.09781015131834503,0.17472750900421635,0.5606053441889886
H1,55,sma50,2.5,3.0,1.0,41.204727793469075,0.23279352226720648,1.132669891539015,0.10118711310928201,0.01928626678511658,0.12557147219693895,0.1535879642700145,0.3010911516744889,39.81142059540426,0.3669724770642202,1.891928925653367,0.5606053441889886,0.07499195720979923,0.04877811363355264,1.5374099493305349,1.1496805760718625,0.22798200282316328,-0.09781015131834503,0.17472750900421635,0.5606053441889886
H1,55,mom60,1.0,1.0,0.0,126.4501363054638,0.3265171503957784,0.7478687132712052,-0.1176659715378153,-0.1466275760199952,0.8854228879467522,-0.16560174580534803,-0.815373686246041,168.37674215120518,0.403470715835141,1.0431219605615523,0.016365154561059372,0.08491428011411117,0.5669499674251253,0.14977385129724952,0.3649876607440468,-0.08843374519929768,-0.1344561164007036,-0.12374489024623515,0.016365154561059372
H1,55,mom60,1.0,1.0,1.0,117.52522562955046,0.42725337118523776,0.7816206143854287,-0.12752908221493714,-0.15051882501936953,0.8894991527322897,-0.16921750240797676,-0.7867806278764933,152.6713193475136,0.5095693779904307,1.0932699831251458,0.0453053748298377,0.2029606820507659,0.6729310407885747,0.3016069548715219,0.537956340131539,-0.10701395648015101,-0.07843178515408798,-0.19006417308370216,0.0453053748298377
H1,55,mom60,1.0,2.0,0.0,91.50118702314894,0.2862351868732908,0.8926344289782359,-0.07106769914206769,-0.03875362687685835,0.4738311314059666,-0.08178784446236652,-0.3028943330824357,108.47699006270702,0.32996632996632996,1.3417803364437801,0.2077488221730582,0.153981939123496,0.12216242185067502,1.2604689461028817,1.0543214525024902,-0.12444359053761032,0.0657550111698359,-0.15549804060269096,0.2077488221730582
H1,55,mom60,1.0,2.0,1.0,91.50118702314894,0.2862351868732908,0.8926344289782359,-0.07106769914206769,-0.03875362687685835,0.4738311314059666,-0.08178784446236652,-0.3028943330824357,108.47699006270702,0.32996632996632996,1.3417803364437801,0.2077488221730582,0.153981939123496,0.12216242185067502,1.2604689461028817,1.0543214525024902,-0.12444359053761032,0.0657550111698359,-0.15549804060269096,0.2077488221730582
H1,55,mom60,1.0,3.0,0.0,78.65598848024563,0.22905620360551432,1.0221517322949816,0.01833449222761879,0.006168332168443369,0.30426293001732857,0.020273032170209055,0.10030629410139746,88.38865856961313,0.2809917355371901,1.5186061715918184,0.3694341779109219,0.13218382604937395,0.08107441571979347,1.6304012169045168,1.2210660682532817,0.030979139931830057,0.08778673018732412,-0.05717110515088035,0.3694341779109219
H1,55,mom60,1.0,3.0,1.0,78.65598848024563,0.22905620360551432,1.0221517322949816,0.01833449222761879,0.006168332168443369,0.30426293001732857,0.020273032170209055,0.10030629410139746,88.38865856961313,0.2809917355371901,1.5186061715918184,0.3694341779109219,0.13218382604937395,0.08107441571979347,1.6304012169045168,1.2210660682532817,0.030979139931830057,0.08778673018732412,-0.05717110515088035,0.3694341779109219
H1,55,mom60,1.5,1.0,0.0,99.42517313727761,0.3447986577181208,0.8442109836104411,-0.06687893319161207,-0.03992500318112335,0.43724068915759007,-0.09131127127725663,-0.5757931683117619,125.27814003874919,0.3848396501457726,1.1330659274908688,0.04908210523582918,0.04654398170309393,0.18076566519339507,0.25748242429389506,0.4741664277470821,-0.052183120937195016,0.008627789505874709,-0.14918328244401574,0.04908210523582918
H1,55,mom60,1.5,1.0,1.0,90.08321056062066,0.4601851851851852,0.8911598544098867,-0.058545483290054115,-0.030080273163606175,0.40533932092919517,-0.07421010400533189,-0.3931121058215529,111.76417157975875,0.5163398692810458,1.1564901923704693,0.07615916548813736,0.056690417640576696,0.10389164714169016,0.5456686769366628,0.5967551801884955,-0.02644279909850167,-0.006389566730277691,-0.13556674620366208,0.07615916548813736
H1,55,mom60,1.5,2.0,0.0,68.98038438299378,0.2926239419588875,1.0337943754366117,0.02245507587993802,0.006964199445691932,0.22061161568833182,0.03156769159213528,0.12027046810362331,78.52711401845794,0.33488372093023255,1.3791987695356875,0.23475426916106293,0.0773515092635031,0.0672200158089197,1.1507213786349482,0.9920473617426583,0.02691986044820351,0.0836802740899435,-0.039310455304634694,0.23475426916106293
H1,55,mom60,1.5,2.0,1.0,68.98038438299378,0.2926239419588875,1.0337943754366117,0.02245507587993802,0.006964199445691932,0.22061161568833182,0.03156769159213528,0.12027046810362331,78.52711401845794,0.33488372093023255,1.3791987695356875,0.23475426916106293,0.0773515092635031,0.0672200158089197,1.1507213786349482,0.9920473617426583,0.02691986044820351,0.0836802740899435,-0.039310455304634694,0.23475426916106293
H1,55,mom60,1.5,3.0,0.0,59.388190665890654,0.24157303370786518,1.06911500849299,0.05383025186773785,0.013582025020310473,0.2386084521959617,0.0569218101677135,0.18939364051144247,65.0131455594675,0.29775280898876405,1.4882483318832,0.3406172336388136,0.08516087657743232,0.06727003337250068,1.265955616609598,1.0633971219425284,0.02926689905196074,0.18318890068281327,-0.039690639772060755,0.3406172336388136
H1,55,mom60,1.5,3.0,1.0,59.388190665890654,0.24157303370786518,1.06911500849299,0.05383025186773785,0.013582025020310473,0.2386084521959617,0.0569218101677135,0.18939364051144247,65.0131455594675,0.29775280898876405,1.4882483318832,0.3406172336388136,0.08516087657743232,0.06727003337250068,1.265955616609598,1.0633971219425284,0.02926689905196074,0.18318890068281327,-0.039690639772060755,0.3406172336388136
H1,55,mom60,2.5,1.0,0.0,69.39743628373739,0.36658653846153844,1.028880951951511,0.011747815075980132,0.003834437760127374,0.14003159010010277,0.02738266242200273,0.09934226770674093,81.44905314472615,0.3721973094170404,1.2689333447363425,0.10254034265073507,0.0362429465436529,0.04495494254589802,0.8062060474585111,0.7782108317832775,0.01720532421396862,0.05383578701281818,-0.03207642877368302,0.10254034265073507
H1,55,mom60,2.5,1.0,1.0,62.14073321079851,0.4684563758389262,1.0090123337117884,0.004770737545206913,0.0014211740386760319,0.13843060677070515,0.010266328175748358,0.048163049728163494,69.39605424886982,0.5210526315789473,1.4026762325610094,0.19786212257069705,0.06097857282262931,0.04305772962235637,1.4162050195737237,1.133041849226849,0.007648441175124216,0.03148172955145496,-0.023792791969382995,0.19786212257069705
H1,55,mom60,2.5,2.0,0.0,46.96004402373095,0.30905861456483125,1.131143702656107,0.0841393276457804,0.017121787684402534,0.16551553574578412,0.10344519991585531,0.2947289228952308,50.76869231891002,0.39568345323741005,1.466259746788858,0.26343488134775545,0.04987048059547505,0.04036487748230161,1.2354919352187126,0.9455108587728711,-0.03598059425776001,0.2327965270875779,0.06627576318147753,0.26343488134775545
H1,55,mom60,2.5,2.0,1.0,46.96004402373095,0.30905861456483125,1.131143702656107,0.0841393276457804,0.017121787684402534,0.16551553574578412,0.10344519991585531,0.2947289228952308,50.76869231891002,0.39568345323741005,1.466259746788858,0.26343488134775545,0.04987048059547505,0.04036487748230161,1.2354919352187126,0.9455108587728711,-0.03598059425776001,0.2327965270875779,0.06627576318147753,0.26343488134775545
H1,55,mom60,2.5,3.0,0.0,39.53652019049462,0.229957805907173,1.1012995140360575,0.07755164183432695,0.014781402242568964,0.16954951231581178,0.08718044682450252,0.22984919001768514,36.15899668756901,0.40404040404040403,2.347902873247498,0.7976796904093174,0.10165050725793878,0.04795589653434801,2.1196664978441695,1.564270080614937,0.03103149372706158,0.02294046597649635,0.170580353033537,0.7976796904093174
H1,55,mom60,2.5,3.0,1.0,39.53652019049462,0.229957805907173,1.1012995140360575,0.07755164183432695,0.014781402242568964,0.16954951231581178,0.08718044682450252,0.22984919001768514,36.15899668756901,0.40404040404040403,2.347902873247498,0.7976796904093174,0.10165050725793878,0.04795589653434801,2.1196664978441695,1.564270080614937,0.03103149372706158,0.02294046597649635,0.170580353033537,0.7976796904093174
H1,80,none,1.0,1.0,0.0,189.42497331774953,0.32056362835755176,0.6872667236420807,-0.14740849381758014,,1.6256005287675768,,-0.010768037786145426,221.33688881481635,0.38613861386138615,0.9528997260291134,-0.018110145819304733,,-0.0,,0.32899571640152464,-0.11016279723257322,-0.21345631157839512,-0.11211825704238228,-0.018110145819304733
H1,80,none,1.0,1.0,1.0,175.74567097335898,0.4247745609871856,0.7427842132732365,-0.15047404767746478,,1.5526817325561308,,0.1479913143923832,197.96137580467072,0.514760147601476,1.0613640389008874,0.030040957194160618,,-0.0,,-0.2949896636480155,-0.12830564823368829,-0.19279134147940105,-0.12771386813110375,0.030040957194160618
H1,80,none,1.0,2.0,0.0,135.70868850197203,0.27412415488629377,0.7975399353319808,-0.1365953936106723,,1.1381228591824155,,0.2673300310800152,142.07929001479135,0.3393316195372751,1.2830188061458483,0.16754021719432483,,5.888282170043701,,-0.7544428780713259,-0.15944787558447063,-0.116453812341809,-0.13586654519645996,0.16754021719432483
H1,80,none,1.0,2.0,1.0,135.70868850197203,0.27412415488629377,0.7975399353319808,-0.1365953936106723,,1.1381228591824155,,0.2673300310800152,142.07929001479135,0.3393316195372751,1.2830188061458483,0.16754021719432483,,5.888282170043701,,-0.7544428780713259,-0.15944787558447063,-0.116453812341809,-0.13586654519645996,0.16754021719432483
H1,80,none,1.0,3.0,0.0,115.69019726627856,0.21413121845710165,0.908474012475145,-0.06988576154535345,-0.05203496608650504,0.6987023664945602,-0.07447372240567639,-0.19764173228312712,116.14708026916105,0.29559748427672955,1.428608267431663,0.2960026947770972,0.2555367294479396,0.1823418420902843,1.4014157503213867,1.067529850165339,-0.056063606335809986,-0.08309092962644818,-0.06894970632776516,0.2960026947770972
H1,80,none,1.0,3.0,1.0,115.69019726627856,0.21413121845710165,0.908474012475145,-0.06988576154535345,-0.05203496608650504,0.6987023664945602,-0.07447372240567639,-0.19764173228312712,116.14708026916105,0.29559748427672955,1.428608267431663,0.2960026947770972,0.2555367294479396,0.1823418420902843,1.4014157503213867,1.067529850165339,-0.056063606335809986,-0.08309092962644818,-0.06894970632776516,0.2960026947770972
H1,80,none,1.5,1.0,0.0,148.053424763983,0.3352112676056338,0.7635927688854856,-0.10264483446336675,-0.16233113082931083,0.9006240831706687,-0.18024293805004657,-0.863216076982494,161.8023791171017,0.3905191873589165,1.1046175482746985,0.039059225792086774,0.21177588090342803,0.8959662135748783,0.2363659228381488,0.6022861580361908,-0.08531333842163989,-0.10645061782643134,-0.11443002318140764,0.039059225792086774
H1,80,none,1.5,1.0,1.0,132.62250443646928,0.46163522012578617,0.8316671012701131,-0.09127426089507817,-0.09587462087853382,0.7999559969524105,-0.11984986829749014,-0.6447895679001647,144.2707443594925,0.5189873417721519,1.1878541560444855,0.08995068654827855,0.17960999311507808,0.3784836632294035,0.4745515079371188,0.7032383439813337,-0.06665557119519963,-0.10299038680514425,-0.10213625274582434,0.08995068654827855
H1,80,none,1.5,2.0,0.0,101.00997036010334,0.27663088356729976,0.9304980213476114,-0.04459687459016133,-0.02541389591048293,0.4698939929306733,-0.05408431751165718,-0.17922499493728522,104.45932376408824,0.3531468531468531,1.3070673317558155,0.18282936528054633,0.11346954660248776,0.13058562912342847,0.8689282837948215,0.8618790698529194,-0.04458920900610744,-0.03277049919413244,-0.05637349580289134,0.18282936528054633
H1,80,none,1.5,2.0,1.0,101.00997036010334,0.27663088356729976,0.9304980213476114,-0.04459687459016133,-0.02541389591048293,0.4698939929306733,-0.05408431751165718,-0.17922499493728522,104.45932376408824,0.3531468531468531,1.3070673317558155,0.18282936528054633,0.11346954660248776,0.13058562912342847,0.8689282837948215,0.8618790698529194,-0.04458920900610744,-0.03277049919413244,-0.05637349580289134,0.18282936528054633
H1,80,none,1.5,3.0,0.0,87.74771991645642,0.2214828897338403,0.9175676728835626,-0.0613683203606482,-0.03205151645534976,0.47430424380648145,-0.06757585847877622,-0.16917261637039618,86.92768900647903,0.29411764705882354,1.3583436801707527,0.24664704856426356,0.13515517629491458,0.17725662596890834,0.7624830697083304,0.8270632050588845,-0.11811697557869476,-0.0073725625512823575,-0.05998365262307531,0.24664704856426356
H1,80,none,1.5,3.0,1.0,87.74771991645642,0.2214828897338403,0.9175676728835626,-0.0613683203606482,-0.03205151645534976,0.47430424380648145,-0.06757585847877622,-0.16917261637039618,86.92768900647903,0.29411764705882354,1.3583436801707527,0.24664704856426356,0.13515517629491458,0.17725662596890834,0.7624830697083304,0.8270632050588845,-0.11811697557869476,-0.0073725625512823575,-0.05998365262307531,0.24664704856426356
H1,80,none,2.5,1.0,0.0,101.42702226084695,0.35444078947368424,0.9544616558461843,-0.018118578187848934,-0.009422174211791368,0.24647974193130126,-0.03822697207471725,-0.12590922073868177,106.28553571800586,0.3951890034364261,1.2602616877449706,0.09777581977681701,0.051341319557128395,0.07735317021996664,0.6637261202240424,0.8275744852659865,-0.04557668271490045,0.018402303860535377,-0.026858969711815363,0.09777581977681701
H1,80,none,2.5,1.0,1.0,89.66615865987704,0.4669767441860465,0.9440654527129839,-0.03041507549072046,-0.014088399236662053,0.2874794769538397,-0.04900662609360533,-0.16036542540203885,93.13680964979895,0.5215686274509804,1.2405620054854203,0.12195709392416214,0.058528207528002474,0.07920971036273776,0.7389019257863063,0.8279861446773426,-0.05805363128506479,-0.05167170233113748,0.018628893873990603,0.12195709392416214
H1,80,none,2.5,2.0,0.0,67.2287663998706,0.2990074441687345,1.057908441855698,0.03864278134680894,0.011464711585913667,0.13676814081388625,0.08382589335271304,0.17621702202181969,66.4741151226016,0.38461538461538464,1.43783149074067,0.24864904682518305,0.06417643457145239,0.050386270966536924,1.2736889104985352,0.9732515585779826,-0.01878302785292643,0.09851219116724814,0.039061866398993006,0.24864904682518305
H1,80,none,2.5,2.0,1.0,67.2287663998706,0.2990074441687345,1.057908441855698,0.03864278134680894,0.011464711585913667,0.13676814081388625,0.08382589335271304,0.17621702202181969,66.4741151226016,0.38461538461538464,1.43783149074067,0.24864904682518305,0.06417643457145239,0.050386270966536924,1.2736889104985352,0.9732515585779826,-0.01878302785292643,0.09851219116724814,0.039061866398993006,0.24864904682518305
H1,80,none,2.5,3.0,0.0,54.967440518008345,0.22458270106221548,1.0555460540304251,0.04318539811894634,0.010689580945213883,0.20741868123041066,0.05153624968495187,0.1532441111977146,54.7863586175288,0.32666666666666666,1.3124301524290076,0.20623672063973902,0.04424837104903845,0.10769823134983418,0.4108551319223366,0.564053505335271,0.038691187782241274,-0.11176127676509062,0.20670910414399407,0.20623672063973902
H1,80,none,2.5,3.0,1.0,54.967440518008345,0.22458270106221548,1.0555460540304251,0.04318539811894634,0.010689580945213883,0.20741868123041066,0.05153624968495187,0.1532441111977146,54.7863586175288,0.32666666666666666,1.3124301524290076,0.20623672063973902,0.04424837104903845,0.10769823134983418,0.4108551319223366,0.564053505335271,0.038691187782241274,-0.11176127676509062,0.20670910414399407,0.20623672063973902
H1,80,sma200,1.0,1.0,0.0,100.34268731891356,0.3183707398171239,0.7043257806997232,-0.14064440191327443,-0.12777552741376608,0.8444238892101679,-0.15131680788102875,-0.9480562241058847,153.76704651986415,0.38954869358669836,1.0031019959625065,0.001126365848265092,0.004691482000043212,0.519811392897689,0.009025354319170542,0.16870704635663564,-0.15102816920475798,-0.13586532632201553,-0.138580622674942,0.001126365848265092
H1,80,sma200,1.0,1.0,1.0,92.66893234523106,0.4221422142214221,0.7553423679311599,-0.14378181981157523,-0.11308075484640145,0.7956588087507057,-0.14212216794778387,-0.8657642341018276,136.60065415303848,0.5133689839572193,1.126124334498749,0.061433903849492315,0.1513367164351238,0.3977976020583436,0.380436472346879,0.565969530317418,-0.17022118081564985,-0.0711499792080509,-0.1912749047961877,0.061433903849492315
H1,80,sma200,1.0,2.0,0.0,71.56610616760419,0.28321678321678323,0.8649267253729293,-0.0900450088525052,-0.038300897549648716,0.46541396149679326,-0.08229425998840091,-0.3558454120895942,96.05874877606716,0.34600760456273766,1.4412932398876965,0.25849595720967333,0.16642493735847963,0.10486568004119758,1.5870295915031292,1.2417239070719401,-0.1539643108481614,0.08578822953258057,-0.19673000752014677,0.25849595720967333
H1,80,sma200,1.0,2.0,1.0,71.56610616760419,0.28321678321678323,0.8649267253729293,-0.0900450088525052,-0.038300897549648716,0.46541396149679326,-0.08229425998840091,-0.3558454120895942,96.05874877606716,0.34600760456273766,1.4412932398876965,0.25849595720967333,0.16642493735847963,0.10486568004119758,1.5870295915031292,1.2417239070719401,-0.1539643108481614,0.08578822953258057,-0.19673000752014677,0.25849595720967333
H1,80,sma200,1.0,3.0,0.0,60.22229446737788,0.2188365650969529,1.0591911548919817,0.04896714137357778,0.012362119390755488,0.2809001519790856,0.04400894518446508,0.16911948568627677,75.60517489218974,0.3188405797101449,1.7342051270410639,0.491964568833288,0.13869587176251263,0.056159355978005275,2.4696841576465487,1.4395299391525527,0.022882598963460395,0.20394918810494497,-0.06426771055755806,0.491964568833288
H1,80,sma200,1.0,3.0,1.0,60.22229446737788,0.2188365650969529,1.0591911548919817,0.04896714137357778,0.012362119390755488,0.2809001519790856,0.04400894518446508,0.16911948568627677,75.60517489218974,0.3188405797101449,1.7342051270410639,0.491964568833288,0.13869587176251263,0.056159355978005275,2.4696841576465487,1.4395299391525527,0.022882598963460395,0.20394918810494497,-0.06426771055755806,0.491964568833288
H1,80,sma200,1.5,1.0,0.0,78.98963000084052,0.3368532206969377,0.7910723340970939,-0.09082716821487888,-0.04396937179827409,0.4482845429343405,-0.09808362231377274,-0.7010988518523241,111.76417157975875,0.4084967320261438,1.189964045226119,0.06908142218471436,0.060873041602844014,0.13566898776190764,0.4486879618330549,0.6289503702810375,-0.126475688314253,0.02898991429102828,-0.1707162485058338,0.06908142218471436
H1,80,sma200,1.5,1.0,1.0,70.8988231264144,0.4611764705882353,0.8560847252944355,-0.07832641255353374,-0.03201670117548483,0.41944816090373127,-0.07633053177895104,-0.47217556110652803,98.98068790233536,0.5387453874538746,1.2704299987180818,0.12471226768134377,0.08229100383508103,0.10348086229353878,0.7952292048132573,0.8772470132841316,-0.09436366558621305,0.03732414377549626,-0.16924292192819848,0.12471226768134377
H1,80,sma200,1.5,2.0,0.0,52.71536025399283,0.28639240506329117,1.0952594117598806,0.06324709472431786,0.014590865694171784,0.19185808035604363,0.07605030586720433,0.2418281816370688,68.30032707651924,0.36363636363636365,1.5373485687155846,0.3147175915184126,0.08163354143533619,0.050077407417988044,1.630147119118092,1.1818955427024895,-0.0005194310699778486,0.20727108316318998,-0.01610579024190638,0.3147175915184126
H1,80,sma200,1.5,2.0,1.0,52.71536025399283,0.28639240506329117,1.0952594117598806,0.06324709472431786,0.014590865694171784,0.19185808035604363,0.07605030586720433,0.2418281816370688,68.30032707651924,0.36363636363636365,1.5373485687155846,0.3147175915184126,0.08163354143533619,0.050077407417988044,1.630147119118092,1.1818955427024895,-0.0005194310699778486,0.20727108316318998,-0.01610579024190638,0.3147175915184126
H1,80,sma200,1.5,3.0,0.0,45.79229870164883,0.23679417122040072,1.0827058712815425,0.0660160640984905,0.013000652856004047,0.22234284148591063,0.05847120046285758,0.19461447732007156,56.2473281806629,0.33116883116883117,1.630392161665904,0.41576843903720156,0.08987844418429525,0.05813254851992062,1.5460950271859504,1.1510624991751752,-0.04942832227968869,0.2677954048008136,-0.015430159417292425,0.41576843903720156
H1,80,sma200,1.5,3.0,1.0,45.79229870164883,0.23679417122040072,1.0827058712815425,0.0660160640984905,0.013000652856004047,0.22234284148591063,0.05847120046285758,0.19461447732007156,56.2473281806629,0.33116883116883117,1.630392161665904,0.41576843903720156,0.08987844418429525,0.05813254851992062,1.5460950271859504,1.1510624991751752,-0.04942832227968869,0.2677954048008136,-0.015430159417292425,0.41576843903720156
H1,80,sma200,2.5,1.0,0.0,52.6319498738441,0.35974643423137875,1.122907074076794,0.0485136977142886,0.011585288977703279,0.11617495051773062,0.09972277953271115,0.2928878479447949,69.39605424886982,0.4,1.4743546167423103,0.17410243484762156,0.04751945581675998,0.04181255451932452,1.136487745440138,1.1547197279101422,-0.012766921967859958,0.15894612595304958,-0.0010998980473597366,0.17410243484762156
H1,80,sma200,2.5,1.0,1.0,47.37709592447457,0.4595070422535211,1.043106107417578,0.023422706184738126,0.005240197181372919,0.1410047823440716,0.037163258538182746,0.12928447201529458,60.264994479281675,0.5333333333333333,1.5208977464732485,0.24480263088572782,0.06263941281717544,0.04777504088506645,1.3111325842267423,1.3134035098686023,0.003615991838200473,0.08376323916831954,-0.016286278527889705,0.24480263088572782
H1,80,sma200,2.5,2.0,0.0,36.03328422424826,0.2962962962962963,1.1660475825235979,0.10929841581913931,0.017163911709550783,0.11095804939960227,0.15468829708547766,0.32790975062560035,40.907147767754836,0.45535714285714285,1.9598862509510637,0.4766544912272053,0.07199731332112003,0.03915078363961362,1.8389750249665902,1.4299094197046611,0.008706050266641558,0.2895275586941358,0.03931172917675672,0.4766544912272053
H1,80,sma200,2.5,2.0,1.0,36.03328422424826,0.2962962962962963,1.1660475825235979,0.10929841581913931,0.017163911709550783,0.11095804939960227,0.15468829708547766,0.32790975062560035,40.907147767754836,0.45535714285714285,1.9598862509510637,0.4766544912272053,0.07199731332112003,0.03915078363961362,1.8389750249665902,1.4299094197046611,0.008706050266641558,0.2895275586941358,0.03931172917675672,0.4766544912272053
H1,80,sma200,2.5,3.0,0.0,31.779354836663398,0.2047244094488189,1.0696211165821108,0.056127390668511995,0.008306590703342831,0.14703554234137245,0.05649376042737624,0.14894499725934482,31.7760879981667,0.40229885057471265,2.2410195664282644,0.6675204334378272,0.08469925287795288,0.04719894191949801,1.794515924158109,1.2544987872144704,0.03927809560759233,-0.08530074268168662,0.1912392547800746,0.6675204334378272
H1,80,sma200,2.5,3.0,1.0,31.779354836663398,0.2047244094488189,1.0696211165821108,0.056127390668511995,0.008306590703342831,0.14703554234137245,0.05649376042737624,0.14894499725934482,31.7760879981667,0.40229885057471265,2.2410195664282644,0.6675204334378272,0.08469925287795288,0.04719894191949801,1.794515924158109,1.2544987872144704,0.03927809560759233,-0.08530074268168662,0.1912392547800746,0.6675204334378272
H1,80,sma50,1.0,1.0,0.0,114.0219896633041,0.32040965618141914,0.7109981619423377,-0.13607613820503228,-0.16533781093799438,0.9256797294674891,-0.17861232743327693,-0.8554523174487694,154.86277369221474,0.41037735849056606,1.1043776289943417,0.03989250835796724,0.21682885782208783,0.7385169749511086,0.293600370981916,0.5489694617284573,-0.08582230098687856,-0.17105373645194932,-0.1414241136775262,0.03989250835796724
H1,80,sma50,1.0,1.0,1.0,105.5975412682831,0.42496050552922593,0.7677374205041246,-0.13624554335523473,-0.13429119500404707,0.8671652058123478,-0.15486229625443174,-0.844016442168299,138.79210849773963,0.531578947368421,1.216564496580116,0.10216679676599992,0.30247023283949503,0.5740552176029984,0.5269009383844249,0.7568761078794136,-0.09755727840876358,-0.10903470547027713,-0.19343879802662214,0.10216679676599992
H1,80,sma50,1.0,2.0,0.0,82.57627634723559,0.2828282828282828,0.8485522444942325,-0.10128965094026927,-0.05372855232313545,0.5919122681235042,-0.09077114163128788,-0.4132035605768039,96.42399116685068,0.3560606060606061,1.5436504924052357,0.3155563028133658,0.23469491057079273,0.15490705389005718,1.5150692281409193,1.386571268396205,-0.12053054186263366,-0.015388353861084303,-0.16470526164918975,0.3155563028133658
H1,80,sma50,1.0,2.0,1.0,82.57627634723559,0.2828282828282828,0.8485522444942325,-0.10128965094026927,-0.05372855232313545,0.5919122681235042,-0.09077114163128788,-0.4132035605768039,96.42399116685068,0.3560606060606061,1.5436504924052357,0.3155563028133658,0.23469491057079273,0.15490705389005718,1.5150692281409193,1.386571268396205,-0.12053054186263366,-0.015388353861084303,-0.16470526164918975,0.3155563028133658
H1,80,sma50,1.0,3.0,0.0,69.98130894477845,0.21930870083432658,1.0228416969912455,0.02007866816287558,0.005741077613592882,0.30753319128352175,0.018668156076525912,0.09663712237995413,77.43138684610737,0.32075471698113206,1.7765761275823075,0.5224443019592043,0.16022912740402795,0.08459989865034293,1.8939635857752704,1.4987931106324652,0.07078144704018756,0.053935936343633396,-0.05209091588766347,0.5224443019592043
H1,80,sma50,1.0,3.0,1.0,69.98130894477845,0.21930870083432658,1.0228416969912455,0.02007866816287558,0.005741077613592882,0.30753319128352175,0.018668156076525912,0.09663712237995413,77.43138684610737,0.32075471698113206,1.7765761275823075,0.5224443019592043,0.16022912740402795,0.08459989865034293,1.8939635857752704,1.4987931106324652,0.07078144704018756,0.053935936343633396,-0.05209091588766347,0.5224443019592043
H1,80,sma50,1.5,1.0,0.0,90.2500313209181,0.33548983364140483,0.793699722659402,-0.08912862301917626,-0.051115686201332555,0.5074342380982761,-0.100733617015872,-0.7554264319629332,113.22514114289285,0.3967741935483871,1.238115909426653,0.08609245733976684,0.08153684790444271,0.16914093583521503,0.4820645428134541,0.7324725618715938,-0.07051961737836392,-0.03237029773021618,-0.15753060575505126,0.08609245733976684
H1,80,sma50,1.5,1.0,1.0,81.4919414053022,0.4564994882292733,0.8565893022317116,-0.07770698478629451,-0.03747548258864464,0.48822671477325896,-0.07675836134048689,-0.518264023649057,101.17214224703652,0.5342960288808665,1.2855836596258163,0.13617970789271275,0.09581544000519271,0.14625430664131145,0.6551290160650106,0.9070346638983595,-0.024581368646710514,-0.04236096611999496,-0.1566656830498615,0.13617970789271275
H1,80,sma50,1.5,2.0,0.0,61.97391245050106,0.27994616419919244,1.0181207197170996,0.012788765708264208,0.0034669234664623794,0.24377820852001814,0.014221629929558239,0.0762295011045927,70.49178142122038,0.3626943005181347,1.546093163199361,0.3238929945276753,0.09717541855339684,0.07019822550985308,1.384300213397235,1.2136361026453863,0.04941430148388001,0.0421207628679564,-0.04456644425711918,0.3238929945276753
H1,80,sma50,1.5,2.0,1.0,61.97391245050106,0.27994616419919244,1.0181207197170996,0.012788765708264208,0.0034669234664623794,0.24377820852001814,0.014221629929558239,0.0762295011045927,70.49178142122038,0.3626943005181347,1.546093163199361,0.3238929945276753,0.09717541855339684,0.07019822550985308,1.384300213397235,1.2136361026453863,0.04941430148388001,0.0421207628679564,-0.04456644425711918,0.3238929945276753
H1,80,sma50,1.5,3.0,0.0,54.466978237116,0.21898928024502298,1.0081605877618882,0.009207921855649812,0.0016548568956649135,0.2595372557833538,0.006376182450839695,0.05457033033993647,59.169267306931104,0.3333333333333333,1.5856608705356945,0.3886235999225821,0.09948279328202436,0.08185330697665322,1.215379035454237,1.105472772051501,0.013539525051046606,0.07681080664221043,-0.05415410382899396,0.3886235999225821
H1,80,sma50,1.5,3.0,1.0,54.466978237116,0.21898928024502298,1.0081605877618882,0.009207921855649812,0.0016548568956649135,0.2595372557833538,0.006376182450839695,0.05457033033993647,59.169267306931104,0.3333333333333333,1.5856608705356945,0.3886235999225821,0.09948279328202436,0.08185330697665322,1.215379035454237,1.105472772051501,0.013539525051046606,0.07681080664221043,-0.05415410382899396,0.3886235999225821
H1,80,sma50,2.5,1.0,0.0,61.556860549757445,0.3617886178861789,1.059490723898619,0.02339218057012259,0.0067944239252943905,0.1363006311269435,0.04984880751554561,0.16917495012786776,70.85702381200392,0.41237113402061853,1.6010809954734497,0.20874559501411427,0.06048126562841882,0.047023464168467595,1.2861933228002285,1.3900830059549483,0.03906507456876697,0.04761691933834747,-0.01210270722728839,0.20874559501411427
H1,80,sma50,2.5,1.0,1.0,54.466978237116,0.4793261868300153,1.0545253623098183,0.027764122398778356,0.0072051927160026175,0.12263843446109142,0.058751505983130885,0.16457549757349343,60.995479260848725,0.5568862275449101,1.6671937141177773,0.30158866154195735,0.07500183272296979,0.042051031723067706,1.7835907859979196,1.5618677901186075,0.04879389541570357,-0.0032387072865688827,0.03918506730932617,0.30158866154195735
H1,80,sma50,2.5,2.0,0.0,41.70519007436141,0.294,1.1518596902638216,0.09861356117022203,0.017888068380644162,0.12510728757999312,0.1429818256526951,0.3293637107733774,43.463844503239514,0.453781512605042,1.8783448955579702,0.44033392341681626,0.06931360272043374,0.03657624367189749,1.8950443173498772,1.3460542151245063,0.13958630762251964,0.16464052374667099,0.006733376243363521,0.44033392341681626
H1,80,sma50,2.5,2.0,1.0,41.70519007436141,0.294,1.1518596902638216,0.09861356117022203,0.017888068380644162,0.12510728757999312,0.1429818256526951,0.3293637107733774,43.463844503239514,0.453781512605042,1.8783448955579702,0.44033392341681626,0.06931360272043374,0.03657624367189749,1.8950443173498772,1.3460542151245063,0.13958630762251964,0.16464052374667099,0.006733376243363521,0.44033392341681626
H1,80,sma50,2.5,3.0,0.0,35.36600118305848,0.22641509433962265,1.200114140631193,0.15157632628367698,0.023034011854446756,0.10916137104849474,0.21100881780070294,0.3770487097111497,34.69802712443491,0.3894736842105263,2.0183414714806176,0.5928866669276511,0.06920594844788308,0.05238687661503476,1.3210550603435163,1.1528120371619832,0.21092259100252536,0.0011658813568294563,0.23565206610261902,0.5928866669276511
H1,80,sma50,2.5,3.0,1.0,35.36600118305848,0.22641509433962265,1.200114140631193,0.15157632628367698,0.023034011854446756,0.10916137104849474,0.21100881780070294,0.3770487097111497,34.69802712443491,0.3894736842105263,2.0183414714806176,0.5928866669276511,0.06920594844788308,0.05238687661503476,1.3210550603435163,1.1528120371619832,0.21092259100252536,0.0011658813568294563,0.23565206610261902,0.5928866669276511
H1,80,mom60,1.0,1.0,0.0,105.34731012783693,0.3269992082343626,0.7547336082886902,-0.1137020825557805,-0.09189115617666987,0.7303561725993147,-0.12581690909742316,-0.8735788887220721,147.55792587654423,0.4034653465346535,1.0699283144753515,0.02693198535469176,0.05832808052285632,0.2903287091840505,0.20090359195542012,0.3472265755242524,-0.08607507159452112,-0.1253979213112597,-0.1226741050188918,0.02693198535469176
H1,80,mom60,1.0,1.0,1.0,97.50673439385699,0.43028229255774164,0.786465141567956,-0.1239055286019226,-0.09375535710868155,0.7313438947823071,-0.1281959934000528,-0.8328176560566181,132.58298785441968,0.5151515151515151,1.165266763989115,0.08006611598703803,0.1481580958581994,0.3568332936733563,0.41520255672617445,0.6446695528513611,-0.11141456452395182,-0.06516979353750481,-0.18939261065522228,0.08006611598703803
H1,80,mom60,1.0,2.0,0.0,75.82003555518905,0.2915291529152915,0.9074973976730903,-0.05986087091938031,-0.025632182661442182,0.3774660116247601,-0.06790593555989671,-0.2258052088332614,93.13680964979895,0.34509803921568627,1.4752803919431106,0.2821478709053084,0.15237962100708202,0.12511398957135436,1.2179263208626057,1.2635806997157601,-0.1277772851633213,0.09873519912640105,-0.1552095816751199,0.2821478709053084
H1,80,mom60,1.0,2.0,1.0,75.82003555518905,0.2915291529152915,0.9074973976730903,-0.05986087091938031,-0.025632182661442182,0.3774660116247601,-0.06790593555989671,-0.2258052088332614,93.13680964979895,0.34509803921568627,1.4752803919431106,0.2821478709053084,0.15237962100708202,0.12511398957135436,1.2179263208626057,1.2635806997157601,-0.1277772851633213,0.09873519912640105,-0.1552095816751199,0.2821478709053084
H1,80,mom60,1.0,3.0,0.0,64.47622385496274,0.22509702457956016,1.059749422392017,0.04840181723904655,0.013161791033428072,0.273961656667396,0.04804245672016498,0.17372628839676782,74.50944771983916,0.29901960784313725,1.746308393996438,0.5137293986397241,0.14104970803332817,0.08108470727099427,1.739535268493035,1.458091425472908,0.050043104246585736,0.1386934311625564,-0.03870376210995901,0.5137293986397241
H1,80,mom60,1.0,3.0,1.0,64.47622385496274,0.22509702457956016,1.059749422392017,0.04840181723904655,0.013161791033428072,0.273961656667396,0.04804245672016498,0.17372628839676782,74.50944771983916,0.29901960784313725,1.746308393996438,0.5137293986397241,0.14104970803332817,0.08108470727099427,1.739535268493035,1.458091425472908,0.050043104246585736,0.1386934311625564,-0.03870376210995901,0.5137293986397241
H1,80,mom60,1.5,1.0,0.0,83.16014900827666,0.34804413239719156,0.8475608815942176,-0.06523685642983987,-0.03115906186813644,0.37159329501492594,-0.08385259445245066,-0.5156601442944443,108.1117476719235,0.40202702702702703,1.2269807055857758,0.08247655288135165,0.0595930921316139,0.11057460611296509,0.538940125825386,0.7119664272360589,-0.04663351375058005,0.010998261916691463,-0.15242218624994355,0.08247655288135165
H1,80,mom60,1.5,1.0,1.0,75.31957327429672,0.4640088593576966,0.8950310970608926,-0.05613446333445466,-0.023304335843016166,0.368182574811991,-0.06329559690573708,-0.3439203624133506,96.7892335576342,0.5358490566037736,1.2590755631332387,0.12224816007231884,0.07100252911091909,0.09708087350354824,0.7313750541019184,0.8273348264900114,-0.033134706828727344,0.00714610314406377,-0.137143719563103,0.12224816007231884
H1,80,mom60,1.5,2.0,0.0,57.052700021726416,0.28654970760233917,1.0670431018000641,0.04428744758327682,0.011193616592827693,0.21323894199640664,0.05249330393421442,0.18447856397112888,67.56984229495218,0.34054054054054056,1.5082293333750214,0.30889747583608046,0.08241067879654662,0.07063522823859888,1.1667078998905676,1.1396887857241562,0.008968422435498965,0.14885141956052694,-0.02700780603470737,0.30889747583608046
H1,80,mom60,1.5,2.0,1.0,57.052700021726416,0.28654970760233917,1.0670431018000641,0.04428744758327682,0.011193616592827693,0.21323894199640664,0.05249330393421442,0.18447856397112888,67.56984229495218,0.34054054054054056,1.5082293333750214,0.30889747583608046,0.08241067879654662,0.07063522823859888,1.1667078998905676,1.1396887857241562,0.008968422435498965,0.14885141956052694,-0.02700780603470737,0.30889747583608046
H1,80,mom60,1.5,3.0,0.0,49.12871390759774,0.23769100169779286,1.1204916224555306,0.0936457764638244,0.019288369875156253,0.19284437868502285,0.10002038953212315,0.26889258629184243,56.97781296222995,0.3141025641025641,1.5498553403031825,0.3747895246788061,0.07684398967526151,0.06939378407585965,1.1073612816856546,1.0583735865178414,0.009758226294863418,0.24257737286266,0.03047892889640634,0.3747895246788061
H1,80,mom60,1.5,3.0,1.0,49.12871390759774,0.23769100169779286,1.1204916224555306,0.0936457764638244,0.019288369875156253,0.19284437868502285,0.10002038953212315,0.26889258629184243,56.97781296222995,0.3141025641025641,1.5498553403031825,0.3747895246788061,0.07684398967526151,0.06939378407585965,1.1073612816856546,1.0583735865178414,0.009758226294863418,0.24257737286266,0.03047892889640634,0.3747895246788061
H1,80,mom60,2.5,1.0,0.0,56.96928964157769,0.3645680819912152,1.093131944071198,0.03646778096854153,0.009547657371677953,0.11711439375956167,0.0815242009558577,0.2354581333804394,69.03081185808628,0.3862433862433862,1.4414872068075644,0.1635150080405192,0.04536002998087674,0.05027083432806238,0.9023130526313083,1.0849854154073821,-0.00496916006614953,0.10794143528007691,0.0035234714111466777,0.1635150080405192
H1,80,mom60,2.5,1.0,1.0,50.796921510572204,0.47783251231527096,1.0749760019320036,0.03897402892979922,0.009164989515615618,0.111921196602999,0.081887879988678,0.20942952628699227,58.804024916147576,0.5341614906832298,1.546998393003145,0.2557151591998903,0.060961595782280664,0.0437477039579011,1.393481034820586,1.3503441680917267,0.015079217989945413,0.07944431193921482,0.018996310320999275,0.2557151591998903
H1,80,mom60,2.5,2.0,0.0,38.20195410811505,0.31004366812227074,1.2386645146800928,0.1544180793379633,0.024672868131965897,0.1221560171386212,0.20197832828789283,0.45227295267591533,40.907147767754836,0.45535714285714285,1.9092637437708213,0.4544902147968581,0.06321729871274795,0.03546472303355953,1.7825403190919251,1.378196978826144,0.01520910938506356,0.3264584723497222,0.1309505217959898,0.4544902147968581
H1,80,mom60,2.5,2.0,1.0,38.20195410811505,0.31004366812227074,1.2386645146800928,0.1544180793379633,0.024672868131965897,0.1221560171386212,0.20197832828789283,0.45227295267591533,40.907147767754836,0.45535714285714285,1.9092637437708213,0.4544902147968581,0.06321729871274795,0.03546472303355953,1.7825403190919251,1.378196978826144,0.01520910938506356,0.3264584723497222,0.1309505217959898,0.4544902147968581
H1,80,mom60,2.5,3.0,0.0,32.94710015874551,0.22784810126582278,1.1744305186964654,0.13342622897843703,0.019265259152104974,0.1465841717568679,0.13142796334149456,0.31934291326960884,31.410845607383177,0.4069767441860465,2.387526552153834,0.7645692840271063,0.08390892088120183,0.0528576066637862,1.5874521412769433,1.3925725410954826,0.06030594913983693,0.1308740965861562,0.20158506836369852,0.7645692840271063
H1,80,mom60,2.5,3.0,1.0,32.94710015874551,0.22784810126582278,1.1744305186964654,0.13342622897843703,0.019265259152104974,0.1465841717568679,0.13142796334149456,0.31934291326960884,31.410845607383177,0.4069767441860465,2.387526552153834,0.7645692840271063,0.08390892088120183,0.0528576066637862,1.5874521412769433,1.3925725410954826,0.06030594913983693,0.1308740965861562,0.20158506836369852,0.7645692840271063
H4,20,none,1.0,1.0,0.0,106.51505544991905,0.3523884103367267,0.8637297739537871,-0.055623149881136195,-0.035091946323833056,0.39433569634459775,-0.08899003222160058,-0.5062479609032926,109.20747484427407,0.3979933110367893,1.3171119780886205,0.10955986536294883,0.08311611215123627,0.07551406490006826,1.1006706136297681,0.9472038684327879,-0.0757075021700011,0.024214963778176574,-0.11333748567171066,0.10955986536294883
H4,20,none,1.0,1.0,1.0,96.33898907177486,0.48744588744588746,0.9405794206136854,-0.030028643773459943,-0.015698199324048923,0.27267916696733524,-0.057570218871650876,-0.21287467609863264,97.15447594841774,0.5488721804511278,1.36555619474315,0.16384573040800202,0.08688531254526088,0.0743803540346201,1.168121793354471,1.1113762774898965,-0.039624583935025104,0.04847170048606028,-0.09631642493098631,0.16384573040800202
H4,20,none,1.0,2.0,0.0,72.81726186983502,0.29782359679266895,1.0109979767237096,0.008079489499680535,0.0024334976929638596,0.22344741492279094,0.0108906952170591,0.06269269427626946,70.85702381200392,0.3917525773195876,1.547155139378502,0.29717087395357566,0.09101930224816734,0.06847285008359492,1.329275795253836,1.1375438757712708,0.07253051842049839,0.020099690368392785,-0.06395325839049394,0.29717087395357566
H4,20,none,1.0,2.0,1.0,72.81726186983502,0.29782359679266895,1.0109979767237096,0.008079489499680535,0.0024334976929638596,0.22344741492279094,0.0108906952170591,0.06269269427626946,70.85702381200392,0.3917525773195876,1.547155139378502,0.29717087395357566,0.09101930224816734,0.06847285008359492,1.329275795253836,1.1375438757712708,0.07253051842049839,0.020099690368392785,-0.06395325839049394,0.29717087395357566
H4,20,none,1.0,3.0,0.0,61.05639826886511,0.24453551912568305,1.0767117020151549,0.05979506784989357,0.015628459758949553,0.21182210197674978,0.07378106256666729,0.21010409417549322,60.264994479281675,0.3212121212121212,1.4522491155387642,0.2989763869999942,0.06748664173052066,0.09712282583524692,0.694858712667615,0.8138902737095859,0.036957126429268475,0.1337432963797672,0.017942839268294715,0.2989763869999942
H4,20,none,1.0,3.0,1.0,61.05639826886511,0.24453551912568305,1.0767117020151549,0.05979506784989357,0.015628459758949553,0.21182210197674978,0.07378106256666729,0.21010409417549322,60.264994479281675,0.3212121212121212,1.4522491155387642,0.2989763869999942,0.06748664173052066,0.09712282583524692,0.694858712667615,0.8138902737095859,0.036957126429268475,0.1337432963797672,0.017942839268294715,0.2989763869999942
H4,20,none,1.5,1.0,0.0,79.90714418247647,0.37995824634655534,1.048856853749529,0.01799166531636346,0.0067897946715402835,0.1631165025738435,0.04162543068544837,0.1625986793083457,78.52711401845794,0.413953488372093,1.406142569119444,0.14159217152309336,0.04745973175654261,0.04240374921075975,1.1192343280933266,0.9983579034617861,0.05417443602947218,0.06496330058064656,-0.060371407594396985,0.14159217152309336
H4,20,none,1.5,1.0,1.0,72.14997882864525,0.48554913294797686,0.9720302451867318,-0.014581570664214519,-0.00527354570721561,0.24477350363981884,-0.021544593793025764,-0.07292886468059286,69.39605424886982,0.5368421052631579,1.4717410933650656,0.20671308095607538,0.06975024455360046,0.05230673824875043,1.333484879555967,1.1837149848126736,0.04940770367396839,0.05826011551791981,-0.13949046751329558,0.20671308095607538
H4,20,none,1.5,2.0,0.0,51.46420455176198,0.3192868719611021,1.1352422257571984,0.08419932367817126,0.01887698603707122,0.14292081911812188,0.1320800297223995,0.31989322410926874,51.86441949126059,0.4014084507042254,1.5674874204274492,0.30690215269517007,0.05750588323514316,0.0425409993068817,1.3517755617424025,1.0401432363017458,0.058179407684467416,0.18555369325747886,0.022724141775618753,0.30690215269517007
H4,20,none,1.5,2.0,1.0,51.46420455176198,0.3192868719611021,1.1352422257571984,0.08419932367817126,0.01887698603707122,0.14292081911812188,0.1320800297223995,0.31989322410926874,51.86441949126059,0.4014084507042254,1.5674874204274492,0.30690215269517007,0.05750588323514316,0.0425409993068817,1.3517755617424025,1.0401432363017458,0.058179407684467416,0.18555369325747886,0.022724141775618753,0.30690215269517007
H4,20,none,1.5,3.0,0.0,40.12039285153568,0.23700623700623702,1.1014076333368596,0.07570061704090802,0.014058920072131942,0.1433571644553765,0.09806918353570067,0.22070853695667478,38.715693423053686,0.32075471698113206,1.79926064679748,0.5262772329453375,0.07559232156297035,0.054967216491079766,1.3752255687758481,1.1451804917217547,0.09213171656549257,0.03426218110427181,0.09924746758210827,0.5262772329453375
H4,20,none,1.5,3.0,1.0,40.12039285153568,0.23700623700623702,1.1014076333368596,0.07570061704090802,0.014058920072131942,0.1433571644553765,0.09806918353570067,0.22070853695667478,38.715693423053686,0.32075471698113206,1.79926064679748,0.5262772329453375,0.07559232156297035,0.054967216491079766,1.3752255687758481,1.1451804917217547,0.09213171656549257,0.03426218110427181,0.09924746758210827,0.5262772329453375
H4,20,none,2.5,1.0,0.0,54.049926336372394,0.375,1.060625139045551,0.02303145582874917,0.005697033295676501,0.11904420155844037,0.04785645349454297,0.1581776702090837,55.882085789879376,0.45098039215686275,1.3008273079954975,0.09888905834180309,0.02443114758252496,0.029432370831799747,0.8300774586642781,0.6619908090442448,0.0064909336787427885,0.1048336891782408,-0.03311213157212208,0.09888905834180309
H4,20,none,2.5,1.0,1.0,44.374322239120545,0.5093984962406015,1.1051721526485712,0.051623991772439586,0.010367147417268852,0.11782527476179136,0.08798746651113885,0.2569784362077153,47.11626841107476,0.5891472868217055,1.3556024792241521,0.13925855441728865,0.027135566837831693,0.033579021134875216,0.8081107167727608,0.713991797669957,0.04851055779349253,0.1321501596959139,-0.017585804579491823,0.13925855441728865
H4,20,none,2.5,2.0,0.0,28.60976039101193,0.3119533527696793,1.1159925702936295,0.07243414853234312,0.009814568350475117,0.10656599961152768,0.0920984965772651,0.20911594979137152,28.12366409033145,0.2987012987012987,1.7571164138685669,0.3943124272171023,0.04448688636577569,0.049133321145292834,0.905432104502419,0.987888490927738,0.0037936948102558405,-0.028756151148075063,0.29074480605557507,0.3943124272171023
H4,20,none,2.5,2.0,1.0,28.60976039101193,0.3119533527696793,1.1159925702936295,0.07243414853234312,0.009814568350475117,0.10656599961152768,0.0920984965772651,0.20911594979137152,28.12366409033145,0.2987012987012987,1.7571164138685669,0.3943124272171023,0.04448688636577569,0.049133321145292834,0.905432104502419,0.987888490927738,0.0037936948102558405,-0.028756151148075063,0.29074480605557507,0.3943124272171023
H4,20,none,2.5,3.0,0.0,18.934156293760083,0.23348017621145375,0.9949397028580299,-0.003174756629937962,-0.0004983842950089246,0.15456354174698853,-0.0032244621815457003,0.013820187483772502,22.64502822857857,0.22580645161290322,1.2417780389944189,0.18340323153402524,0.020260872130036356,0.08880702345334271,0.22814492978340817,0.38661824790169996,-0.11363766629486424,-0.04387138959505722,0.1985275886172985,0.18340323153402524
H4,20,none,2.5,3.0,1.0,18.934156293760083,0.23348017621145375,0.9949397028580299,-0.003174756629937962,-0.0004983842950089246,0.15456354174698853,-0.0032244621815457003,0.013820187483772502,22.64502822857857,0.22580645161290322,1.2417780389944189,0.18340323153402524,0.020260872130036356,0.08880702345334271,0.22814492978340817,0.38661824790169996,-0.11363766629486424,-0.04387138959505722,0.1985275886172985,0.18340323153402524
H4,20,sma200,1.0,1.0,0.0,56.6356481209828,0.3549337260677467,0.9522940176156064,-0.018923007631276696,-0.005589870711453004,0.20817618204396612,-0.026851634305947843,-0.10707802922355321,72.68323576592154,0.3969849246231156,1.4081734415734162,0.1424506103729605,0.051512779919466345,0.040901915063903754,1.2594222016006962,0.9842894199346357,-0.08505454211905315,0.14358905862807259,-0.11277228432682851,0.1424506103729605
H4,20,sma200,1.0,1.0,1.0,51.46420455176198,0.4813614262560778,0.9939383300039615,-0.002250813768798987,-0.0008096102326217158,0.19399535486622047,-0.0041733485483712975,0.003411800265517141,63.18693360554988,0.5664739884393064,1.6127889310117778,0.2642783203647406,0.07637866927434,0.04218442773069695,1.8105892004020345,1.3943575244649755,-0.1035433970503582,0.1838427413799075,-0.09220503417024668,0.2642783203647406
H4,20,sma200,1.0,2.0,0.0,38.86923714930484,0.2982832618025751,1.14352083510247,0.09428103041524094,0.01594606127035414,0.15636594743641613,0.10197911714018403,0.30379256923460163,45.29005645715714,0.43548387096774194,1.9030088229366,0.4648619485485489,0.07835350863286372,0.04349670024253152,1.8013667288777195,1.3957393746164726,0.09682707317535344,0.2578276050605063,-0.043383510282327724,0.4648619485485489
H4,20,sma200,1.0,2.0,1.0,38.86923714930484,0.2982832618025751,1.14352083510247,0.09428103041524094,0.01594606127035414,0.15636594743641613,0.10197911714018403,0.30379256923460163,45.29005645715714,0.43548387096774194,1.9030088229366,0.4648619485485489,0.07835350863286372,0.04349670024253152,1.8013667288777195,1.3957393746164726,0.09682707317535344,0.2578276050605063,-0.043383510282327724,0.4648619485485489
H4,20,sma200,1.0,3.0,0.0,33.447562439637856,0.22693266832917705,1.2008281440758244,0.1570568906075067,0.022023591966902734,0.14434433772285407,0.15257676410687313,0.36400327320692116,38.35045103227016,0.3619047619047619,1.8122503582577312,0.5031788294392457,0.06691114103469387,0.055528072670287885,1.2049966407441486,1.072098094617088,0.14678073421503315,0.2361705110985574,0.1021409018778946,0.5031788294392457
H4,20,sma200,1.0,3.0,1.0,33.447562439637856,0.22693266832917705,1.2008281440758244,0.1570568906075067,0.022023591966902734,0.14434433772285407,0.15257676410687313,0.36400327320692116,38.35045103227016,0.3619047619047619,1.8122503582577312,0.5031788294392457,0.06691114103469387,0.055528072670287885,1.2049966407441486,1.072098094617088,0.14678073421503315,0.2361705110985574,0.1021409018778946,0.5031788294392457
H4,20,sma200,1.5,1.0,0.0,43.289987297187146,0.3622350674373796,1.1021676640623796,0.04024516236272884,0.008097882603869566,0.1292024576271731,0.0626759177231507,0.23056597511198815,50.40344992812649,0.4420289855072464,1.663158970123012,0.22557300671359515,0.047543503687525135,0.02320893239125623,2.0485002449072907,1.2325469081542213,0.04590203849946855,0.13558939923159807,-0.045443665072938975,0.22557300671359515
H4,20,sma200,1.5,1.0,1.0,39.53652019049462,0.46835443037974683,1.0218581728971692,0.011578517235381466,0.002224304632086227,0.16628108781697393,0.013376774600696174,0.06964824713588418,43.829086894023035,0.5833333333333334,1.9953692763917221,0.3762871705863414,0.07326724791933437,0.0307221207846643,2.3848369203700126,1.7060412312619966,0.04201263441455828,0.15158643750960563,-0.12685677968577586,0.3762871705863414
H4,20,sma200,1.5,2.0,0.0,29.27704343220171,0.28774928774928776,1.1639117803442718,0.10982379715871303,0.014186755063300804,0.13947181719738144,0.10171771866443537,0.30991458952866,31.045603216599652,0.47058823529411764,2.3550671210388003,0.6199029008476022,0.07342691339180263,0.0396244598672819,1.8530703923217782,1.5492726356847109,0.100297402962977,0.23192168475549169,0.022809499070859027,0.6199029008476022
H4,20,sma200,1.5,2.0,1.0,29.27704343220171,0.28774928774928776,1.1639117803442718,0.10982379715871303,0.014186755063300804,0.13947181719738144,0.10171771866443537,0.30991458952866,31.045603216599652,0.47058823529411764,2.3550671210388003,0.6199029008476022,0.07342691339180263,0.0396244598672819,1.8530703923217782,1.5492726356847109,0.100297402962977,0.23192168475549169,0.022809499070859027,0.6199029008476022
H4,20,sma200,1.5,3.0,0.0,25.189934804914294,0.19205298013245034,0.9867039447940071,-0.008844595245160543,-0.0008768848534477236,0.17466777700028285,-0.005020301217014422,0.009870567809536233,21.914543447011518,0.4,3.274293778028294,1.2862538598451145,0.12142372647424793,0.05321529004830373,2.281745084242351,1.86784222271816,-0.03083125974512119,-0.01593132526684727,0.015283732805227133,1.2862538598451145
H4,20,sma200,1.5,3.0,1.0,25.189934804914294,0.19205298013245034,0.9867039447940071,-0.008844595245160543,-0.0008768848534477236,0.17466777700028285,-0.005020301217014422,0.009870567809536233,21.914543447011518,0.4,3.274293778028294,1.2862538598451145,0.12142372647424793,0.05321529004830373,2.281745084242351,1.86784222271816,-0.03083125974512119,-0.01593132526684727,0.015283732805227133,1.2862538598451145
H4,20,sma200,2.5,1.0,0.0,30.194557613837663,0.3674033149171271,1.0774686554839867,0.0314189823108543,0.004387372324165195,0.10992855758121185,0.03991112428564287,0.15473284320741243,32.87181517051728,0.5666666666666667,2.2026775725442937,0.3102756903618609,0.04498700917150833,0.026795040765852537,1.6789304246493084,1.4767124979148523,0.03738429425497291,0.13527890479981103,-0.05644314026549785,0.3102756903618609
H4,20,sma200,2.5,1.0,1.0,25.940628226252798,0.49517684887459806,1.0935879248648666,0.04846807679060206,0.005741383284503021,0.0969369671078785,0.059228006154902625,0.1820477264807142,28.488906481114974,0.7307692307692307,2.744487536775019,0.4473107019141491,0.054192485032969584,0.020483566671766765,2.64565668183486,1.6887834226116514,0.04933622235174805,0.1073984152293194,-0.0032342887214504993,0.4473107019141491
H4,20,sma200,2.5,2.0,0.0,19.267797814354974,0.27705627705627706,1.003369240586498,0.006573046952488147,0.0006110124953535578,0.1309579321671556,0.004665715816080979,0.03158572186060077,16.801149976042165,0.4782608695652174,3.3517318561248035,0.9694933464495168,0.07061115781925453,0.02778546581296835,2.541298328217988,1.6813332630933593,0.2133412689562002,-0.2226617804930625,0.10408288015286955,0.9694933464495168
H4,20,sma200,2.5,2.0,1.0,19.267797814354974,0.27705627705627706,1.003369240586498,0.006573046952488147,0.0006110124953535578,0.1309579321671556,0.004665715816080979,0.03158572186060077,16.801149976042165,0.4782608695652174,3.3517318561248035,0.9694933464495168,0.07061115781925453,0.02778546581296835,2.541298328217988,1.6813332630933593,0.2133412689562002,-0.2226617804930625,0.10408288015286955,0.9694933464495168
H4,20,sma200,2.5,3.0,0.0,15.764561848108615,0.2222222222222222,0.9641793674721391,-0.024939734411768864,-0.0017763663445032885,0.11867215503359772,-0.014968687001600119,-0.016658575161319703,11.68775650507281,0.375,3.0376374690132923,1.101249578741116,0.05900762862657816,0.03707374653043083,1.5916284203470934,1.2078362262125841,-0.02503930635775869,-0.1472185470663627,0.11270638784242201,1.101249578741116
H4,20,sma200,2.5,3.0,1.0,15.764561848108615,0.2222222222222222,0.9641793674721391,-0.024939734411768864,-0.0017763663445032885,0.11867215503359772,-0.014968687001600119,-0.016658575161319703,11.68775650507281,0.375,3.0376374690132923,1.101249578741116,0.05900762862657816,0.03707374653043083,1.5916284203470934,1.2078362262125841,-0.02503930635775869,-0.1472185470663627,0.11270638784242201,1.101249578741116
H4,20,sma50,1.0,1.0,0.0,67.72922868076293,0.35098522167487683,0.9244082279646643,-0.030621773493007744,-0.010914538486898051,0.2690680130697158,-0.04056423638907269,-0.21423362915715138,75.97041728297326,0.40384615384615385,1.4811497083509944,0.16446690893915847,0.06550743029607853,0.04690626950910292,1.3965602249261317,1.1538423683673353,-0.014318707043435998,0.07083076055681291,-0.1426311424101744,0.16446690893915847
H4,20,sma50,1.0,1.0,1.0,61.97391245050106,0.46433378196500674,0.9399533424576051,-0.03186185092361394,-0.010392219032370531,0.26022456848639874,-0.03993557984481279,-0.17785339708936793,66.4741151226016,0.5604395604395604,1.6607943927375983,0.28529145734789807,0.09559956546649873,0.052119464875261555,1.8342391982592083,1.509488296054684,-0.029671168920240368,0.0770066368843616,-0.13934996031425992,0.28529145734789807
H4,20,sma50,1.0,2.0,0.0,47.21027516417712,0.2950530035335689,1.0633430582789454,0.04241702965438823,0.008920118873309235,0.22256561715970274,0.04007860237867996,0.1733732827491385,48.21199558342534,0.44696969696969696,1.916383911816047,0.47218338589318176,0.0910230704639794,0.052196025833429825,1.743869748904947,1.4859504405833712,0.177109241323674,0.10890400911560078,-0.1313840529195984,0.47218338589318176
H4,20,sma50,1.0,2.0,1.0,47.21027516417712,0.2950530035335689,1.0633430582789454,0.04241702965438823,0.008920118873309235,0.22256561715970274,0.04007860237867996,0.1733732827491385,48.21199558342534,0.44696969696969696,1.916383911816047,0.47218338589318176,0.0910230704639794,0.052196025833429825,1.743869748904947,1.4859504405833712,0.177109241323674,0.10890400911560078,-0.1313840529195984,0.47218338589318176
H4,20,sma50,1.0,3.0,0.0,40.45403437213057,0.23505154639175257,1.1428763087561473,0.11186632482762165,0.01915980965763353,0.19488499137452647,0.09831341819859567,0.30502039950054366,40.176662986187786,0.36363636363636365,1.910311611991481,0.5559782682380977,0.07942227028774562,0.07873399991745553,1.0087417173141422,1.1966074234526087,0.15944649012294823,0.20425136848141284,-0.004273905052892895,0.5559782682380977
H4,20,sma50,1.0,3.0,1.0,40.45403437213057,0.23505154639175257,1.1428763087561473,0.11186632482762165,0.01915980965763353,0.19488499137452647,0.09831341819859567,0.30502039950054366,40.176662986187786,0.36363636363636365,1.910311611991481,0.5559782682380977,0.07942227028774562,0.07873399991745553,1.0087417173141422,1.1966074234526087,0.15944649012294823,0.20425136848141284,-0.004273905052892895,0.5559782682380977
H4,20,sma50,1.5,1.0,0.0,51.881256452505596,0.36816720257234725,1.0762739357259292,0.028868227997015296,0.007039318336592437,0.1424788506833251,0.04940605783126434,0.19555355090846216,52.96014666361117,0.4413793103448276,1.7110516293140208,0.2478111866799064,0.055149530631657395,0.029873921526073294,1.8460760360344426,1.3537365636574998,0.10121924927218504,0.0590112349572472,-0.0645543847967077,0.2478111866799064
H4,20,sma50,1.5,1.0,1.0,47.37709592447457,0.4665492957746479,0.9673987619267043,-0.017579001513723987,-0.00413475649234285,0.21072104579424772,-0.019621943677994604,-0.0725505185747536,46.02054123872419,0.5714285714285714,1.9389120227135224,0.37776931454257845,0.08235137430476613,0.027065544440926372,3.0426646131027355,1.7107781515352847,0.11167823805232636,0.02500535817791141,-0.16971885878080956,0.37776931454257845
H4,20,sma50,1.5,2.0,0.0,34.03143510067891,0.3112745098039216,1.2088468750592258,0.13476474357247842,0.019753496212344013,0.12561703210653205,0.15725173474558501,0.41060766321411085,33.96754234286785,0.46236559139784944,2.1838241551056505,0.560726367634301,0.06741672408859412,0.028106555029100217,2.398612139367275,1.4499093585346738,0.2023814050492796,0.1992489119580792,0.02467048178161666,0.560726367634301
H4,20,sma50,1.5,2.0,1.0,34.03143510067891,0.3112745098039216,1.2088468750592258,0.13476474357247842,0.019753496212344013,0.12561703210653205,0.15725173474558501,0.41060766321411085,33.96754234286785,0.46236559139784944,2.1838241551056505,0.560726367634301,0.06741672408859412,0.028106555029100217,2.398612139367275,1.4499093585346738,0.2023814050492796,0.1992489119580792,0.02467048178161666,0.560726367634301
H4,20,sma50,1.5,3.0,0.0,29.360453812350435,0.22727272727272727,1.1414456215376731,0.1084152677090183,0.014382139361557522,0.16333532691945954,0.08805283971819114,0.27111706215288905,23.37551301014562,0.390625,3.200632264522931,1.2803876405886427,0.10788678318940881,0.034499028627238006,3.1272411856903415,1.8604958679047001,0.26380986954671004,0.09148779469840777,-0.008488803252194994,1.2803876405886427
H4,20,sma50,1.5,3.0,1.0,29.360453812350435,0.22727272727272727,1.1414456215376731,0.1084152677090183,0.014382139361557522,0.16333532691945954,0.08805283971819114,0.27111706215288905,23.37551301014562,0.390625,3.200632264522931,1.2803876405886427,0.10788678318940881,0.034499028627238006,3.1272411856903415,1.8604958679047001,0.26380986954671004,0.09148779469840777,-0.008488803252194994,1.2803876405886427
H4,20,sma50,2.5,1.0,0.0,35.53282194335593,0.3591549295774648,1.108013626485104,0.04130305836261751,0.006812570087237457,0.09883763531631885,0.0689268826134355,0.22368283621790533,35.06326951521843,0.5729166666666666,2.2197400901754776,0.3130113091474537,0.04541400429549669,0.017796912044774304,2.5517912422807965,1.485470330082766,0.05949753997799033,0.13379440865461417,-0.05425944519710515,0.3130113091474537
H4,20,sma50,2.5,1.0,1.0,30.61160951458128,0.4822888283378747,1.090827013760251,0.04627427259991424,0.006555818853963613,0.10840452358565568,0.06047551003518356,0.19349706441058953,31.045603216599652,0.6941176470588235,2.3954916466749907,0.40484851788378573,0.052007525936249355,0.021445600373167634,2.425090696053456,1.5587960025615988,0.03481766877037806,0.1345975448924456,-0.023539142954951027,0.40484851788378573
H4,20,sma50,2.5,2.0,0.0,22.520802640155164,0.27037037037037037,1.0675135907308524,0.04477381166144437,0.005050299766498956,0.09585969125797793,0.0526842899264882,0.13379047759225063,18.62736192995979,0.47058823529411764,3.077586240646651,0.9008984632709106,0.06772595313729646,0.0320415764481098,2.1136897944761315,1.5904073629455338,0.1482348779160043,-0.08130675955730396,0.07164322352064693,0.9008984632709106
H4,20,sma50,2.5,2.0,1.0,22.520802640155164,0.27037037037037037,1.0675135907308524,0.04477381166144437,0.005050299766498956,0.09585969125797793,0.0526842899264882,0.13379047759225063,18.62736192995979,0.47058823529411764,3.077586240646651,0.9008984632709106,0.06772595313729646,0.0320415764481098,2.1136897944761315,1.5904073629455338,0.1482348779160043,-0.08130675955730396,0.07164322352064693,0.9008984632709106
H4,20,sma50,2.5,3.0,0.0,17.933231731975408,0.22325581395348837,1.0329106808571105,0.027469255890072264,0.002632221105654642,0.11693629265947206,0.022509873075246902,0.07231241703001871,13.148726068206912,0.3888888888888889,2.922766198137955,1.0638301978959224,0.05957751756156204,0.042778950864903444,1.3926829984612927,1.2123993531741089,0.03660321145543134,-0.018877661205853016,0.06402056097126106,1.0638301978959224
H4,20,sma50,2.5,3.0,1.0,17.933231731975408,0.22325581395348837,1.0329106808571105,0.027469255890072264,0.002632221105654642,0.11693629265947206,0.022509873075246902,0.07231241703001871,13.148726068206912,0.3888888888888889,2.922766198137955,1.0638301978959224,0.05957751756156204,0.042778950864903444,1.3926829984612927,1.2123993531741089,0.03660321145543134,-0.018877661205853016,0.06402056097126106,1.0638301978959224
H4,20,mom60,1.0,1.0,0.0,60.13888408722916,0.3606102635228849,0.9727412935997355,-0.01045009456697212,-0.0032706124482391186,0.17633378705539698,-0.01854784895654526,-0.053491429795091604,71.95275098435448,0.39593908629441626,1.398472852860615,0.14308686186711173,0.04961333510345045,0.042111375137035084,1.17814568966231,0.9551631063095282,-0.058712170636447535,0.0984042141274121,-0.0789121899405131,0.14308686186711173
H4,20,mom60,1.0,1.0,1.0,55.21767165845451,0.47583081570996977,0.9883264479698921,-0.005511017984109598,-0.0016848660089765488,0.1748332930872303,-0.009636986063838034,-0.01214043324394934,62.45644882398283,0.5614035087719298,1.6236412394681528,0.2725258138847422,0.0782540777247851,0.03732680012617507,2.0964582407349233,1.3965636224781734,-0.09147342390749595,0.11257842690549487,-0.04951253209754904,0.2725258138847422
H4,20,mom60,1.0,2.0,0.0,41.37154855376652,0.31048387096774194,1.1798738617073254,0.11568209499051038,0.020409129931620917,0.14015690712088463,0.1456162978398071,0.3765852132375389,44.559571675590085,0.4344262295081967,1.905708356195349,0.4762596065015362,0.0750015491544902,0.046010896410983035,1.6300823284239894,1.419517201067381,0.11684685792537922,0.20838943988701195,0.02461456615979948,0.4762596065015362
H4,20,mom60,1.0,2.0,1.0,41.37154855376652,0.31048387096774194,1.1798738617073254,0.11568209499051038,0.020409129931620917,0.14015690712088463,0.1456162978398071,0.3765852132375389,44.559571675590085,0.4344262295081967,1.905708356195349,0.4762596065015362,0.0750015491544902,0.046010896410983035,1.6300823284239894,1.419517201067381,0.11684685792537922,0.20838943988701195,0.02461456615979948,0.4762596065015362
H4,20,mom60,1.0,3.0,0.0,35.11577004261231,0.2517814726840855,1.2774211694652466,0.2087374624870905,0.0295901422722753,0.13402631574158144,0.2207785994007967,0.47685290534395874,37.61996625070311,0.33980582524271846,1.8356121036530042,0.5261875867930806,0.06318328399573825,0.05951608537078529,1.061616932667972,1.1038553894366554,0.14882869927645798,0.3745250490251189,0.11934270666260663,0.5261875867930806
H4,20,mom60,1.0,3.0,1.0,35.11577004261231,0.2517814726840855,1.2774211694652466,0.2087374624870905,0.0295901422722753,0.13402631574158144,0.2207785994007967,0.47685290534395874,37.61996625070311,0.33980582524271846,1.8356121036530042,0.5261875867930806,0.06318328399573825,0.05951608537078529,1.061616932667972,1.1038553894366554,0.14882869927645798,0.3745250490251189,0.11934270666260663,0.5261875867930806
H4,20,mom60,1.5,1.0,0.0,46.20935060239245,0.37725631768953066,1.1207687781549311,0.04582973289780507,0.009776320041702702,0.11389745771332915,0.08583440085474886,0.2665204164271748,49.67296514655944,0.41911764705882354,1.6155543186737735,0.22071339336083867,0.04507963524036018,0.027039450859869,1.66718013150429,1.1881627021399712,0.03697078219495854,0.10552108391928597,-0.006374788343678013,0.22071339336083867
H4,20,mom60,1.5,1.0,1.0,41.87201083465886,0.4820717131474104,1.0454583712778858,0.02389536931936458,0.004733016612409324,0.1594432956451036,0.02968463862503379,0.12595854771931703,43.463844503239514,0.5630252100840336,1.8647953492385194,0.35053738940313284,0.06610986847542843,0.02615425390594927,2.527690857218088,1.5761655641470709,0.046171809993280646,0.11539669733397254,-0.08388598070482206,0.35053738940313284
H4,20,mom60,1.5,2.0,0.0,30.194557613837663,0.3259668508287293,1.284206841722145,0.1783734344897432,0.02285385515744598,0.11559035994489095,0.19771419665395817,0.48376294215445076,31.410845607383177,0.43023255813953487,2.1683610551006445,0.5748031145863908,0.06244470340801178,0.02769517170829163,2.2547144341884158,1.4578338684388725,0.08675919521465597,0.34732857752524837,0.11494112261226687,0.5748031145863908
H4,20,mom60,1.5,2.0,1.0,30.194557613837663,0.3259668508287293,1.284206841722145,0.1783734344897432,0.02285385515744598,0.11559035994489095,0.19771419665395817,0.48376294215445076,31.410845607383177,0.43023255813953487,2.1683610551006445,0.5748031145863908,0.06244470340801178,0.02769517170829163,2.2547144341884158,1.4578338684388725,0.08675919521465597,0.34732857752524837,0.11494112261226687,0.5748031145863908
H4,20,mom60,1.5,3.0,0.0,25.10652442476557,0.23588039867109634,1.2270712177343428,0.17275138859381184,0.01924294910747726,0.10274212507391337,0.1872936645376349,0.36172010464375065,22.279785837795043,0.39344262295081966,3.074940007234095,1.2312116963019457,0.09470986958315186,0.03236863195810821,2.9259769058428624,1.8042636645015782,0.15337082128971194,0.16306046880637806,0.20271283215009422,1.2312116963019457
H4,20,mom60,1.5,3.0,1.0,25.10652442476557,0.23588039867109634,1.2270712177343428,0.17275138859381184,0.01924294910747726,0.10274212507391337,0.1872936645376349,0.36172010464375065,22.279785837795043,0.39344262295081966,3.074940007234095,1.2312116963019457,0.09470986958315186,0.03236863195810821,2.9259769058428624,1.8042636645015782,0.15337082128971194,0.16306046880637806,0.20271283215009422,1.2312116963019457
H4,20,mom60,2.5,1.0,0.0,31.195482175622338,0.39037433155080214,1.2187658033015962,0.08080505754897575,0.011400725030804137,0.09580988918528809,0.11899319712974635,0.3833551162604922,33.60229995208433,0.532608695652174,1.8545480102533287,0.2466071946446405,0.033825720368599654,0.02523663020970143,1.340342196542406,1.2077671585504102,0.047191482367408076,0.2232741864302182,-0.014900107747911175,0.2466071946446405
H4,20,mom60,2.5,1.0,1.0,26.941552788037473,0.5139318885448917,1.2035231404839408,0.09683272844020087,0.01176175313021166,0.09798110536388195,0.12004103328423266,0.363235812595343,29.949876044249077,0.6585365853658537,2.0739491206238374,0.34001078746286306,0.04097303957439613,0.017065121101825027,2.4009814715006197,1.3450373042045929,0.08061979914052723,0.20778236056193727,0.009564149598502393,0.34001078746286306
H4,20,mom60,2.5,2.0,0.0,19.351208194503695,0.30603448275862066,1.2143162560006542,0.13733051100799026,0.012084823747144702,0.06007675834477406,0.20115638859525672,0.315201065978871,17.531634757609215,0.4583333333333333,2.8646759891166953,0.8621064845018777,0.057500001042418925,0.026376971924781525,2.1799318438215756,1.5456846356271925,0.2338660190373643,-0.009302866457000252,0.21052976774285345,0.8621064845018777
H4,20,mom60,2.5,2.0,1.0,19.351208194503695,0.30603448275862066,1.2143162560006542,0.13733051100799026,0.012084823747144702,0.06007675834477406,0.20115638859525672,0.315201065978871,17.531634757609215,0.4583333333333333,2.8646759891166953,0.8621064845018777,0.057500001042418925,0.026376971924781525,2.1799318438215756,1.5456846356271925,0.2338660190373643,-0.009302866457000252,0.21052976774285345,0.8621064845018777
H4,20,mom60,2.5,3.0,0.0,15.931382608406059,0.2356020942408377,1.0896649368898834,0.07166977409842286,0.005539794046665936,0.10902686021610228,0.050811277474977296,0.13394569106897364,13.148726068206912,0.3055555555555556,2.2978835546219547,0.7912037160773776,0.044363705181772684,0.03512781668337036,1.2629223609782338,0.9833482276400192,0.05468998685482136,0.049323511472151776,0.11671286166144337,0.7912037160773776
H4,20,mom60,2.5,3.0,1.0,15.931382608406059,0.2356020942408377,1.0896649368898834,0.07166977409842286,0.005539794046665936,0.10902686021610228,0.050811277474977296,0.13394569106897364,13.148726068206912,0.3055555555555556,2.2978835546219547,0.7912037160773776,0.044363705181772684,0.03512781668337036,1.2629223609782338,0.9833482276400192,0.05468998685482136,0.049323511472151776,0.11671286166144337,0.7912037160773776
H4,40,none,1.0,1.0,0.0,77.57165353831223,0.3548387096774194,0.8697414011611183,-0.05398414696353034,-0.023339885311561948,0.3580604598259402,-0.06518420191636881,-0.4109325308440643,79.257598800025,0.423963133640553,1.4931559686246594,0.15473727798979012,0.07456959581934908,0.06274333400940911,1.188486346743488,1.1485751438474705,-0.036389681028472204,-0.01013833314029399,-0.11108715409231157,0.15473727798979012
H4,40,none,1.0,1.0,1.0,70.06471932492717,0.4928571428571429,0.9682379802472257,-0.015551245193205289,-0.005736440077198313,0.21352113862238967,-0.026865911797815757,-0.08096735688849878,70.12653903043686,0.5833333333333334,1.6095729289925242,0.24837565113919755,0.08490917389051011,0.07359010759898515,1.1538123351199048,1.4228217055480485,-0.01400966403790713,0.01679715597987429,-0.048090638679848995,0.24837565113919755
H4,40,none,1.0,2.0,0.0,52.21489797310049,0.305111821086262,1.1046558337214878,0.06635343596494948,0.01516137043596899,0.16325297411350728,0.09287040875241588,0.26906467122611555,50.40344992812649,0.42028985507246375,1.8756679074041664,0.42479021783731846,0.0816756587161398,0.06193683449318213,1.318692816390713,1.3596052194999408,0.2501662882016121,0.012035307015301509,-0.04004469149710745,0.42479021783731846
H4,40,none,1.0,2.0,1.0,52.21489797310049,0.305111821086262,1.1046558337214878,0.06635343596494948,0.01516137043596899,0.16325297411350728,0.09287040875241588,0.26906467122611555,50.40344992812649,0.42028985507246375,1.8756679074041664,0.42479021783731846,0.0816756587161398,0.06193683449318213,1.318692816390713,1.3596052194999408,0.2501662882016121,0.012035307015301509,-0.04004469149710745,0.42479021783731846
H4,40,none,1.0,3.0,0.0,43.95727033837693,0.2675521821631879,1.1718944987067235,0.12772380508440254,0.023479784165849615,0.1409914311170405,0.16653341256149434,0.3407533683755576,43.463844503239514,0.29411764705882354,1.5600003244726957,0.36000292287115393,0.05575809195956749,0.08226634239556081,0.6777752642929736,0.8400846203135107,0.1697124799233405,0.03707694361912886,0.17195852019925323,0.36000292287115393
H4,40,none,1.0,3.0,1.0,43.95727033837693,0.2675521821631879,1.1718944987067235,0.12772380508440254,0.023479784165849615,0.1409914311170405,0.16653341256149434,0.3407533683755576,43.463844503239514,0.29411764705882354,1.5600003244726957,0.36000292287115393,0.05575809195956749,0.08226634239556081,0.6777752642929736,0.8400846203135107,0.1697124799233405,0.03707694361912886,0.17195852019925323,0.36000292287115393
H4,40,none,1.5,1.0,0.0,58.220445343808535,0.3753581661891118,1.0698945106006437,0.026402664811225742,0.007268313574983365,0.14660296712999257,0.049578216029819946,0.18911693091476509,56.2473281806629,0.461038961038961,1.6068946652722953,0.2022295287941934,0.04802999038060163,0.03487362576953694,1.3772582953664982,1.1732854310215717,0.08802703597610308,0.04728405024512938,-0.04773961582262911,0.2022295287941934
H4,40,none,1.5,1.0,1.0,52.6319498738441,0.48019017432646594,1.0030606292221325,0.0013895241003028906,0.000414045468029256,0.19933839813157314,0.0020770984010615237,0.028161916849587142,49.67296514655944,0.5808823529411765,1.7479154265695143,0.2921926349716279,0.06672257149012362,0.03181223084754597,2.0973873793975275,1.41341554592125,0.0791190082638443,0.04757987021563792,-0.10684193102137982,0.2921926349716279
H4,40,none,1.5,2.0,0.0,38.11854372796633,0.32603938730853393,1.1802831138258156,0.1109451292791214,0.018475953278539015,0.12369796072079829,0.14936344278335795,0.3541369695231406,37.61996625070311,0.36893203883495146,1.7019149502322461,0.3584006952477213,0.050202343632196555,0.030232502564214753,1.6605421111125436,1.0140112408467339,0.16453692676201576,0.06693656403399711,0.10166343750389507,0.3584006952477213
H4,40,none,1.5,2.0,1.0,38.11854372796633,0.32603938730853393,1.1802831138258156,0.1109451292791214,0.018475953278539015,0.12369796072079829,0.14936344278335795,0.3541369695231406,37.61996625070311,0.36893203883495146,1.7019149502322461,0.3584006952477213,0.050202343632196555,0.030232502564214753,1.6605421111125436,1.0140112408467339,0.16453692676201576,0.06693656403399711,0.10166343750389507,0.3584006952477213
H4,40,none,1.5,3.0,0.0,31.779354836663398,0.2335958005249344,1.0975497396343639,0.07513961602772944,0.011144486619918181,0.16685528688040088,0.06679133054924634,0.19801293075970336,29.584633653465552,0.3333333333333333,2.0580264912783726,0.6822460730656614,0.07748229158894238,0.05073252996182483,1.5272704051472732,1.2243878868876499,0.23767164154460915,-0.06004400968473686,0.05859571399141453,0.6822460730656614
H4,40,none,1.5,3.0,1.0,31.779354836663398,0.2335958005249344,1.0975497396343639,0.07513961602772944,0.011144486619918181,0.16685528688040088,0.06679133054924634,0.19801293075970336,29.584633653465552,0.3333333333333333,2.0580264912783726,0.6822460730656614,0.07748229158894238,0.05073252996182483,1.5272704051472732,1.2243878868876499,0.23767164154460915,-0.06004400968473686,0.05859571399141453,0.6822460730656614
H4,40,none,2.5,1.0,0.0,39.202878669899725,0.3723404255319149,1.1018169589380278,0.03853577960936004,0.007002852674079074,0.09269393803132207,0.07554811914143458,0.21913993231421625,39.81142059540426,0.45871559633027525,1.5750969266918893,0.16348597352288696,0.02845341055966788,0.02088058300024332,1.3626731858653713,0.8997800677200939,0.050324739770108526,0.09135248519240965,-0.017662445802586475,0.16348597352288696
H4,40,none,2.5,1.0,1.0,34.36507662127381,0.4878640776699029,1.0720182547037274,0.036216958513611806,0.005840967537430908,0.07323646309825795,0.07975491019540845,0.16578443178169577,35.79375429678548,0.5510204081632653,1.3475840489120054,0.1473611877099359,0.023116177006688998,0.032985549149643224,0.7007970945646368,0.6520260704925073,0.06412780772289958,0.03864061696741644,0.007497309331387588,0.1473611877099359
H4,40,none,2.5,2.0,0.0,24.18901024312962,0.30344827586206896,1.0822578721878762,0.053461747395536115,0.006232628819172525,0.10664390865655542,0.05844336444235725,0.15114443781622924,25.201724964063246,0.2898550724637681,1.584624989015865,0.36828112285406456,0.037464390663794145,0.03875088437357704,0.9668009200156445,0.8458367559734441,0.05670318815089029,-0.14647036171864786,0.2891085116103056,0.36828112285406456
H4,40,none,2.5,2.0,1.0,24.18901024312962,0.30344827586206896,1.0822578721878762,0.053461747395536115,0.006232628819172525,0.10664390865655542,0.05844336444235725,0.15114443781622924,25.201724964063246,0.2898550724637681,1.584624989015865,0.36828112285406456,0.037464390663794145,0.03875088437357704,0.9668009200156445,0.8458367559734441,0.05670318815089029,-0.14647036171864786,0.2891085116103056,0.36828112285406456
H4,40,none,2.5,3.0,0.0,19.100977054057527,0.23580786026200873,0.9214862886512766,-0.062127065789704616,-0.005660191108780577,0.15450162211890459,-0.03663515651909783,-0.08242350694785626,18.62736192995979,0.29411764705882354,1.4959474235268433,0.36969784513791765,0.03079719712152973,0.06410597017862152,0.4804107485733081,0.5787474378606589,-0.12530693565847892,-0.09015741613023187,0.034367429241378034,0.36969784513791765
H4,40,none,2.5,3.0,1.0,19.100977054057527,0.23580786026200873,0.9214862886512766,-0.062127065789704616,-0.005660191108780577,0.15450162211890459,-0.03663515651909783,-0.08242350694785626,18.62736192995979,0.29411764705882354,1.4959474235268433,0.36969784513791765,0.03079719712152973,0.06410597017862152,0.4804107485733081,0.5787474378606589,-0.12530693565847892,-0.09015741613023187,0.034367429241378034,0.36969784513791765
H4,40,sma200,1.0,1.0,0.0,43.87385995822821,0.3745247148288973,1.0247049578700191,0.010991872420901569,0.0021345816652484917,0.16402088819849128,0.01301408429556429,0.07107509501994648,57.708297743797,0.41139240506329117,1.5292294653027279,0.1670116152519319,0.04398056465076183,0.02940495016626251,1.4956857400568737,1.0614314767789004,-0.011608459308679753,0.159110822837792,-0.0925564470223487,0.1670116152519319
H4,40,sma200,1.0,1.0,1.0,39.953572091238236,0.5010438413361169,1.0922891879119612,0.048305856731522295,0.008741642327241061,0.13950529815456517,0.06266172283690431,0.2278375981908953,49.30772275577592,0.6,1.8375587337659105,0.32934235987210597,0.0669325202265898,0.033307728695528664,2.009519197133818,1.5591150454338372,-0.007748197131173487,0.1908210834392638,-0.0332466069293014,0.32934235987210597
H4,40,sma200,1.0,2.0,0.0,29.360453812350435,0.32386363636363635,1.3598151252804154,0.22312544415308186,0.027016887424962555,0.1201118548541559,0.2249310649458159,0.5732739712615946,34.69802712443491,0.47368421052631576,2.339061714286433,0.6029753744888975,0.06928935379321599,0.03449052266969887,2.00893893249374,1.537754255343693,0.3880003285751869,0.3232272755538793,0.04062632634797289,0.6029753744888975
H4,40,sma200,1.0,2.0,1.0,29.360453812350435,0.32386363636363635,1.3598151252804154,0.22312544415308186,0.027016887424962555,0.1201118548541559,0.2249310649458159,0.5732739712615946,34.69802712443491,0.47368421052631576,2.339061714286433,0.6029753744888975,0.06928935379321599,0.03449052266969887,2.00893893249374,1.537754255343693,0.3880003285751869,0.3232272755538793,0.04062632634797289,0.6029753744888975
H4,40,sma200,1.0,3.0,0.0,25.023114044616847,0.25333333333333335,1.431202286209454,0.3183666783573275,0.03188415235450015,0.09876137548466914,0.3228403026793564,0.5856935840495213,29.219391262682024,0.3375,1.995096462760101,0.6063152613177399,0.055994930401498166,0.04929428266980121,1.135931539496809,1.0815462575415318,0.4418754244366406,0.24956650589560178,0.28884650926779964,0.6063152613177399
H4,40,sma200,1.0,3.0,1.0,25.023114044616847,0.25333333333333335,1.431202286209454,0.3183666783573275,0.03188415235450015,0.09876137548466914,0.3228403026793564,0.5856935840495213,29.219391262682024,0.3375,1.995096462760101,0.6063152613177399,0.055994930401498166,0.04929428266980121,1.135931539496809,1.0815462575415318,0.4418754244366406,0.24956650589560178,0.28884650926779964,0.6063152613177399
H4,40,sma200,1.5,1.0,0.0,33.447562439637856,0.3865336658354115,1.234746121938015,0.09100754424965947,0.013716408386436507,0.1136116081078272,0.12073069481965659,0.4217108019857135,39.446178204620736,0.5,1.939959237477878,0.2848485899488106,0.044005117215464074,0.01974803838008728,2.228328524003486,1.3733104555472182,0.15716315602453668,0.16557204361859493,-0.012294240962907047,0.2848485899488106
H4,40,sma200,1.5,1.0,1.0,30.61160951458128,0.4822888283378747,1.130540258941384,0.06859362639891833,0.00969073034158896,0.14136347467263052,0.06855186860701287,0.2723717110313369,33.96754234286785,0.6451612903225806,2.3693709084548242,0.4457259737355278,0.06183759640992714,0.017896954545588827,3.455202182718212,1.7658442482899421,0.13431489195469684,0.19955099710166702,-0.07553340378053,0.4457259737355278
H4,40,sma200,1.5,2.0,0.0,22.10375073941155,0.3018867924528302,1.3669949135033705,0.23247408003854736,0.0218411487437431,0.09622926169159242,0.2269699295183449,0.5235109492031134,24.471240182496196,0.417910447761194,2.437650865672528,0.6356514441425931,0.05508174936188559,0.028585461169824133,1.9269148408923316,1.364090583907446,0.3060202805162844,0.24756432428203304,0.17362068848572848,0.6356514441425931
H4,40,sma200,1.5,2.0,1.0,22.10375073941155,0.3018867924528302,1.3669949135033705,0.23247408003854736,0.0218411487437431,0.09622926169159242,0.2269699295183449,0.5235109492031134,24.471240182496196,0.417910447761194,2.437650865672528,0.6356514441425931,0.05508174936188559,0.028585461169824133,1.9269148408923316,1.364090583907446,0.3060202805162844,0.24756432428203304,0.17362068848572848,0.6356514441425931
H4,40,sma200,1.5,3.0,0.0,19.18438743420625,0.20869565217391303,1.1702610801142377,0.14134234718348923,0.012254365464155592,0.13373599185530116,0.09163102089536596,0.26275019677571454,17.531634757609215,0.4166666666666667,3.5328102227856295,1.4313001512856776,0.09377402305454918,0.03490513220928215,2.686539689702488,1.7274818288283957,0.3119705371471344,0.04404009500033234,0.1015342675797911,1.4313001512856776
H4,40,sma200,1.5,3.0,1.0,19.18438743420625,0.20869565217391303,1.1702610801142377,0.14134234718348923,0.012254365464155592,0.13373599185530116,0.09163102089536596,0.26275019677571454,17.531634757609215,0.4166666666666667,3.5328102227856295,1.4313001512856776,0.09377402305454918,0.03490513220928215,2.686539689702488,1.7274818288283957,0.3119705371471344,0.04404009500033234,0.1015342675797911,1.4313001512856776
H4,40,sma200,2.5,1.0,0.0,23.104675301196224,0.37906137184115524,1.2152151483030518,0.0832305694433772,0.008853451772431686,0.08876389266231537,0.09974158981640079,0.34003911966697126,25.932209745630296,0.5492957746478874,2.6430490395450326,0.3514722989517969,0.03812890408913017,0.01596425284195001,2.3883926461586142,1.458748878936887,0.08544683983280277,0.20386909011579935,-0.008235600271807695,0.3514722989517969
H4,40,sma200,2.5,1.0,1.0,20.435543136437094,0.5061224489795918,1.1733973286569754,0.08654371180802908,0.00820044610091486,0.06676603569711596,0.12282361855534112,0.28605042051864793,22.279785837795043,0.7049180327868853,2.7837904957053667,0.5033516335463314,0.04604612095670557,0.01364125246029464,3.3755053717194388,1.5992466325390327,0.04828934952620026,0.16078935014776324,0.05553239759954428,0.5033516335463314
H4,40,sma200,2.5,2.0,0.0,15.514330707662445,0.26344086021505375,1.090275510068638,0.061474387037346104,0.004719872850704965,0.08565469563533636,0.055103492175130775,0.14348686310730682,13.879210849773962,0.4473684210526316,3.595467794037211,1.0867635620037217,0.06168649308586205,0.024839501201629633,2.483403051660917,1.628640272531323,0.20461985548996162,-0.14342945452335562,0.15166619358695363,1.0867635620037217
H4,40,sma200,2.5,2.0,1.0,15.514330707662445,0.26344086021505375,1.090275510068638,0.061474387037346104,0.004719872850704965,0.08565469563533636,0.055103492175130775,0.14348686310730682,13.879210849773962,0.4473684210526316,3.595467794037211,1.0867635620037217,0.06168649308586205,0.024839501201629633,2.483403051660917,1.628640272531323,0.20461985548996162,-0.14342945452335562,0.15166619358695363,1.0867635620037217
H4,40,sma200,2.5,3.0,0.0,13.178840063498207,0.23417721518987342,1.0309788752683917,0.02426409555040444,0.0017913251078869319,0.0904018234071585,0.019815143548809054,0.05898602962333623,9.861544551155184,0.4444444444444444,3.448148109994284,1.3006437912312376,0.0537604801821141,0.0298097051719377,1.8034556152780477,1.1853770177501513,-0.023162821065648657,-0.03633052243511165,0.12381653789910699,1.3006437912312376
H4,40,sma200,2.5,3.0,1.0,13.178840063498207,0.23417721518987342,1.0309788752683917,0.02426409555040444,0.0017913251078869319,0.0904018234071585,0.019815143548809054,0.05898602962333623,9.861544551155184,0.4444444444444444,3.448148109994284,1.3006437912312376,0.0537604801821141,0.0298097051719377,1.8034556152780477,1.1853770177501513,-0.023162821065648657,-0.03633052243511165,0.12381653789910699,1.3006437912312376
H4,40,sma50,1.0,1.0,0.0,55.134261278305786,0.3600605143721634,0.9078567943911233,-0.03742330648092547,-0.010804278271433265,0.2747501374501157,-0.039324014072221955,-0.23430318374510126,63.91741838711693,0.4,1.4198498980158683,0.13693064125041757,0.04678468072830144,0.04614019353043371,1.0139680211233322,0.9419637937307416,-0.015586405962677664,0.024743127581785353,-0.11377890285188903,0.13693064125041757
H4,40,sma50,1.0,1.0,1.0,50.04622808923369,0.4816666666666667,0.9606192829362266,-0.02014177167409613,-0.005213401585229982,0.21853779146774305,-0.023855835415081964,-0.09227897265927475,54.7863586175288,0.58,1.7623363869305142,0.3100133991542889,0.08176541791045211,0.05431857491382862,1.5052938712064035,1.5149796521701953,-0.02620183646079294,0.04910023985986999,-0.08038919748905567,0.3100133991542889
H4,40,sma50,1.0,2.0,0.0,37.45126068677655,0.3028953229398664,1.1663676268319227,0.10668145568505596,0.017305529030531286,0.1650402035611371,0.10485644501838406,0.3419990299068917,39.08093581383721,0.45794392523364486,2.1727747519498775,0.5524570326153357,0.07947388917283305,0.04717635375255778,1.6846127954202943,1.5559412674560185,0.32297094698305884,0.06317925376090065,-0.02417148809546666,0.5524570326153357
H4,40,sma50,1.0,2.0,1.0,37.45126068677655,0.3028953229398664,1.1663676268319227,0.10668145568505596,0.017305529030531286,0.1650402035611371,0.10485644501838406,0.3419990299068917,39.08093581383721,0.45794392523364486,2.1727747519498775,0.5524570326153357,0.07947388917283305,0.04717635375255778,1.6846127954202943,1.5559412674560185,0.32297094698305884,0.06317925376090065,-0.02417148809546666,0.5524570326153357
H4,40,sma50,1.0,3.0,0.0,32.19640673740701,0.25906735751295334,1.2227652800846331,0.16792274554365985,0.022629336441179593,0.15296490122835257,0.14793809729852697,0.37833856726243875,32.87181517051728,0.34444444444444444,1.8925565262315076,0.5467677633316228,0.0631624247715441,0.07516436243696101,0.8403240940747324,1.0703682230669558,0.24516679249773185,0.059236688559368755,0.20017377117352023,0.5467677633316228
H4,40,sma50,1.0,3.0,1.0,32.19640673740701,0.25906735751295334,1.2227652800846331,0.16792274554365985,0.022629336441179593,0.15296490122835257,0.14793809729852697,0.37833856726243875,32.87181517051728,0.34444444444444444,1.8925565262315076,0.5467677633316228,0.0631624247715441,0.07516436243696101,0.8403240940747324,1.0703682230669558,0.24516679249773185,0.059236688559368755,0.20017377117352023,0.5467677633316228
H4,40,sma50,1.5,1.0,0.0,41.70519007436141,0.378,1.1365770380368934,0.050801383454858635,0.009796924465003132,0.11949526074055991,0.08198588299056944,0.2838235584148334,44.194329284806564,0.47107438016528924,1.7056006440508373,0.2361824830604958,0.04295273696980395,0.032218661697987414,1.3331632881724276,1.2076700986501796,0.12908790560913497,0.043570322135144605,-0.008849465731835876,0.2361824830604958
H4,40,sma50,1.5,1.0,1.0,37.78490220737144,0.47902869757174393,1.0390072621110127,0.02054212174262858,0.0037148846641363864,0.1590188647111914,0.023361282769081053,0.10577703650088216,37.61996625070311,0.6213592233009708,2.230293843810295,0.4323728967307897,0.07094382894726214,0.028321528449323567,2.504943512289732,1.7835609298371033,0.14020227733357785,0.026262446485124845,-0.08473757633570743,0.4323728967307897
H4,40,sma50,1.5,2.0,0.0,26.85814240788875,0.33540372670807456,1.3427892261326944,0.21106705746809598,0.023914131861037413,0.08778170891907554,0.27242727620036933,0.5295359200788973,27.3931793087644,0.44,2.365124869419249,0.6096769539080437,0.057162403636608294,0.02995462796572602,1.9082995690019358,1.4000265531134986,0.2883701812818472,0.12655863103506107,0.2219719200035669,0.6096769539080437
H4,40,sma50,1.5,2.0,1.0,26.85814240788875,0.33540372670807456,1.3427892261326944,0.21106705746809598,0.023914131861037413,0.08778170891907554,0.27242727620036933,0.5295359200788973,27.3931793087644,0.44,2.365124869419249,0.6096769539080437,0.057162403636608294,0.02995462796572602,1.9082995690019358,1.4000265531134986,0.2883701812818472,0.12655863103506107,0.2219719200035669,0.6096769539080437
H4,40,sma50,1.5,3.0,0.0,23.521727201939836,0.23404255319148937,1.2315284747956,0.17445071223608558,0.01830549781594848,0.13322784150663392,0.13739994290185192,0.3601777228983748,19.723089102310368,0.4074074074074074,3.3781885201088078,1.3686049239014304,0.0935091811784241,0.03735208985831086,2.5034524582998205,1.749281736274345,0.3354877812091049,0.028810928285086575,0.17589805157567634,1.3686049239014304
H4,40,sma50,1.5,3.0,1.0,23.521727201939836,0.23404255319148937,1.2315284747956,0.17445071223608558,0.01830549781594848,0.13322784150663392,0.13739994290185192,0.3601777228983748,19.723089102310368,0.4074074074074074,3.3781885201088078,1.3686049239014304,0.0935091811784241,0.03735208985831086,2.5034524582998205,1.749281736274345,0.3354877812091049,0.028810928285086575,0.17589805157567634,1.3686049239014304
H4,40,sma50,2.5,1.0,0.0,28.109298110119592,0.3798219584569733,1.2292511723939157,0.08440162895151067,0.010789005225705806,0.07503637983334421,0.14378365866887746,0.38352059836209024,28.488906481114974,0.5641025641025641,2.553483986976123,0.3490249604126658,0.03961830246762199,0.01691325897008964,2.342440480435215,1.4799536035971947,0.0869211266296801,0.1656137854048741,0.014026727518172384,0.3490249604126658
H4,40,sma50,2.5,1.0,1.0,24.689472524021955,0.5101351351351351,1.2125058754750306,0.09981897408122528,0.011287173232158443,0.06579304413853607,0.17155572264435412,0.3644140064799754,25.56696735484677,0.6857142857142857,2.4293927349986113,0.43752807299312174,0.04397489659076048,0.020178552443379287,2.179288961096361,1.5117262137651786,0.12206043816226456,0.1599836666039778,0.028095097037184335,0.43752807299312174
H4,40,sma50,2.5,2.0,0.0,18.60051477316519,0.2825112107623318,1.119205477716842,0.07617323977758299,0.006889709348326223,0.07558233678669689,0.0911550190326858,0.19074112508490274,16.070665194475115,0.45454545454545453,2.9864313547178303,0.9573622734254975,0.0598236438606492,0.02952459934854642,2.026230505430872,1.52415477291497,0.21520595462010822,-0.10171789414986547,0.1271905005588396,0.9573622734254975
H4,40,sma50,2.5,2.0,1.0,18.60051477316519,0.2825112107623318,1.119205477716842,0.07617323977758299,0.006889709348326223,0.07558233678669689,0.0911550190326858,0.19074112508490274,16.070665194475115,0.45454545454545453,2.9864313547178303,0.9573622734254975,0.0598236438606492,0.02952459934854642,2.026230505430872,1.52415477291497,0.21520595462010822,-0.10171789414986547,0.1271905005588396,0.9573622734254975
H4,40,sma50,2.5,3.0,0.0,15.681151467959891,0.2393617021276596,1.0730597676356335,0.05536609871601482,0.004465455342864688,0.12169448499512348,0.03669398282957216,0.11348149803344001,11.68775650507281,0.4375,2.9620759799599337,1.138350695023636,0.052786045671695536,0.03737666062622153,1.412272920782644,1.165854648791046,0.06316321423675277,-0.030310370957966123,0.13812894558198244,1.138350695023636
H4,40,sma50,2.5,3.0,1.0,15.681151467959891,0.2393617021276596,1.0730597676356335,0.05536609871601482,0.004465455342864688,0.12169448499512348,0.03669398282957216,0.11348149803344001,11.68775650507281,0.4375,2.9620759799599337,1.138350695023636,0.052786045671695536,0.03737666062622153,1.412272920782644,1.165854648791046,0.06316321423675277,-0.030310370957966123,0.13812894558198244,1.138350695023636
H4,40,mom60,1.0,1.0,0.0,46.87663364358223,0.3701067615658363,0.9908805007883785,-0.003249658741542129,-0.0008421867304619912,0.1558663661505302,-0.00540326146853669,-0.005132575102163192,56.612570571446426,0.4,1.5159392917023944,0.16606906302543953,0.04429865441836478,0.03383723228428798,1.3091689664859048,1.0261133775412685,-0.006194847542982103,0.046051315987733425,-0.04842571921546095,0.16606906302543953
H4,40,mom60,1.0,1.0,1.0,42.70611463614609,0.49609375,1.0522940765331226,0.0275773229349581,0.005430149124385331,0.11878657887814145,0.04571349032583816,0.1421174676459254,48.21199558342534,0.6060606060606061,1.9321171558790733,0.35987570659463575,0.0738353205854716,0.03554771254989532,2.0770765624323984,1.652732198391966,-0.019882392381737054,0.061144206893880164,0.032033548781228084,0.35987570659463575
H4,40,mom60,1.0,2.0,0.0,31.445713316068506,0.3129973474801061,1.3347744164843538,0.20873117214934284,0.027130638591070344,0.1030300905315783,0.2633273294344521,0.5592422757186902,33.96754234286785,0.46236559139784944,2.358909977303934,0.618392315032538,0.06933845394983185,0.038734237692726214,1.7901076174490638,1.5695330920798958,0.41739306427908424,0.12339753280329506,0.13487412819881958,0.618392315032538
H4,40,mom60,1.0,2.0,1.0,31.445713316068506,0.3129973474801061,1.3347744164843538,0.20873117214934284,0.027130638591070344,0.1030300905315783,0.2633273294344521,0.5592422757186902,33.96754234286785,0.46236559139784944,2.358909977303934,0.618392315032538,0.06933845394983185,0.038734237692726214,1.7901076174490638,1.5695330920798958,0.41739306427908424,0.12339753280329506,0.13487412819881958,0.618392315032538
H4,40,mom60,1.0,3.0,0.0,26.85814240788875,0.27639751552795033,1.3833609545531569,0.27893395756965744,0.03025831019462899,0.11198968032114058,0.27018837903510873,0.5360525907892492,28.488906481114974,0.3333333333333333,2.057203107279436,0.6384168588329001,0.0586931552713823,0.05855703484603547,1.0023245785191264,1.123702272823627,0.347038069238161,0.177528529786348,0.3168506217676415,0.6384168588329001
H4,40,mom60,1.0,3.0,1.0,26.85814240788875,0.27639751552795033,1.3833609545531569,0.27893395756965744,0.03025831019462899,0.11198968032114058,0.27018837903510873,0.5360525907892492,28.488906481114974,0.3333333333333333,2.057203107279436,0.6384168588329001,0.0586931552713823,0.05855703484603547,1.0023245785191264,1.123702272823627,0.347038069238161,0.177528529786348,0.3168506217676415,0.6384168588329001
H4,40,mom60,1.5,1.0,0.0,35.53282194335593,0.38497652582159625,1.219252594125366,0.08146362472535137,0.013137055660155328,0.09398070889105084,0.13978459851143218,0.3894899632082683,38.715693423053686,0.4811320754716981,1.877976769655182,0.27886074390135546,0.04281185147429545,0.026546085597707457,1.6127368879573234,1.3293346867205535,0.13032216208709924,0.08414863275949931,0.04070642762799791,0.27886074390135546
H4,40,mom60,1.5,1.0,1.0,32.02958597710956,0.4921875,1.1423077751821078,0.07333356633135128,0.010784562872488301,0.11234717979656435,0.09599317839590399,0.2925164111620262,33.2370575613008,0.6373626373626373,2.3587987826622574,0.44765065658381137,0.06021305375136832,0.017970757358525182,3.3506130292724547,1.7401973213478494,0.16453051042446087,0.0787559826239897,-0.0029565557015416395,0.44765065658381137
H4,40,mom60,1.5,2.0,0.0,22.771033780601332,0.3443223443223443,1.4471985274789407,0.26752825664803564,0.025509481728742678,0.0804655841593805,0.31702350756834513,0.6021900731537132,24.10599779171267,0.4090909090909091,2.4327961324055676,0.6353441633894498,0.051838869110699015,0.02344780694196484,2.2108195124176975,1.3540019551209401,0.2812490002827397,0.24989527930541616,0.27197441926048327,0.6353441633894498
H4,40,mom60,1.5,2.0,1.0,22.771033780601332,0.3443223443223443,1.4471985274789407,0.26752825664803564,0.025509481728742678,0.0804655841593805,0.31702350756834513,0.6021900731537132,24.10599779171267,0.4090909090909091,2.4327961324055676,0.6353441633894498,0.051838869110699015,0.02344780694196484,2.2108195124176975,1.3540019551209401,0.2812490002827397,0.24989527930541616,0.27197441926048327,0.6353441633894498
H4,40,mom60,1.5,3.0,0.0,18.767335533462635,0.25333333333333335,1.4337705908668674,0.32579320356958547,0.025849971354903634,0.07278399838165295,0.35516008916349634,0.5521731441899101,17.531634757609215,0.4375,3.5169342310607745,1.409638034521702,0.0794015780823667,0.03366290127286564,2.358726523265219,1.7010938650154241,0.5710855279901872,0.14783561587603178,0.3064332480738734,1.409638034521702
H4,40,mom60,1.5,3.0,1.0,18.767335533462635,0.25333333333333335,1.4337705908668674,0.32579320356958547,0.025849971354903634,0.07278399838165295,0.35516008916349634,0.5521731441899101,17.531634757609215,0.4375,3.5169342310607745,1.409638034521702,0.0794015780823667,0.03366290127286564,2.358726523265219,1.7010938650154241,0.5710855279901872,0.14783561587603178,0.3064332480738734,1.409638034521702
H4,40,mom60,2.5,1.0,0.0,23.688547962237283,0.397887323943662,1.3451054078187792,0.1258993223077896,0.013357951937600143,0.07139567757057697,0.18709748814128657,0.5064335435518983,25.932209745630296,0.5352112676056338,2.405840715641374,0.3199987574850709,0.03310737532117369,0.014100715625459078,2.3479216374946086,1.3391443096776647,0.13523062301019928,0.21812631311599143,0.04084546375916749,0.3199987574850709
H4,40,mom60,2.5,1.0,1.0,21.019415797478153,0.5277777777777778,1.2957398652288081,0.13711778230270005,0.01300435110746001,0.05920032228615514,0.2196668971598026,0.4502299640784325,23.010270619362096,0.6666666666666666,2.314438124478475,0.421018696282642,0.03790922425356458,0.01828507251900973,2.0732334648469655,1.3732355462955954,0.13783559969865128,0.18871739281984298,0.09152499310591271,0.421018696282642
H4,40,mom60,2.5,2.0,0.0,15.347509947365,0.30978260869565216,1.300365902376006,0.1851649737407815,0.013000759183335653,0.06405575818797365,0.20296003905198517,0.37603884107075136,14.609695631341012,0.45,3.2554894576484648,0.9969183422140185,0.054161096082466775,0.02405331068691025,2.2517106600190844,1.5571388723500672,0.3141266644811954,0.026952712524097516,0.23832554913091458,0.9969183422140185
H4,40,mom60,2.5,2.0,1.0,15.347509947365,0.30978260869565216,1.300365902376006,0.1851649737407815,0.013000759183335653,0.06405575818797365,0.20296003905198517,0.37603884107075136,14.609695631341012,0.45,3.2554894576484648,0.9969183422140185,0.054161096082466775,0.02405331068691025,2.2517106600190844,1.5571388723500672,0.3141266644811954,0.026952712524097516,0.23832554913091458,0.9969183422140185
H4,40,mom60,2.5,3.0,0.0,13.012019303200761,0.25,1.1910735581320542,0.14312117375396774,0.008909323786336909,0.08323402224960987,0.10703944787888307,0.22362796540258034,10.957271723505759,0.36666666666666664,2.4287874425017066,0.8815102697389291,0.037190869885623146,0.03383046254867029,1.0993308126401877,0.9103740723000785,0.14380144106239334,0.12691973932775355,0.15896698898203812,0.8815102697389291
H4,40,mom60,2.5,3.0,1.0,13.012019303200761,0.25,1.1910735581320542,0.14312117375396774,0.008909323786336909,0.08323402224960987,0.10703944787888307,0.22362796540258034,10.957271723505759,0.36666666666666664,2.4287874425017066,0.8815102697389291,0.037190869885623146,0.03383046254867029,1.0993308126401877,0.9103740723000785,0.14380144106239334,0.12691973932775355,0.15896698898203812,0.8815102697389291
H4,55,none,1.0,1.0,0.0,67.14535601972187,0.34658385093167704,0.8488165701942378,-0.06414624996761328,-0.024147300537866956,0.3397999505807593,-0.07106328443131406,-0.4469754883221529,71.95275098435448,0.4010152284263959,1.3547126510014593,0.1138813130678628,0.051578453474635744,0.054305596918939436,0.9497815400432035,0.8646507287124754,-0.062201075158823046,0.0023537881986771154,-0.12726346021392299,0.1138813130678628
H4,55,none,1.0,1.0,1.0,60.88957750856766,0.4767123287671233,0.9223253151939824,-0.040387423970324694,-0.013156272560541082,0.23794387815393356,-0.05529149420700736,-0.22338005958503088,63.5521759963334,0.5689655172413793,1.4736816979496534,0.19809942897194058,0.06851284097992627,0.06413716063578732,1.0682237925839424,1.1530981642971636,-0.0445776221796213,0.019842344505817514,-0.09333554920331648,0.19809942897194058
H4,55,none,1.0,2.0,0.0,44.62455337956671,0.31401869158878504,1.1734657333236012,0.11100153983155009,0.021001067444826438,0.1600944821363108,0.13117920845607467,0.3945785614287379,46.75102602029124,0.375,1.6604984659428226,0.33661611872693753,0.05737084793868363,0.05057101962288572,1.1344609692765752,1.1101339347740444,0.30120613489601056,0.12057941112772749,-0.052252174460697735,0.33661611872693753
H4,55,none,1.0,2.0,1.0,44.62455337956671,0.31401869158878504,1.1734657333236012,0.11100153983155009,0.021001067444826438,0.1600944821363108,0.13117920845607467,0.3945785614287379,46.75102602029124,0.375,1.6604984659428226,0.33661611872693753,0.05737084793868363,0.05057101962288572,1.1344609692765752,1.1101339347740444,0.30120613489601056,0.12057941112772749,-0.052252174460697735,0.33661611872693753
H4,55,none,1.0,3.0,0.0,37.70149182722272,0.2809734513274336,1.2416392547615305,0.1768546890050079,0.027213306004420623,0.1430560518371941,0.19022827524550243,0.434533908572952,40.54190537697131,0.25225225225225223,1.3877265187426986,0.2590504510852383,0.036882272110668746,0.08218547784690974,0.4487687250461799,0.6288959654719882,0.2587099874055831,0.17554648362306272,0.10858039119927608,0.2590504510852383
H4,55,none,1.0,3.0,1.0,37.70149182722272,0.2809734513274336,1.2416392547615305,0.1768546890050079,0.027213306004420623,0.1430560518371941,0.19022827524550243,0.434533908572952,40.54190537697131,0.25225225225225223,1.3877265187426986,0.2590504510852383,0.036882272110668746,0.08218547784690974,0.4487687250461799,0.6288959654719882,0.2587099874055831,0.17554648362306272,0.10858039119927608,0.2590504510852383
H4,55,none,1.5,1.0,0.0,50.04622808923369,0.37333333333333335,1.0863142513531345,0.03327971937003552,0.007795669462589805,0.12745077123711862,0.06116612231467928,0.21105402504955115,51.49917710047707,0.44680851063829785,1.4592008098684006,0.15593803959843627,0.03486076690986284,0.027346760051190053,1.274767718172369,0.9183898294426949,0.07153173371893423,0.06630183131015227,-0.031024655752341885,0.15593803959843627
H4,55,none,1.5,1.0,1.0,45.45865718105394,0.47155963302752296,1.0030769233352654,0.0018987168542108478,0.0003642629871953851,0.16974748720694555,0.002145910924450377,0.026466572359198578,45.655298847940664,0.552,1.541718392603721,0.22055464016044926,0.04815015135177969,0.026281862480141745,1.8320677002309618,1.0875932920172544,0.08218028430231575,0.042103306037491205,-0.1041848216367356,0.22055464016044926
H4,55,none,1.5,2.0,0.0,32.530048258001905,0.34102564102564104,1.2601269976597078,0.15697456574418372,0.021799838649281922,0.09537854935829496,0.22856123096808262,0.4528166472490738,35.79375429678548,0.30612244897959184,1.4300536705458908,0.23754904219609327,0.0316346426323173,0.04773465558033182,0.6627185688829348,0.7164270720363937,0.2166088132173965,0.13037691839888355,0.12633238569060345,0.23754904219609327
H4,55,none,1.5,2.0,1.0,32.530048258001905,0.34102564102564104,1.2601269976597078,0.15697456574418372,0.021799838649281922,0.09537854935829496,0.22856123096808262,0.4528166472490738,35.79375429678548,0.30612244897959184,1.4300536705458908,0.23754904219609327,0.0316346426323173,0.04773465558033182,0.6627185688829348,0.7164270720363937,0.2166088132173965,0.13037691839888355,0.12633238569060345,0.23754904219609327
H4,55,none,1.5,3.0,0.0,27.859066969673425,0.24850299401197604,1.1696796362585784,0.12453962176076652,0.01585725406677696,0.11491617118833776,0.13798975290247253,0.2875282367484681,29.219391262682024,0.3,1.774403493901033,0.5360234217029735,0.057854935210691405,0.054845361340575174,1.0548738087698533,1.025533241738293,0.32141496206080256,-0.0637713615329543,0.12165820249363847,0.5360234217029735
H4,55,none,1.5,3.0,1.0,27.859066969673425,0.24850299401197604,1.1696796362585784,0.12453962176076652,0.01585725406677696,0.11491617118833776,0.13798975290247253,0.2875282367484681,29.219391262682024,0.3,1.774403493901033,0.5360234217029735,0.057854935210691405,0.054845361340575174,1.0548738087698533,1.025533241738293,0.32141496206080256,-0.0637713615329543,0.12165820249363847,0.5360234217029735
H4,55,none,2.5,1.0,0.0,33.19733129919168,0.39195979899497485,1.1928337570691552,0.07245918833853313,0.010987665969910854,0.07068014423671151,0.15545619054076323,0.36476558096065936,36.52423907835253,0.43,1.4265320815611582,0.125187250627323,0.020026028448090205,0.02180557630117295,0.9183902397944409,0.7185188152554557,0.08055096579497027,0.13297193162039692,0.014596039639531534,0.125187250627323
H4,55,none,2.5,1.0,1.0,29.44386419249916,0.49291784702549574,1.154946932146726,0.0776170844686668,0.01038479656969904,0.06861780676871508,0.15134258960946242,0.31058990917495133,33.2370575613008,0.5054945054945055,1.171845280868606,0.0695324515247809,0.011259184731964522,0.03615532639769857,0.3114115084487583,0.3606033926872655,0.10714494463626936,0.09980403111612421,0.032021240324177684,0.0695324515247809
H4,55,none,2.5,2.0,0.0,21.603288458519213,0.3281853281853282,1.2101861427074387,0.13044963670304816,0.012941165932668142,0.07649033869527874,0.1691869346300452,0.3152620795486757,24.471240182496196,0.26865671641791045,1.4290623984541886,0.28250961808756836,0.026689525305284567,0.04693257060944154,0.5686781047513167,0.6872352266299752,0.1569507276848856,-0.07851001276125208,0.32389967461216534,0.28250961808756836
H4,55,none,2.5,2.0,1.0,21.603288458519213,0.3281853281853282,1.2101861427074387,0.13044963670304816,0.012941165932668142,0.07649033869527874,0.1691869346300452,0.3152620795486757,24.471240182496196,0.26865671641791045,1.4290623984541886,0.28250961808756836,0.026689525305284567,0.04693257060944154,0.5686781047513167,0.6872352266299752,0.1569507276848856,-0.07851001276125208,0.32389967461216534,0.28250961808756836
H4,55,none,2.5,3.0,0.0,17.349359070934348,0.24519230769230768,1.052401797535636,0.040993540872891074,0.003532159622399389,0.1251214301545847,0.028229853335559586,0.09108737871603644,22.279785837795043,0.2459016393442623,1.3855315407817868,0.26196006644654907,0.02705907140257846,0.06181270571509735,0.43775905114552294,0.5465489048473837,0.04657915181652622,-0.0424362666879002,0.1226270221939549,0.26196006644654907
H4,55,none,2.5,3.0,1.0,17.349359070934348,0.24519230769230768,1.052401797535636,0.040993540872891074,0.003532159622399389,0.1251214301545847,0.028229853335559586,0.09108737871603644,22.279785837795043,0.2459016393442623,1.3855315407817868,0.26196006644654907,0.02705907140257846,0.06181270571509735,0.43775905114552294,0.5465489048473837,0.04657915181652622,-0.0424362666879002,0.1226270221939549,0.26196006644654907
H4,55,sma200,1.0,1.0,0.0,39.61993057064334,0.3726315789473684,1.0588672588822212,0.025645259139811888,0.004603452259420271,0.14956128487401277,0.03077970521113215,0.1387781103221539,54.05587383596175,0.3918918918918919,1.386292607121577,0.12664897847501713,0.030688488573023198,0.03229334156705315,0.9503039042677677,0.7977729438232394,-0.0052112746101916005,0.18198154636697014,-0.076421530385223,0.12664897847501713
H4,55,sma200,1.0,1.0,1.0,36.36692574484315,0.481651376146789,1.077919275059738,0.042677809278935844,0.007032143233144605,0.1397759235622833,0.050310118180053556,0.18996400235239683,46.75102602029124,0.578125,1.6291460366604111,0.26103022882163496,0.05201148648179821,0.03369695359844677,1.5435070808358067,1.2321240393900983,-0.011754942339009778,0.1962656494877786,-0.04535418773457653,0.26103022882163496
H4,55,sma200,1.0,2.0,0.0,26.441090507145137,0.334384858044164,1.4688219403971494,0.29326307095582616,0.0312589958136944,0.10515960204528853,0.2972528918494029,0.6879609010484049,33.96754234286785,0.40860215053763443,1.9693035126008633,0.4842618574946718,0.05249849687642505,0.033490636722389326,1.5675574433414248,1.280598079299185,0.47022152871156103,0.42012034456053177,0.09385450619856775,0.4842618574946718
H4,55,sma200,1.0,2.0,1.0,26.441090507145137,0.334384858044164,1.4688219403971494,0.29326307095582616,0.0312589958136944,0.10515960204528853,0.2972528918494029,0.6879609010484049,33.96754234286785,0.40860215053763443,1.9693035126008633,0.4842618574946718,0.05249849687642505,0.033490636722389326,1.5675574433414248,1.280598079299185,0.47022152871156103,0.42012034456053177,0.09385450619856775,0.4842618574946718
H4,55,sma200,1.0,3.0,0.0,22.604213020303884,0.2767527675276753,1.559900278199844,0.40238239995201885,0.03562954697189391,0.0951839459656931,0.3743230710852834,0.6779312390311352,29.219391262682024,0.2875,1.668136000190529,0.435880013796884,0.03932200824613985,0.05297516541226204,0.7422724958030631,0.8329618436652021,0.5142976057565783,0.3549603417762471,0.3641813872639831,0.435880013796884
H4,55,sma200,1.0,3.0,1.0,22.604213020303884,0.2767527675276753,1.559900278199844,0.40238239995201885,0.03562954697189391,0.0951839459656931,0.3743230710852834,0.6779312390311352,29.219391262682024,0.2875,1.668136000190529,0.435880013796884,0.03932200824613985,0.05297516541226204,0.7422724958030631,0.8329618436652021,0.5142976057565783,0.3549603417762471,0.3641813872639831,0.435880013796884
H4,55,sma200,1.5,1.0,0.0,30.11114723368894,0.38227146814404434,1.2998720269416104,0.11682311287919327,0.015695306102984086,0.1053525650407988,0.14897887011014802,0.49846605724714826,37.61996625070311,0.46601941747572817,1.70767441974458,0.22914043231230027,0.03375854399539624,0.022971346938327936,1.4695935804734963,1.1068915274790379,0.18015217011819049,0.20453707052626513,0.008060436495381781,0.22914043231230027
H4,55,sma200,1.5,1.0,1.0,27.608835829227257,0.4743202416918429,1.1690264679162603,0.08944686517144734,0.01129554601728544,0.13127953211080717,0.08604194298736056,0.3280035912554673,32.50657277973375,0.5955056179775281,1.9738162796761496,0.3582855362233541,0.04785216233588474,0.022364702927618045,2.1396287932263287,1.409265115120787,0.1670223423062106,0.22350087650236602,-0.060791378125778485,0.3582855362233541
H4,55,sma200,1.5,2.0,0.0,20.018491235693478,0.32083333333333336,1.43518955980532,0.2689418691478347,0.022833085898525063,0.09136854421776042,0.2499009488879075,0.5641340655107411,24.83648257327972,0.35294117647058826,1.8902356082087226,0.4514588674034674,0.04014685172915389,0.034321312754468106,1.169735319169206,1.0438206537256245,0.32463820086879636,0.26335018714632363,0.2357072547558935,0.4514588674034674
H4,55,sma200,1.5,2.0,1.0,20.018491235693478,0.32083333333333336,1.43518955980532,0.2689418691478347,0.022833085898525063,0.09136854421776042,0.2499009488879075,0.5641340655107411,24.83648257327972,0.35294117647058826,1.8902356082087226,0.4514588674034674,0.04014685172915389,0.034321312754468106,1.169735319169206,1.0438206537256245,0.32463820086879636,0.26335018714632363,0.2357072547558935,0.4514588674034674
H4,55,sma200,1.5,3.0,0.0,17.516179831231792,0.23809523809523808,1.2777394823590387,0.212040869241519,0.016727688137416985,0.10760429474614724,0.15545558081003935,0.35928099559940724,18.262119539176265,0.38,2.8926880180766164,1.1849280509928477,0.07784689783610221,0.03512435043787616,2.216322775101242,1.5518589229251791,0.3411704931240025,0.07958791388921081,0.22525554270252837,1.1849280509928477
H4,55,sma200,1.5,3.0,1.0,17.516179831231792,0.23809523809523808,1.2777394823590387,0.212040869241519,0.016727688137416985,0.10760429474614724,0.15545558081003935,0.35928099559940724,18.262119539176265,0.38,2.8926880180766164,1.1849280509928477,0.07784689783610221,0.03512435043787616,2.216322775101242,1.5518589229251791,0.3411704931240025,0.07958791388921081,0.22525554270252837,1.1849280509928477
H4,55,sma200,2.5,1.0,0.0,20.769184657031985,0.39357429718875503,1.2801153696113536,0.1077084757418812,0.010297179095202225,0.07772868385702258,0.1324759224553871,0.4088310411552649,25.201724964063246,0.5217391304347826,2.160227685898678,0.2856544589672072,0.030566467146458498,0.016428207711844098,1.860608757973109,1.222218065931436,0.11580245888649758,0.2032834896936413,0.030861673157552432,0.2856544589672072
H4,55,sma200,2.5,1.0,1.0,18.433694012867743,0.5113122171945701,1.2430453181927876,0.12083266146461709,0.010184011083738786,0.05911369601585516,0.17227836812990488,0.3701950565215,22.279785837795043,0.639344262295082,2.1009938128737993,0.37052822954036635,0.034853125349967984,0.019919460122952367,1.7497023079359553,1.2777251489067138,0.091891305352508,0.1886884338766019,0.08871195515715555,0.37052822954036635
H4,55,sma200,2.5,2.0,0.0,14.096354245134158,0.28994082840236685,1.2167313421232226,0.13870282469744727,0.009297793924102793,0.09065158912959981,0.10256625408750669,0.28266173198757993,14.609695631341012,0.425,2.715991187186199,0.8608292937683079,0.04985470808611714,0.02770781951061476,1.7993010264491578,1.4231887372299579,0.38609088766259597,-0.1384428899626051,0.2215289215834555,0.8608292937683079
H4,55,sma200,2.5,2.0,1.0,14.096354245134158,0.28994082840236685,1.2167313421232226,0.13870282469744727,0.009297793924102793,0.09065158912959981,0.10256625408750669,0.28266173198757993,14.609695631341012,0.425,2.715991187186199,0.8608292937683079,0.04985470808611714,0.02770781951061476,1.7993010264491578,1.4231887372299579,0.38609088766259597,-0.1384428899626051,0.2215289215834555,0.8608292937683079
H4,55,sma200,2.5,3.0,0.0,12.011094741416088,0.2361111111111111,1.1073817437481954,0.08549857272844227,0.00497661786873782,0.0924890619147494,0.053807636986576354,0.13748193071975465,12.783483677423385,0.34285714285714286,2.615221550879075,0.9388186009713004,0.05201241840894966,0.036683017028012396,1.417888238833551,1.1792148463970087,0.05823266134280899,5.210481845047894e-05,0.19079996177114508,0.9388186009713004
H4,55,sma200,2.5,3.0,1.0,12.011094741416088,0.2361111111111111,1.1073817437481954,0.08549857272844227,0.00497661786873782,0.0924890619147494,0.053807636986576354,0.13748193071975465,12.783483677423385,0.34285714285714286,2.615221550879075,0.9388186009713004,0.05201241840894966,0.036683017028012396,1.417888238833551,1.1792148463970087,0.05823266134280899,5.210481845047894e-05,0.19079996177114508,0.9388186009713004
H4,55,sma50,1.0,1.0,0.0,51.54761493191071,0.3559870550161812,0.911688780708562,-0.03631446440956074,-0.00977468333739906,0.263535409583039,-0.037090588140942383,-0.21647620377249255,59.899752088498154,0.40853658536585363,1.4470752306231323,0.142089254805388,0.04508725008730852,0.04051638562111483,1.1128152078750977,0.9614457021489292,-0.015353890282442209,0.024288932835907186,-0.1099255687953872,0.142089254805388
H4,55,sma50,1.0,1.0,1.0,47.04345440387967,0.4734042553191489,0.9484696434671461,-0.0269017413359552,-0.006568954560978391,0.21598659005668328,-0.030413714848011822,-0.12334704427552502,51.86441949126059,0.5845070422535211,1.74373403808386,0.2973414994475925,0.07602465559919258,0.044595430778311254,1.7047633417225956,1.4501230303684123,-0.04431206862534417,0.03562888975541244,-0.0711559034012512,0.2973414994475925
H4,55,sma50,1.0,2.0,0.0,34.782128522017416,0.31894484412470026,1.2292752602257746,0.14568530832743568,0.021517450652960513,0.1487842335046789,0.1446218469935112,0.4380089904199204,36.88948146913606,0.43564356435643564,2.184264950609399,0.5559216133805356,0.07234393995107524,0.0376179650965373,1.9231220977908354,1.5233719549822728,0.3356048441005134,0.11881097543028167,0.02234100606537639,0.5559216133805356
H4,55,sma50,1.0,2.0,1.0,34.782128522017416,0.31894484412470026,1.2292752602257746,0.14568530832743568,0.021517450652960513,0.1487842335046789,0.1446218469935112,0.4380089904199204,36.88948146913606,0.43564356435643564,2.184264950609399,0.5559216133805356,0.07234393995107524,0.0376179650965373,1.9231220977908354,1.5233719549822728,0.3356048441005134,0.11881097543028167,0.02234100606537639,0.5559216133805356
H4,55,sma50,1.0,3.0,0.0,30.02773685354022,0.26666666666666666,1.2769978784226286,0.20525534201958928,0.025455212627732315,0.1543751240840087,0.1648919330674025,0.4396874639120263,31.410845607383177,0.32558139534883723,1.8235542133485365,0.5094360532781486,0.055152909459782684,0.06226056692470868,0.8858401422280455,0.998903621995296,0.277460819124621,0.09135522479075715,0.24344727535116134,0.5094360532781486
H4,55,sma50,1.0,3.0,1.0,30.02773685354022,0.26666666666666666,1.2769978784226286,0.20525534201958928,0.025455212627732315,0.1543751240840087,0.1648919330674025,0.4396874639120263,31.410845607383177,0.32558139534883723,1.8235542133485365,0.5094360532781486,0.055152909459782684,0.06226056692470868,0.8858401422280455,0.998903621995296,0.277460819124621,0.09135522479075715,0.24344727535116134,0.5094360532781486
H4,55,sma50,1.5,1.0,0.0,38.95264752945356,0.37687366167023556,1.1378213246013058,0.051744671869407725,0.00930912361878744,0.11833945509409738,0.07866458072994598,0.27850691297734964,41.637632549321886,0.47368421052631576,1.7383181100687575,0.23944470142217683,0.04154026863321447,0.02697093953607553,1.5401861910539467,1.1991275395818868,0.10407200534402175,0.05390199404212254,0.004902285219912412,0.23944470142217683
H4,55,sma50,1.5,1.0,1.0,35.28259080290975,0.475177304964539,1.041870689415872,0.0223077354922719,0.0037248323253822324,0.15322947865647316,0.02430884943316276,0.10803043129067323,35.79375429678548,0.6122448979591837,2.140252104108953,0.40721944513687086,0.06423838964220985,0.02405898797462168,2.6700370651488297,1.6610450653095181,0.11690137817010522,0.01598696669469995,-0.05294180913474559,0.40721944513687086
H4,55,sma50,1.5,2.0,0.0,25.10652442476557,0.34219269102990035,1.369112330579526,0.22269080865787727,0.02364395699369415,0.08679148921771714,0.27242252906138176,0.5348524580144745,26.66269452719735,0.410958904109589,2.1469900835465756,0.5448833063107734,0.05038907713801333,0.02836557086931803,1.7764168177738773,1.268760004614264,0.25328605822861616,0.11661021934396981,0.29042721649483905,0.5448833063107734
H4,55,sma50,1.5,2.0,1.0,25.10652442476557,0.34219269102990035,1.369112330579526,0.22269080865787727,0.02364395699369415,0.08679148921771714,0.27242252906138176,0.5348524580144745,26.66269452719735,0.410958904109589,2.1469900835465756,0.5448833063107734,0.05038907713801333,0.02836557086931803,1.7764168177738773,1.268760004614264,0.25328605822861616,0.11661021934396981,0.29042721649483905,0.5448833063107734
H4,55,sma50,1.5,3.0,0.0,22.10375073941155,0.24150943396226415,1.1948116208511435,0.144372228300899,0.01465089744983028,0.13767310864853896,0.1064180041668999,0.29282110699102026,19.357846711526843,0.39622641509433965,3.2341547508584454,1.3382326628478516,0.0938608236841163,0.038404625737115734,2.443997874803022,1.7358677789186738,0.2803767483874831,-0.05309531960401389,0.21196617019714384,1.3382326628478516
H4,55,sma50,1.5,3.0,1.0,22.10375073941155,0.24150943396226415,1.1948116208511435,0.144372228300899,0.01465089744983028,0.13767310864853896,0.1064180041668999,0.29282110699102026,19.357846711526843,0.39622641509433965,3.2341547508584454,1.3382326628478516,0.0938608236841163,0.038404625737115734,2.443997874803022,1.7358677789186738,0.2803767483874831,-0.05309531960401389,0.21196617019714384,1.3382326628478516
H4,55,sma50,2.5,1.0,0.0,26.024038606401522,0.3942307692307692,1.2805474005656345,0.1009669926949244,0.011954054898098088,0.06349819553353599,0.18825818273504583,0.4387034310256047,27.027936917980874,0.5405405405405406,2.490779946260283,0.3490688926394393,0.037317708106854086,0.016541766472945293,2.255968742388466,1.4558960664066314,0.08622560242326933,0.15816153679697711,0.06536181409438091,0.3490688926394393
H4,55,sma50,2.5,1.0,1.0,22.854444160750056,0.5145985401459854,1.2569287858234535,0.12101411363142678,0.012526195075417412,0.05911491601344156,0.2118956757473732,0.4174322599193713,24.471240182496196,0.6417910447761194,2.149722003424241,0.39811075719834826,0.03821544165230728,0.02716289857065779,1.4068985146374913,1.3595685699881537,0.11597812532514629,0.1790354813660391,0.07491683352877805,0.39811075719834826
H4,55,sma50,2.5,2.0,0.0,17.68300059152924,0.3018867924528302,1.1527956461734528,0.09676951767493927,0.008164823253360431,0.09430071097724765,0.08658283875855818,0.22801343833584808,16.070665194475115,0.4318181818181818,2.6650814923394877,0.8947657464753077,0.05563798544262144,0.036209021790957044,1.5365779767217198,1.4732973283959383,0.216526464045455,-0.10674742730785867,0.1875846496192804,0.8947657464753077
H4,55,sma50,2.5,2.0,1.0,17.68300059152924,0.3018867924528302,1.1527956461734528,0.09676951767493927,0.008164823253360431,0.09430071097724765,0.08658283875855818,0.22801343833584808,16.070665194475115,0.4318181818181818,2.6650814923394877,0.8947657464753077,0.05563798544262144,0.036209021790957044,1.5365779767217198,1.4732973283959383,0.216526464045455,-0.10674742730785867,0.1875846496192804,0.8947657464753077
H4,55,sma50,2.5,3.0,0.0,14.596816526026494,0.2342857142857143,1.1402411424673644,0.10940016699373252,0.0075800717983116606,0.11300290071604464,0.06707855949077782,0.18498716284119476,14.609695631341012,0.375,2.3580702822216764,0.8322471530519133,0.049156063220291424,0.042380865242130535,1.1598645506516396,1.1065725652617948,0.07208580951937207,0.029245248729532897,0.23521170993817048,0.8322471530519133
H4,55,sma50,2.5,3.0,1.0,14.596816526026494,0.2342857142857143,1.1402411424673644,0.10940016699373252,0.0075800717983116606,0.11300290071604464,0.06707855949077782,0.18498716284119476,14.609695631341012,0.375,2.3580702822216764,0.8322471530519133,0.049156063220291424,0.042380865242130535,1.1598645506516396,1.1065725652617948,0.07208580951937207,0.029245248729532897,0.23521170993817048,0.8322471530519133
H4,55,mom60,1.0,1.0,0.0,43.373397677335866,0.36923076923076925,1.0098827175874967,0.004567133890595986,0.0008501198556531975,0.14544086527607508,0.005845123748676168,0.03770402276839395,53.69063144517822,0.3945578231292517,1.3958133855868573,0.12964564160507935,0.03260985637244662,0.03396802536220869,0.960016251304584,0.8080118047926031,0.018863721295264736,0.042793526693753976,-0.04246948929411228,0.12964564160507935
H4,55,mom60,1.0,1.0,1.0,40.036982471386956,0.475,1.007725311256991,0.004778310834273176,0.0008022209219635812,0.133832378359985,0.0059942215164536005,0.036063156943330864,46.38578362950771,0.5905511811023622,1.7186476591676894,0.28728639411165124,0.06082055629162042,0.03259855580475351,1.8657438892661493,1.3482838623066122,-0.011066352702125228,0.016085823520282518,0.00595902869695244,0.28728639411165124
H4,55,mom60,1.0,2.0,0.0,29.110222671904268,0.3209169054441261,1.3922209621078994,0.24709009304576823,0.029373051254649285,0.09562715775526902,0.3071622324049555,0.6330569865220006,33.2370575613008,0.4065934065934066,2.0583877135392186,0.5167412003431768,0.055917431088923664,0.03438285599930804,1.626317228855247,1.3511600561451185,0.480492390764924,0.15402931872683687,0.16503847958163967,0.5167412003431768
H4,55,mom60,1.0,2.0,1.0,29.110222671904268,0.3209169054441261,1.3922209621078994,0.24709009304576823,0.029373051254649285,0.09562715775526902,0.3071622324049555,0.6330569865220006,33.2370575613008,0.4065934065934066,2.0583877135392186,0.5167412003431768,0.055917431088923664,0.03438285599930804,1.626317228855247,1.3511600561451185,0.480492390764924,0.15402931872683687,0.16503847958163967,0.5167412003431768
H4,55,mom60,1.0,3.0,0.0,24.77288290417068,0.2962962962962963,1.5010408193110572,0.35535332914732926,0.03470870231234224,0.09672752404798318,0.35882963669290713,0.6408434548124711,28.12366409033145,0.2987012987012987,1.8198777368730858,0.5169360294200662,0.04541912099918832,0.05181022529796499,0.8766439585618305,0.9479186959962153,0.44544209456959066,0.19836752649491873,0.4251236778349082,0.5169360294200662
H4,55,mom60,1.0,3.0,1.0,24.77288290417068,0.2962962962962963,1.5010408193110572,0.35535332914732926,0.03470870231234224,0.09672752404798318,0.35882963669290713,0.6408434548124711,28.12366409033145,0.2987012987012987,1.8198777368730858,0.5169360294200662,0.04541912099918832,0.05181022529796499,0.8766439585618305,0.9479186959962153,0.44544209456959066,0.19836752649491873,0.4251236778349082,0.5169360294200662
H4,55,mom60,1.5,1.0,0.0,32.94710015874551,0.379746835443038,1.21156332486509,0.08037873087569446,0.012080841073800253,0.0912948373765458,0.13232775719806358,0.37265706007585286,37.25472385991958,0.46078431372549017,1.7005005041770214,0.2280667354625537,0.034942750471563144,0.02503961345275883,1.3954987978344051,1.0998558291284228,0.13029498879334336,0.07274185859642127,0.04829708416789564,0.2280667354625537
H4,55,mom60,1.5,1.0,1.0,29.777505713094047,0.48179271708683474,1.1392391865359863,0.07245162516218513,0.00994125073898755,0.10672148261401025,0.09315135524253368,0.28016854828203325,32.14133038895023,0.6022727272727273,2.0235324655388536,0.3647289447154661,0.04909124113076091,0.02300341782605058,2.1340846608962067,1.4271240385071249,0.1849532742587075,0.028499580320971954,0.024069777563633033,0.3647289447154661
H4,55,mom60,1.5,2.0,0.0,21.102826177626874,0.36363636363636365,1.5190924286916172,0.30330800750362713,0.026654439752909154,0.06760471409570984,0.3942689516469774,0.6505114806316564,24.10599779171267,0.36363636363636365,2.0223509470323964,0.5009473716099813,0.041069859838651634,0.027027594163336305,1.519552927665462,1.1156270573382994,0.32072757199314206,0.20656094589070503,0.3746497012554293,0.5009473716099813
H4,55,mom60,1.5,2.0,1.0,21.102826177626874,0.36363636363636365,1.5190924286916172,0.30330800750362713,0.026654439752909154,0.06760471409570984,0.3942689516469774,0.6505114806316564,24.10599779171267,0.36363636363636365,2.0223509470323964,0.5009473716099813,0.041069859838651634,0.027027594163336305,1.519552927665462,1.1156270573382994,0.32072757199314206,0.20656094589070503,0.3746497012554293,0.5009473716099813
H4,55,mom60,1.5,3.0,0.0,17.849821351826684,0.2757009345794392,1.4909601158865533,0.3490957597688611,0.026500610741768682,0.10365773472145094,0.25565492833681075,0.568691816116513,18.262119539176265,0.38,2.971730822847708,1.218603792161487,0.0716586756032922,0.03335272533977546,2.148510350302145,1.5766988569816993,0.6109784012652191,0.033319062488625414,0.4588321355491282,1.218603792161487
H4,55,mom60,1.5,3.0,1.0,17.849821351826684,0.2757009345794392,1.4909601158865533,0.3490957597688611,0.026500610741768682,0.10365773472145094,0.25565492833681075,0.568691816116513,18.262119539176265,0.38,2.971730822847708,1.218603792161487,0.0716586756032922,0.03335272533977546,2.148510350302145,1.5766988569816993,0.6109784012652191,0.033319062488625414,0.4588321355491282,1.218603792161487
H4,55,mom60,2.5,1.0,0.0,21.85351959896538,0.41603053435114506,1.3725837376728731,0.13582608691756032,0.013367947268357439,0.06027801672262718,0.22177151796268996,0.5265020099283645,25.201724964063246,0.5072463768115942,2.0277504256208965,0.2662209333735887,0.027500854849563217,0.016174128682388336,1.7002990015473483,1.1354770580872078,0.15832274056254647,0.17257658538655957,0.08581559704185776,0.2662209333735887
H4,55,mom60,2.5,1.0,1.0,19.267797814354974,0.5324675324675324,1.3588611267054673,0.1653010570419462,0.01425774176273742,0.04774019424631612,0.2986527806982608,0.516601429584726,23.010270619362096,0.6031746031746031,1.8076016180994716,0.30271734532002903,0.028200230057490838,0.026532582254927557,1.062852827008708,1.054855855141961,0.18747875589577623,0.18649882964076825,0.12877440659514672,0.30271734532002903
H4,55,mom60,2.5,2.0,0.0,14.263175005431604,0.3333333333333333,1.4185094873525639,0.2478492515192517,0.0159416015657885,0.07716184891408964,0.20659952800687212,0.47622813207784864,15.705422803691588,0.3953488372093023,2.463556562233537,0.7816523980375963,0.04519320004934513,0.03280934219441925,1.3774491357230663,1.359821829962844,0.434747339412502,-0.016158680769481133,0.36802400977145466,0.7816523980375963
H4,55,mom60,2.5,2.0,1.0,14.263175005431604,0.3333333333333333,1.4185094873525639,0.2478492515192517,0.0159416015657885,0.07716184891408964,0.20659952800687212,0.47622813207784864,15.705422803691588,0.3953488372093023,2.463556562233537,0.7816523980375963,0.04519320004934513,0.03280934219441925,1.3774491357230663,1.359821829962844,0.434747339412502,-0.016158680769481133,0.36802400977145466,0.7816523980375963
H4,55,mom60,2.5,3.0,0.0,12.011094741416088,0.25,1.2672799233217524,0.20090501546678685,0.011193468951639085,0.08083508097540879,0.1384729107285029,0.2890621227916759,14.609695631341012,0.3,1.8780454395170456,0.5790032363952837,0.0328672033381987,0.04068139602010209,0.8079172927585346,0.8128229464081999,0.24826838121071673,0.13483052790377764,0.22251593518855575,0.5790032363952837
H4,55,mom60,2.5,3.0,1.0,12.011094741416088,0.25,1.2672799233217524,0.20090501546678685,0.011193468951639085,0.08083508097540879,0.1384729107285029,0.2890621227916759,14.609695631341012,0.3,1.8780454395170456,0.5790032363952837,0.0328672033381987,0.04068139602010209,0.8079172927585346,0.8128229464081999,0.24826838121071673,0.13483052790377764,0.22251593518855575,0.5790032363952837
H4,80,none,1.0,1.0,0.0,55.21767165845451,0.3504531722054381,0.8761638185514995,-0.05207519982025443,-0.015468946836826092,0.28082469745733857,-0.055083997158676026,-0.32065632173630954,58.43878252536405,0.41875,1.5770957172231685,0.17194310361292078,0.056488637405004205,0.030123050146383473,1.8752628678203804,1.166872470601388,-0.04812987767511379,0.04362732743420604,-0.14082923248127024,0.17194310361292078
H4,80,none,1.0,1.0,1.0,50.37986960982859,0.4817880794701987,0.9469062930252542,-0.027021034691488647,-0.007153918439278817,0.19621208701417583,-0.03646013121893946,-0.12792988113526765,49.67296514655944,0.625,1.9870410320060705,0.3582022444650839,0.08775789286933033,0.03226612687807738,2.7198149068506825,1.7785520770730905,-0.06564405557225149,0.09809339949069662,-0.10452314161018313,0.3582022444650839
H4,80,none,1.0,2.0,0.0,36.5337465051406,0.3287671232876712,1.2502014605387357,0.15399329963376124,0.0236146031354465,0.14120615795577388,0.16723493845673962,0.4770386119736266,35.06326951521843,0.4791666666666667,2.4132077297964614,0.6068192988958411,0.07352531670393536,0.029961746531177825,2.4539729894392446,1.5992349918626392,0.35912170248334446,0.18564191216876932,-0.03894762989629794,0.6068192988958411
H4,80,none,1.0,2.0,1.0,36.5337465051406,0.3287671232876712,1.2502014605387357,0.15399329963376124,0.0236146031354465,0.14120615795577388,0.16723493845673962,0.4770386119736266,35.06326951521843,0.4791666666666667,2.4132077297964614,0.6068192988958411,0.07352531670393536,0.029961746531177825,2.4539729894392446,1.5992349918626392,0.35912170248334446,0.18564191216876932,-0.03894762989629794,0.6068192988958411
H4,80,none,1.0,3.0,0.0,30.778430274878723,0.2791327913279133,1.3242529840577837,0.23566523878161977,0.029365963953762897,0.12128917634056778,0.24211528876497793,0.5072087295718803,29.949876044249077,0.32926829268292684,1.92671562389994,0.5702990341021213,0.05624809632993699,0.0506936699083592,1.1095684418117437,1.066624322677008,0.3397929778676945,0.20784457968482667,0.16901574984879372,0.5702990341021213
H4,80,none,1.0,3.0,1.0,30.778430274878723,0.2791327913279133,1.3242529840577837,0.23566523878161977,0.029365963953762897,0.12128917634056778,0.24211528876497793,0.5072087295718803,29.949876044249077,0.32926829268292684,1.92671562389994,0.5702990341021213,0.05624809632993699,0.0506936699083592,1.1095684418117437,1.066624322677008,0.3397929778676945,0.20784457968482667,0.16901574984879372,0.5702990341021213
H4,80,none,1.5,1.0,0.0,41.62177969421269,0.374749498997996,1.119068516232117,0.04482875710403896,0.008695527385194746,0.10713737036449421,0.08116241191669644,0.2536452227899461,39.81142059540426,0.4954128440366973,1.9883078530309095,0.29694588891669516,0.049265627279961866,0.026737729769301347,1.8425508711859933,1.4327116317781097,0.07297961490854966,0.11403627336962324,-0.039169066992094485,0.29694588891669516
H4,80,none,1.5,1.0,1.0,38.035133347817606,0.48026315789473684,1.0120838559409382,0.0065970069300516345,0.0011653852423627598,0.14480559992855824,0.008047929382135208,0.04499057595788954,34.69802712443491,0.631578947368421,2.2455694380059477,0.42966159220023264,0.06738074331852806,0.028522779577880877,2.3623484217078596,1.70532279962347,0.07137577797092884,0.08173642138640334,-0.11193338788345558,0.42966159220023264
H4,80,none,1.5,2.0,0.0,26.941552788037473,0.34055727554179566,1.304370130900876,0.1832819549581334,0.021153360215481865,0.07419267269097149,0.28511387241150055,0.4722888383817534,26.297452136413824,0.4027777777777778,2.087654246902035,0.5253370978567796,0.04930592983905635,0.02581378114076073,1.9100622868922064,1.2141238158440573,0.24537939122767194,0.14742030663372063,0.15741738531560803,0.5253370978567796
H4,80,none,1.5,2.0,1.0,26.941552788037473,0.34055727554179566,1.304370130900876,0.1832819549581334,0.021153360215481865,0.07419267269097149,0.28511387241150055,0.4722888383817534,26.297452136413824,0.4027777777777778,2.087654246902035,0.5253370978567796,0.04930592983905635,0.02581378114076073,1.9100622868922064,1.2141238158440573,0.24537939122767194,0.14742030663372063,0.15741738531560803,0.5253370978567796
H4,80,none,1.5,3.0,0.0,22.937854540898776,0.2690909090909091,1.2873910538083582,0.2085408294133574,0.020694949026418996,0.08662497321330472,0.23890280433865071,0.3997161440895985,19.357846711526843,0.39622641509433965,2.9591362968896053,1.189739378805705,0.08003720892050126,0.031764339648777236,2.5197189617503124,1.5936275770573742,0.4503030692200813,-0.02534149723093926,0.20418994504743154,1.189739378805705
H4,80,none,1.5,3.0,1.0,22.937854540898776,0.2690909090909091,1.2873910538083582,0.2085408294133574,0.020694949026418996,0.08662497321330472,0.23890280433865071,0.3997161440895985,19.357846711526843,0.39622641509433965,2.9591362968896053,1.189739378805705,0.08003720892050126,0.031764339648777236,2.5197189617503124,1.5936275770573742,0.4503030692200813,-0.02534149723093926,0.20418994504743154,1.189739378805705
H4,80,none,2.5,1.0,0.0,27.44201506892981,0.4012158054711246,1.2420051393100568,0.08690597592028908,0.010962851871409551,0.05725634808047453,0.1914696315594757,0.39440535530710497,28.12366409033145,0.4805194805194805,1.9363450182539295,0.24871788513639623,0.028548881096144285,0.013455086460000272,2.121790980757749,1.123601961982912,0.09749010770176353,0.14332634393319701,0.031209390817325523,0.24871788513639623
H4,80,none,2.5,1.0,1.0,24.439241383575787,0.5119453924914675,1.2229649870744232,0.10488796189145184,0.011737121178424959,0.06768979716933844,0.17339572090993857,0.3760857310005126,25.201724964063246,0.5942028985507246,1.7727091340611143,0.2983465314606365,0.03041817854873674,0.019127782383082666,1.5902616382565984,1.0622041685720451,0.12445499438420642,0.1332370412756462,0.06291230815206807,0.2983465314606365
H4,80,none,2.5,2.0,0.0,18.433694012867743,0.31221719457013575,1.2269877380022651,0.14127735835403288,0.011872110268040803,0.10489387751594978,0.1131821089008324,0.3134842774403293,16.801149976042165,0.391304347826087,2.389240603922762,0.8012688638689093,0.05339010864076066,0.030069825059175156,1.7755377204786837,1.4687075838840742,0.3098076252851142,-0.1988243470874021,0.32887304296811776,0.8012688638689093
H4,80,none,2.5,2.0,1.0,18.433694012867743,0.31221719457013575,1.2269877380022651,0.14127735835403288,0.011872110268040803,0.10489387751594978,0.1131821089008324,0.3134842774403293,16.801149976042165,0.391304347826087,2.389240603922762,0.8012688638689093,0.05339010864076066,0.030069825059175156,1.7755377204786837,1.4687075838840742,0.3098076252851142,-0.1988243470874021,0.32887304296811776,0.8012688638689093
H4,80,none,2.5,3.0,0.0,14.596816526026494,0.2571428571428571,1.2114457910612209,0.15330834876742422,0.010262602202509186,0.09706632744869398,0.10572772734122092,0.24344291183027175,15.705422803691588,0.3488372093023256,1.9509017727340248,0.6200522219290895,0.039629232731233976,0.039116421279401126,1.0131098764933002,0.9447340064436567,0.11172252711534399,0.19419948937936896,0.1553095583010595,0.6200522219290895
H4,80,none,2.5,3.0,1.0,14.596816526026494,0.2571428571428571,1.2114457910612209,0.15330834876742422,0.010262602202509186,0.09706632744869398,0.10572772734122092,0.24344291183027175,15.705422803691588,0.3488372093023256,1.9509017727340248,0.6200522219290895,0.039629232731233976,0.039116421279401126,1.0131098764933002,0.9447340064436567,0.11172252711534399,0.19419948937936896,0.1553095583010595,0.6200522219290895
H4,80,sma200,1.0,1.0,0.0,34.11484548082763,0.37897310513447435,1.126525566900505,0.05271630614833359,0.008153384521216056,0.11926265274134495,0.06836494354103453,0.24810752091601282,45.29005645715714,0.4032258064516129,1.591504639235866,0.17881655312322212,0.03461807551059892,0.025207533813697294,1.373322585479906,1.031654307202996,0.03365010876542007,0.24348468358501815,-0.07464961195785787,0.17881655312322212
H4,80,sma200,1.0,1.0,1.0,31.61253407636595,0.49076517150395776,1.1284795172102244,0.06809882461901641,0.009708170139151484,0.11425858789715017,0.0849666560546879,0.270628786872388,37.98520864148663,0.625,2.106292873633535,0.40183671817571504,0.06242154073857109,0.026516685833693134,2.354047603462415,1.6638835704294408,-0.009907728594624085,0.29366175747495665,-0.04876931672034313,0.40183671817571504
H4,80,sma200,1.0,2.0,0.0,22.604213020303884,0.36531365313653136,1.5813186404935944,0.3470743116855243,0.03160789511677775,0.08467647585880969,0.3732783491070299,0.7316518346760215,26.297452136413824,0.5138888888888888,2.8133448374232812,0.7412850064907682,0.06146207467687348,0.025520984633293643,2.408295587337667,1.6117908853094791,0.5666855860853571,0.5235605218332028,0.0994801675671708,0.7412850064907682
H4,80,sma200,1.0,2.0,1.0,22.604213020303884,0.36531365313653136,1.5813186404935944,0.3470743116855243,0.03160789511677775,0.08467647585880969,0.3732783491070299,0.7316518346760215,26.297452136413824,0.5138888888888888,2.8133448374232812,0.7412850064907682,0.06146207467687348,0.025520984633293643,2.408295587337667,1.6117908853094791,0.5666855860853571,0.5235605218332028,0.0994801675671708,0.7412850064907682
H4,80,sma200,1.0,3.0,0.0,19.017566673908803,0.2894736842105263,1.7360133170900593,0.5085320245628814,0.037547023175616756,0.0772184487906113,0.48624420412058267,0.755029496159621,22.64502822857857,0.3548387096774194,2.15137213601447,0.6953182292335036,0.047043349338614204,0.039908674946655155,1.1787750257681011,1.0875849797230759,0.6530173875262165,0.5408851950802895,0.39790647228759185,0.6953182292335036
H4,80,sma200,1.0,3.0,1.0,19.017566673908803,0.2894736842105263,1.7360133170900593,0.5085320245628814,0.037547023175616756,0.0772184487906113,0.48624420412058267,0.755029496159621,22.64502822857857,0.3548387096774194,2.15137213601447,0.6953182292335036,0.047043349338614204,0.039908674946655155,1.1787750257681011,1.0875849797230759,0.6530173875262165,0.5408851950802895,0.39790647228759185,0.6953182292335036
H4,80,sma200,1.5,1.0,0.0,26.27426974684769,0.3904761904761905,1.3438578823619836,0.13066789030413542,0.015365782134516559,0.08040630658021095,0.1911017031877731,0.5157907526419676,29.949876044249077,0.5121951219512195,2.3553248474117647,0.37091091819387934,0.04312222327831772,0.01680220141627686,2.566462703901631,1.517984456787082,0.17830465424700512,0.25297328402571906,0.013385994015797743,0.37091091819387934
H4,80,sma200,1.5,1.0,1.0,24.272420623278343,0.4845360824742268,1.1837737002052278,0.09489996033699916,0.010567440402089678,0.10142524616169148,0.10418944791362036,0.3249373905394333,25.56696735484677,0.6714285714285714,2.843751623064372,0.5511983414135656,0.05743423657151614,0.015316263501440395,3.7498856405881775,1.817280597148846,0.13286834621290472,0.2707965664532468,-0.04931324586963608,0.5511983414135656
H4,80,sma200,1.5,2.0,0.0,17.265948690785624,0.3333333333333333,1.5092291018448714,0.3042936780014957,0.02235936032707464,0.06933061282901741,0.3225034283515871,0.5819954815998006,19.357846711526843,0.4339622641509434,2.533648795652229,0.6763199183917881,0.04653217500360651,0.02587411900085145,1.7984061603054102,1.295288251932828,0.38730419100364094,0.33098218754276965,0.23330221336750023,0.6763199183917881
H4,80,sma200,1.5,2.0,1.0,17.265948690785624,0.3333333333333333,1.5092291018448714,0.3042936780014957,0.02235936032707464,0.06933061282901741,0.3225034283515871,0.5819954815998006,19.357846711526843,0.4339622641509434,2.533648795652229,0.6763199183917881,0.04653217500360651,0.02587411900085145,1.7984061603054102,1.295288251932828,0.38730419100364094,0.33098218754276965,0.23330221336750023,0.6763199183917881
H4,80,sma200,1.5,3.0,0.0,15.01386842677011,0.26666666666666666,1.4042745545398627,0.299268266809777,0.019492881256904182,0.09070331508940077,0.21490814572423542,0.43584187421374054,12.783483677423385,0.4857142857142857,4.550982754516462,1.8427291129503864,0.08324721592015716,0.025854837040030828,3.219792713884299,1.8254856708997649,0.36667041095698744,0.2077369810560962,0.31643862405242196,1.8427291129503864
H4,80,sma200,1.5,3.0,1.0,15.01386842677011,0.26666666666666666,1.4042745545398627,0.299268266809777,0.019492881256904182,0.09070331508940077,0.21490814572423542,0.43584187421374054,12.783483677423385,0.4857142857142857,4.550982754516462,1.8427291129503864,0.08324721592015716,0.025854837040030828,3.219792713884299,1.8254856708997649,0.36667041095698744,0.2077369810560962,0.31643862405242196,1.8427291129503864
H4,80,sma200,2.5,1.0,0.0,18.01664211212413,0.41203703703703703,1.300705432587643,0.1110425933935771,0.009311669270084533,0.06482225379064341,0.14364926742841205,0.3906728743564847,20.453573883877418,0.5357142857142857,2.6870649665650417,0.37448305620628936,0.031676588145752804,0.00987726357144515,3.2070206405475292,1.3697727485855078,0.10145609078601132,0.25096174017451395,0.023209724494131452,0.37448305620628936
H4,80,sma200,2.5,1.0,1.0,16.265024129000953,0.5128205128205128,1.2471690185470614,0.11815158434793448,0.008926272424722548,0.07111572264670962,0.12551756619371915,0.34285728282196937,17.531634757609215,0.7083333333333334,3.017943366316761,0.5708119127975009,0.04140124473156126,0.013202261253404873,3.1359207287981707,1.5844005128478422,0.10656104606253354,0.28067991646663726,0.016314036701369352,0.5708119127975009
H4,80,sma200,2.5,2.0,0.0,12.177915501713533,0.3150684931506849,1.344231703786534,0.21620042499825026,0.011980403865358591,0.06959243383361433,0.1721509538522829,0.38150082945878044,10.226786941938709,0.5714285714285714,4.937435110446485,1.541591664888083,0.0615560253428975,0.018089021591338635,3.402949409512104,1.9307372916509211,0.5532112927103199,-0.06247460970936526,0.2263346915452077,1.541591664888083
H4,80,sma200,2.5,2.0,1.0,12.177915501713533,0.3150684931506849,1.344231703786534,0.21620042499825026,0.011980403865358591,0.06959243383361433,0.1721509538522829,0.38150082945878044,10.226786941938709,0.5714285714285714,4.937435110446485,1.541591664888083,0.0615560253428975,0.018089021591338635,3.402949409512104,1.9307372916509211,0.5532112927103199,-0.06247460970936526,0.2263346915452077,1.541591664888083
H4,80,sma200,2.5,3.0,0.0,10.009245617846739,0.25833333333333336,1.34877154548998,0.25463643376187506,0.011465718326715946,0.08522770407921322,0.13453041414865943,0.31670701662543166,9.131059769588132,0.48,3.8985540406343127,1.4176601619575373,0.05123811033493397,0.02586917770976879,1.9806625053870692,1.380553438001746,0.12219187784731507,0.34176599511276945,0.27947375813189695,1.4176601619575373
H4,80,sma200,2.5,3.0,1.0,10.009245617846739,0.25833333333333336,1.34877154548998,0.25463643376187506,0.011465718326715946,0.08522770407921322,0.13453041414865943,0.31670701662543166,9.131059769588132,0.48,3.8985540406343127,1.4176601619575373,0.05123811033493397,0.02586917770976879,1.9806625053870692,1.380553438001746,0.12219187784731507,0.34176599511276945,0.27947375813189695,1.4176601619575373
H4,80,sma50,1.0,1.0,0.0,46.042529842095,0.3605072463768116,0.9323540818270369,-0.02739384684121474,-0.006548632181500369,0.22603097681028875,-0.028972277490074895,-0.15004792612606044,52.59490427282765,0.4236111111111111,1.6640045354057125,0.1911915000183958,0.05089918150052175,0.02803683242747925,1.8154398016316147,1.2304864612226725,-0.0005995119495297783,0.07637953397396662,-0.14115590665891536,0.1911915000183958
H4,80,sma50,1.0,1.0,1.0,42.289062735402474,0.4812623274161736,0.9673273861348538,-0.016370322574935717,-0.0036462488151580708,0.18414981962003618,-0.019800447389421962,-0.06638806601389863,44.559571675590085,0.6311475409836066,2.1943221557328814,0.41617879749173575,0.08741541059450642,0.03067990853870755,2.8492722031494346,1.861457563137053,-0.041530387075709156,0.11780000862891271,-0.11521136250538849,0.41617879749173575
H4,80,sma50,1.0,2.0,0.0,31.02866141532489,0.32526881720430106,1.2729563514409359,0.1699559296118381,0.022313247296867678,0.14741444305619267,0.1513640511354924,0.4790831781160525,30.680360825816127,0.5119047619047619,2.859407217596928,0.7340050195606368,0.07833569991851297,0.028498087375591168,2.7488055210893942,1.755992274401186,0.41203062802408835,0.19451005765860443,-0.027468275646216497,0.7340050195606368
H4,80,sma50,1.0,2.0,1.0,31.02866141532489,0.32526881720430106,1.2729563514409359,0.1699559296118381,0.022313247296867678,0.14741444305619267,0.1513640511354924,0.4790831781160525,30.680360825816127,0.5119047619047619,2.859407217596928,0.7340050195606368,0.07833569991851297,0.028498087375591168,2.7488055210893942,1.755992274401186,0.41203062802408835,0.19451005765860443,-0.027468275646216497,0.7340050195606368
H4,80,sma50,1.0,3.0,0.0,26.85814240788875,0.2639751552795031,1.2942885998781348,0.21864192758126672,0.024380464690615833,0.15730756276804972,0.15498596673679874,0.4449648768826754,25.932209745630296,0.38028169014084506,2.234892048187572,0.7037845811820758,0.06311487263097337,0.04959354042766015,1.2726430113017677,1.188599700463085,0.3273729828426606,0.17973950728186217,0.1656145640299791,0.7037845811820758
H4,80,sma50,1.0,3.0,1.0,26.85814240788875,0.2639751552795031,1.2942885998781348,0.21864192758126672,0.024380464690615833,0.15730756276804972,0.15498596673679874,0.4449648768826754,25.932209745630296,0.38028169014084506,2.234892048187572,0.7037845811820758,0.06311487263097337,0.04959354042766015,1.2726430113017677,1.188599700463085,0.3273729828426606,0.17973950728186217,0.1656145640299791,0.7037845811820758
H4,80,sma50,1.5,1.0,0.0,35.36600118305848,0.37971698113207547,1.1266604599176715,0.04670523089364685,0.007720594692656402,0.11654161534925211,0.06624753457826468,0.2440487271588421,35.42851190600196,0.5154639175257731,2.2755057612384046,0.34550600485524996,0.051701373386361826,0.018351804269323375,2.817236530403996,1.5654500194255079,0.1074737555594503,0.08512169666952552,-0.03607858831074616,0.34550600485524996
H4,80,sma50,1.5,1.0,1.0,32.27981711755574,0.4806201550387597,1.0049674942513662,0.0027816750933056526,0.0004084048091250736,0.15195083866270054,0.0026877430405741155,0.026226094142905176,30.315118435032602,0.6746987951807228,2.8001079510036226,0.5372433870320537,0.07404309258257835,0.015980311667657416,4.633394774923841,1.9623657391485776,0.10603934336135919,0.02376094621130406,-0.09918959714298481,0.5372433870320537
H4,80,sma50,1.5,2.0,0.0,23.0212649210475,0.3333333333333333,1.3022063555619356,0.18441343275532904,0.018463982240638943,0.09158745130204841,0.20159947654560384,0.4389645730438395,22.279785837795043,0.47540983606557374,2.7268873060296075,0.7035930320680723,0.05758683924382835,0.020618541644400384,2.7929637428779,1.4491828712390642,0.28532024621016844,0.0812787848020235,0.18914240458133935,0.7035930320680723
H4,80,sma50,1.5,2.0,1.0,23.0212649210475,0.3333333333333333,1.3022063555619356,0.18441343275532904,0.018463982240638943,0.09158745130204841,0.20159947654560384,0.4389645730438395,22.279785837795043,0.47540983606557374,2.7268873060296075,0.7035930320680723,0.05758683924382835,0.020618541644400384,2.7929637428779,1.4491828712390642,0.28532024621016844,0.0812787848020235,0.18914240458133935,0.7035930320680723
H4,80,sma50,1.5,3.0,0.0,20.185311995990922,0.25206611570247933,1.2123975988049824,0.15803986049303534,0.014272217466358983,0.12697425851585017,0.11240244781250197,0.2966976746518209,14.974938022124539,0.4634146341463415,4.449731280095127,1.7828378152221296,0.09880393889607242,0.02608886212443309,3.7872076760120263,1.9120923164477128,0.35973015391089136,-0.06025067529388904,0.1879656978675562,1.7828378152221296
H4,80,sma50,1.5,3.0,1.0,20.185311995990922,0.25206611570247933,1.2123975988049824,0.15803986049303534,0.014272217466358983,0.12697425851585017,0.11240244781250197,0.2966976746518209,14.974938022124539,0.4634146341463415,4.449731280095127,1.7828378152221296,0.09880393889607242,0.02608886212443309,3.7872076760120263,1.9120923164477128,0.35973015391089136,-0.06025067529388904,0.1879656978675562,1.7828378152221296
H4,80,sma50,2.5,1.0,0.0,23.60513758208856,0.392226148409894,1.2230318520955885,0.07990329964759589,0.00878348860659206,0.06341711239291897,0.13850344607574416,0.33941386538748364,23.740755400929146,0.5384615384615384,2.7494098530262745,0.38155703749114983,0.03689081777838932,0.011644023362024105,3.1682191482632436,1.4877207693634937,0.08042080333331358,0.1383817471424824,0.03146744810259864,0.38155703749114983
H4,80,sma50,2.5,1.0,1.0,20.68577427688326,0.5161290322580645,1.2599124041282028,0.1200561733895661,0.011412590019981739,0.0704940082934573,0.16189446871105168,0.39904685694352804,20.818816274660943,0.6842105263157895,2.7292535734051264,0.5182194765645813,0.04259509000719497,0.014910722527317134,2.8566751161225614,1.5804969631364234,0.1461824683221231,0.2265798570803719,0.012251375887005705,0.5182194765645813
H4,80,sma50,2.5,2.0,0.0,16.265024129000953,0.28717948717948716,1.1642841076574773,0.1041498823613986,0.007912717842645911,0.08851353835187388,0.089395565808136,0.22926603581349245,12.783483677423385,0.5142857142857142,3.7454318947486396,1.2827019362716439,0.06567951415310658,0.022996551111580426,2.8560593210010605,1.8372197382306097,0.31040742785876224,-0.1494112966804395,0.16488624085963843,1.2827019362716439
H4,80,sma50,2.5,2.0,1.0,16.265024129000953,0.28717948717948716,1.1642841076574773,0.1041498823613986,0.007912717842645911,0.08851353835187388,0.089395565808136,0.22926603581349245,12.783483677423385,0.5142857142857142,3.7454318947486396,1.2827019362716439,0.06567951415310658,0.022996551111580426,2.8560593210010605,1.8372197382306097,0.31040742785876224,-0.1494112966804395,0.16488624085963843,1.2827019362716439
H4,80,sma50,2.5,3.0,0.0,12.928608923052039,0.24516129032258063,1.2805394569082478,0.20841022101006737,0.012150730355386052,0.08458908358973673,0.14364418953062535,0.30185503118458473,11.68775650507281,0.46875,3.0015854532358412,1.0933931925016325,0.049176247879843205,0.02757027373349173,1.7836691922323948,1.2574027865512685,0.1308095522080643,0.3137730178162899,0.1964783566868297,1.0933931925016325
H4,80,sma50,2.5,3.0,1.0,12.928608923052039,0.24516129032258063,1.2805394569082478,0.20841022101006737,0.012150730355386052,0.08458908358973673,0.14364418953062535,0.30185503118458473,11.68775650507281,0.46875,3.0015854532358412,1.0933931925016325,0.049176247879843205,0.02757027373349173,1.7836691922323948,1.2574027865512685,0.1308095522080643,0.3137730178162899,0.1964783566868297,1.0933931925016325
H4,80,mom60,1.0,1.0,0.0,37.45126068677655,0.37639198218262804,1.0592166637273372,0.024733139493764326,0.0042515154440847525,0.1242450401323608,0.03421879408268954,0.13445308126334476,46.02054123872419,0.40476190476190477,1.5701516118024825,0.17361899013515114,0.035736144044333784,0.02517431247112648,1.4195479652253118,1.0069349404283023,0.06475616812371407,0.1021335296451114,-0.07421360316671881,0.17361899013515114
H4,80,mom60,1.0,1.0,1.0,34.782128522017416,0.486810551558753,1.045517907901883,0.0247758677887165,0.003943670062178883,0.11315387523808615,0.034852275751767574,0.11546403546723598,38.715693423053686,0.6320754716981132,2.1514274313536395,0.4086715419307013,0.06897701516396393,0.028325341904746257,2.435169728786433,1.7155012592181391,0.00041216361673464475,0.09939300194837458,-0.025998004641586112,0.4086715419307013
H4,80,mom60,1.0,2.0,0.0,24.856293284319403,0.3422818791946309,1.4870789566281422,0.29566920577601663,0.029925132310166136,0.09350830976762048,0.32002644882079173,0.6837339135484839,26.66269452719735,0.4931506849315068,2.7613059034632084,0.7234832731908147,0.06202180725666029,0.026597584999306808,2.3318585976236834,1.610644656346847,0.5914979977129569,0.24000581660942133,0.1384402038082164,0.7234832731908147
H4,80,mom60,1.0,2.0,1.0,24.856293284319403,0.3422818791946309,1.4870789566281422,0.29566920577601663,0.029925132310166136,0.09350830976762048,0.32002644882079173,0.6837339135484839,26.66269452719735,0.4931506849315068,2.7613059034632084,0.7234832731908147,0.06202180725666029,0.026597584999306808,2.3318585976236834,1.610644656346847,0.5914979977129569,0.24000581660942133,0.1384402038082164,0.7234832731908147
H4,80,mom60,1.0,3.0,0.0,21.186236557775597,0.2992125984251969,1.5958025373744111,0.4183988293289493,0.03492793658619253,0.08709739497828232,0.40102159880788385,0.6858966325949303,22.64502822857857,0.3548387096774194,2.2136580671513633,0.7243887788506652,0.05066813485058019,0.041370097599734805,1.2247526061167666,1.1280667191495461,0.5921031457663442,0.2619387061866059,0.42162902247074663,0.7243887788506652
H4,80,mom60,1.0,3.0,1.0,21.186236557775597,0.2992125984251969,1.5958025373744111,0.4183988293289493,0.03492793658619253,0.08709739497828232,0.40102159880788385,0.6858966325949303,22.64502822857857,0.3548387096774194,2.2136580671513633,0.7243887788506652,0.05066813485058019,0.041370097599734805,1.2247526061167666,1.1280667191495461,0.5921031457663442,0.2619387061866059,0.42162902247074663,0.7243887788506652
H4,80,mom60,1.5,1.0,0.0,28.859991531458096,0.3872832369942196,1.2267419620540378,0.08419344225976788,0.01117074937197593,0.0845925453451575,0.132053590850076,0.36718641832015037,30.680360825816127,0.5,2.208929052543311,0.3399842908603306,0.04258782559723917,0.017809456068003958,2.3913041158933224,1.4325369031767476,0.14286784606082523,0.10889478911388083,0.017978768890441327,0.3399842908603306
H4,80,mom60,1.5,1.0,1.0,26.190859366698966,0.4968152866242038,1.1425471391833422,0.07241328869577866,0.008806461607602012,0.0969630581159823,0.09082285334965579,0.26697142201703394,25.932209745630296,0.676056338028169,2.8481808530085253,0.5415136212194689,0.05847242815952458,0.016745231198787076,3.491885389062886,1.8114229421183914,0.19256630354727222,0.059970387221909255,-0.008593960028620451,0.5415136212194689
H4,80,mom60,1.5,2.0,0.0,18.350283632719023,0.36818181818181817,1.549681152800239,0.318175593780889,0.024624070283026267,0.05876801399809227,0.4190046354778233,0.6387161503593408,19.357846711526843,0.4339622641509434,2.601604299632812,0.7016603974297726,0.04676966055704579,0.023201336397483455,2.0158175268782657,1.327493794751014,0.4349548010154747,0.1909240536503284,0.33654018303096317,0.7016603974297726
H4,80,mom60,1.5,2.0,1.0,18.350283632719023,0.36818181818181817,1.549681152800239,0.318175593780889,0.024624070283026267,0.05876801399809227,0.4190046354778233,0.6387161503593408,19.357846711526843,0.4339622641509434,2.601604299632812,0.7016603974297726,0.04676966055704579,0.023201336397483455,2.0158175268782657,1.327493794751014,0.4349548010154747,0.1909240536503284,0.33654018303096317,0.7016603974297726
H4,80,mom60,1.5,3.0,0.0,15.514330707662445,0.2903225806451613,1.5891824303060604,0.4170712541766759,0.027056389742258435,0.07345822086200846,0.36832350994565966,0.6147650451112336,13.513968458990437,0.4594594594594595,4.272190980666148,1.7595059587410562,0.07714121947841845,0.022701774158744817,3.3980260282301917,1.8087159072456374,0.7804110193636682,0.09352858113094142,0.4523454599485842,1.7595059587410562
H4,80,mom60,1.5,3.0,1.0,15.514330707662445,0.2903225806451613,1.5891824303060604,0.4170712541766759,0.027056389742258435,0.07345822086200846,0.36832350994565966,0.6147650451112336,13.513968458990437,0.4594594594594595,4.272190980666148,1.7595059587410562,0.07714121947841845,0.022701774158744817,3.3980260282301917,1.8087159072456374,0.7804110193636682,0.09352858113094142,0.4523454599485842,1.7595059587410562
H4,80,mom60,2.5,1.0,0.0,18.85074591361136,0.4247787610619469,1.4122940755580227,0.14530691574035642,0.012436647528451639,0.055759445134352714,0.22304109193492622,0.5220428287354864,20.818816274660943,0.5263157894736842,2.51429013198447,0.35531902699091517,0.02957714263306821,0.012088883990249804,2.4466396283497653,1.3063889599478185,0.1896738348866893,0.19163021148023918,0.07280276773948446,0.35531902699091517
H4,80,mom60,2.5,1.0,1.0,16.848896790042012,0.5346534653465347,1.369429408154648,0.16537674887288806,0.0126369277788283,0.06541319836089195,0.19318620852490584,0.4872095276189757,18.262119539176265,0.66,2.459396242912163,0.49076385745324363,0.03561022859838325,0.014801997039344787,2.405771903867341,1.4128124406075284,0.23402490204545037,0.26065976849831557,0.03725371815446163,0.49076385745324363
H4,80,mom60,2.5,2.0,0.0,12.511557022308423,0.3333333333333333,1.4796299887616096,0.28898571002853474,0.01600692868013609,0.06882595752112187,0.23257110044889318,0.5030571384989099,11.68775650507281,0.5,3.599550161990087,1.2056311845377354,0.05269149117338734,0.021119419725255283,2.4949308200157203,1.7032362646980526,0.6683365179618631,-0.054814206727326384,0.34244822355006976,1.2056311845377354
H4,80,mom60,2.5,2.0,1.0,12.511557022308423,0.3333333333333333,1.4796299887616096,0.28898571002853474,0.01600692868013609,0.06882595752112187,0.23257110044889318,0.5030571384989099,11.68775650507281,0.5,3.599550161990087,1.2056311845377354,0.05269149117338734,0.021119419725255283,2.4949308200157203,1.7032362646980526,0.6683365179618631,-0.054814206727326384,0.34244822355006976,1.2056311845377354
H4,80,mom60,2.5,3.0,0.0,10.092655997995461,0.2727272727272727,1.580711400836813,0.40737975573075386,0.017939109150114874,0.0785964981329139,0.22824310976015993,0.4885689306332024,10.592029332722234,0.41379310344827586,2.839414929974933,1.0497671250851914,0.04082580947349501,0.025952915345569882,1.573072193620202,1.1622031998266653,0.41714186026657546,0.6097472727807296,0.24807916236357644,1.0497671250851914
H4,80,mom60,2.5,3.0,1.0,10.092655997995461,0.2727272727272727,1.580711400836813,0.40737975573075386,0.017939109150114874,0.0785964981329139,0.22824310976015993,0.4885689306332024,10.592029332722234,0.41379310344827586,2.839414929974933,1.0497671250851914,0.04082580947349501,0.025952915345569882,1.573072193620202,1.1622031998266653,0.41714186026657546,0.6097472727807296,0.24807916236357644,1.0497671250851914
D1,20,none,1.0,1.0,0.0,18.60051477316519,0.4170403587443946,1.1877812001638517,0.06464312883933354,0.0056648816238742405,0.060611974656579325,0.09346142665654479,0.24571858199471322,22.64502822857857,0.46774193548387094,2.057233423082604,0.31601213978209514,0.02929663728890075,0.019494449579498207,1.502819413773613,1.165127840620468,0.018576604881582432,0.10697654291784739,0.06654487060659643,0.31601213978209514
D1,20,none,1.0,1.0,1.0,17.182538310636904,0.529126213592233,1.115172014444561,0.05218976703114408,0.004293578284897848,0.08400605187669861,0.05111034489752981,0.1672236601475841,19.357846711526843,0.5849056603773585,2.0836738240418677,0.47153813834503167,0.03852932819722743,0.028610816060921817,1.3466700186106486,1.3294178782121022,0.10368023022163858,0.06835439922669934,0.0023283228732139368,0.47153813834503167
D1,20,none,1.0,2.0,0.0,12.344736262010978,0.35135135135135137,1.1499310982524011,0.08879198477197996,0.005105504932686689,0.06887125844701177,0.07413114044684935,0.16974876725570054,11.322514114289286,0.5483870967741935,3.684821447789208,1.2047961108210992,0.057367928378889044,0.02646539801120089,2.1676578736737437,1.7117258085646783,0.19757291307401204,0.01646265658849085,0.0629131843940897,1.2047961108210992
D1,20,none,1.0,2.0,1.0,12.344736262010978,0.35135135135135137,1.1499310982524011,0.08879198477197996,0.005105504932686689,0.06887125844701177,0.07413114044684935,0.16974876725570054,11.322514114289286,0.5483870967741935,3.684821447789208,1.2047961108210992,0.057367928378889044,0.02646539801120089,2.1676578736737437,1.7117258085646783,0.19757291307401204,0.01646265658849085,0.0629131843940897,1.2047961108210992
D1,20,none,1.0,3.0,0.0,10.426297518590353,0.248,1.0549053780598523,0.04318871540320777,0.002072368096976529,0.10334878586687228,0.020052176516577848,0.06853592609617531,10.592029332722234,0.41379310344827586,2.9434696467400685,1.0288658274981273,0.04851596239256151,0.034804416174947395,1.3939599546417283,1.176333375692962,-0.054719504674089724,0.3215253676468698,-0.09852328421737203,1.0288658274981273
D1,20,none,1.0,3.0,1.0,10.426297518590353,0.248,1.0549053780598523,0.04318871540320777,0.002072368096976529,0.10334878586687228,0.020052176516577848,0.06853592609617531,10.592029332722234,0.41379310344827586,2.9434696467400685,1.0288658274981273,0.04851596239256151,0.034804416174947395,1.3939599546417283,1.176333375692962,-0.054719504674089724,0.3215253676468698,-0.09852328421737203,1.0288658274981273
D1,20,none,1.5,1.0,0.0,14.680226906175218,0.3465909090909091,0.9926617295517234,0.00047883211383816844,-0.0001965957758904846,0.05842073361346548,-0.0033651712967392618,-0.0014576844460821748,14.974938022124539,0.5365853658536586,2.1327287032577904,0.3734315247217027,0.024851494474116276,0.020644311223024257,1.203793829963182,1.1324199383129772,0.014942249541857695,0.019380082633977204,-0.0268266751384744,0.3734315247217027
D1,20,none,1.5,1.0,1.0,12.09450512156481,0.5172413793103449,1.097837439699085,0.05219338574072161,0.002725916355310831,0.03753601276023931,0.0726213615900703,0.12558891910038944,13.879210849773962,0.631578947368421,2.264865076131325,0.45393554757723603,0.027741724715914184,0.0223662167537083,1.2403405109321688,1.2259258867459761,-0.04539816020950919,-0.02228743079399254,0.2149688082189538,0.45393554757723603
D1,20,none,1.5,2.0,0.0,9.008321056062066,0.3333333333333333,1.039325122543407,0.029249006697917065,0.0010407604647217905,0.07306787226087742,0.014243749441696043,0.04817565648576226,9.861544551155184,0.5185185185185185,2.5351424698583926,0.6932779192786229,0.02989700343936108,0.027423092615999532,1.0902126852723455,1.0561826173871425,-0.030439086859635575,0.11762680518352754,0.0019713716712613538,0.6932779192786229
D1,20,none,1.5,2.0,1.0,9.008321056062066,0.3333333333333333,1.039325122543407,0.029249006697917065,0.0010407604647217905,0.07306787226087742,0.014243749441696043,0.04817565648576226,9.861544551155184,0.5185185185185185,2.5351424698583926,0.6932779192786229,0.02989700343936108,0.027423092615999532,1.0902126852723455,1.0561826173871425,-0.030439086859635575,0.11762680518352754,0.0019713716712613538,0.6932779192786229
D1,20,none,1.5,3.0,0.0,7.173292692790163,0.29069767441860467,0.8522069919018463,-0.10550119695165104,-0.0038495517845900107,0.13159205206775035,-0.029253680021708785,-0.10223093769150478,7.670090206454032,0.38095238095238093,2.9698597836189684,1.2610781892370757,0.04384348113699921,0.03423670613867965,1.2805986930929112,1.2337219110710815,-0.09426496915499666,-0.263505627828881,0.0705270859210041,1.2610781892370757
D1,20,none,1.5,3.0,1.0,7.173292692790163,0.29069767441860467,0.8522069919018463,-0.10550119695165104,-0.0038495517845900107,0.13159205206775035,-0.029253680021708785,-0.10223093769150478,7.670090206454032,0.38095238095238093,2.9698597836189684,1.2610781892370757,0.04384348113699921,0.03423670613867965,1.2805986930929112,1.2337219110710815,-0.09426496915499666,-0.263505627828881,0.0705270859210041,1.2610781892370757
D1,20,none,2.5,1.0,0.0,8.924910675913342,0.35514018691588783,1.250161921787572,0.08937992454529546,0.003606165698932129,0.031982626344417245,0.11275389519602746,0.23203029557298535,9.496302160371657,0.5384615384615384,2.153166529548656,0.4310805236548536,0.017059381536576712,0.020072265795875247,0.8498981485230398,1.0798209594309849,0.09178447885883893,0.027555369403164883,0.15065086047858303,0.4310805236548536
D1,20,none,2.5,1.0,1.0,6.839651172195271,0.5487804878048781,1.2844520403795303,0.13239120081502512,0.004160559558951116,0.04285884213828858,0.0970758739941371,0.24957563774529387,9.496302160371657,0.5384615384615384,1.6815110889022236,0.3194135679175717,0.012586464766358274,0.02177985774587294,0.5778947187450423,0.7821331681811065,0.409353159223244,0.26920226673288283,-0.14742998541091729,0.3194135679175717
D1,20,none,2.5,2.0,0.0,5.254853949369538,0.30158730158730157,0.6510386492875653,-0.22696564397896776,-0.005762985721707192,0.12584042706196302,-0.045795980324109475,-0.2721015851148483,6.939605424886981,0.3684210526315789,2.15691128968044,0.7092005832337788,0.02293739399138639,0.02802722551097401,0.8183968827883193,0.9722099260056751,-0.23328987719109193,-0.25487272641888353,-0.19457776236620783,0.7092005832337788
D1,20,none,2.5,2.0,1.0,5.254853949369538,0.30158730158730157,0.6510386492875653,-0.22696564397896776,-0.005762985721707192,0.12584042706196302,-0.045795980324109475,-0.2721015851148483,6.939605424886981,0.3684210526315789,2.15691128968044,0.7092005832337788,0.02293739399138639,0.02802722551097401,0.8183968827883193,0.9722099260056751,-0.23328987719109193,-0.25487272641888353,-0.19457776236620783,0.7092005832337788
D1,20,none,2.5,3.0,0.0,3.6700567265438044,0.18181818181818182,0.4591175863229366,-0.4695320725620658,-0.007631783628390232,0.11459609525620477,-0.06659723973428328,-0.330681349653837,4.382908689402304,0.4166666666666667,3.9164800031035907,1.76290973810444,0.03355289700596331,0.033528976704737236,1.000713421749692,1.131308599790802,-0.3752661860919438,-0.4509324030787258,-0.5588311568979973,1.76290973810444
D1,20,none,2.5,3.0,1.0,3.6700567265438044,0.18181818181818182,0.4591175863229366,-0.4695320725620658,-0.007631783628390232,0.11459609525620477,-0.06659723973428328,-0.330681349653837,4.382908689402304,0.4166666666666667,3.9164800031035907,1.76290973810444,0.03355289700596331,0.033528976704737236,1.000713421749692,1.131308599790802,-0.3752661860919438,-0.4509324030787258,-0.5588311568979973,1.76290973810444
D1,20,sma200,1.0,1.0,0.0,13.59589196424182,0.4110429447852761,1.3037801714448467,0.0996498897063031,0.00647046838068932,0.05251237297562111,0.12321797728876654,0.31594489235625656,17.89687714839274,0.5102040816326531,2.5425963275412733,0.38449849468502395,0.02840799821293416,0.015373977262256096,1.8477975951400198,1.2458575314644842,-0.02194144774395609,0.15661084692113214,0.13332262437883732,0.38449849468502395
D1,20,sma200,1.0,1.0,1.0,12.761788162754593,0.5032679738562091,1.0842225834386219,0.03811816970791668,0.002502516181510206,0.0701320372211622,0.03568292439043931,0.11213096947526062,14.609695631341012,0.675,2.955102110504372,0.6865152817048299,0.04324116869996053,0.020107120479519233,2.150540090710912,1.589653245809244,-0.07095373751431772,0.13486617394053985,0.032207566351874745,0.6865152817048299
D1,20,sma200,1.0,2.0,0.0,9.258552196508234,0.35135135135135137,1.141452798478596,0.08425526092053662,0.003725179821315372,0.07045646442742734,0.05287207996581264,0.14307397110104264,7.670090206454032,0.6666666666666666,7.046156187206008,1.8428882146840684,0.06071012284698196,0.02097492815028846,2.89441386459038,1.9210393107225059,0.058586115140627636,0.13943028334067176,0.05902454390881326,1.8428882146840684
D1,20,sma200,1.0,2.0,1.0,9.258552196508234,0.35135135135135137,1.141452798478596,0.08425526092053662,0.003725179821315372,0.07045646442742734,0.05287207996581264,0.14307397110104264,7.670090206454032,0.6666666666666666,7.046156187206008,1.8428882146840684,0.06071012284698196,0.02097492815028846,2.89441386459038,1.9210393107225059,0.058586115140627636,0.13943028334067176,0.05902454390881326,1.8428882146840684
D1,20,sma200,1.0,3.0,0.0,8.090806874426114,0.26804123711340205,1.0872101838552908,0.06290490336803985,0.0024954658908726834,0.11186209554108621,0.022308413576573087,0.08668814754403849,6.939605424886981,0.5263157894736842,5.171493913705865,1.7578346167855012,0.053880261707558885,0.02975076452720611,1.8110546926714146,1.3933588773267398,-0.15161769113639764,0.6044504548834685,-0.16042784776141758,1.7578346167855012
D1,20,sma200,1.0,3.0,1.0,8.090806874426114,0.26804123711340205,1.0872101838552908,0.06290490336803985,0.0024954658908726834,0.11186209554108621,0.022308413576573087,0.08668814754403849,6.939605424886981,0.5263157894736842,5.171493913705865,1.7578346167855012,0.053880261707558885,0.02975076452720611,1.8110546926714146,1.3933588773267398,-0.15161769113639764,0.6044504548834685,-0.16042784776141758,1.7578346167855012
D1,20,sma200,1.5,1.0,0.0,10.509707898739077,0.35714285714285715,1.1542679166491538,0.061892478649639766,0.0029754127933157015,0.04029583274454833,0.07383921836727021,0.17739322255588458,10.592029332722234,0.6206896551724138,3.525787961282694,0.6584358296264388,0.029639414512328877,0.01520451518496697,1.949382413826256,1.5070657115298143,0.022809168830151556,0.13205410059679498,0.0332752021620341,0.6584358296264388
D1,20,sma200,1.5,1.0,1.0,8.924910675913342,0.4953271028037383,1.1408821992394855,0.07297222240761755,0.0030131235241368515,0.039025818231239816,0.07720846508030095,0.1605467160396598,9.861544551155184,0.7407407407407407,3.9105348528023165,0.779546301340127,0.032997125105455494,0.013931869627910818,2.3684635290693317,1.586340504634037,-0.0061263621701827505,0.044196109456602926,0.15105499734490202,0.779546301340127
D1,20,sma200,1.5,2.0,0.0,6.923061552343994,0.3373493975903614,1.0318013398043082,0.02243424544874614,0.0006617134987063622,0.07002467485883059,0.009449718974638205,0.03692136795150011,6.574363034103456,0.6111111111111112,4.663809385386376,1.2066250011774022,0.03464508971504343,0.018826986352461536,1.8401824416531622,1.3106949056511958,-0.1277484444931753,0.2286942581356062,-0.04165116285067896,1.2066250011774022
D1,20,sma200,1.5,2.0,1.0,6.923061552343994,0.3373493975903614,1.0318013398043082,0.02243424544874614,0.0006617134987063622,0.07002467485883059,0.009449718974638205,0.03692136795150011,6.574363034103456,0.6111111111111112,4.663809385386376,1.2066250011774022,0.03464508971504343,0.018826986352461536,1.8401824416531622,1.3106949056511958,-0.1277484444931753,0.2286942581356062,-0.04165116285067896,1.2066250011774022
D1,20,sma200,1.5,3.0,0.0,5.838726610410598,0.2857142857142857,0.8726711040267321,-0.09480249771235752,-0.0026857637177162275,0.10393095950301444,-0.025841806239057467,-0.08021577434285188,4.748151080185829,0.46153846153846156,5.702978582198479,2.4652148336552857,0.05224337962491088,0.025592763894669555,2.0413340208164112,1.5639294914861617,0.06433628590242996,-0.15826869068978058,-0.1338853978619274,2.4652148336552857
D1,20,sma200,1.5,3.0,1.0,5.838726610410598,0.2857142857142857,0.8726711040267321,-0.09480249771235752,-0.0026857637177162275,0.10393095950301444,-0.025841806239057467,-0.08021577434285188,4.748151080185829,0.46153846153846156,5.702978582198479,2.4652148336552857,0.05224337962491088,0.025592763894669555,2.0413340208164112,1.5639294914861617,0.06433628590242996,-0.15826869068978058,-0.1338853978619274,2.4652148336552857
D1,20,sma200,2.5,1.0,0.0,6.756240792046549,0.38271604938271603,1.206053054560802,0.07851099419372688,0.0023955776945880913,0.032697482916490335,0.0732648962828857,0.1782062540592528,6.574363034103456,0.6666666666666666,4.026270166043802,0.7451992427496483,0.02171868909574659,0.012860807160108893,1.6887500780754026,1.5076659907792875,-0.049695001350615726,0.14228156161823033,0.130081498712776,0.7451992427496483
D1,20,sma200,2.5,1.0,1.0,5.922136990559321,0.4788732394366197,1.0601988975368923,0.03689311764097506,0.0008659523534786384,0.04355643864241024,0.019881156046478828,0.06217377049870218,6.574363034103456,0.6666666666666666,3.1829359823833916,0.6768123175090969,0.02020962683273031,0.014972391084423891,1.3497928766872,1.350765789585141,0.08233796345136316,0.053722676197373156,-0.0062286726071121975,0.6768123175090969
D1,20,sma200,2.5,2.0,0.0,4.754391668477201,0.3333333333333333,0.5830436669416639,-0.273290685909288,-0.00644118423732698,0.11506973431064288,-0.055976354476828145,-0.3381913230065746,4.382908689402304,0.5,4.524329325170779,1.5723527333057812,0.03315018283146198,0.01853168936780175,1.7888376053323785,1.4847923199394915,-0.21232298612977926,-0.35578032984876723,-0.22068679479145917,1.5723527333057812
D1,20,sma200,2.5,2.0,1.0,4.754391668477201,0.3333333333333333,0.5830436669416639,-0.273290685909288,-0.00644118423732698,0.11506973431064288,-0.055976354476828145,-0.3381913230065746,4.382908689402304,0.5,4.524329325170779,1.5723527333057812,0.03315018283146198,0.01853168936780175,1.7888376053323785,1.4847923199394915,-0.21232298612977926,-0.35578032984876723,-0.22068679479145917,1.5723527333057812
D1,20,sma200,2.5,3.0,0.0,3.5866463463950815,0.16279069767441862,0.46501094516092695,-0.4513366777685688,-0.007262635933383943,0.11658862680096463,-0.06229283363790209,-0.3332691912572208,3.287181517051728,0.4444444444444444,6.499764118676784,2.3942152145967013,0.03651485198143445,0.024014249260583435,1.520549386541485,1.2772401147046644,-0.3209731002623272,-0.5076676199566256,-0.47064859881372817,2.3942152145967013
D1,20,sma200,2.5,3.0,1.0,3.5866463463950815,0.16279069767441862,0.46501094516092695,-0.4513366777685688,-0.007262635933383943,0.11658862680096463,-0.06229283363790209,-0.3332691912572208,3.287181517051728,0.4444444444444444,6.499764118676784,2.3942152145967013,0.03651485198143445,0.024014249260583435,1.520549386541485,1.2772401147046644,-0.3209731002623272,-0.5076676199566256,-0.47064859881372817,2.3942152145967013
D1,20,sma50,1.0,1.0,0.0,18.10005249227285,0.41013824884792627,1.1721632046205375,0.05908978930982442,0.005063618995098551,0.05719756364721345,0.08852857835571884,0.22300850860974558,22.279785837795043,0.47540983606557374,2.0927761370807096,0.32631184959717013,0.029964265797789436,0.01963220223552458,1.5262814348748368,1.1843872625189291,-0.0043514513656187056,0.09420366674183211,0.07779972532350343,0.32631184959717013
D1,20,sma50,1.0,1.0,1.0,16.51525526944712,0.5353535353535354,1.1419536997786337,0.0632969736981113,0.004979736792172895,0.07924862326361207,0.0628368870915061,0.1956446968618503,18.992604320743315,0.5961538461538461,2.1771742808152603,0.49992591531777786,0.03969011581716719,0.024278917743056818,1.6347563856513994,1.3881840785190573,0.11911862529092412,0.0778215415120618,0.014785653225385723,0.49992591531777786
D1,20,sma50,1.0,2.0,0.0,11.927684361267364,0.3356643356643357,1.1488490225930248,0.0893154767487973,0.004965945393486271,0.06475676528003006,0.07668612494790082,0.1675471201073981,10.957271723505759,0.5666666666666667,3.960648104532388,1.2784435233230615,0.058878410611163945,0.025350983844621727,2.322529609581805,1.7615790371244777,0.1869574293719358,0.009637458811257018,0.08272112180236352,1.2784435233230615
D1,20,sma50,1.0,2.0,1.0,11.927684361267364,0.3356643356643357,1.1488490225930248,0.0893154767487973,0.004965945393486271,0.06475676528003006,0.07668612494790082,0.1675471201073981,10.957271723505759,0.5666666666666667,3.960648104532388,1.2784435233230615,0.058878410611163945,0.025350983844621727,2.322529609581805,1.7615790371244777,0.1869574293719358,0.009637458811257018,0.08272112180236352,1.2784435233230615
D1,20,sma50,1.0,3.0,0.0,10.259476758292907,0.25203252032520324,1.0354582785311224,0.027869832841506258,0.0013199978396472023,0.10405114466700865,0.01268604823014246,0.04965137416216965,10.226786941938709,0.42857142857142855,3.138954269117867,1.1014905450601238,0.05044066344303633,0.03510799874411883,1.436728530460198,1.2163545993918168,-0.11141603766167339,0.3352380882845141,-0.09852328421737203,1.1014905450601238
D1,20,sma50,1.0,3.0,1.0,10.259476758292907,0.25203252032520324,1.0354582785311224,0.027869832841506258,0.0013199978396472023,0.10405114466700865,0.01268604823014246,0.04965137416216965,10.226786941938709,0.42857142857142855,3.138954269117867,1.1014905450601238,0.05044066344303633,0.03510799874411883,1.436728530460198,1.2163545993918168,-0.11141603766167339,0.3352380882845141,-0.09852328421737203,1.1014905450601238
D1,20,sma50,1.5,1.0,0.0,14.096354245134158,0.3431952662721893,1.0326562032121944,0.015706509378571813,0.0008192246619784793,0.05371320989367319,0.015251828434758556,0.04936772489283386,14.609695631341012,0.55,2.2127839761388857,0.39635465128790165,0.025324585724662008,0.019762030487913067,1.281476907959996,1.1713396111866072,0.0578488001391238,0.013978495866127634,-0.012837716516111037,0.39635465128790165
D1,20,sma50,1.5,1.0,1.0,11.677453220821196,0.5142857142857142,1.1023571770969873,0.05463072061251136,0.0027641073135835637,0.03678580252563834,0.07514060109622683,0.1290904741990072,13.513968458990437,0.6486486486486487,2.420708177891803,0.49333265102764357,0.02910625112114107,0.018533813416746998,1.570440495253983,1.2927834735527959,-0.023810988670542453,-0.03406180667255634,0.20566658260394152,0.49333265102764357
D1,20,sma50,1.5,2.0,0.0,8.84150029576462,0.33962264150943394,1.0208108456867837,0.01784408807221336,0.0005414848449427634,0.06985991897250635,0.007751008774514424,0.030702781746418537,9.496302160371657,0.5384615384615384,2.737270335752322,0.7585485038696409,0.031480236312643406,0.023675148493083067,1.3296742920890516,1.1092873510677803,-0.08338694865794612,0.13430468077022478,0.0019713716712613538,0.7585485038696409
D1,20,sma50,1.5,2.0,1.0,8.84150029576462,0.33962264150943394,1.0208108456867837,0.01784408807221336,0.0005414848449427634,0.06985991897250635,0.007751008774514424,0.030702781746418537,9.496302160371657,0.5384615384615384,2.737270335752322,0.7585485038696409,0.031480236312643406,0.023675148493083067,1.3296742920890516,1.1092873510677803,-0.08338694865794612,0.13430468077022478,0.0019713716712613538,0.7585485038696409
D1,20,sma50,1.5,3.0,0.0,7.006471932492717,0.2857142857142857,0.8605472544809727,-0.10018413677463911,-0.0035288607160356422,0.12287405304063123,-0.028719331939581583,-0.09412173923464184,7.304847815670506,0.4,3.1855391382413982,1.3743199627033218,0.04512625878116272,0.0341105327168739,1.3229420705833634,1.2778417356210168,-0.11336077233836805,-0.23781673316578164,0.0705270859210041,1.3743199627033218
D1,20,sma50,1.5,3.0,1.0,7.006471932492717,0.2857142857142857,0.8605472544809727,-0.10018413677463911,-0.0035288607160356422,0.12287405304063123,-0.028719331939581583,-0.09412173923464184,7.304847815670506,0.4,3.1855391382413982,1.3743199627033218,0.04512625878116272,0.0341105327168739,1.3229420705833634,1.2778417356210168,-0.11336077233836805,-0.23781673316578164,0.0705270859210041,1.3743199627033218
D1,20,sma50,2.5,1.0,0.0,8.674679535467174,0.36538461538461536,1.2332357521722492,0.08445643526122246,0.003307283460104893,0.030911563284865537,0.10699178911226907,0.21666665395826265,9.131059769588132,0.56,2.332360236025097,0.47744878370115584,0.018242411629486144,0.017042213284719575,1.070425027824449,1.1565351334681486,0.07331443703725068,0.03424962438276375,0.14456724456098943,0.47744878370115584
D1,20,sma50,2.5,1.0,1.0,6.756240792046549,0.5432098765432098,1.2192188503684138,0.10681243004174366,0.00329798188434971,0.04397762344322914,0.0749922716630444,0.20341215767918236,9.131059769588132,0.56,1.8383999447496724,0.3726894456815043,0.01428819516121882,0.0176624584103775,0.8089584603253109,0.8890874035699986,0.29771299168406967,0.3129888497899564,-0.15368741892615642,0.3726894456815043
D1,20,sma50,2.5,2.0,0.0,5.0880331890720925,0.29508196721311475,0.647624106563771,-0.22848546717113413,-0.005607435774533154,0.12226930158709727,-0.045861354418048714,-0.2698830058813496,6.574363034103456,0.3888888888888889,2.366981558643788,0.8048496920901411,0.0246151252951452,0.02327011412917043,1.0577999385180807,1.0522570594864584,-0.2705011360190968,-0.22586905705098853,-0.19457776236620783,0.8048496920901411
D1,20,sma50,2.5,2.0,1.0,5.0880331890720925,0.29508196721311475,0.647624106563771,-0.22848546717113413,-0.005607435774533154,0.12226930158709727,-0.045861354418048714,-0.2698830058813496,6.574363034103456,0.3888888888888889,2.366981558643788,0.8048496920901411,0.0246151252951452,0.02327011412917043,1.0577999385180807,1.0522570594864584,-0.2705011360190968,-0.22586905705098853,-0.19457776236620783,0.8048496920901411
D1,20,sma50,2.5,3.0,0.0,3.5866463463950815,0.18604651162790697,0.4627853907883977,-0.47356690255832645,-0.0074745339147404,0.11465782221484173,-0.0651899170100657,-0.32889900419598506,4.017666298618779,0.45454545454545453,4.568632237030325,2.0152182030394568,0.03521853916089501,0.02880954932306117,1.2224606072786999,1.1947363721681732,-0.38246907730731544,-0.4509324030787258,-0.5588311568979973,2.0152182030394568
D1,20,sma50,2.5,3.0,1.0,3.5866463463950815,0.18604651162790697,0.4627853907883977,-0.47356690255832645,-0.0074745339147404,0.11465782221484173,-0.0651899170100657,-0.32889900419598506,4.017666298618779,0.45454545454545453,4.568632237030325,2.0152182030394568,0.03521853916089501,0.02880954932306117,1.2224606072786999,1.1947363721681732,-0.38246907730731544,-0.4509324030787258,-0.5588311568979973,2.0152182030394568
D1,20,mom60,1.0,1.0,0.0,14.263175005431604,0.45614035087719296,1.454683546302853,0.14247123346328683,0.009446451008515044,0.036370510713284,0.259728302497133,0.4571148110552246,19.357846711526843,0.4716981132075472,2.0501297587467926,0.2897401061082834,0.022405395026441788,0.016997937955081133,1.3181242975265846,1.0118699438853507,0.1355674595868791,0.14944017456725453,0.14141779718057038,0.2897401061082834
D1,20,mom60,1.0,1.0,1.0,13.429071203944375,0.546583850931677,1.2426958675549267,0.10467060145825359,0.006677246052816832,0.06949340564162843,0.09608459955539984,0.29173369260582,16.070665194475115,0.6136363636363636,2.2713962866565227,0.5075912897460063,0.034112154117050375,0.023642848189672914,1.442810690293668,1.304658208938933,0.17023477219550726,0.13304365196467377,0.03816243194222014,0.5075912897460063
D1,20,mom60,1.0,2.0,0.0,9.675604097251847,0.3448275862068966,1.254032413245133,0.1475193261031962,0.006638057486836768,0.0814168000396769,0.08153179053465427,0.24680350580670282,9.131059769588132,0.56,4.449515818104674,1.3677216334301965,0.05277964550202596,0.021915710705308105,2.4083017982730737,1.696701526045752,0.348396350282788,0.20582308749794614,-0.03514671528728641,1.3677216334301965
D1,20,mom60,1.0,2.0,1.0,9.675604097251847,0.3448275862068966,1.254032413245133,0.1475193261031962,0.006638057486836768,0.0814168000396769,0.08153179053465427,0.24680350580670282,9.131059769588132,0.56,4.449515818104674,1.3677216334301965,0.05277964550202596,0.021915710705308105,2.4083017982730737,1.696701526045752,0.348396350282788,0.20582308749794614,-0.03514671528728641,1.3677216334301965
D1,20,mom60,1.0,3.0,0.0,8.507858775169728,0.2647058823529412,1.084040458020406,0.06461285801783163,0.002591738897941287,0.1287993245109208,0.02012230194360635,0.0885787365822762,8.400574988021082,0.43478260869565216,3.527878665443435,1.2570708983218062,0.047544174348963075,0.0297180337624414,1.5998425309365831,1.2098599107230614,0.07215368166100031,0.5387276112875508,-0.27125054858085357,1.2570708983218062
D1,20,mom60,1.0,3.0,1.0,8.507858775169728,0.2647058823529412,1.084040458020406,0.06461285801783163,0.002591738897941287,0.1287993245109208,0.02012230194360635,0.0885787365822762,8.400574988021082,0.43478260869565216,3.527878665443435,1.2570708983218062,0.047544174348963075,0.0297180337624414,1.5998425309365831,1.2098599107230614,0.07215368166100031,0.5387276112875508,-0.27125054858085357,1.2570708983218062
D1,20,mom60,1.5,1.0,0.0,11.176990939928858,0.3656716417910448,1.2183108235327602,0.08076889538974777,0.004106993147571014,0.039445000592550634,0.10411948500126625,0.23985123089730265,12.052998895856335,0.5151515151515151,2.4653323550880284,0.46749854197364415,0.023952591198598938,0.018078722969283874,1.324905041096923,1.2170939230012052,0.1288462101400934,0.09982216184738396,0.031935304416048346,0.46749854197364415
D1,20,mom60,1.5,1.0,1.0,9.508783336954401,0.5087719298245614,1.206560645893505,0.10046830600799413,0.004429554313812201,0.03617992891154043,0.12243126084195516,0.2262988705479339,10.592029332722234,0.6896551724137931,3.3714209485420725,0.6998366163625593,0.031818509782094884,0.017887818814103177,1.7787808627068842,1.5505865267723136,0.0021796133578268393,0.03219969786367922,0.25153180079230497,0.6998366163625593
D1,20,mom60,1.5,2.0,0.0,7.08988231264144,0.36470588235294116,1.1622335208416832,0.10009652599821613,0.0032928407198984377,0.0637288740515361,0.05166952608068349,0.14165665365035587,7.670090206454032,0.5714285714285714,3.317724701910704,0.9203954132494057,0.030452539506951926,0.022626407332984773,1.3458848795035268,1.1569191298294854,0.03949019763754959,0.22510156589970806,0.0320323986392935,0.9203954132494057
D1,20,mom60,1.5,2.0,1.0,7.08988231264144,0.36470588235294116,1.1622335208416832,0.10009652599821613,0.0032928407198984377,0.0637288740515361,0.05166952608068349,0.14165665365035587,7.670090206454032,0.5714285714285714,3.317724701910704,0.9203954132494057,0.030452539506951926,0.022626407332984773,1.3458848795035268,1.1569191298294854,0.03949019763754959,0.22510156589970806,0.0320323986392935,0.9203954132494057
D1,20,mom60,1.5,3.0,0.0,6.172368131005489,0.28378378378378377,0.8838232726513255,-0.08172632495782628,-0.0025732520123983305,0.11319676679188179,-0.022732557521977545,-0.07315071409968432,5.843878252536405,0.4375,4.438834764617498,1.885917572896592,0.04961385115346029,0.028746504631688652,1.7259090031686342,1.455352112980462,0.025188066231960432,-0.17173122559814888,-0.0707289248400857,1.885917572896592
D1,20,mom60,1.5,3.0,1.0,6.172368131005489,0.28378378378378377,0.8838232726513255,-0.08172632495782628,-0.0025732520123983305,0.11319676679188179,-0.022732557521977545,-0.07315071409968432,5.843878252536405,0.4375,4.438834764617498,1.885917572896592,0.04961385115346029,0.028746504631688652,1.7259090031686342,1.455352112980462,0.025188066231960432,-0.17173122559814888,-0.0707289248400857,1.885917572896592
D1,20,mom60,2.5,1.0,0.0,6.756240792046549,0.4074074074074074,1.563022193090676,0.1797409173279606,0.005509104551830513,0.024001068819097186,0.22953580081596303,0.3982065240041261,7.670090206454032,0.5714285714285714,2.5204229686478845,0.5225649819101339,0.016942520487881474,0.01650377053854871,1.0265848309213919,1.2025457257650007,0.09895225929257088,0.21441457980943587,0.22132363953939985,0.5225649819101339
D1,20,mom60,2.5,1.0,1.0,5.922136990559321,0.5070422535211268,1.1086144668550437,0.06000546441158324,0.0015835856748802613,0.04776191163217212,0.03315582690818363,0.10747415874246334,7.670090206454032,0.5714285714285714,2.0942112059002738,0.45001545627294753,0.015399735447528595,0.017790645313329606,0.8656085923982968,1.0189085333111523,-0.04060607436288122,0.13439571155277305,0.09112912415082203,0.45001545627294753
D1,20,mom60,2.5,2.0,0.0,5.0046228089233695,0.31666666666666665,0.5714687740943037,-0.2780764794612621,-0.0068754144068361445,0.12634348771942508,-0.05441843130137892,-0.341633951498312,5.478635861752879,0.4,3.0502915793782583,1.1044216259312227,0.02918763012399861,0.02338422073151309,1.2481763005540192,1.2489984234280045,-0.3229940316893962,-0.3211570078371567,-0.18327621016630272,1.1044216259312227
D1,20,mom60,2.5,2.0,1.0,5.0046228089233695,0.31666666666666665,0.5714687740943037,-0.2780764794612621,-0.0068754144068361445,0.12634348771942508,-0.05441843130137892,-0.341633951498312,5.478635861752879,0.4,3.0502915793782583,1.1044216259312227,0.02918763012399861,0.02338422073151309,1.2481763005540192,1.2489984234280045,-0.3229940316893962,-0.3211570078371567,-0.18327621016630272,1.1044216259312227
D1,20,mom60,2.5,3.0,0.0,3.7534671066925274,0.2,0.5014708505827199,-0.4317815572132962,-0.007454705891935864,0.12228449270905149,-0.06096198893896272,-0.306237527539036,2.9219391262682026,0.625,6.65881579922054,2.207793240991026,0.027464232131533928,0.02245830727995583,1.2228985822117553,1.0355268420407224,-0.6005693709947016,-0.23411455684537297,-0.4391363396159852,2.207793240991026
D1,20,mom60,2.5,3.0,1.0,3.7534671066925274,0.2,0.5014708505827199,-0.4317815572132962,-0.007454705891935864,0.12228449270905149,-0.06096198893896272,-0.306237527539036,2.9219391262682026,0.625,6.65881579922054,2.207793240991026,0.027464232131533928,0.02245830727995583,1.2228985822117553,1.0355268420407224,-0.6005693709947016,-0.23411455684537297,-0.4391363396159852,2.207793240991026
D1,40,none,1.0,1.0,0.0,13.095429683349483,0.39490445859872614,1.1044955081338959,0.03492024696702331,0.002249660096927064,0.050103065259816275,0.044900647999501525,0.12498055836794028,16.43590758525864,0.5111111111111111,3.070731312425165,0.41957477508419666,0.02982167128983826,0.01370032486672999,2.1767127115545644,1.32379794856993,0.017829873226082805,0.03560941527239658,0.04676876959724364,0.41957477508419666
D1,40,none,1.0,1.0,1.0,11.760863600969918,0.5106382978723404,1.0889677185300657,0.042079706166273725,0.002430363686490855,0.06928206089017866,0.03507926374106144,0.11881872837317624,13.148726068206912,0.6944444444444444,3.243002018937542,0.7307905415010142,0.04155251400412108,0.013703626552444398,3.032227552691817,1.5908767066677902,0.22831820433472044,-0.036246649005486194,-0.018868549842498552,0.7307905415010142
D1,40,none,1.0,2.0,0.0,8.758089915615896,0.37142857142857144,1.1971009708189222,0.11576461010542197,0.0047654776477912275,0.0638846173922235,0.07459507221485397,0.1913601141976434,6.574363034103456,0.7222222222222222,9.446690590565451,2.1594711303691074,0.06002241344074832,0.01763910732268689,3.4028033472844346,1.958478737552871,0.30804307830318145,0.043075451907344894,0.04184451012922181,2.1594711303691074
D1,40,none,1.0,2.0,1.0,8.758089915615896,0.37142857142857144,1.1971009708189222,0.11576461010542197,0.0047654776477912275,0.0638846173922235,0.07459507221485397,0.1913601141976434,6.574363034103456,0.7222222222222222,9.446690590565451,2.1594711303691074,0.06002241344074832,0.01763910732268689,3.4028033472844346,1.958478737552871,0.30804307830318145,0.043075451907344894,0.04184451012922181,2.1594711303691074
D1,40,none,1.0,3.0,0.0,7.590344593533777,0.25274725274725274,1.0560602503808243,0.042399400602370026,0.0015434381053580637,0.08310907164076403,0.018571235063598344,0.06015994888328381,5.843878252536405,0.625,7.722212000392461,2.2061581098360703,0.05681706783378404,0.022861420253383787,2.485281631852001,1.4881311884680914,0.05431405784814724,0.2356847022106173,-0.12190767814844598,2.2061581098360703
D1,40,none,1.0,3.0,1.0,7.590344593533777,0.25274725274725274,1.0560602503808243,0.042399400602370026,0.0015434381053580637,0.08310907164076403,0.018571235063598344,0.06015994888328381,5.843878252536405,0.625,7.722212000392461,2.2061581098360703,0.05681706783378404,0.022861420253383787,2.485281631852001,1.4881311884680914,0.05431405784814724,0.2356847022106173,-0.12190767814844598,2.2061581098360703
D1,40,none,1.5,1.0,0.0,10.009245617846739,0.35833333333333334,1.018498272221634,0.006792902520002975,0.00034559052970473125,0.04453434449175663,0.007760090187668543,0.02794547593424899,9.861544551155184,0.5555555555555556,4.467253377505589,0.6738992748635341,0.029684448872205005,0.013331065167761693,2.226712456855319,1.5459132401962685,0.03496264990744529,0.052181982049221746,-0.051248491369626184,0.6738992748635341
D1,40,none,1.5,1.0,1.0,8.090806874426114,0.5257731958762887,1.2387507050246809,0.11539713387128064,0.004325759365185089,0.037453332857901735,0.11549731452730941,0.24385898431969305,8.765817378804607,0.7083333333333334,4.24914090214324,0.8481627289913184,0.031457984541530815,0.011612161279266208,2.709055083285813,1.5508111027760532,0.035270291289632154,-0.019717042839770715,0.3400155337608323,0.8481627289913184
D1,40,none,1.5,2.0,0.0,6.255778511154212,0.3333333333333333,1.0046876954177546,0.0036255319817899098,8.503315461627636e-05,0.06524321703388376,0.0013033255943236948,0.013134429389422815,5.478635861752879,0.7333333333333333,7.140177947026754,1.5870862050626264,0.039119951055199165,0.016462863842019716,2.376254303661896,1.4802086669190366,0.06998656112485112,-0.008667290486774828,-0.03976048472959856,1.5870862050626264
D1,40,none,1.5,2.0,1.0,6.255778511154212,0.3333333333333333,1.0046876954177546,0.0036255319817899098,8.503315461627636e-05,0.06524321703388376,0.0013033255943236948,0.013134429389422815,5.478635861752879,0.7333333333333333,7.140177947026754,1.5870862050626264,0.039119951055199165,0.016462863842019716,2.376254303661896,1.4802086669190366,0.06998656112485112,-0.008667290486774828,-0.03976048472959856,1.5870862050626264
D1,40,none,1.5,3.0,0.0,5.671905850113152,0.2647058823529412,0.7217303956303773,-0.2119109454304056,-0.005973695998465756,0.12762583768193017,-0.0468063215643954,-0.2005050236279149,4.017666298618779,0.6363636363636364,8.559492261796846,2.7994200777418374,0.054062791365873775,0.022272161204228605,2.4273706925042093,1.6068165813565631,0.05356947601145597,-0.3200382337081728,-0.30945035378253855,2.7994200777418374
D1,40,none,1.5,3.0,1.0,5.671905850113152,0.2647058823529412,0.7217303956303773,-0.2119109454304056,-0.005973695998465756,0.12762583768193017,-0.0468063215643954,-0.2005050236279149,4.017666298618779,0.6363636363636364,8.559492261796846,2.7994200777418374,0.054062791365873775,0.022272161204228605,2.4273706925042093,1.6068165813565631,0.05356947601145597,-0.3200382337081728,-0.30945035378253855,2.7994200777418374
D1,40,none,2.5,1.0,0.0,5.588495469964429,0.417910447761194,1.7419977322004654,0.21021132778157325,0.005298564751885726,0.021883806786482978,0.24212262535412726,0.4157816148586608,5.478635861752879,0.7333333333333333,6.505420043832389,1.020428908067237,0.022986286720083404,0.009094750340686044,2.5274236080184123,1.7318543991948023,0.16463731275164004,0.24454413909022313,0.2209637835149747,1.020428908067237
D1,40,none,2.5,1.0,1.0,4.921212428774647,0.559322033898305,1.3211524409980353,0.1404772675665023,0.003142487511629044,0.040047290556262466,0.07846941623214587,0.22226617693013592,5.478635861752879,0.7333333333333333,4.643329276740656,0.9437259691266188,0.021888319533176714,0.01026152610107687,2.1330472015151525,1.5506457477665028,0.01572479632497619,0.20476301975274086,0.21407582569984515,0.9437259691266188
D1,40,none,2.5,2.0,0.0,4.003698247138695,0.3333333333333333,0.723833806946468,-0.17548467726084802,-0.003197341736756454,0.07952177449216266,-0.04020712260478507,-0.16640845998027134,4.017666298618779,0.5454545454545454,4.642522837236121,1.400840265934763,0.026501208905100215,0.016144144476895744,1.6415369016937815,1.293451287232675,-0.2595293644336744,-0.10876855097588518,-0.14873356553187259,1.400840265934763
D1,40,none,2.5,2.0,1.0,4.003698247138695,0.3333333333333333,0.723833806946468,-0.17548467726084802,-0.003197341736756454,0.07952177449216266,-0.04020712260478507,-0.16640845998027134,4.017666298618779,0.5454545454545454,4.642522837236121,1.400840265934763,0.026501208905100215,0.016144144476895744,1.6415369016937815,1.293451287232675,-0.2595293644336744,-0.10876855097588518,-0.14873356553187259,1.400840265934763
D1,40,none,2.5,3.0,0.0,3.4198255860976357,0.21951219512195122,0.543587796090281,-0.39493960484642154,-0.005840853507962707,0.10072521860464954,-0.05798799534889358,-0.2474966048058096,2.191454344701152,0.8333333333333334,24.7007948773315,3.9488288306521238,0.03987386715178309,0.018271955509379236,2.182244102516302,1.366724852661432,-0.5475251797501571,-0.15853020631915696,-0.4552887246386069,3.9488288306521238
D1,40,none,2.5,3.0,1.0,3.4198255860976357,0.21951219512195122,0.543587796090281,-0.39493960484642154,-0.005840853507962707,0.10072521860464954,-0.05798799534889358,-0.2474966048058096,2.191454344701152,0.8333333333333334,24.7007948773315,3.9488288306521238,0.03987386715178309,0.018271955509379236,2.182244102516302,1.366724852661432,-0.5475251797501571,-0.15853020631915696,-0.4552887246386069,3.9488288306521238
D1,40,sma200,1.0,1.0,0.0,10.593118278887799,0.3858267716535433,1.1220566724915106,0.03922329909567124,0.002124360469694331,0.05033714997590722,0.04220263703271063,0.12849160627539954,15.340180412908063,0.5476190476190477,3.5305815481532554,0.47729655795226206,0.03169397330377555,0.013678626301123013,2.3170435836216594,1.420670250517423,-0.03822939776641965,0.11503275490015666,0.030400350285848695,0.47729655795226206
D1,40,sma200,1.0,1.0,1.0,9.508783336954401,0.5,1.0927891429262453,0.04217640386785157,0.0020757090598613193,0.05651116414208462,0.036730955579722536,0.10987205434071597,12.41824128663986,0.7352941176470589,3.7420279493115878,0.7893556663733273,0.04253884145031339,0.013697115335862858,3.1056788533374524,1.696413112820869,0.09598715675885683,0.07791184346539363,-0.015556501153724032,0.7893556663733273
D1,40,sma200,1.0,2.0,0.0,6.923061552343994,0.3855421686746988,1.2657490669390072,0.14948742327655648,0.00489362533513793,0.04437292944489381,0.11028402668828216,0.20979607195394956,5.843878252536405,0.75,14.212190249863317,2.463137028963851,0.060602069481262344,0.017535777324612634,3.4559100722728324,2.0360056929941983,0.04005982855202509,0.32993702901313526,0.09250440999797788,2.463137028963851
D1,40,sma200,1.0,2.0,1.0,6.923061552343994,0.3855421686746988,1.2657490669390072,0.14948742327655648,0.00489362533513793,0.04437292944489381,0.11028402668828216,0.20979607195394956,5.843878252536405,0.75,14.212190249863317,2.463137028963851,0.060602069481262344,0.017535777324612634,3.4559100722728324,2.0360056929941983,0.04005982855202509,0.32993702901313526,0.09250440999797788,2.463137028963851
D1,40,sma200,1.0,3.0,0.0,6.005547370708044,0.2777777777777778,1.1477204264531733,0.10882851762938708,0.003110538730140444,0.07554620758568507,0.04117398913257754,0.11540602612988193,5.1133934709693545,0.6428571428571429,9.051565504032833,2.5745756065030285,0.056704043132989046,0.02235297379210312,2.536756122937947,1.543182560790343,-0.13399867837024998,0.7631515775931895,-0.14835639734821626,2.5745756065030285
D1,40,sma200,1.0,3.0,1.0,6.005547370708044,0.2777777777777778,1.1477204264531733,0.10882851762938708,0.003110538730140444,0.07554620758568507,0.04117398913257754,0.11540602612988193,5.1133934709693545,0.6428571428571429,9.051565504032833,2.5745756065030285,0.056704043132989046,0.02235297379210312,2.536756122937947,1.543182560790343,-0.13399867837024998,0.7631515775931895,-0.14835639734821626,2.5745756065030285
D1,40,sma200,1.5,1.0,0.0,7.840575733979946,0.3617021276595745,1.1495469815111434,0.05381086888399133,0.0021198523574823547,0.03613637361349332,0.05866256476523704,0.14991997426389408,8.765817378804607,0.625,6.731489483651408,0.8324895985410364,0.031821198956397234,0.013010406441055554,2.4458266619544236,1.7109889521035146,-0.00629333328411041,0.2329554571430937,-0.03850383124879424,0.8324895985410364
D1,40,sma200,1.5,1.0,1.0,6.339188891302935,0.5263157894736842,1.3266367016245344,0.15101953222820813,0.0045315639719816225,0.02980249484679613,0.15205317525518444,0.28230298518194613,8.400574988021082,0.7391304347826086,4.78901851708961,0.845266000550639,0.030295702717940687,0.011530996054563038,2.627327472369752,1.5535977435183217,0.057793908779837276,0.20038951974001046,0.1693479048540272,0.845266000550639
D1,40,sma200,1.5,2.0,0.0,4.921212428774647,0.3559322033898305,1.0738397741815842,0.04418388747019117,0.0010292368903965787,0.05420272274181655,0.018988656627069007,0.057118632936385826,5.1133934709693545,0.6428571428571429,7.184452751830506,1.6351341181702577,0.03745406085480352,0.016204590325376154,2.3113241435145078,1.4683065233030164,-0.03062840183705212,0.36644812433743895,-0.1610671071782177,1.6351341181702577
D1,40,sma200,1.5,2.0,1.0,4.921212428774647,0.3559322033898305,1.0738397741815842,0.04418388747019117,0.0010292368903965787,0.05420272274181655,0.018988656627069007,0.057118632936385826,5.1133934709693545,0.6428571428571429,7.184452751830506,1.6351341181702577,0.03745406085480352,0.016204590325376154,2.3113241435145078,1.4683065233030164,-0.03062840183705212,0.36644812433743895,-0.1610671071782177,1.6351341181702577
D1,40,sma200,1.5,3.0,0.0,4.670981288328479,0.26785714285714285,0.6807418479495408,-0.24420525154691167,-0.005685443370444299,0.11475727462794656,-0.04954320664094733,-0.21152271478724102,3.652423907835253,0.6,9.52427271729499,3.086153490511868,0.05409464200885772,0.022087050076131338,2.449156488639278,1.6290035634475781,-0.03512503793952154,-0.11708794167821882,-0.47648142015598227,3.086153490511868
D1,40,sma200,1.5,3.0,1.0,4.670981288328479,0.26785714285714285,0.6807418479495408,-0.24420525154691167,-0.005685443370444299,0.11475727462794656,-0.04954320664094733,-0.21152271478724102,3.652423907835253,0.6,9.52427271729499,3.086153490511868,0.05409464200885772,0.022087050076131338,2.449156488639278,1.6290035634475781,-0.03512503793952154,-0.11708794167821882,-0.47648142015598227,3.086153490511868
D1,40,sma200,2.5,1.0,0.0,4.587570908179756,0.43636363636363634,1.699915650480984,0.19804141491394806,0.004207984860792768,0.018769695692494693,0.22419036140662557,0.36670035034475856,5.1133934709693545,0.7142857142857143,8.124588923828926,1.0735632178073913,0.023306201515088665,0.00917534446774011,2.5400900856672672,1.785836661254338,0.023364021861070724,0.4978470513910056,0.11934155259579902,1.0735632178073913
D1,40,sma200,2.5,1.0,1.0,4.003698247138695,0.5833333333333334,1.4409424475735955,0.1823505612297653,0.0033890570058374703,0.02894853951241382,0.11707177850489357,0.25936982668996317,5.1133934709693545,0.7142857142857143,4.430236752986289,0.947095880119109,0.020825076616139748,0.010874519395166397,1.9150342060538568,1.4945227343822647,-0.10438870531491426,0.6068706262846193,0.10704763644903834,0.947095880119109
D1,40,sma200,2.5,2.0,0.0,3.5032359662463586,0.3333333333333333,0.7078499700176828,-0.18429476950894014,-0.0028997824567060793,0.07829272964532664,-0.037037697751021885,-0.16831677654583924,3.652423907835253,0.6,5.660563395918003,1.5861438693706016,0.027682225556245665,0.01600776768243888,1.7292995566529932,1.3669449202223862,-0.31134738281826835,-0.08336474990473795,-0.16838385627144425,1.5861438693706016
D1,40,sma200,2.5,2.0,1.0,3.5032359662463586,0.3333333333333333,0.7078499700176828,-0.18429476950894014,-0.0028997824567060793,0.07829272964532664,-0.037037697751021885,-0.16831677654583924,3.652423907835253,0.6,5.660563395918003,1.5861438693706016,0.027682225556245665,0.01600776768243888,1.7292995566529932,1.3669449202223862,-0.31134738281826835,-0.08336474990473795,-0.16838385627144425,1.5861438693706016
D1,40,sma200,2.5,3.0,0.0,3.002773685354022,0.2222222222222222,0.5402914614934887,-0.3901436177715814,-0.00493647607548775,0.09562752126756038,-0.05162191814713852,-0.2264404347321162,2.5566967354846772,0.5714285714285714,11.478260829729487,2.98778199051613,0.03689016446900051,0.018095408605191304,2.038647773801431,1.2821084719648161,-0.4987688790343119,-0.14761769206112776,-0.5240442822193047,2.98778199051613
D1,40,sma200,2.5,3.0,1.0,3.002773685354022,0.2222222222222222,0.5402914614934887,-0.3901436177715814,-0.00493647607548775,0.09562752126756038,-0.05162191814713852,-0.2264404347321162,2.5566967354846772,0.5714285714285714,11.478260829729487,2.98778199051613,0.03689016446900051,0.018095408605191304,2.038647773801431,1.2821084719648161,-0.4987688790343119,-0.14761769206112776,-0.5240442822193047,2.98778199051613
D1,40,sma50,1.0,1.0,0.0,13.095429683349483,0.39490445859872614,1.1044955081338959,0.03492024696702331,0.002249660096927064,0.050103065259816275,0.044900647999501525,0.12498055836794028,16.43590758525864,0.5111111111111111,3.070731312425165,0.41957477508419666,0.02982167128983826,0.01370032486672999,2.1767127115545644,1.32379794856993,0.017829873226082805,0.03560941527239658,0.04676876959724364,0.41957477508419666
D1,40,sma50,1.0,1.0,1.0,11.760863600969918,0.5106382978723404,1.0889677185300657,0.042079706166273725,0.002430363686490855,0.06928206089017866,0.03507926374106144,0.11881872837317624,13.148726068206912,0.6944444444444444,3.243002018937542,0.7307905415010142,0.04155251400412108,0.013703626552444398,3.032227552691817,1.5908767066677902,0.22831820433472044,-0.036246649005486194,-0.018868549842498552,0.7307905415010142
D1,40,sma50,1.0,2.0,0.0,8.758089915615896,0.37142857142857144,1.1971009708189222,0.11576461010542197,0.0047654776477912275,0.0638846173922235,0.07459507221485397,0.1913601141976434,6.574363034103456,0.7222222222222222,9.446690590565451,2.1594711303691074,0.06002241344074832,0.01763910732268689,3.4028033472844346,1.958478737552871,0.30804307830318145,0.043075451907344894,0.04184451012922181,2.1594711303691074
D1,40,sma50,1.0,2.0,1.0,8.758089915615896,0.37142857142857144,1.1971009708189222,0.11576461010542197,0.0047654776477912275,0.0638846173922235,0.07459507221485397,0.1913601141976434,6.574363034103456,0.7222222222222222,9.446690590565451,2.1594711303691074,0.06002241344074832,0.01763910732268689,3.4028033472844346,1.958478737552871,0.30804307830318145,0.043075451907344894,0.04184451012922181,2.1594711303691074
D1,40,sma50,1.0,3.0,0.0,7.590344593533777,0.25274725274725274,1.0560602503808243,0.042399400602370026,0.0015434381053580637,0.08310907164076403,0.018571235063598344,0.06015994888328381,5.843878252536405,0.625,7.722212000392461,2.2061581098360703,0.05681706783378404,0.022861420253383787,2.485281631852001,1.4881311884680914,0.05431405784814724,0.2356847022106173,-0.12190767814844598,2.2061581098360703
D1,40,sma50,1.0,3.0,1.0,7.590344593533777,0.25274725274725274,1.0560602503808243,0.042399400602370026,0.0015434381053580637,0.08310907164076403,0.018571235063598344,0.06015994888328381,5.843878252536405,0.625,7.722212000392461,2.2061581098360703,0.05681706783378404,0.022861420253383787,2.485281631852001,1.4881311884680914,0.05431405784814724,0.2356847022106173,-0.12190767814844598,2.2061581098360703
D1,40,sma50,1.5,1.0,0.0,10.009245617846739,0.35833333333333334,1.018498272221634,0.006792902520002975,0.00034559052970473125,0.04453434449175663,0.007760090187668543,0.02794547593424899,9.861544551155184,0.5555555555555556,4.467253377505589,0.6738992748635341,0.029684448872205005,0.013331065167761693,2.226712456855319,1.5459132401962685,0.03496264990744529,0.052181982049221746,-0.051248491369626184,0.6738992748635341
D1,40,sma50,1.5,1.0,1.0,8.090806874426114,0.5257731958762887,1.2387507050246809,0.11539713387128064,0.004325759365185089,0.037453332857901735,0.11549731452730941,0.24385898431969305,8.765817378804607,0.7083333333333334,4.24914090214324,0.8481627289913184,0.031457984541530815,0.011612161279266208,2.709055083285813,1.5508111027760532,0.035270291289632154,-0.019717042839770715,0.3400155337608323,0.8481627289913184
D1,40,sma50,1.5,2.0,0.0,6.255778511154212,0.3333333333333333,1.0046876954177546,0.0036255319817899098,8.503315461627636e-05,0.06524321703388376,0.0013033255943236948,0.013134429389422815,5.478635861752879,0.7333333333333333,7.140177947026754,1.5870862050626264,0.039119951055199165,0.016462863842019716,2.376254303661896,1.4802086669190366,0.06998656112485112,-0.008667290486774828,-0.03976048472959856,1.5870862050626264
D1,40,sma50,1.5,2.0,1.0,6.255778511154212,0.3333333333333333,1.0046876954177546,0.0036255319817899098,8.503315461627636e-05,0.06524321703388376,0.0013033255943236948,0.013134429389422815,5.478635861752879,0.7333333333333333,7.140177947026754,1.5870862050626264,0.039119951055199165,0.016462863842019716,2.376254303661896,1.4802086669190366,0.06998656112485112,-0.008667290486774828,-0.03976048472959856,1.5870862050626264
D1,40,sma50,1.5,3.0,0.0,5.671905850113152,0.2647058823529412,0.7217303956303773,-0.2119109454304056,-0.005973695998465756,0.12762583768193017,-0.0468063215643954,-0.2005050236279149,4.017666298618779,0.6363636363636364,8.559492261796846,2.7994200777418374,0.054062791365873775,0.022272161204228605,2.4273706925042093,1.6068165813565631,0.05356947601145597,-0.3200382337081728,-0.30945035378253855,2.7994200777418374
D1,40,sma50,1.5,3.0,1.0,5.671905850113152,0.2647058823529412,0.7217303956303773,-0.2119109454304056,-0.005973695998465756,0.12762583768193017,-0.0468063215643954,-0.2005050236279149,4.017666298618779,0.6363636363636364,8.559492261796846,2.7994200777418374,0.054062791365873775,0.022272161204228605,2.4273706925042093,1.6068165813565631,0.05356947601145597,-0.3200382337081728,-0.30945035378253855,2.7994200777418374
D1,40,sma50,2.5,1.0,0.0,5.588495469964429,0.417910447761194,1.7419977322004654,0.21021132778157325,0.005298564751885726,0.021883806786482978,0.24212262535412726,0.4157816148586608,5.478635861752879,0.7333333333333333,6.505420043832389,1.020428908067237,0.022986286720083404,0.009094750340686044,2.5274236080184123,1.7318543991948023,0.16463731275164004,0.24454413909022313,0.2209637835149747,1.020428908067237
D1,40,sma50,2.5,1.0,1.0,4.921212428774647,0.559322033898305,1.3211524409980353,0.1404772675665023,0.003142487511629044,0.040047290556262466,0.07846941623214587,0.22226617693013592,5.478635861752879,0.7333333333333333,4.643329276740656,0.9437259691266188,0.021888319533176714,0.01026152610107687,2.1330472015151525,1.5506457477665028,0.01572479632497619,0.20476301975274086,0.21407582569984515,0.9437259691266188
D1,40,sma50,2.5,2.0,0.0,4.003698247138695,0.3333333333333333,0.723833806946468,-0.17548467726084802,-0.003197341736756454,0.07952177449216266,-0.04020712260478507,-0.16640845998027134,4.017666298618779,0.5454545454545454,4.642522837236121,1.400840265934763,0.026501208905100215,0.016144144476895744,1.6415369016937815,1.293451287232675,-0.2595293644336744,-0.10876855097588518,-0.14873356553187259,1.400840265934763
D1,40,sma50,2.5,2.0,1.0,4.003698247138695,0.3333333333333333,0.723833806946468,-0.17548467726084802,-0.003197341736756454,0.07952177449216266,-0.04020712260478507,-0.16640845998027134,4.017666298618779,0.5454545454545454,4.642522837236121,1.400840265934763,0.026501208905100215,0.016144144476895744,1.6415369016937815,1.293451287232675,-0.2595293644336744,-0.10876855097588518,-0.14873356553187259,1.400840265934763
D1,40,sma50,2.5,3.0,0.0,3.4198255860976357,0.21951219512195122,0.543587796090281,-0.39493960484642154,-0.005840853507962707,0.10072521860464954,-0.05798799534889358,-0.2474966048058096,2.191454344701152,0.8333333333333334,24.7007948773315,3.9488288306521238,0.03987386715178309,0.018271955509379236,2.182244102516302,1.366724852661432,-0.5475251797501571,-0.15853020631915696,-0.4552887246386069,3.9488288306521238
D1,40,sma50,2.5,3.0,1.0,3.4198255860976357,0.21951219512195122,0.543587796090281,-0.39493960484642154,-0.005840853507962707,0.10072521860464954,-0.05798799534889358,-0.2474966048058096,2.191454344701152,0.8333333333333334,24.7007948773315,3.9488288306521238,0.03987386715178309,0.018271955509379236,2.182244102516302,1.366724852661432,-0.5475251797501571,-0.15853020631915696,-0.4552887246386069,3.9488288306521238
D1,40,mom60,1.0,1.0,0.0,12.09450512156481,0.4068965517241379,1.175523477024484,0.05787058496555906,0.0034267456102436977,0.04598268392774845,0.07452252277461806,0.19353655263052055,15.705422803691588,0.5348837209302325,3.4437456204005925,0.4550210574846662,0.030470443601542607,0.013502200759194938,2.2567020106549944,1.3864992422859752,0.09660272748192573,0.06571722516203861,0.024800278243331406,0.4550210574846662
D1,40,mom60,1.0,1.0,1.0,11.093580559780136,0.5112781954887218,1.0797695334550836,0.036848609403488025,0.0020546044064055913,0.07495481032481353,0.027411241486731127,0.10568743803753686,12.783483677423385,0.7142857142857143,3.3931257805511708,0.7269859521314269,0.04056697561250977,0.013700460585332313,2.9609935636719174,1.6128610091312816,0.24448890953561792,-0.002661402429962381,-0.07138932048490543,0.7269859521314269
D1,40,mom60,1.0,2.0,0.0,8.25762763472356,0.36363636363636365,1.1697270586354191,0.09853219378133453,0.003836064177258791,0.06921487404114345,0.055422540752996484,0.16085676169790475,6.20912064331993,0.7058823529411765,10.901144738247014,2.238266844518661,0.05946247289758677,0.017749128686298108,3.35016292622242,1.9705185530785503,0.3343382409057209,0.09222970772154164,-0.05559489917979201,2.238266844518661
D1,40,mom60,1.0,2.0,1.0,8.25762763472356,0.36363636363636365,1.1697270586354191,0.09853219378133453,0.003836064177258791,0.06921487404114345,0.055422540752996484,0.16085676169790475,6.20912064331993,0.7058823529411765,10.901144738247014,2.238266844518661,0.05946247289758677,0.017749128686298108,3.35016292622242,1.9705185530785503,0.3343382409057209,0.09222970772154164,-0.05559489917979201,2.238266844518661
D1,40,mom60,1.0,3.0,0.0,7.340113453087609,0.25,0.9759032636976295,-0.017169672182263233,-0.0006627630488055258,0.1080091961290957,-0.006136172405295679,-0.007897555131248013,5.478635861752879,0.6,7.5041397403011265,2.312373822689655,0.0572272984613269,0.02333908249560508,2.4519943520531804,1.491540808062931,0.08798466940578396,0.3079432958230271,-0.3226224920270192,2.312373822689655
D1,40,mom60,1.0,3.0,1.0,7.340113453087609,0.25,0.9759032636976295,-0.017169672182263233,-0.0006627630488055258,0.1080091961290957,-0.006136172405295679,-0.007897555131248013,5.478635861752879,0.6,7.5041397403011265,2.312373822689655,0.0572272984613269,0.02333908249560508,2.4519943520531804,1.491540808062931,0.08798466940578396,0.3079432958230271,-0.3226224920270192,2.312373822689655
D1,40,mom60,1.5,1.0,0.0,9.175141816359512,0.37272727272727274,1.1064574033681436,0.03928663825411534,0.0017467063901783764,0.04239639661634629,0.04119940677941764,0.11818728428905223,9.131059769588132,0.6,5.665831483965585,0.7730093582940828,0.030938129859152452,0.014213098601526987,2.1767336403216544,1.6542107594707691,0.08331680039266767,0.1051503838686433,-0.0475977772904923,0.7730093582940828
D1,40,mom60,1.5,1.0,1.0,7.6737549736825,0.5,1.1517912235589671,0.07505047478529953,0.0027302430903577424,0.043262296350058765,0.06310906541497152,0.16095698665525196,8.035332597237558,0.8181818181818182,6.610057861822385,1.008580958351695,0.03506801030605455,0.011775952233425596,2.9779341501161434,1.785873864246372,0.027657367177873364,-0.00975898838988365,0.20934517328067803,1.008580958351695
D1,40,mom60,1.5,2.0,0.0,5.922136990559321,0.3380281690140845,0.9816235924941579,-0.010388000625338489,-0.0003223051115281983,0.06329745674838276,-0.005091912504627339,-0.005080842307288722,5.1133934709693545,0.7142857142857143,7.558963126819919,1.6855423659906756,0.03912952694834315,0.01646151167442543,2.3770312060182603,1.5005330729605788,0.12285330616427773,0.007195574905307815,-0.1352679646089034,1.6855423659906756
D1,40,mom60,1.5,2.0,1.0,5.922136990559321,0.3380281690140845,0.9816235924941579,-0.010388000625338489,-0.0003223051115281983,0.06329745674838276,-0.005091912504627339,-0.005080842307288722,5.1133934709693545,0.7142857142857143,7.558963126819919,1.6855423659906756,0.03912952694834315,0.01646151167442543,2.3770312060182603,1.5005330729605788,0.12285330616427773,0.007195574905307815,-0.1352679646089034,1.6855423659906756
D1,40,mom60,1.5,3.0,0.0,5.421674709666983,0.27692307692307694,0.7217668357139556,-0.2070780155141685,-0.005663484070963731,0.12836857682804934,-0.044118928564192236,-0.19354064789684663,3.652423907835253,0.7,11.483928375660645,3.1600622864953287,0.05522957973345588,0.022081516488510217,2.5011678777675326,1.6563345621675802,0.15649451478153456,-0.35670419476882803,-0.31118948616897774,3.1600622864953287
D1,40,mom60,1.5,3.0,1.0,5.421674709666983,0.27692307692307694,0.7217668357139556,-0.2070780155141685,-0.005663484070963731,0.12836857682804934,-0.044118928564192236,-0.19354064789684663,3.652423907835253,0.7,11.483928375660645,3.1600622864953287,0.05522957973345588,0.022081516488510217,2.5011678777675326,1.6563345621675802,0.15649451478153456,-0.35670419476882803,-0.31118948616897774,3.1600622864953287
D1,40,mom60,2.5,1.0,0.0,5.254853949369538,0.42857142857142855,1.7745754456018208,0.21151768787696792,0.005064654632583654,0.01869893561534153,0.2708525627751967,0.4149041119168615,5.1133934709693545,0.7142857142857143,8.195826737452585,1.1037711597467053,0.02329994357990528,0.009083455787048764,2.5650968228552897,1.7988917934057103,0.16119801269926656,0.335469287106746,0.1468668330649755,1.1037711597467053
D1,40,mom60,2.5,1.0,1.0,4.670981288328479,0.5714285714285714,1.3294121219879087,0.14182727389751662,0.003076141310958791,0.03440902827066464,0.08939924971904395,0.22363791221260376,5.1133934709693545,0.7142857142857143,4.469081842021168,0.9773038220584225,0.0211341771138438,0.010220977968411838,2.067725532640756,1.5078886949241272,-0.018315061563218802,0.33548952304351015,0.13712140409398085,0.9773038220584225
D1,40,mom60,2.5,2.0,0.0,4.003698247138695,0.3333333333333333,0.679761174969636,-0.20090929773585878,-0.0036996327826307462,0.08414779939676967,-0.04396588870002904,-0.1997452969191336,3.652423907835253,0.6,6.176444112691876,1.6304860216214156,0.028211755916284886,0.01615734809236095,1.7460635096190786,1.3788065314549849,-0.23052172867530224,-0.1859425889362284,-0.18626357559604567,1.6304860216214156
D1,40,mom60,2.5,2.0,1.0,4.003698247138695,0.3333333333333333,0.679761174969636,-0.20090929773585878,-0.0036996327826307462,0.08414779939676967,-0.04396588870002904,-0.1997452969191336,3.652423907835253,0.6,6.176444112691876,1.6304860216214156,0.028211755916284886,0.01615734809236095,1.7460635096190786,1.3788065314549849,-0.23052172867530224,-0.1859425889362284,-0.18626357559604567,1.6304860216214156
D1,40,mom60,2.5,3.0,0.0,3.4198255860976357,0.21951219512195122,0.49554958652438363,-0.43230344390001885,-0.0065034028565146285,0.10795650650374923,-0.060240953205435294,-0.2783897386636722,2.191454344701152,0.8333333333333334,17.307206185219236,2.8206218509249896,0.027291345326122984,0.018089387129437123,1.5086937512499459,1.0308065596728768,-0.5543001683195554,-0.15853020631915696,-0.5653112302275691,2.8206218509249896
D1,40,mom60,2.5,3.0,1.0,3.4198255860976357,0.21951219512195122,0.49554958652438363,-0.43230344390001885,-0.0065034028565146285,0.10795650650374923,-0.060240953205435294,-0.2783897386636722,2.191454344701152,0.8333333333333334,17.307206185219236,2.8206218509249896,0.027291345326122984,0.018089387129437123,1.5086937512499459,1.0308065596728768,-0.5543001683195554,-0.15853020631915696,-0.5653112302275691,2.8206218509249896
D1,55,none,1.0,1.0,0.0,11.343811700226304,0.41911764705882354,1.2477466581235852,0.07838442920630748,0.004307525840169468,0.043770495970494754,0.09841162967568674,0.24654789397059448,15.340180412908063,0.5,2.6408901610469466,0.3469327572385791,0.02268279214552349,0.013512214987038536,1.6786879255016105,1.1025716965596142,0.12422042566496687,0.07632803284962636,0.04780505095195399,0.3469327572385791
D1,55,none,1.0,1.0,1.0,10.259476758292907,0.5365853658536586,1.1880245506477802,0.08505773070369407,0.0042525077918667,0.06478631520751679,0.06563898221785741,0.21363089137607003,12.052998895856335,0.696969696969697,3.147926897658386,0.6932300046815562,0.03579535181649218,0.014013198831299957,2.554402620516558,1.5048948171434573,0.2947983588032496,0.015676946290039906,-0.0038392076399532704,0.6932300046815562
D1,55,none,1.0,2.0,0.0,7.757165353831223,0.3548387096774194,1.2211611380650857,0.12805372318874841,0.0047012614624755145,0.07087048221718037,0.06633595984388319,0.19759345959268038,5.843878252536405,0.6875,9.911623093317798,2.1672854775560477,0.05396404008415834,0.01770099345616467,3.0486447112585338,1.8629097251132933,0.4163851504096586,-0.03795291522445968,0.07538502176374567,2.1672854775560477
D1,55,none,1.0,2.0,1.0,7.757165353831223,0.3548387096774194,1.2211611380650857,0.12805372318874841,0.0047012614624755145,0.07087048221718037,0.06633595984388319,0.19759345959268038,5.843878252536405,0.6875,9.911623093317798,2.1672854775560477,0.05396404008415834,0.01770099345616467,3.0486447112585338,1.8629097251132933,0.4163851504096586,-0.03795291522445968,0.07538502176374567,2.1672854775560477
D1,55,none,1.0,3.0,0.0,6.923061552343994,0.25301204819277107,0.9667477657356973,-0.02546552044164509,-0.0008655424291825753,0.0853238446649028,-0.010144203330052337,-0.015208644264833229,5.1133934709693545,0.6428571428571429,7.136687924672269,2.2937113229609554,0.05338440583794557,0.023577495280729603,2.2642102226006084,1.418588795214011,0.16706628337372273,0.016941344192300565,-0.1898016384322078,2.2937113229609554
D1,55,none,1.0,3.0,1.0,6.923061552343994,0.25301204819277107,0.9667477657356973,-0.02546552044164509,-0.0008655424291825753,0.0853238446649028,-0.010144203330052337,-0.015208644264833229,5.1133934709693545,0.6428571428571429,7.136687924672269,2.2937113229609554,0.05338440583794557,0.023577495280729603,2.2642102226006084,1.418588795214011,0.16706628337372273,0.016941344192300565,-0.1898016384322078,2.2937113229609554
D1,55,none,1.5,1.0,0.0,8.591269155318452,0.36893203883495146,1.180030670317698,0.06586146726046037,0.0027053840627984105,0.03711548852670404,0.07289097274987846,0.18402445598759895,8.765817378804607,0.5833333333333334,4.473450256479475,0.6790805669648988,0.025828951539322853,0.014118978207914171,1.8293782424598433,1.4476539082671005,0.08756439426640533,0.1421310895058998,-0.013338166346485903,0.6790805669648988
D1,55,none,1.5,1.0,1.0,7.006471932492717,0.5238095238095238,1.3267225303797698,0.15549174002841315,0.005084307312840153,0.031612739755668764,0.1608309609396775,0.30215352667059975,8.035332597237558,0.7727272727272727,4.5216223877414485,0.8044992503810096,0.027321331367781143,0.012548422853651355,2.177272131041643,1.4856035077344467,0.03111380180672293,0.13326665775690924,0.294798127953737,0.8044992503810096
D1,55,none,1.5,2.0,0.0,5.338264329518261,0.375,1.1460535695325151,0.08590841302511065,0.002122422631314791,0.05253561029779437,0.04039969497420872,0.105843073439483,5.1133934709693545,0.6428571428571429,5.323088195788663,1.4240817386660183,0.032501588962299044,0.017441946618935326,1.8634152295257382,1.31499462817088,0.10668763530119878,0.18058678666449082,-0.027660162683440695,1.4240817386660183
D1,55,none,1.5,2.0,1.0,5.338264329518261,0.375,1.1460535695325151,0.08590841302511065,0.002122422631314791,0.05253561029779437,0.04039969497420872,0.105843073439483,5.1133934709693545,0.6428571428571429,5.323088195788663,1.4240817386660183,0.032501588962299044,0.017441946618935326,1.8634152295257382,1.31499462817088,0.10668763530119878,0.18058678666449082,-0.027660162683440695,1.4240817386660183
D1,55,none,1.5,3.0,0.0,4.837802048625924,0.29310344827586204,0.8387361440882838,-0.11312865658439854,-0.002759362669909393,0.09538806824106877,-0.02892775502000748,-0.09168491618349141,4.017666298618779,0.5454545454545454,6.757354298105568,2.4649674130621158,0.047169200759282104,0.022039029990838472,2.140257569361725,1.5197824218177272,0.14813811922249975,-0.26545156338352666,-0.17051977443368557,2.4649674130621158
D1,55,none,1.5,3.0,1.0,4.837802048625924,0.29310344827586204,0.8387361440882838,-0.11312865658439854,-0.002759362669909393,0.09538806824106877,-0.02892775502000748,-0.09168491618349141,4.017666298618779,0.5454545454545454,6.757354298105568,2.4649674130621158,0.047169200759282104,0.022039029990838472,2.140257569361725,1.5197824218177272,0.14813811922249975,-0.26545156338352666,-0.17051977443368557,2.4649674130621158
D1,55,none,2.5,1.0,0.0,5.0880331890720925,0.4098360655737705,1.6843819897442054,0.18987439054769484,0.004519848704339857,0.020650883759868337,0.21886950490339083,0.3770165109099434,5.1133934709693545,0.6428571428571429,6.142915485279456,0.947558620028292,0.021177325517462764,0.00943810098635969,2.2438121342491524,1.6162093412995766,0.12358698619717844,0.31377326805354255,0.14406281048815853,0.947558620028292
D1,55,none,2.5,1.0,1.0,4.587570908179756,0.5454545454545454,1.2280305103174218,0.09704903580505922,0.0022087472586980184,0.036763358818034324,0.06008012678141133,0.16404906968331479,5.1133934709693545,0.6428571428571429,3.6604591879757695,0.81567375157272,0.018936061343967525,0.013844758008575634,1.3677423131728461,1.331329504577563,-0.01987915688377415,0.2593400421461399,0.07369441058163123,0.81567375157272
D1,55,none,2.5,2.0,0.0,3.83687748684125,0.32608695652173914,0.7157879969636184,-0.19042483004495936,-0.003213993338301413,0.08394377264135988,-0.03828745405609574,-0.17305161865611599,4.017666298618779,0.5454545454545454,4.102448832517479,1.1821325039348807,0.023474033942346262,0.018749484069875602,1.251982926829517,1.1847703921223178,-0.21808582051210096,-0.21109859521689384,-0.14024600837474044,1.1821325039348807
D1,55,none,2.5,2.0,1.0,3.83687748684125,0.32608695652173914,0.7157879969636184,-0.19042483004495936,-0.003213993338301413,0.08394377264135988,-0.03828745405609574,-0.17305161865611599,4.017666298618779,0.5454545454545454,4.102448832517479,1.1821325039348807,0.023474033942346262,0.018749484069875602,1.251982926829517,1.1847703921223178,-0.21808582051210096,-0.21109859521689384,-0.14024600837474044,1.1821325039348807
D1,55,none,2.5,3.0,0.0,3.336415205948913,0.225,0.48868690949305194,-0.44071389686939055,-0.006444875087277424,0.10731984583506193,-0.06005296631885257,-0.2821413867480085,2.9219391262682026,0.5,5.065382307179637,1.6400168488349416,0.022440111889972858,0.023840679694931526,0.9412530253801269,0.8495841672831348,-0.5410351996121407,-0.2790933684171707,-0.4904011742641909,1.6400168488349416
D1,55,none,2.5,3.0,1.0,3.336415205948913,0.225,0.48868690949305194,-0.44071389686939055,-0.006444875087277424,0.10731984583506193,-0.06005296631885257,-0.2821413867480085,2.9219391262682026,0.5,5.065382307179637,1.6400168488349416,0.022440111889972858,0.023840679694931526,0.9412530253801269,0.8495841672831348,-0.5410351996121407,-0.2790933684171707,-0.4904011742641909,1.6400168488349416
D1,55,sma200,1.0,1.0,0.0,9.759014477400571,0.4017094017094017,1.210232960932472,0.06668093429583773,0.0032302756115567544,0.03800740214088138,0.08499069732740869,0.19760532552632323,15.340180412908063,0.5,2.6408901610469466,0.3469327572385791,0.022970826749748152,0.013679373139434755,1.679230949810711,1.1026708519581556,0.06482161454527578,0.09697141995319226,0.044738570651574217,0.3469327572385791
D1,55,sma200,1.0,1.0,1.0,8.84150029576462,0.5188679245283019,1.148634939233356,0.06779705450597595,0.0030009453838608646,0.052555132221954945,0.05710090065394636,0.16014885899730685,12.052998895856335,0.696969696969697,3.147926897658386,0.6932300046815562,0.036318253388020194,0.014203127809775326,2.5570602387330554,1.5050011140970088,0.1537246399992515,0.062209735243330136,0.02249569786969682,0.6932300046815562
D1,55,sma200,1.0,2.0,0.0,6.672830411897826,0.3625,1.1901451233577534,0.11080807121702926,0.0034883512305858844,0.05498933250037881,0.06343687169801258,0.1557831744668374,5.843878252536405,0.6875,9.911623093317798,2.1672854775560477,0.05471619573608466,0.01795004956968799,3.04824761200009,1.8632331422995083,0.10474830110341853,0.06477111869247798,0.1536284740466764,2.1672854775560477
D1,55,sma200,1.0,2.0,1.0,6.672830411897826,0.3625,1.1901451233577534,0.11080807121702926,0.0034883512305858844,0.05498933250037881,0.06343687169801258,0.1557831744668374,5.843878252536405,0.6875,9.911623093317798,2.1672854775560477,0.05471619573608466,0.01795004956968799,3.04824761200009,1.8632331422995083,0.10474830110341853,0.06477111869247798,0.1536284740466764,2.1672854775560477
D1,55,sma200,1.0,3.0,0.0,5.838726610410598,0.2714285714285714,1.0112967995241722,0.009465838641690233,0.00024036318784670385,0.08485742114481044,0.0028325535304274748,0.0201149129467243,5.1133934709693545,0.6428571428571429,7.136687924672269,2.2937113229609554,0.05271126873019916,0.023278543916506224,2.264371385051405,1.4182573818532809,-0.08027703814327566,0.19307051743588963,-0.08044918998373043,2.2937113229609554
D1,55,sma200,1.0,3.0,1.0,5.838726610410598,0.2714285714285714,1.0112967995241722,0.009465838641690233,0.00024036318784670385,0.08485742114481044,0.0028325535304274748,0.0201149129467243,5.1133934709693545,0.6428571428571429,7.136687924672269,2.2937113229609554,0.05271126873019916,0.023278543916506224,2.264371385051405,1.4182573818532809,-0.08027703814327566,0.19307051743588963,-0.08044918998373043,2.2937113229609554
D1,55,sma200,1.5,1.0,0.0,7.256703072938886,0.367816091954023,1.24029054139571,0.08602416000893628,0.0030525078627809954,0.03276820975323817,0.09315455088233329,0.2194169893047538,8.765817378804607,0.5833333333333334,4.473450256479475,0.6790805669648988,0.025724307838354,0.014061966540116877,1.8293535093378333,1.4476179312406054,0.045765448913240137,0.25272728667379923,-0.010598382281612029,0.6790805669648988
D1,55,sma200,1.5,1.0,1.0,5.922136990559321,0.5352112676056338,1.3504898874093554,0.1631264948952365,0.004573397587545047,0.027523263799528627,0.16616479865383454,0.28959954543578886,8.035332597237558,0.7727272727272727,4.5216223877414485,0.8044992503810096,0.0274845280850049,0.01261893547394838,2.1780385628998844,1.485687164192021,-0.019788171573501163,0.23064521205414143,0.23890824106454916,0.8044992503810096
D1,55,sma200,1.5,2.0,0.0,4.587570908179756,0.38181818181818183,1.1386848806146905,0.0790482723089882,0.0017381826073183948,0.05363593812386027,0.03240705146807442,0.09215712843965869,5.1133934709693545,0.6428571428571429,5.323088195788663,1.4240817386660183,0.032647284064514226,0.0175142678249761,1.8640393301487483,1.315086480353855,-0.05736786293298474,0.37900544467247577,-0.07412177238964074,1.4240817386660183
D1,55,sma200,1.5,2.0,1.0,4.587570908179756,0.38181818181818183,1.1386848806146905,0.0790482723089882,0.0017381826073183948,0.05363593812386027,0.03240705146807442,0.09215712843965869,5.1133934709693545,0.6428571428571429,5.323088195788663,1.4240817386660183,0.032647284064514226,0.0175142678249761,1.8640393301487483,1.315086480353855,-0.05736786293298474,0.37900544467247577,-0.07412177238964074,1.4240817386660183
D1,55,sma200,1.5,3.0,0.0,4.337339767733587,0.2692307692307692,0.7200791196549584,-0.210353675740741,-0.004500562510637907,0.10195012992308589,-0.04414474522036667,-0.16874691447485973,4.017666298618779,0.5454545454545454,6.757354298105568,2.4649674130621158,0.04812845610629757,0.02244008893411066,2.144753358492203,1.520447267444439,-0.053235005288941276,-0.13201106657061773,-0.3908450933101116,2.4649674130621158
D1,55,sma200,1.5,3.0,1.0,4.337339767733587,0.2692307692307692,0.7200791196549584,-0.210353675740741,-0.004500562510637907,0.10195012992308589,-0.04414474522036667,-0.16874691447485973,4.017666298618779,0.5454545454545454,6.757354298105568,2.4649674130621158,0.04812845610629757,0.02244008893411066,2.144753358492203,1.520447267444439,-0.053235005288941276,-0.13201106657061773,-0.3908450933101116,2.4649674130621158
D1,55,sma200,2.5,1.0,0.0,4.504160528031033,0.4074074074074074,1.4859487588859794,0.14551549287983606,0.0030823822885268637,0.022061113174228774,0.13972016118060732,0.2752765031331391,5.1133934709693545,0.6428571428571429,6.142915485279456,0.947558620028292,0.02153736042651544,0.009590796192982386,2.24562799512666,1.6164213518324129,-0.020913254168949326,0.3882704502296164,0.10109739934391863,0.947558620028292
D1,55,sma200,2.5,1.0,1.0,3.920287866989973,0.5531914893617021,1.2634291345710058,0.11196899224712689,0.0021130597954257535,0.03312077208946622,0.06379862733024252,0.16701252611030573,5.1133934709693545,0.6428571428571429,3.6604591879757695,0.81567375157272,0.01895740112138733,0.013859611882814139,1.367816161208268,1.3313490427459933,-0.11013763107951124,0.47536913389828583,0.021739815194773127,0.81567375157272
D1,55,sma200,2.5,2.0,0.0,3.4198255860976357,0.3170731707317073,0.6618552164114272,-0.2238910883741664,-0.003429433747860644,0.08543210039536821,-0.04014221506892244,-0.20517952523005864,4.017666298618779,0.5454545454545454,4.102448832517479,1.1821325039348807,0.023533735770294495,0.01879427659409577,1.2521756638235082,1.1848296925749813,-0.3180051163126946,-0.21803565445832537,-0.142354924918517,1.1821325039348807
D1,55,sma200,2.5,2.0,1.0,3.4198255860976357,0.3170731707317073,0.6618552164114272,-0.2238910883741664,-0.003429433747860644,0.08543210039536821,-0.04014221506892244,-0.20517952523005864,4.017666298618779,0.5454545454545454,4.102448832517479,1.1821325039348807,0.023533735770294495,0.01879427659409577,1.2521756638235082,1.1848296925749813,-0.3180051163126946,-0.21803565445832537,-0.142354924918517,1.1821325039348807
D1,55,sma200,2.5,3.0,0.0,2.919363305205299,0.22857142857142856,0.5232305996750602,-0.4003588858022167,-0.0049165479739173845,0.09540818361147163,-0.051531721785407006,-0.2295925262026941,2.9219391262682026,0.5,5.065382307179637,1.6400168488349416,0.022038089694188967,0.023440282486746327,0.9401802092892784,0.849187211495272,-0.49386413721237604,-0.2437228636750496,-0.46922881749349765,1.6400168488349416
D1,55,sma200,2.5,3.0,1.0,2.919363305205299,0.22857142857142856,0.5232305996750602,-0.4003588858022167,-0.0049165479739173845,0.09540818361147163,-0.051531721785407006,-0.2295925262026941,2.9219391262682026,0.5,5.065382307179637,1.6400168488349416,0.022038089694188967,0.023440282486746327,0.9401802092892784,0.849187211495272,-0.49386413721237604,-0.2437228636750496,-0.46922881749349765,1.6400168488349416
D1,55,sma50,1.0,1.0,0.0,11.343811700226304,0.41911764705882354,1.2477466581235852,0.07838442920630748,0.004307525840169468,0.043770495970494754,0.09841162967568674,0.24654789397059448,15.340180412908063,0.5,2.6408901610469466,0.3469327572385791,0.02268279214552349,0.013512214987038536,1.6786879255016105,1.1025716965596142,0.12422042566496687,0.07632803284962636,0.04780505095195399,0.3469327572385791
D1,55,sma50,1.0,1.0,1.0,10.259476758292907,0.5365853658536586,1.1880245506477802,0.08505773070369407,0.0042525077918667,0.06478631520751679,0.06563898221785741,0.21363089137607003,12.052998895856335,0.696969696969697,3.147926897658386,0.6932300046815562,0.03579535181649218,0.014013198831299957,2.554402620516558,1.5048948171434573,0.2947983588032496,0.015676946290039906,-0.0038392076399532704,0.6932300046815562
D1,55,sma50,1.0,2.0,0.0,7.757165353831223,0.3548387096774194,1.2211611380650857,0.12805372318874841,0.0047012614624755145,0.07087048221718037,0.06633595984388319,0.19759345959268038,5.843878252536405,0.6875,9.911623093317798,2.1672854775560477,0.05396404008415834,0.01770099345616467,3.0486447112585338,1.8629097251132933,0.4163851504096586,-0.03795291522445968,0.07538502176374567,2.1672854775560477
D1,55,sma50,1.0,2.0,1.0,7.757165353831223,0.3548387096774194,1.2211611380650857,0.12805372318874841,0.0047012614624755145,0.07087048221718037,0.06633595984388319,0.19759345959268038,5.843878252536405,0.6875,9.911623093317798,2.1672854775560477,0.05396404008415834,0.01770099345616467,3.0486447112585338,1.8629097251132933,0.4163851504096586,-0.03795291522445968,0.07538502176374567,2.1672854775560477
D1,55,sma50,1.0,3.0,0.0,6.923061552343994,0.25301204819277107,0.9667477657356973,-0.02546552044164509,-0.0008655424291825753,0.0853238446649028,-0.010144203330052337,-0.015208644264833229,5.1133934709693545,0.6428571428571429,7.136687924672269,2.2937113229609554,0.05338440583794557,0.023577495280729603,2.2642102226006084,1.418588795214011,0.16706628337372273,0.016941344192300565,-0.1898016384322078,2.2937113229609554
D1,55,sma50,1.0,3.0,1.0,6.923061552343994,0.25301204819277107,0.9667477657356973,-0.02546552044164509,-0.0008655424291825753,0.0853238446649028,-0.010144203330052337,-0.015208644264833229,5.1133934709693545,0.6428571428571429,7.136687924672269,2.2937113229609554,0.05338440583794557,0.023577495280729603,2.2642102226006084,1.418588795214011,0.16706628337372273,0.016941344192300565,-0.1898016384322078,2.2937113229609554
D1,55,sma50,1.5,1.0,0.0,8.591269155318452,0.36893203883495146,1.180030670317698,0.06586146726046037,0.0027053840627984105,0.03711548852670404,0.07289097274987846,0.18402445598759895,8.765817378804607,0.5833333333333334,4.473450256479475,0.6790805669648988,0.025828951539322853,0.014118978207914171,1.8293782424598433,1.4476539082671005,0.08756439426640533,0.1421310895058998,-0.013338166346485903,0.6790805669648988
D1,55,sma50,1.5,1.0,1.0,7.006471932492717,0.5238095238095238,1.3267225303797698,0.15549174002841315,0.005084307312840153,0.031612739755668764,0.1608309609396775,0.30215352667059975,8.035332597237558,0.7727272727272727,4.5216223877414485,0.8044992503810096,0.027321331367781143,0.012548422853651355,2.177272131041643,1.4856035077344467,0.03111380180672293,0.13326665775690924,0.294798127953737,0.8044992503810096
D1,55,sma50,1.5,2.0,0.0,5.338264329518261,0.375,1.1460535695325151,0.08590841302511065,0.002122422631314791,0.05253561029779437,0.04039969497420872,0.105843073439483,5.1133934709693545,0.6428571428571429,5.323088195788663,1.4240817386660183,0.032501588962299044,0.017441946618935326,1.8634152295257382,1.31499462817088,0.10668763530119878,0.18058678666449082,-0.027660162683440695,1.4240817386660183
D1,55,sma50,1.5,2.0,1.0,5.338264329518261,0.375,1.1460535695325151,0.08590841302511065,0.002122422631314791,0.05253561029779437,0.04039969497420872,0.105843073439483,5.1133934709693545,0.6428571428571429,5.323088195788663,1.4240817386660183,0.032501588962299044,0.017441946618935326,1.8634152295257382,1.31499462817088,0.10668763530119878,0.18058678666449082,-0.027660162683440695,1.4240817386660183
D1,55,sma50,1.5,3.0,0.0,4.837802048625924,0.29310344827586204,0.8387361440882838,-0.11312865658439854,-0.002759362669909393,0.09538806824106877,-0.02892775502000748,-0.09168491618349141,4.017666298618779,0.5454545454545454,6.757354298105568,2.4649674130621158,0.047169200759282104,0.022039029990838472,2.140257569361725,1.5197824218177272,0.14813811922249975,-0.26545156338352666,-0.17051977443368557,2.4649674130621158
D1,55,sma50,1.5,3.0,1.0,4.837802048625924,0.29310344827586204,0.8387361440882838,-0.11312865658439854,-0.002759362669909393,0.09538806824106877,-0.02892775502000748,-0.09168491618349141,4.017666298618779,0.5454545454545454,6.757354298105568,2.4649674130621158,0.047169200759282104,0.022039029990838472,2.140257569361725,1.5197824218177272,0.14813811922249975,-0.26545156338352666,-0.17051977443368557,2.4649674130621158
D1,55,sma50,2.5,1.0,0.0,5.0880331890720925,0.4098360655737705,1.6843819897442054,0.18987439054769484,0.004519848704339857,0.020650883759868337,0.21886950490339083,0.3770165109099434,5.1133934709693545,0.6428571428571429,6.142915485279456,0.947558620028292,0.021177325517462764,0.00943810098635969,2.2438121342491524,1.6162093412995766,0.12358698619717844,0.31377326805354255,0.14406281048815853,0.947558620028292
D1,55,sma50,2.5,1.0,1.0,4.587570908179756,0.5454545454545454,1.2280305103174218,0.09704903580505922,0.0022087472586980184,0.036763358818034324,0.06008012678141133,0.16404906968331479,5.1133934709693545,0.6428571428571429,3.6604591879757695,0.81567375157272,0.018936061343967525,0.013844758008575634,1.3677423131728461,1.331329504577563,-0.01987915688377415,0.2593400421461399,0.07369441058163123,0.81567375157272
D1,55,sma50,2.5,2.0,0.0,3.83687748684125,0.32608695652173914,0.7157879969636184,-0.19042483004495936,-0.003213993338301413,0.08394377264135988,-0.03828745405609574,-0.17305161865611599,4.017666298618779,0.5454545454545454,4.102448832517479,1.1821325039348807,0.023474033942346262,0.018749484069875602,1.251982926829517,1.1847703921223178,-0.21808582051210096,-0.21109859521689384,-0.14024600837474044,1.1821325039348807
D1,55,sma50,2.5,2.0,1.0,3.83687748684125,0.32608695652173914,0.7157879969636184,-0.19042483004495936,-0.003213993338301413,0.08394377264135988,-0.03828745405609574,-0.17305161865611599,4.017666298618779,0.5454545454545454,4.102448832517479,1.1821325039348807,0.023474033942346262,0.018749484069875602,1.251982926829517,1.1847703921223178,-0.21808582051210096,-0.21109859521689384,-0.14024600837474044,1.1821325039348807
D1,55,sma50,2.5,3.0,0.0,3.336415205948913,0.225,0.48868690949305194,-0.44071389686939055,-0.006444875087277424,0.10731984583506193,-0.06005296631885257,-0.2821413867480085,2.9219391262682026,0.5,5.065382307179637,1.6400168488349416,0.022440111889972858,0.023840679694931526,0.9412530253801269,0.8495841672831348,-0.5410351996121407,-0.2790933684171707,-0.4904011742641909,1.6400168488349416
D1,55,sma50,2.5,3.0,1.0,3.336415205948913,0.225,0.48868690949305194,-0.44071389686939055,-0.006444875087277424,0.10731984583506193,-0.06005296631885257,-0.2821413867480085,2.9219391262682026,0.5,5.065382307179637,1.6400168488349416,0.022440111889972858,0.023840679694931526,0.9412530253801269,0.8495841672831348,-0.5410351996121407,-0.2790933684171707,-0.4904011742641909,1.6400168488349416
D1,55,mom60,1.0,1.0,0.0,11.260401320077582,0.4148148148148148,1.2205432273302936,0.07146773612919487,0.003912248112827088,0.04397338720245608,0.08896854124097527,0.22531401678720256,15.340180412908063,0.5,2.6408901610469466,0.3469327572385791,0.022788031609207948,0.013573302381996688,1.6788863143160695,1.1026079317704447,0.10763638993413442,0.08195897220204873,0.037661588060298214,0.3469327572385791
D1,55,mom60,1.0,1.0,1.0,10.259476758292907,0.5203252032520326,1.1200899769344814,0.05602257474909974,0.0028332804956308077,0.06717642322273111,0.04217670962082549,0.14604381053743098,12.052998895856335,0.696969696969697,3.147926897658386,0.6932300046815562,0.03638891414056755,0.014228762739562055,2.5574194191453334,1.5050154556776487,0.2574420379068646,0.0036701607584255446,-0.04100120459247243,0.6932300046815562
D1,55,mom60,1.0,2.0,0.0,7.840575733979946,0.35106382978723405,1.1400369033619393,0.0835415542710449,0.0030721065631451605,0.07863210909556352,0.03906936490043214,0.13349050229741277,5.843878252536405,0.6875,9.911623093317798,2.1672854775560477,0.05497683465273351,0.01803636587462899,3.0481104139757527,1.86334492725895,0.40625875290588714,-0.05494448667317803,-0.014738895881817838,2.1672854775560477
D1,55,mom60,1.0,2.0,1.0,7.840575733979946,0.35106382978723405,1.1400369033619393,0.0835415542710449,0.0030721065631451605,0.07863210909556352,0.03906936490043214,0.13349050229741277,5.843878252536405,0.6875,9.911623093317798,2.1672854775560477,0.05497683465273351,0.01803636587462899,3.0481104139757527,1.86334492725895,0.40625875290588714,-0.05494448667317803,-0.014738895881817838,2.1672854775560477
D1,55,mom60,1.0,3.0,0.0,7.006471932492717,0.25,0.9068462288261614,-0.07021739910976381,-0.0024830536264112135,0.1004304794923805,-0.024724104066431336,-0.06765832363056772,5.1133934709693545,0.6428571428571429,7.136687924672269,2.2937113229609554,0.05438515856302795,0.024022004603625847,2.2639725310359458,1.419079652174355,0.16789292800663858,-0.002473283642187082,-0.28007805880544034,2.2937113229609554
D1,55,mom60,1.0,3.0,1.0,7.006471932492717,0.25,0.9068462288261614,-0.07021739910976381,-0.0024830536264112135,0.1004304794923805,-0.024724104066431336,-0.06765832363056772,5.1133934709693545,0.6428571428571429,7.136687924672269,2.2937113229609554,0.05438515856302795,0.024022004603625847,2.2639725310359458,1.419079652174355,0.16789292800663858,-0.002473283642187082,-0.28007805880544034,2.2937113229609554
D1,55,mom60,1.5,1.0,0.0,8.507858775169728,0.37254901960784315,1.167763243277226,0.06196694381165262,0.002528259015924128,0.03719237720248335,0.06797788165461269,0.17280962504881942,8.765817378804607,0.5833333333333334,4.473450256479475,0.6790805669648988,0.02588252192559315,0.014148163606481634,1.829390912170093,1.4476723195182548,0.07356560289430149,0.1566359843724551,-0.022467282948976063,0.6790805669648988
D1,55,mom60,1.5,1.0,1.0,7.006471932492717,0.5119047619047619,1.27004582511555,0.13066595081845767,0.004332551515775052,0.03587544517917403,0.12076648788988774,0.25915500839423106,8.035332597237558,0.7727272727272727,4.5216223877414485,0.8044992503810096,0.027561818984851882,0.012652313225627692,2.1784015692106387,1.485726764057071,0.03266757893727051,0.0778785805922968,0.2782223356647325,0.8044992503810096
D1,55,mom60,1.5,2.0,0.0,5.421674709666983,0.36923076923076925,1.0902949571321487,0.05324189987958947,0.001358556750892026,0.05839372052249462,0.02326545968874647,0.07105035901875098,5.1133934709693545,0.6428571428571429,5.323088195788663,1.4240817386660183,0.03279190886601091,0.017586009515513763,1.8646588833631095,1.315177600012449,0.1087075455709106,0.1025747106036052,-0.04875662559671896,1.4240817386660183
D1,55,mom60,1.5,2.0,1.0,5.421674709666983,0.36923076923076925,1.0902949571321487,0.05324189987958947,0.001358556750892026,0.05839372052249462,0.02326545968874647,0.07105035901875098,5.1133934709693545,0.6428571428571429,5.323088195788663,1.4240817386660183,0.03279190886601091,0.017586009515513763,1.8646588833631095,1.315177600012449,0.1087075455709106,0.1025747106036052,-0.04875662559671896,1.4240817386660183
D1,55,mom60,1.5,3.0,0.0,4.921212428774647,0.288135593220339,0.8034053648098876,-0.1399752420657325,-0.0034402467855226826,0.10280816854876801,-0.033462776684819256,-0.11706993710461529,4.017666298618779,0.5454545454545454,6.757354298105568,2.4649674130621158,0.04754190206417119,0.02219505636254062,2.142004115133014,1.520041045277825,0.15051448424569014,-0.30927337459664334,-0.19494725780695532,2.4649674130621158
D1,55,mom60,1.5,3.0,1.0,4.921212428774647,0.288135593220339,0.8034053648098876,-0.1399752420657325,-0.0034402467855226826,0.10280816854876801,-0.033462776684819256,-0.11706993710461529,4.017666298618779,0.5454545454545454,6.757354298105568,2.4649674130621158,0.04754190206417119,0.02219505636254062,2.142004115133014,1.520041045277825,0.15051448424569014,-0.30927337459664334,-0.19494725780695532,2.4649674130621158
D1,55,mom60,2.5,1.0,0.0,5.0880331890720925,0.4098360655737705,1.6165975757634312,0.17531604504213352,0.004164339058571054,0.021189984099092077,0.19652393503917176,0.34841887451808423,5.1133934709693545,0.6428571428571429,6.142915485279456,0.947558620028292,0.021265766392709384,0.00947563285033523,2.244258164979138,1.6162614585574555,0.11161610634837955,0.29492077918200627,0.130802176656955,0.947558620028292
D1,55,mom60,2.5,1.0,1.0,4.587570908179756,0.5454545454545454,1.2028422406343406,0.08680784401218127,0.001969654246691377,0.037947590640140444,0.05190459297850398,0.14728606918068288,5.1133934709693545,0.6428571428571429,3.6604591879757695,0.81567375157272,0.018989430906175553,0.013881903676060492,1.3679270040551466,1.3313783650522708,-0.0227635388546201,0.2459809481028402,0.05822367111189378,0.81567375157272
D1,55,mom60,2.5,2.0,0.0,3.920287866989973,0.3191489361702128,0.6620102831665609,-0.22350045039424732,-0.003986064758159991,0.09029816518842787,-0.04414336381965404,-0.21957014244321255,4.017666298618779,0.5454545454545454,4.102448832517479,1.1821325039348807,0.02368873690800477,0.018910504729300046,1.2526760785660735,1.1849835900036867,-0.2216912979756584,-0.281877005412174,-0.16316188762162037,1.1821325039348807
D1,55,mom60,2.5,2.0,1.0,3.920287866989973,0.3191489361702128,0.6620102831665609,-0.22350045039424732,-0.003986064758159991,0.09029816518842787,-0.04414336381965404,-0.21957014244321255,4.017666298618779,0.5454545454545454,4.102448832517479,1.1821325039348807,0.02368873690800477,0.018910504729300046,1.2526760785660735,1.1849835900036867,-0.2216912979756584,-0.281877005412174,-0.16316188762162037,1.1821325039348807
D1,55,mom60,2.5,3.0,0.0,3.336415205948913,0.225,0.47514582195542054,-0.4505865255444367,-0.006653597600849381,0.10958842887470566,-0.06071441728995453,-0.2923061139977976,2.9219391262682026,0.5,5.065382307179637,1.6400168488349416,0.022495619724217653,0.023895891167679303,0.9414011624996181,0.8496389336011323,-0.5448810422399354,-0.2790933684171707,-0.5185026332296016,1.6400168488349416
D1,55,mom60,2.5,3.0,1.0,3.336415205948913,0.225,0.47514582195542054,-0.4505865255444367,-0.006653597600849381,0.10958842887470566,-0.06071441728995453,-0.2923061139977976,2.9219391262682026,0.5,5.065382307179637,1.6400168488349416,0.022495619724217653,0.023895891167679303,0.9414011624996181,0.8496389336011323,-0.5448810422399354,-0.2790933684171707,-0.5185026332296016,1.6400168488349416
D1,80,none,1.0,1.0,0.0,8.758089915615896,0.42857142857142855,1.314009144503516,0.10264187513897825,0.004370626970763514,0.034209807820765895,0.12775947160131293,0.27325322330663415,14.609695631341012,0.475,2.38460730015026,0.31113767778637813,0.01918344908977687,0.013584777753269597,1.412128298172547,0.9596519703807609,0.06746462651629606,0.09777397335261243,0.12867832332955043,0.31113767778637813
D1,80,none,1.0,1.0,1.0,8.00739649427739,0.53125,1.2334696610252671,0.11020944337704242,0.004310672598834886,0.052589054944535606,0.08196900673307872,0.23677505443729133,11.322514114289286,0.6774193548387096,2.9375875667754223,0.6693845632879405,0.03236277624438255,0.013524840476254895,2.3928397751678316,1.3871766426155971,0.24708746861594869,0.07961382824807346,0.04913426832573532,0.6693845632879405
D1,80,none,1.0,2.0,0.0,6.255778511154212,0.38666666666666666,1.1223331227320377,0.06828124408718896,0.002135889295150406,0.07068687888673576,0.030216206017142467,0.1032578099330523,5.478635861752879,0.7333333333333333,9.711507824714174,2.1059454427673305,0.050706846253411486,0.018381778975671503,2.758538568031015,1.7504475491421518,0.1532699331065713,-0.10890300611582064,0.150536561936029,2.1059454427673305
D1,80,none,1.0,2.0,1.0,6.255778511154212,0.38666666666666666,1.1223331227320377,0.06828124408718896,0.002135889295150406,0.07068687888673576,0.030216206017142467,0.1032578099330523,5.478635861752879,0.7333333333333333,9.711507824714174,2.1059454427673305,0.050706846253411486,0.018381778975671503,2.758538568031015,1.7504475491421518,0.1532699331065713,-0.10890300611582064,0.150536561936029,2.1059454427673305
D1,80,none,1.0,3.0,0.0,5.421674709666983,0.2923076923076923,1.0044124215979369,4.219571763673166e-05,8.499692616092958e-05,0.1018180736693816,0.0008347921257764825,0.014425138466825443,4.748151080185829,0.6923076923076923,8.188818102886328,2.2861749742317046,0.048952612424971065,0.023525352194891356,2.0808450398290472,1.3554222742882824,0.011098666519208848,0.0968414685046349,-0.07585629051135735,2.2861749742317046
D1,80,none,1.0,3.0,1.0,5.421674709666983,0.2923076923076923,1.0044124215979369,4.219571763673166e-05,8.499692616092958e-05,0.1018180736693816,0.0008347921257764825,0.014425138466825443,4.748151080185829,0.6923076923076923,8.188818102886328,2.2861749742317046,0.048952612424971065,0.023525352194891356,2.0808450398290472,1.3554222742882824,0.011098666519208848,0.0968414685046349,-0.07585629051135735,2.2861749742317046
D1,80,none,1.5,1.0,0.0,6.672830411897826,0.4,1.1590588981135432,0.061696693889257095,0.0019561587600416264,0.03310469888885075,0.059090063516645856,0.14781545405341787,8.035332597237558,0.5909090909090909,4.457233336203271,0.6929724732161359,0.024319369833535553,0.013010175726232379,1.8692575984581423,1.3778567683078757,0.07548621401863263,0.0654432314976709,0.049665394402693214,0.6929724732161359
D1,80,none,1.5,1.0,1.0,5.421674709666983,0.5846153846153846,1.4625269733440567,0.19505846508597258,0.004920322749664141,0.0286175552396865,0.171933720698849,0.3341678269877963,7.670090206454032,0.7142857142857143,3.3565264513128326,0.6943374870820169,0.02263667186304774,0.011591242358897285,1.95291161742228,1.2174276841261387,0.25413405525862504,0.048786790020920304,0.29092879439382496,0.6943374870820169
D1,80,none,1.5,2.0,0.0,4.170519007436141,0.4,1.087916275869966,0.04916948156736584,0.0009382716602022168,0.06382824746094054,0.014699943951561394,0.05526213547546257,4.748151080185829,0.6923076923076923,5.837659423565231,1.4215030840495315,0.03060246704191827,0.01639425138627788,1.8666583987807324,1.2498926073502419,0.40835372768500033,-0.11848383898430676,-0.03775869893785201,1.4215030840495315
D1,80,none,1.5,2.0,1.0,4.170519007436141,0.4,1.087916275869966,0.04916948156736584,0.0009382716602022168,0.06382824746094054,0.014699943951561394,0.05526213547546257,4.748151080185829,0.6923076923076923,5.837659423565231,1.4215030840495315,0.03060246704191827,0.01639425138627788,1.8666583987807324,1.2498926073502419,0.40835372768500033,-0.11848383898430676,-0.03775869893785201,1.4215030840495315
D1,80,none,1.5,3.0,0.0,3.6700567265438044,0.29545454545454547,0.9524921509446794,-0.03580731447285346,-0.0006003920650352601,0.09763293278360684,-0.006149483047548783,-0.012969747294437194,3.652423907835253,0.6,7.7765586426951945,2.5168141571685614,0.04319695539584445,0.02166555436720183,1.9938079895725032,1.4471477846866307,0.3238085024356214,-0.12004275395539304,-0.18921948825359425,2.5168141571685614
D1,80,none,1.5,3.0,1.0,3.6700567265438044,0.29545454545454547,0.9524921509446794,-0.03580731447285346,-0.0006003920650352601,0.09763293278360684,-0.006149483047548783,-0.012969747294437194,3.652423907835253,0.6,7.7765586426951945,2.5168141571685614,0.04319695539584445,0.02166555436720183,1.9938079895725032,1.4471477846866307,0.3238085024356214,-0.12004275395539304,-0.18921948825359425,2.5168141571685614
D1,80,none,2.5,1.0,0.0,4.003698247138695,0.4375,1.683749874189676,0.18410142795275783,0.003474089159672733,0.0295945039867941,0.11738967347528344,0.32127680969562566,4.748151080185829,0.6923076923076923,6.36541842918399,0.9383274605354862,0.01963754592874567,0.009292150300598847,2.113347857436195,1.533584221948422,0.22863906103029757,0.28426260224768235,0.07513716814791363,0.9383274605354862
D1,80,none,2.5,1.0,1.0,3.6700567265438044,0.5454545454545454,1.2218585084346893,0.09101605628217721,0.0016162712143521496,0.036908258454145255,0.043791587087757114,0.13632807592429458,4.748151080185829,0.6923076923076923,4.46930115720455,0.8546894915094736,0.018509059710861697,0.010440968315122885,1.772734017787684,1.3605135646761535,0.20639704387253224,0.2675146615213037,-0.1197858718724484,0.8546894915094736
D1,80,none,2.5,2.0,0.0,3.1695944456514673,0.3157894736842105,0.7069697560223622,-0.18063328853755498,-0.002666659756386247,0.07604945847254405,-0.03506480926947014,-0.15577128248072447,3.652423907835253,0.6,4.922306727021794,1.2218299079254298,0.021963519896040617,0.01637008562707561,1.34168631712675,1.1562501352933499,-0.0765806328487689,-0.15510458109349246,-0.27736153533124813,1.2218299079254298
D1,80,none,2.5,2.0,1.0,3.1695944456514673,0.3157894736842105,0.7069697560223622,-0.18063328853755498,-0.002666659756386247,0.07604945847254405,-0.03506480926947014,-0.15577128248072447,3.652423907835253,0.6,4.922306727021794,1.2218299079254298,0.021963519896040617,0.01637008562707561,1.34168631712675,1.1562501352933499,-0.0765806328487689,-0.15510458109349246,-0.27736153533124813,1.2218299079254298
D1,80,none,2.5,3.0,0.0,2.919363305205299,0.17142857142857143,0.30303454187517126,-0.5784638254295188,-0.008230791922358316,0.11328079004730794,-0.07265832025819206,-0.4187852806730317,2.9219391262682026,0.5,4.572104808661428,1.4423697217268259,0.021400552138834072,0.02316619744651297,0.9237835509364242,0.8339065227799256,-0.4323533814911902,-0.6787623198852667,-0.5982732489613889,1.4423697217268259
D1,80,none,2.5,3.0,1.0,2.919363305205299,0.17142857142857143,0.30303454187517126,-0.5784638254295188,-0.008230791922358316,0.11328079004730794,-0.07265832025819206,-0.4187852806730317,2.9219391262682026,0.5,4.572104808661428,1.4423697217268259,0.021400552138834072,0.02316619744651297,0.9237835509364242,0.8339065227799256,-0.4323533814911902,-0.6787623198852667,-0.5982732489613889,1.4423697217268259
D1,80,sma200,1.0,1.0,0.0,8.090806874426114,0.422680412371134,1.3572372077103227,0.1131664415633508,0.004462464456367332,0.03417264263655207,0.13058587548608688,0.28857753020456756,14.609695631341012,0.475,2.38460730015026,0.31113767778637813,0.01916277369154873,0.013570463740376803,1.4120942407099086,0.9596452332705869,0.12088271412963204,0.13530508368875838,0.093382844474602,0.31113767778637813
D1,80,sma200,1.0,1.0,1.0,7.423523833236332,0.5168539325842697,1.1949647517260173,0.09328684674874127,0.003443533553667333,0.05312039831856308,0.0648250702680439,0.19587557241520306,11.322514114289286,0.6774193548387096,2.9375875667754223,0.6693845632879405,0.0326904671455468,0.013662902139674922,2.3926444624541965,1.3872294755078116,0.26458282416101114,0.12117286933794624,-0.005818475834675167,0.6693845632879405
D1,80,sma200,1.0,2.0,0.0,5.922136990559321,0.36619718309859156,1.0272562296935315,0.013960024973359804,0.0004668620265602108,0.07203603782759004,0.0064809509328871105,0.03007543877183139,5.478635861752879,0.7333333333333333,9.711507824714174,2.1059454427673305,0.051687150557799155,0.018742177764688294,2.75779854437096,1.7507448516375272,-0.04363215223427989,-0.06469886014875911,0.10882047655823479,2.1059454427673305
D1,80,sma200,1.0,2.0,1.0,5.922136990559321,0.36619718309859156,1.0272562296935315,0.013960024973359804,0.0004668620265602108,0.07203603782759004,0.0064809509328871105,0.03007543877183139,5.478635861752879,0.7333333333333333,9.711507824714174,2.1059454427673305,0.051687150557799155,0.018742177764688294,2.75779854437096,1.7507448516375272,-0.04363215223427989,-0.06469886014875911,0.10882047655823479,2.1059454427673305
D1,80,sma200,1.0,3.0,0.0,5.0880331890720925,0.2786885245901639,0.9748861409973738,-0.021432052864380165,-0.0004651395087994503,0.10287703157399275,-0.00452131541591872,-0.006033235739856556,4.748151080185829,0.6923076923076923,8.188818102886328,2.2861749742317046,0.049263542487862466,0.023676476963070514,2.080695644233789,1.355527990996924,-0.12383294333541747,0.1647547924970167,-0.08487460727062261,2.2861749742317046
D1,80,sma200,1.0,3.0,1.0,5.0880331890720925,0.2786885245901639,0.9748861409973738,-0.021432052864380165,-0.0004651395087994503,0.10287703157399275,-0.00452131541591872,-0.006033235739856556,4.748151080185829,0.6923076923076923,8.188818102886328,2.2861749742317046,0.049263542487862466,0.023676476963070514,2.080695644233789,1.355527990996924,-0.12383294333541747,0.1647547924970167,-0.08487460727062261,2.2861749742317046
D1,80,sma200,1.5,1.0,0.0,6.255778511154212,0.38666666666666666,1.1308296795751704,0.04930945973560064,0.001510750342338163,0.03329129360284021,0.04537974283490369,0.11891052101562828,8.035332597237558,0.5909090909090909,4.457233336203271,0.6929724732161359,0.024446676055320582,0.013078326891238532,1.8692510333028887,1.3778892318744098,0.021649464013805686,0.11270396496018704,0.018291635420516907,0.6929724732161359
D1,80,sma200,1.5,1.0,1.0,5.0880331890720925,0.5737704918032787,1.3863872000095097,0.16459013743307233,0.003945667226342486,0.028909188474304327,0.13648488368497638,0.2776522447650137,7.670090206454032,0.7142857142857143,3.3565264513128326,0.6943374870820169,0.02289642867483721,0.01172506789093898,1.9527757866998239,1.2175243939156881,0.15714012147025327,0.10026492785090921,0.22821117286015039,0.6943374870820169
D1,80,sma200,1.5,2.0,0.0,3.920287866989973,0.3829787234042553,1.0054823852326165,0.004849059777028806,5.744483594383176e-05,0.06467038120653902,0.0008882711818315885,0.010827925054199515,4.748151080185829,0.6923076923076923,5.837659423565231,1.4215030840495315,0.03091878225038336,0.01656498648382087,1.8665141852413787,1.2500403358511982,0.2266492933553309,-0.06170452114580504,-0.06401366094261052,1.4215030840495315
D1,80,sma200,1.5,2.0,1.0,3.920287866989973,0.3829787234042553,1.0054823852326165,0.004849059777028806,5.744483594383176e-05,0.06467038120653902,0.0008882711818315885,0.010827925054199515,4.748151080185829,0.6923076923076923,5.837659423565231,1.4215030840495315,0.03091878225038336,0.01656498648382087,1.8665141852413787,1.2500403358511982,0.2266492933553309,-0.06170452114580504,-0.06401366094261052,1.4215030840495315
D1,80,sma200,1.5,3.0,0.0,3.4198255860976357,0.2926829268292683,0.9630642066775815,-0.029172389563630153,-0.000444270585299944,0.09796436699503694,-0.0045350222629668155,-0.007906376973100477,3.652423907835253,0.6,7.7765586426951945,2.5168141571685614,0.043119009197077895,0.02162660020945855,1.9937950847317871,1.4471044507526505,0.3151411476082637,-0.055796788069830267,-0.18796391056092682,2.5168141571685614
D1,80,sma200,1.5,3.0,1.0,3.4198255860976357,0.2926829268292683,0.9630642066775815,-0.029172389563630153,-0.000444270585299944,0.09796436699503694,-0.0045350222629668155,-0.007906376973100477,3.652423907835253,0.6,7.7765586426951945,2.5168141571685614,0.043119009197077895,0.02162660020945855,1.9937950847317871,1.4471044507526505,0.3151411476082637,-0.055796788069830267,-0.18796391056092682,2.5168141571685614
D1,80,sma200,2.5,1.0,0.0,3.83687748684125,0.41304347826086957,1.4166297274685395,0.12481271795346721,0.0022336099441477852,0.029883443510750486,0.07474406165220719,0.2163338079740625,4.748151080185829,0.6923076923076923,6.36541842918399,0.9383274605354862,0.01992597690542297,0.009429329493899916,2.1131912845249086,1.533703521291248,0.10876045920927768,0.2515061515216384,0.04244278604399715,0.9383274605354862
D1,80,sma200,2.5,1.0,1.0,3.5032359662463586,0.5238095238095238,1.0825949558237415,0.03693167736151458,0.0006044694000293394,0.037268017209105,0.01621952132944869,0.055656758925262985,4.748151080185829,0.6923076923076923,4.46930115720455,0.8546894915094736,0.01873110816042778,0.010566710950941556,1.7726526491915373,1.360641485889316,0.0606783295099151,0.23223848381633325,-0.11863508139098815,0.8546894915094736
D1,80,sma200,2.5,2.0,0.0,3.002773685354022,0.3055555555555556,0.6807431450690821,-0.20303822690638346,-0.0028463002794774095,0.07606154941094069,-0.03742101365960339,-0.1743189243503257,3.652423907835253,0.6,4.922306727021794,1.2218299079254298,0.022010120691494217,0.016404612030598613,1.3417032143424032,1.1562858052189096,-0.09687624201515121,-0.19060888712634172,-0.2766788896651562,1.2218299079254298
D1,80,sma200,2.5,2.0,1.0,3.002773685354022,0.3055555555555556,0.6807431450690821,-0.20303822690638346,-0.0028463002794774095,0.07606154941094069,-0.03742101365960339,-0.1743189243503257,3.652423907835253,0.6,4.922306727021794,1.2218299079254298,0.022010120691494217,0.016404612030598613,1.3417032143424032,1.1562858052189096,-0.09687624201515121,-0.19060888712634172,-0.2766788896651562,1.2218299079254298
D1,80,sma200,2.5,3.0,0.0,2.752542544907853,0.18181818181818182,0.32647500753392905,-0.5536686737037156,-0.007347471265625405,0.11221310357071408,-0.06547783665029103,-0.39743459753308175,2.9219391262682026,0.5,4.572104808661428,1.4423697217268259,0.02117742731475114,0.02292674370198316,0.9236997451547948,0.833700325622157,-0.2935457696376704,-0.6787623198852667,-0.5982732489613889,1.4423697217268259
D1,80,sma200,2.5,3.0,1.0,2.752542544907853,0.18181818181818182,0.32647500753392905,-0.5536686737037156,-0.007347471265625405,0.11221310357071408,-0.06547783665029103,-0.39743459753308175,2.9219391262682026,0.5,4.572104808661428,1.4423697217268259,0.02117742731475114,0.02292674370198316,0.9236997451547948,0.833700325622157,-0.2935457696376704,-0.6787623198852667,-0.5982732489613889,1.4423697217268259
D1,80,sma50,1.0,1.0,0.0,8.758089915615896,0.42857142857142855,1.314009144503516,0.10264187513897825,0.004370626970763514,0.034209807820765895,0.12775947160131293,0.27325322330663415,14.609695631341012,0.475,2.38460730015026,0.31113767778637813,0.01918344908977687,0.013584777753269597,1.412128298172547,0.9596519703807609,0.06746462651629606,0.09777397335261243,0.12867832332955043,0.31113767778637813
D1,80,sma50,1.0,1.0,1.0,8.00739649427739,0.53125,1.2334696610252671,0.11020944337704242,0.004310672598834886,0.052589054944535606,0.08196900673307872,0.23677505443729133,11.322514114289286,0.6774193548387096,2.9375875667754223,0.6693845632879405,0.03236277624438255,0.013524840476254895,2.3928397751678316,1.3871766426155971,0.24708746861594869,0.07961382824807346,0.04913426832573532,0.6693845632879405
D1,80,sma50,1.0,2.0,0.0,6.255778511154212,0.38666666666666666,1.1223331227320377,0.06828124408718896,0.002135889295150406,0.07068687888673576,0.030216206017142467,0.1032578099330523,5.478635861752879,0.7333333333333333,9.711507824714174,2.1059454427673305,0.050706846253411486,0.018381778975671503,2.758538568031015,1.7504475491421518,0.1532699331065713,-0.10890300611582064,0.150536561936029,2.1059454427673305
D1,80,sma50,1.0,2.0,1.0,6.255778511154212,0.38666666666666666,1.1223331227320377,0.06828124408718896,0.002135889295150406,0.07068687888673576,0.030216206017142467,0.1032578099330523,5.478635861752879,0.7333333333333333,9.711507824714174,2.1059454427673305,0.050706846253411486,0.018381778975671503,2.758538568031015,1.7504475491421518,0.1532699331065713,-0.10890300611582064,0.150536561936029,2.1059454427673305
D1,80,sma50,1.0,3.0,0.0,5.421674709666983,0.2923076923076923,1.0044124215979369,4.219571763673166e-05,8.499692616092958e-05,0.1018180736693816,0.0008347921257764825,0.014425138466825443,4.748151080185829,0.6923076923076923,8.188818102886328,2.2861749742317046,0.048952612424971065,0.023525352194891356,2.0808450398290472,1.3554222742882824,0.011098666519208848,0.0968414685046349,-0.07585629051135735,2.2861749742317046
D1,80,sma50,1.0,3.0,1.0,5.421674709666983,0.2923076923076923,1.0044124215979369,4.219571763673166e-05,8.499692616092958e-05,0.1018180736693816,0.0008347921257764825,0.014425138466825443,4.748151080185829,0.6923076923076923,8.188818102886328,2.2861749742317046,0.048952612424971065,0.023525352194891356,2.0808450398290472,1.3554222742882824,0.011098666519208848,0.0968414685046349,-0.07585629051135735,2.2861749742317046
D1,80,sma50,1.5,1.0,0.0,6.672830411897826,0.4,1.1590588981135432,0.061696693889257095,0.0019561587600416264,0.03310469888885075,0.059090063516645856,0.14781545405341787,8.035332597237558,0.5909090909090909,4.457233336203271,0.6929724732161359,0.024319369833535553,0.013010175726232379,1.8692575984581423,1.3778567683078757,0.07548621401863263,0.0654432314976709,0.049665394402693214,0.6929724732161359
D1,80,sma50,1.5,1.0,1.0,5.421674709666983,0.5846153846153846,1.4625269733440567,0.19505846508597258,0.004920322749664141,0.0286175552396865,0.171933720698849,0.3341678269877963,7.670090206454032,0.7142857142857143,3.3565264513128326,0.6943374870820169,0.02263667186304774,0.011591242358897285,1.95291161742228,1.2174276841261387,0.25413405525862504,0.048786790020920304,0.29092879439382496,0.6943374870820169
D1,80,sma50,1.5,2.0,0.0,4.170519007436141,0.4,1.087916275869966,0.04916948156736584,0.0009382716602022168,0.06382824746094054,0.014699943951561394,0.05526213547546257,4.748151080185829,0.6923076923076923,5.837659423565231,1.4215030840495315,0.03060246704191827,0.01639425138627788,1.8666583987807324,1.2498926073502419,0.40835372768500033,-0.11848383898430676,-0.03775869893785201,1.4215030840495315
D1,80,sma50,1.5,2.0,1.0,4.170519007436141,0.4,1.087916275869966,0.04916948156736584,0.0009382716602022168,0.06382824746094054,0.014699943951561394,0.05526213547546257,4.748151080185829,0.6923076923076923,5.837659423565231,1.4215030840495315,0.03060246704191827,0.01639425138627788,1.8666583987807324,1.2498926073502419,0.40835372768500033,-0.11848383898430676,-0.03775869893785201,1.4215030840495315
D1,80,sma50,1.5,3.0,0.0,3.6700567265438044,0.29545454545454547,0.9524921509446794,-0.03580731447285346,-0.0006003920650352601,0.09763293278360684,-0.006149483047548783,-0.012969747294437194,3.652423907835253,0.6,7.7765586426951945,2.5168141571685614,0.04319695539584445,0.02166555436720183,1.9938079895725032,1.4471477846866307,0.3238085024356214,-0.12004275395539304,-0.18921948825359425,2.5168141571685614
D1,80,sma50,1.5,3.0,1.0,3.6700567265438044,0.29545454545454547,0.9524921509446794,-0.03580731447285346,-0.0006003920650352601,0.09763293278360684,-0.006149483047548783,-0.012969747294437194,3.652423907835253,0.6,7.7765586426951945,2.5168141571685614,0.04319695539584445,0.02166555436720183,1.9938079895725032,1.4471477846866307,0.3238085024356214,-0.12004275395539304,-0.18921948825359425,2.5168141571685614
D1,80,sma50,2.5,1.0,0.0,4.003698247138695,0.4375,1.683749874189676,0.18410142795275783,0.003474089159672733,0.0295945039867941,0.11738967347528344,0.32127680969562566,4.748151080185829,0.6923076923076923,6.36541842918399,0.9383274605354862,0.01963754592874567,0.009292150300598847,2.113347857436195,1.533584221948422,0.22863906103029757,0.28426260224768235,0.07513716814791363,0.9383274605354862
D1,80,sma50,2.5,1.0,1.0,3.6700567265438044,0.5454545454545454,1.2218585084346893,0.09101605628217721,0.0016162712143521496,0.036908258454145255,0.043791587087757114,0.13632807592429458,4.748151080185829,0.6923076923076923,4.46930115720455,0.8546894915094736,0.018509059710861697,0.010440968315122885,1.772734017787684,1.3605135646761535,0.20639704387253224,0.2675146615213037,-0.1197858718724484,0.8546894915094736
D1,80,sma50,2.5,2.0,0.0,3.1695944456514673,0.3157894736842105,0.7069697560223622,-0.18063328853755498,-0.002666659756386247,0.07604945847254405,-0.03506480926947014,-0.15577128248072447,3.652423907835253,0.6,4.922306727021794,1.2218299079254298,0.021963519896040617,0.01637008562707561,1.34168631712675,1.1562501352933499,-0.0765806328487689,-0.15510458109349246,-0.27736153533124813,1.2218299079254298
D1,80,sma50,2.5,2.0,1.0,3.1695944456514673,0.3157894736842105,0.7069697560223622,-0.18063328853755498,-0.002666659756386247,0.07604945847254405,-0.03506480926947014,-0.15577128248072447,3.652423907835253,0.6,4.922306727021794,1.2218299079254298,0.021963519896040617,0.01637008562707561,1.34168631712675,1.1562501352933499,-0.0765806328487689,-0.15510458109349246,-0.27736153533124813,1.2218299079254298
D1,80,sma50,2.5,3.0,0.0,2.919363305205299,0.17142857142857143,0.30303454187517126,-0.5784638254295188,-0.008230791922358316,0.11328079004730794,-0.07265832025819206,-0.4187852806730317,2.9219391262682026,0.5,4.572104808661428,1.4423697217268259,0.021400552138834072,0.02316619744651297,0.9237835509364242,0.8339065227799256,-0.4323533814911902,-0.6787623198852667,-0.5982732489613889,1.4423697217268259
D1,80,sma50,2.5,3.0,1.0,2.919363305205299,0.17142857142857143,0.30303454187517126,-0.5784638254295188,-0.008230791922358316,0.11328079004730794,-0.07265832025819206,-0.4187852806730317,2.9219391262682026,0.5,4.572104808661428,1.4423697217268259,0.021400552138834072,0.02316619744651297,0.9237835509364242,0.8339065227799256,-0.4323533814911902,-0.6787623198852667,-0.5982732489613889,1.4423697217268259
D1,80,mom60,1.0,1.0,0.0,8.758089915615896,0.42857142857142855,1.314009144503516,0.10264187513897825,0.004370626970763514,0.034209807820765895,0.12775947160131293,0.27325322330663415,14.609695631341012,0.475,2.38460730015026,0.31113767778637813,0.01918344908977687,0.013584777753269597,1.412128298172547,0.9596519703807609,0.06746462651629606,0.09777397335261243,0.12867832332955043,0.31113767778637813
D1,80,mom60,1.0,1.0,1.0,8.00739649427739,0.53125,1.2334696610252671,0.11020944337704242,0.004310672598834886,0.052589054944535606,0.08196900673307872,0.23677505443729133,11.322514114289286,0.6774193548387096,2.9375875667754223,0.6693845632879405,0.03236277624438255,0.013524840476254895,2.3928397751678316,1.3871766426155971,0.24708746861594869,0.07961382824807346,0.04913426832573532,0.6693845632879405
D1,80,mom60,1.0,2.0,0.0,6.255778511154212,0.38666666666666666,1.1223331227320377,0.06828124408718896,0.002135889295150406,0.07068687888673576,0.030216206017142467,0.1032578099330523,5.478635861752879,0.7333333333333333,9.711507824714174,2.1059454427673305,0.050706846253411486,0.018381778975671503,2.758538568031015,1.7504475491421518,0.1532699331065713,-0.10890300611582064,0.150536561936029,2.1059454427673305
D1,80,mom60,1.0,2.0,1.0,6.255778511154212,0.38666666666666666,1.1223331227320377,0.06828124408718896,0.002135889295150406,0.07068687888673576,0.030216206017142467,0.1032578099330523,5.478635861752879,0.7333333333333333,9.711507824714174,2.1059454427673305,0.050706846253411486,0.018381778975671503,2.758538568031015,1.7504475491421518,0.1532699331065713,-0.10890300611582064,0.150536561936029,2.1059454427673305
D1,80,mom60,1.0,3.0,0.0,5.421674709666983,0.2923076923076923,1.0044124215979369,4.219571763673166e-05,8.499692616092958e-05,0.1018180736693816,0.0008347921257764825,0.014425138466825443,4.748151080185829,0.6923076923076923,8.188818102886328,2.2861749742317046,0.048952612424971065,0.023525352194891356,2.0808450398290472,1.3554222742882824,0.011098666519208848,0.0968414685046349,-0.07585629051135735,2.2861749742317046
D1,80,mom60,1.0,3.0,1.0,5.421674709666983,0.2923076923076923,1.0044124215979369,4.219571763673166e-05,8.499692616092958e-05,0.1018180736693816,0.0008347921257764825,0.014425138466825443,4.748151080185829,0.6923076923076923,8.188818102886328,2.2861749742317046,0.048952612424971065,0.023525352194891356,2.0808450398290472,1.3554222742882824,0.011098666519208848,0.0968414685046349,-0.07585629051135735,2.2861749742317046
D1,80,mom60,1.5,1.0,0.0,6.672830411897826,0.4,1.1590588981135432,0.061696693889257095,0.0019561587600416264,0.03310469888885075,0.059090063516645856,0.14781545405341787,8.035332597237558,0.5909090909090909,4.457233336203271,0.6929724732161359,0.024319369833535553,0.013010175726232379,1.8692575984581423,1.3778567683078757,0.07548621401863263,0.0654432314976709,0.049665394402693214,0.6929724732161359
D1,80,mom60,1.5,1.0,1.0,5.421674709666983,0.5846153846153846,1.4625269733440567,0.19505846508597258,0.004920322749664141,0.0286175552396865,0.171933720698849,0.3341678269877963,7.670090206454032,0.7142857142857143,3.3565264513128326,0.6943374870820169,0.02263667186304774,0.011591242358897285,1.95291161742228,1.2174276841261387,0.25413405525862504,0.048786790020920304,0.29092879439382496,0.6943374870820169
D1,80,mom60,1.5,2.0,0.0,4.170519007436141,0.4,1.087916275869966,0.04916948156736584,0.0009382716602022168,0.06382824746094054,0.014699943951561394,0.05526213547546257,4.748151080185829,0.6923076923076923,5.837659423565231,1.4215030840495315,0.03060246704191827,0.01639425138627788,1.8666583987807324,1.2498926073502419,0.40835372768500033,-0.11848383898430676,-0.03775869893785201,1.4215030840495315
D1,80,mom60,1.5,2.0,1.0,4.170519007436141,0.4,1.087916275869966,0.04916948156736584,0.0009382716602022168,0.06382824746094054,0.014699943951561394,0.05526213547546257,4.748151080185829,0.6923076923076923,5.837659423565231,1.4215030840495315,0.03060246704191827,0.01639425138627788,1.8666583987807324,1.2498926073502419,0.40835372768500033,-0.11848383898430676,-0.03775869893785201,1.4215030840495315
D1,80,mom60,1.5,3.0,0.0,3.6700567265438044,0.29545454545454547,0.9524921509446794,-0.03580731447285346,-0.0006003920650352601,0.09763293278360684,-0.006149483047548783,-0.012969747294437194,3.652423907835253,0.6,7.7765586426951945,2.5168141571685614,0.04319695539584445,0.02166555436720183,1.9938079895725032,1.4471477846866307,0.3238085024356214,-0.12004275395539304,-0.18921948825359425,2.5168141571685614
D1,80,mom60,1.5,3.0,1.0,3.6700567265438044,0.29545454545454547,0.9524921509446794,-0.03580731447285346,-0.0006003920650352601,0.09763293278360684,-0.006149483047548783,-0.012969747294437194,3.652423907835253,0.6,7.7765586426951945,2.5168141571685614,0.04319695539584445,0.02166555436720183,1.9938079895725032,1.4471477846866307,0.3238085024356214,-0.12004275395539304,-0.18921948825359425,2.5168141571685614
D1,80,mom60,2.5,1.0,0.0,4.003698247138695,0.4375,1.683749874189676,0.18410142795275783,0.003474089159672733,0.0295945039867941,0.11738967347528344,0.32127680969562566,4.748151080185829,0.6923076923076923,6.36541842918399,0.9383274605354862,0.01963754592874567,0.009292150300598847,2.113347857436195,1.533584221948422,0.22863906103029757,0.28426260224768235,0.07513716814791363,0.9383274605354862
D1,80,mom60,2.5,1.0,1.0,3.6700567265438044,0.5454545454545454,1.2218585084346893,0.09101605628217721,0.0016162712143521496,0.036908258454145255,0.043791587087757114,0.13632807592429458,4.748151080185829,0.6923076923076923,4.46930115720455,0.8546894915094736,0.018509059710861697,0.010440968315122885,1.772734017787684,1.3605135646761535,0.20639704387253224,0.2675146615213037,-0.1197858718724484,0.8546894915094736
D1,80,mom60,2.5,2.0,0.0,3.1695944456514673,0.3157894736842105,0.7069697560223622,-0.18063328853755498,-0.002666659756386247,0.07604945847254405,-0.03506480926947014,-0.15577128248072447,3.652423907835253,0.6,4.922306727021794,1.2218299079254298,0.021963519896040617,0.01637008562707561,1.34168631712675,1.1562501352933499,-0.0765806328487689,-0.15510458109349246,-0.27736153533124813,1.2218299079254298
D1,80,mom60,2.5,2.0,1.0,3.1695944456514673,0.3157894736842105,0.7069697560223622,-0.18063328853755498,-0.002666659756386247,0.07604945847254405,-0.03506480926947014,-0.15577128248072447,3.652423907835253,0.6,4.922306727021794,1.2218299079254298,0.021963519896040617,0.01637008562707561,1.34168631712675,1.1562501352933499,-0.0765806328487689,-0.15510458109349246,-0.27736153533124813,1.2218299079254298
D1,80,mom60,2.5,3.0,0.0,2.919363305205299,0.17142857142857143,0.30303454187517126,-0.5784638254295188,-0.008230791922358316,0.11328079004730794,-0.07265832025819206,-0.4187852806730317,2.9219391262682026,0.5,4.572104808661428,1.4423697217268259,0.021400552138834072,0.02316619744651297,0.9237835509364242,0.8339065227799256,-0.4323533814911902,-0.6787623198852667,-0.5982732489613889,1.4423697217268259
D1,80,mom60,2.5,3.0,1.0,2.919363305205299,0.17142857142857143,0.30303454187517126,-0.5784638254295188,-0.008230791922358316,0.11328079004730794,-0.07265832025819206,-0.4187852806730317,2.9219391262682026,0.5,4.572104808661428,1.4423697217268259,0.021400552138834072,0.02316619744651297,0.9237835509364242,0.8339065227799256,-0.4323533814911902,-0.6787623198852667,-0.5982732489613889,1.4423697217268259
