sym,rule,lo,trend_n,exit_ma,sl_atr,max_hold,ibs_lo,dev_n,dev_win,dev_avg_r,dev_pf,hold_n,hold_win,hold_avg_r,hold_pf,worst_year_r
US500,rsi2,5,0,3,0.0,5,0.1,63.0,0.7301587301587301,0.0017869229245683516,1.1969998972913694,14.0,0.9285714285714286,0.018081814094723276,9.296938678801776,-0.161060574259572
US500,rsi2,5,0,3,0.0,10,0.1,62.0,0.7258064516129032,0.002062452007120934,1.2415784069876414,14.0,0.9285714285714286,0.018081814094723276,9.296938678801776,-0.15986432068495035
US500,rsi2,5,0,3,2.0,5,0.1,73.0,0.726027397260274,0.08811024896699439,1.4225671615585835,15.0,0.8666666666666667,0.33513346061738386,3.4446465393269623,-1.2134652279497593
US500,rsi2,5,0,3,2.0,10,0.1,73.0,0.726027397260274,0.08811024896699439,1.4225671615585835,15.0,0.8666666666666667,0.33513346061738386,3.4446465393269623,-1.2134652279497593
US500,rsi2,5,0,3,3.0,5,0.1,71.0,0.7323943661971831,0.04289189895462195,1.2603032460289418,15.0,0.9333333333333333,0.2737252724783471,4.955295146847839,-1.487561199770406
US500,rsi2,5,0,3,3.0,10,0.1,71.0,0.7323943661971831,0.04289189895462195,1.2603032460289418,15.0,0.9333333333333333,0.2737252724783471,4.955295146847839,-1.487561199770406
US500,rsi2,5,0,5,0.0,5,0.1,62.0,0.7258064516129032,0.0005422650350849471,1.0548260885972993,14.0,0.9285714285714286,0.021582164546512465,10.919094390171685,-0.19168680559000825
US500,rsi2,5,0,5,0.0,10,0.1,61.0,0.7377049180327869,0.0025609266015312443,1.3127905856208713,14.0,0.9285714285714286,0.015103256329048033,2.7265111743517805,-0.14714045238045664
US500,rsi2,5,0,5,2.0,5,0.1,72.0,0.7222222222222222,0.07520506683053112,1.3078082108150753,15.0,0.8666666666666667,0.416808304492465,4.040387890160543,-1.1753536335083787
US500,rsi2,5,0,5,2.0,10,0.1,72.0,0.7361111111111112,0.08785825493193962,1.3772583019736642,15.0,0.8666666666666667,0.416808304492465,4.040387890160543,-1.0881249612725514
US500,rsi2,5,0,5,3.0,5,0.1,70.0,0.7428571428571429,0.030165246438355275,1.1602999268510228,15.0,0.8666666666666667,0.25800021612884044,3.3199885777089757,-1.450235755672253
US500,rsi2,5,0,5,3.0,10,0.1,70.0,0.7571428571428571,0.045391463269192744,1.261029875584666,15.0,0.8666666666666667,0.23070089775891783,2.666352168779392,-1.4040010219856007
US500,rsi2,5,0,10,0.0,5,0.1,62.0,0.6451612903225806,0.0022563920268557605,1.1940932731741054,14.0,0.9285714285714286,0.02753353837604714,13.679987365330353,-0.16258794515779618
US500,rsi2,5,0,10,0.0,10,0.1,58.0,0.7413793103448276,0.0004542828608058315,1.0293439872808792,14.0,0.9285714285714286,0.022771145165119376,3.6177196661733406,-0.17597792968994236
US500,rsi2,5,0,10,2.0,5,0.1,72.0,0.6527777777777778,0.10082967024059447,1.3604867177591429,15.0,0.8666666666666667,0.555673693848274,5.053230370009451,-3.42632962868801
US500,rsi2,5,0,10,2.0,10,0.1,72.0,0.6666666666666666,0.0657389878798163,1.1904558692143747,15.0,0.8666666666666667,0.595725710667463,5.345294351277437,-2.931038454378019
US500,rsi2,5,0,10,3.0,5,0.1,70.0,0.6714285714285714,0.045539877423293816,1.213460929938026,15.0,0.8666666666666667,0.3505771423660464,4.1521328971008264,-1.9793439262227803
US500,rsi2,5,0,10,3.0,10,0.1,69.0,0.7101449275362319,0.011023058802488234,1.0406587019034383,15.0,0.8666666666666667,0.3499791685422498,3.5274477359071774,-2.185779842814613
US500,rsi2,5,100,3,0.0,5,0.1,37.0,0.7567567567567568,0.0026001525855880434,1.2814078357208498,7.0,0.8571428571428571,0.007363467270761149,2.719852889178884,-0.1541913186528044
US500,rsi2,5,100,3,0.0,10,0.1,37.0,0.7567567567567568,0.0026001525855880434,1.2814078357208498,7.0,0.8571428571428571,0.007363467270761149,2.719852889178884,-0.1541913186528044
US500,rsi2,5,100,3,2.0,5,0.1,39.0,0.7692307692307693,0.14786948214520743,1.8978451883219858,8.0,0.75,-0.0016282814386482936,0.9932453927383647,-1.5640215174134358
US500,rsi2,5,100,3,2.0,10,0.1,39.0,0.7692307692307693,0.14786948214520743,1.8978451883219858,8.0,0.75,-0.0016282814386482936,0.9932453927383647,-1.5640215174134358
US500,rsi2,5,100,3,3.0,5,0.1,38.0,0.7631578947368421,0.05905604124898059,1.3976772504294042,7.0,0.8571428571428571,0.046351507047740395,1.3125761479315758,-1.3504470447679386
US500,rsi2,5,100,3,3.0,10,0.1,38.0,0.7631578947368421,0.05905604124898059,1.3976772504294042,7.0,0.8571428571428571,0.046351507047740395,1.3125761479315758,-1.3504470447679386
US500,rsi2,5,100,5,0.0,5,0.1,36.0,0.75,0.0021707260127092932,1.2128492811780551,7.0,0.8571428571428571,0.01103182730453613,3.566318530867465,-0.16936415012939648
US500,rsi2,5,100,5,0.0,10,0.1,36.0,0.7777777777777778,0.004593674837950979,1.579823434352092,7.0,0.8571428571428571,-0.0019259891303927445,0.8905140827851273,-0.12601405049446654
US500,rsi2,5,100,5,2.0,5,0.1,38.0,0.7368421052631579,0.09199733964720931,1.4201797900854478,8.0,0.75,0.07861709430017935,1.3053578173659512,-1.170623655965339
US500,rsi2,5,100,5,2.0,10,0.1,38.0,0.7631578947368421,0.11122625483380728,1.5504936774083344,8.0,0.75,0.07861709430017935,1.3053578173659512,-1.170623655965339
US500,rsi2,5,100,5,3.0,5,0.1,37.0,0.7567567567567568,0.03889350189647517,1.2246898918041687,7.0,0.8571428571428571,0.10749084094399002,1.72484138591091,-1.4470824373102222
US500,rsi2,5,100,5,3.0,10,0.1,37.0,0.7837837837837838,0.05865749201979531,1.3787231382404963,7.0,0.8571428571428571,0.10749084094399002,1.72484138591091,-1.4470824373102222
US500,rsi2,5,100,10,0.0,5,0.1,36.0,0.6388888888888888,0.0025363012471489826,1.2024436438530108,7.0,0.8571428571428571,0.01893203333916387,5.399124377095992,-0.15507687203611228
US500,rsi2,5,100,10,0.0,10,0.1,34.0,0.7352941176470589,-0.0034283984190591715,0.8329468905342184,7.0,0.8571428571428571,0.009083908711509714,1.5309956011171015,-0.21059329608427355
US500,rsi2,5,100,10,2.0,5,0.1,38.0,0.631578947368421,0.13085615236942474,1.4845626916772792,8.0,0.75,0.25143410130766114,1.97742825769373,-1.1297896019896514
US500,rsi2,5,100,10,2.0,10,0.1,38.0,0.6578947368421053,0.08300876973806351,1.22897214981633,8.0,0.75,0.31945860959179556,2.2419827645414436,-2.134097917543902
US500,rsi2,5,100,10,3.0,5,0.1,37.0,0.6486486486486487,0.044821748941443106,1.213652940720699,7.0,0.8571428571428571,0.23916094152111902,2.6130654316544346,-1.2256797597433347
US500,rsi2,5,100,10,3.0,10,0.1,36.0,0.7222222222222222,0.013072749079176644,1.047161836303523,7.0,0.8571428571428571,0.290989138309031,2.9626099049725974,-2.099585478576522
US500,rsi2,5,200,3,0.0,5,0.1,41.0,0.7317073170731707,0.00188567264468264,1.1899603676286203,7.0,0.8571428571428571,0.012614573972503786,19.97275546485483,-0.13268477465063272
US500,rsi2,5,200,3,0.0,10,0.1,41.0,0.7317073170731707,0.0022295659768550836,1.2324037699177202,7.0,0.8571428571428571,0.012614573972503786,19.97275546485483,-0.13268477465063272
US500,rsi2,5,200,3,2.0,5,0.1,47.0,0.723404255319149,0.11012882569954276,1.5403025760852846,7.0,0.8571428571428571,0.18575894113285327,2.272357977581158,-1.7087653957753726
US500,rsi2,5,200,3,2.0,10,0.1,47.0,0.723404255319149,0.11012882569954276,1.5403025760852846,7.0,0.8571428571428571,0.18575894113285327,2.272357977581158,-1.7087653957753726
US500,rsi2,5,200,3,3.0,5,0.1,46.0,0.717391304347826,0.023247871429025416,1.1220406149959212,7.0,0.8571428571428571,0.21024289954172973,20.371021346907895,-1.8058435971835822
US500,rsi2,5,200,3,3.0,10,0.1,46.0,0.717391304347826,0.023247871429025416,1.1220406149959212,7.0,0.8571428571428571,0.21024289954172973,20.371021346907895,-1.8058435971835822
US500,rsi2,5,200,5,0.0,5,0.1,40.0,0.725,0.0006623829808710749,1.0628638764931835,7.0,0.8571428571428571,0.009060257953393247,2.200956399357179,-0.16745062009839323
US500,rsi2,5,200,5,0.0,10,0.1,40.0,0.75,0.0031955275890653465,1.3797457627209972,7.0,0.8571428571428571,-0.002250588163190007,0.8610570522658184,-0.12410052046346329
US500,rsi2,5,200,5,2.0,5,0.1,46.0,0.717391304347826,0.07782639721580555,1.3153138493860315,7.0,0.8571428571428571,0.2623447267548602,2.7972074590284777,-1.7645014591781354
US500,rsi2,5,200,5,2.0,10,0.1,46.0,0.7391304347826086,0.09371115323951691,1.4024851394728757,7.0,0.8571428571428571,0.2623447267548602,2.7972074590284777,-1.7645014591781354
US500,rsi2,5,200,5,3.0,5,0.1,45.0,0.7333333333333333,0.003469373848946827,1.0165273741958027,7.0,0.8571428571428571,0.12375845487941975,1.8333175350012307,-1.843000972785424
US500,rsi2,5,200,5,3.0,10,0.1,45.0,0.7555555555555555,0.01971976572812117,1.101210704958405,7.0,0.8571428571428571,0.12375845487941975,1.8333175350012307,-1.843000972785424
US500,rsi2,5,200,10,0.0,5,0.1,40.0,0.675,0.003418400285365683,1.2977720027225907,7.0,0.8571428571428571,0.01339569594180197,2.7883574314220616,-0.15316334200510903
US500,rsi2,5,200,10,0.0,10,0.1,37.0,0.7297297297297297,-0.00011513038101841195,0.9941949524954886,7.0,0.8571428571428571,0.005194541632493434,1.2581211311721912,-0.179611039680843
US500,rsi2,5,200,10,2.0,5,0.1,46.0,0.6739130434782609,0.1574649011054023,1.6062474637570114,7.0,0.8571428571428571,0.37073067646507823,3.5399284465468424,-1.104517481372805
US500,rsi2,5,200,10,2.0,10,0.1,46.0,0.6521739130434783,0.0989625953039161,1.2879275801440835,7.0,0.8571428571428571,0.4484729716469462,4.072622157639291,-2.1088257969270554
US500,rsi2,5,200,10,3.0,5,0.1,45.0,0.6888888888888889,0.056006172070595925,1.2563476642832565,7.0,0.8571428571428571,0.19601575468623175,2.320345234367657,-1.223582911345109
US500,rsi2,5,200,10,3.0,10,0.1,44.0,0.6818181818181818,-0.0011667465368339796,0.995955682094494,7.0,0.8571428571428571,0.2478439514741437,2.669656274195707,-2.078810612724662
US500,rsi2,10,0,3,0.0,5,0.2,130.0,0.7153846153846154,0.002669427308576612,1.334960989458302,33.0,0.8787878787878788,0.010235009487790101,6.0817477629827295,-0.19457046576980694
US500,rsi2,10,0,3,0.0,10,0.2,125.0,0.704,0.002932840913675219,1.3853099334250436,33.0,0.8787878787878788,0.010235009487790101,6.0817477629827295,-0.1888829736323041
US500,rsi2,10,0,3,2.0,5,0.2,152.0,0.6907894736842105,0.06718683579067697,1.305155378236315,36.0,0.8055555555555556,0.20488978464989638,2.4711485107534945,-2.234111946662252
US500,rsi2,10,0,3,2.0,10,0.2,152.0,0.6907894736842105,0.06718683579067697,1.305155378236315,36.0,0.8055555555555556,0.20488978464989638,2.4711485107534945,-2.234111946662252
US500,rsi2,10,0,3,3.0,5,0.2,138.0,0.7101449275362319,0.05245142673685368,1.3776154021495144,35.0,0.8571428571428571,0.13474571349570238,2.5450869346038885,-1.517662397356667
US500,rsi2,10,0,3,3.0,10,0.2,138.0,0.7101449275362319,0.05245142673685368,1.3776154021495144,35.0,0.8571428571428571,0.13474571349570238,2.5450869346038885,-1.517662397356667
US500,rsi2,10,0,5,0.0,5,0.2,125.0,0.728,0.0024283814850707378,1.2637391914667244,32.0,0.875,0.01175162491024664,5.162433387084202,-0.2551157844431907
US500,rsi2,10,0,5,0.0,10,0.2,118.0,0.7372881355932204,0.003397575293846204,1.412665791291131,32.0,0.90625,0.009712201753352686,2.9801289635960133,-0.24522525487114066
US500,rsi2,10,0,5,2.0,5,0.2,148.0,0.6891891891891891,0.0651680458045752,1.2640682197339965,36.0,0.8055555555555556,0.21799924679622962,2.2518704814108466,-3.536061657729167
US500,rsi2,10,0,5,2.0,10,0.2,147.0,0.6938775510204082,0.07021891053076765,1.2903466469973148,36.0,0.8055555555555556,0.21799924679622962,2.2518704814108466,-3.536061657729167
US500,rsi2,10,0,5,3.0,5,0.2,133.0,0.7293233082706767,0.05029936452534825,1.3169041348537716,34.0,0.8235294117647058,0.12652216928048501,2.0519057916565018,-2.876750550908877
US500,rsi2,10,0,5,3.0,10,0.2,133.0,0.7368421052631579,0.052249444023113226,1.3321773933901182,34.0,0.8529411764705882,0.12695049648193857,2.05754782437594,-2.876750550908877
US500,rsi2,10,0,10,0.0,5,0.2,124.0,0.6774193548387096,0.0032785974451223486,1.3262042207079257,32.0,0.78125,0.009390490559814503,1.9751652596405012,-0.3311349010686602
US500,rsi2,10,0,10,0.0,10,0.2,115.0,0.7739130434782608,0.004723265100118652,1.4191991931890722,30.0,0.8666666666666667,0.012728059993143257,2.976756044593835,-0.2770361165410409
US500,rsi2,10,0,10,2.0,5,0.2,147.0,0.6258503401360545,0.08271271506765707,1.2981075659021457,36.0,0.7222222222222222,0.21752948997133004,1.8849365755318206,-4.836288078763675
US500,rsi2,10,0,10,2.0,10,0.2,144.0,0.6805555555555556,0.08349806519243723,1.2618450697750618,35.0,0.7428571428571429,0.2250742021886608,1.8428810584542097,-4.1986820480743985
US500,rsi2,10,0,10,3.0,5,0.2,132.0,0.6742424242424242,0.05821920774411507,1.3277604328140749,33.0,0.7575757575757576,0.16097627853871438,2.1212793950742492,-4.3132156904652055
US500,rsi2,10,0,10,3.0,10,0.2,131.0,0.7709923664122137,0.07262017759954803,1.352059160644331,32.0,0.84375,0.2159178318770571,2.731658854527983,-3.1708725047264226
US500,rsi2,10,100,3,0.0,5,0.2,80.0,0.725,0.00454362476824014,1.6363165871822047,20.0,0.9,0.008960240091051704,6.191225885275174,-0.22270934905726714
US500,rsi2,10,100,3,0.0,10,0.2,80.0,0.725,0.004664451894710251,1.664722424865325,20.0,0.9,0.008960240091051704,6.191225885275174,-0.21304317893965827
US500,rsi2,10,100,3,2.0,5,0.2,86.0,0.6976744186046512,0.08172847893665273,1.3925031680673423,22.0,0.8181818181818182,0.12717479791106923,1.8714436879024126,-3.118491163264115
US500,rsi2,10,100,3,2.0,10,0.2,86.0,0.6976744186046512,0.08172847893665273,1.3925031680673423,22.0,0.8181818181818182,0.12717479791106923,1.8714436879024126,-3.118491163264115
US500,rsi2,10,100,3,3.0,5,0.2,81.0,0.7283950617283951,0.08325281550958948,1.7170435005715359,20.0,0.9,0.12260680323813085,3.1979443062807036,-2.252104886248981
US500,rsi2,10,100,3,3.0,10,0.2,81.0,0.7283950617283951,0.08325281550958948,1.7170435005715359,20.0,0.9,0.12260680323813085,3.1979443062807036,-2.252104886248981
US500,rsi2,10,100,5,0.0,5,0.2,77.0,0.7402597402597403,0.0039157522970198755,1.4484321177062596,20.0,0.95,0.012307157894458996,9.21316791212752,-0.29324827621461413
US500,rsi2,10,100,5,0.0,10,0.2,76.0,0.7631578947368421,0.005572373580713348,1.76522679187495,20.0,0.95,0.00777192214223389,2.3005392540800242,-0.25687497100235673
US500,rsi2,10,100,5,2.0,5,0.2,83.0,0.6867469879518072,0.05615284159173601,1.2249497114499974,22.0,0.8636363636363636,0.20324111162487127,2.445231326767516,-4.24465645876613
US500,rsi2,10,100,5,2.0,10,0.2,83.0,0.6987951807228916,0.058136339043299165,1.2337812705740208,22.0,0.8636363636363636,0.20324111162487127,2.445231326767516,-4.24465645876613
US500,rsi2,10,100,5,3.0,5,0.2,78.0,0.7435897435897436,0.07125228050216004,1.5039936237492642,20.0,0.95,0.17838876662825234,4.436649564381686,-3.5274921048639536
US500,rsi2,10,100,5,3.0,10,0.2,78.0,0.7564102564102564,0.07142173033074013,1.5030997799089736,20.0,0.95,0.17838876662825234,4.436649564381686,-3.5274921048639536
US500,rsi2,10,100,10,0.0,5,0.2,77.0,0.7272727272727273,0.005860331041505342,1.637212762301014,20.0,0.9,0.016825299885447894,9.198527550964512,-0.29276255982423394
US500,rsi2,10,100,10,0.0,10,0.2,74.0,0.8108108108108109,0.00582664039015407,1.4863418959600905,20.0,0.9,0.014561256169729805,3.4135960791581885,-0.2558164568979371
US500,rsi2,10,100,10,2.0,5,0.2,83.0,0.6385542168674698,0.09031523209867363,1.3276936317961925,22.0,0.8181818181818182,0.3099496475158817,3.018597527157609,-4.232513549006625
US500,rsi2,10,100,10,2.0,10,0.2,82.0,0.7073170731707317,0.11376039465639178,1.3721486797617568,22.0,0.8181818181818182,0.29864032071890495,2.5751774001302032,-2.941823364102065
US500,rsi2,10,100,10,3.0,5,0.2,78.0,0.7307692307692307,0.10324641796484824,1.6938080015968264,20.0,0.9,0.253691133144734,5.132495740740415,-3.5193968316909503
US500,rsi2,10,100,10,3.0,10,0.2,77.0,0.8051948051948052,0.11121747408678649,1.6014955965131226,20.0,0.9,0.2915443337531842,6.513026293269553,-2.639214305239576
US500,rsi2,10,200,3,0.0,5,0.2,85.0,0.7294117647058823,0.004020486814004834,1.5165110964338926,20.0,0.85,0.008696196323625682,6.166861280707953,-0.16839263074210095
US500,rsi2,10,200,3,0.0,10,0.2,85.0,0.7294117647058823,0.0045622462941719176,1.6304761988712309,20.0,0.85,0.008696196323625682,6.166861280707953,-0.15872646062449208
US500,rsi2,10,200,3,2.0,5,0.2,98.0,0.7040816326530612,0.08270631395692098,1.3853061058113887,21.0,0.8095238095238095,0.145724706522129,2.092796470700957,-2.4825179059651417
US500,rsi2,10,200,3,2.0,10,0.2,98.0,0.7040816326530612,0.08270631395692098,1.3853061058113887,21.0,0.8095238095238095,0.145724706522129,2.092796470700957,-2.4825179059651417
US500,rsi2,10,200,3,3.0,5,0.2,90.0,0.7222222222222222,0.06586731365792038,1.4738068483672564,20.0,0.85,0.14493660539376133,6.073782148690141,-1.4324420578990642
US500,rsi2,10,200,3,3.0,10,0.2,90.0,0.7222222222222222,0.06586731365792038,1.4738068483672564,20.0,0.85,0.14493660539376133,6.073782148690141,-1.4324420578990642
US500,rsi2,10,200,5,0.0,5,0.2,81.0,0.7283950617283951,0.0028665588366818405,1.3041094517334335,20.0,0.9,0.009142743080515908,3.0936459798211877,-0.250153883460303
US500,rsi2,10,200,5,0.0,10,0.2,79.0,0.7468354430379747,0.004701786703041331,1.6100646771217975,19.0,0.9473684210526315,0.007385278855833194,2.0489753715513173,-0.21378057824804558
US500,rsi2,10,200,5,2.0,5,0.2,94.0,0.6914893617021277,0.05906401832036393,1.2333512753158886,21.0,0.8571428571428571,0.2061315535461194,2.4027524309800428,-2.8712864146008044
US500,rsi2,10,200,5,2.0,10,0.2,94.0,0.7021276595744681,0.06081540436802076,1.241066423287866,21.0,0.8571428571428571,0.2061315535461194,2.4027524309800428,-2.8712864146008044
US500,rsi2,10,200,5,3.0,5,0.2,86.0,0.7325581395348837,0.05101309270721757,1.311298145204,20.0,0.9,0.14284300582160142,2.731494858442808,-2.4571158013037957
US500,rsi2,10,200,5,3.0,10,0.2,86.0,0.7441860465116279,0.051309193982527035,1.3120826278875295,20.0,0.9,0.15066655464185072,3.0177489727547395,-2.4571158013037957
US500,rsi2,10,200,10,0.0,5,0.2,81.0,0.7407407407407407,0.005181720363463506,1.5574790760072539,20.0,0.8,0.009228444213617267,2.484557153398196,-0.24967249469811725
US500,rsi2,10,200,10,0.0,10,0.2,78.0,0.7948717948717948,0.006493154655327396,1.6033217925532401,19.0,0.8421052631578947,0.008466399123206746,1.8567543485877602,-0.2061329872975608
US500,rsi2,10,200,10,2.0,5,0.2,94.0,0.6702127659574468,0.11025203089752444,1.4226225050754433,21.0,0.7619047619047619,0.2123871421489031,2.1111658567978377,-2.7121615480815002
US500,rsi2,10,200,10,2.0,10,0.2,93.0,0.7096774193548387,0.12947904777299604,1.4449076774183385,21.0,0.7619047619047619,0.18044599135806122,1.7246349535906615,-3.095266255613378
US500,rsi2,10,200,10,3.0,5,0.2,86.0,0.7441860465116279,0.09348145446845459,1.57959732715001,20.0,0.8,0.1442713580399574,2.272607119820599,-2.537720998257588
US500,rsi2,10,200,10,3.0,10,0.2,86.0,0.7790697674418605,0.09511343373080579,1.4714049944695218,20.0,0.8,0.17939073488453566,2.6680021742378712,-2.8772795423272752
US500,rsi2,20,0,3,0.0,5,0.4,243.0,0.7037037037037037,0.0012505995729369332,1.147643856250565,59.0,0.7627118644067796,0.005323274215146021,2.259350669663195,-0.28715605916850945
US500,rsi2,20,0,3,0.0,10,0.4,231.0,0.696969696969697,0.001729575654880178,1.2235889284190566,57.0,0.7543859649122807,0.00593543588014072,2.741974564370687,-0.280761225626026
US500,rsi2,20,0,3,2.0,5,0.4,281.0,0.6654804270462633,0.03157489394742643,1.1467884800713777,64.0,0.71875,0.1062894541065644,1.6697273273221103,-4.592243197799914
US500,rsi2,20,0,3,2.0,10,0.4,281.0,0.6654804270462633,0.03145319317653717,1.1443731465638463,64.0,0.71875,0.1062894541065644,1.6697273273221103,-4.592243197799914
US500,rsi2,20,0,3,3.0,5,0.4,256.0,0.703125,0.0383027597643757,1.2976444280296149,61.0,0.7540983606557377,0.09694326847263691,2.131602547403309,-1.9047409209376094
US500,rsi2,20,0,3,3.0,10,0.4,252.0,0.7023809523809523,0.03958961981070482,1.3096382261522002,60.0,0.75,0.09893271639403772,2.154640816223915,-1.868744624684231
US500,rsi2,20,0,5,0.0,5,0.4,229.0,0.6986899563318777,0.0016561632241628068,1.1695445626481038,56.0,0.8035714285714286,0.00609154674696886,2.1331271251660344,-0.31890943754315443
US500,rsi2,20,0,5,0.0,10,0.4,205.0,0.6780487804878049,0.002207452426590521,1.247723969363084,52.0,0.8269230769230769,0.0067890214829164856,2.2671421543947474,-0.3260913766940328
US500,rsi2,20,0,5,2.0,5,0.4,265.0,0.6566037735849056,0.04144183340976427,1.1697699977884712,61.0,0.7213114754098361,0.12269989522580334,1.6654000566920437,-5.249938382227348
US500,rsi2,20,0,5,2.0,10,0.4,259.0,0.6525096525096525,0.03621869643117209,1.1442447932629842,60.0,0.75,0.14699936727470778,1.8321050482666672,-5.249938382227348
US500,rsi2,20,0,5,3.0,5,0.4,238.0,0.6932773109243697,0.04336971886773661,1.2811848645931043,58.0,0.7758620689655172,0.09652446780632777,1.859183112753619,-3.0594875761498614
US500,rsi2,20,0,5,3.0,10,0.4,229.0,0.6855895196506551,0.04175051387355688,1.2654830088656503,55.0,0.8,0.11328634013155732,2.0214680692280034,-2.9370832093629233
US500,rsi2,20,0,10,0.0,5,0.4,234.0,0.6752136752136753,0.0015644456654242312,1.1433533504050923,55.0,0.7818181818181819,0.006639297966484783,1.8114789376152154,-0.2628765897598158
US500,rsi2,20,0,10,0.0,10,0.4,201.0,0.7412935323383084,0.0023906357549956206,1.2271860616966466,47.0,0.851063829787234,0.009557694372758394,3.3319042131234387,-0.3878494045975493
US500,rsi2,20,0,10,2.0,5,0.4,268.0,0.6194029850746269,0.03802718304737174,1.1427449889102446,61.0,0.7213114754098361,0.13682997852743042,1.597514094898064,-4.844759000905737
US500,rsi2,20,0,10,2.0,10,0.4,251.0,0.6653386454183267,0.03792771562547539,1.1319021987999591,58.0,0.7758620689655172,0.1580819367297511,1.6982767678192783,-5.58775000949663
US500,rsi2,20,0,10,3.0,5,0.4,244.0,0.6639344262295082,0.034047558858544186,1.189641390461803,56.0,0.7678571428571429,0.12244870674274819,2.003847848833877,-2.9376344998399264
US500,rsi2,20,0,10,3.0,10,0.4,223.0,0.7309417040358744,0.03710027073628723,1.1949868812562405,49.0,0.8367346938775511,0.163922473785475,3.0015723828823626,-3.44742211960247
US500,rsi2,20,100,3,0.0,5,0.4,157.0,0.6942675159235668,0.0008507702846692145,1.0960283834155509,40.0,0.725,0.004849740168683322,2.0786923796246017,-0.26393393385779795
US500,rsi2,20,100,3,0.0,10,0.4,155.0,0.6967741935483871,0.0016334155149003897,1.202335916168029,39.0,0.717948717948718,0.0055613040208475385,2.6597817944238025,-0.2557202001104112
US500,rsi2,20,100,3,2.0,5,0.4,177.0,0.6497175141242938,0.005027030241513712,1.0214675250226848,43.0,0.6976744186046512,0.0808589303415982,1.5236258285816253,-4.12612909731658
US500,rsi2,20,100,3,2.0,10,0.4,177.0,0.6497175141242938,0.004201477655556051,1.0178425169529783,43.0,0.6976744186046512,0.0808589303415982,1.5236258285816253,-4.12612909731658
US500,rsi2,20,100,3,3.0,5,0.4,164.0,0.6951219512195121,0.03370783012351057,1.257953748554019,40.0,0.725,0.07918611621189502,2.0186374124333573,-2.694840042788421
US500,rsi2,20,100,3,3.0,10,0.4,162.0,0.6975308641975309,0.034930248710846615,1.2694132493408445,40.0,0.725,0.07918611621189502,2.0186374124333573,-2.694840042788421
US500,rsi2,20,100,5,0.0,5,0.4,146.0,0.6712328767123288,0.0008161732432356716,1.0788818323034632,38.0,0.8157894736842105,0.007339162223341556,2.5208689830457263,-0.2970019660525399
US500,rsi2,20,100,5,0.0,10,0.4,141.0,0.6737588652482269,0.002712838920051429,1.313805858778102,37.0,0.8648648648648649,0.0070999194968166,2.333847727597072,-0.26672505174655536
US500,rsi2,20,100,5,2.0,5,0.4,168.0,0.6309523809523809,0.010234826247470923,1.0384917628157087,41.0,0.7560975609756098,0.13602018149071138,1.8295538568605958,-4.092494798504974
US500,rsi2,20,100,5,2.0,10,0.4,166.0,0.6325301204819277,0.011292674526361195,1.0424338728634976,41.0,0.8048780487804879,0.16749110946267237,2.130440378645826,-4.092494798504974
US500,rsi2,20,100,5,3.0,5,0.4,153.0,0.673202614379085,0.03423080641894345,1.2207833379374922,38.0,0.8157894736842105,0.12059001607376944,2.452983505347437,-2.404224078673108
US500,rsi2,20,100,5,3.0,10,0.4,149.0,0.6711409395973155,0.03707584203441669,1.2415461900222473,38.0,0.868421052631579,0.14322699935184666,2.999525902080384,-2.404224078673108
US500,rsi2,20,100,10,0.0,5,0.4,150.0,0.6866666666666666,0.0005965929030200145,1.054349529034091,37.0,0.8378378378378378,0.010838177054313718,4.252885138652588,-0.2872817824184718
US500,rsi2,20,100,10,0.0,10,0.4,141.0,0.75177304964539,0.0027810469194506833,1.2788260208605988,34.0,0.9117647058823529,0.010876039179401801,3.798108448717271,-0.3025717670185455
US500,rsi2,20,100,10,2.0,5,0.4,172.0,0.622093023255814,0.018275297761025176,1.0668406718244934,41.0,0.7804878048780488,0.19346406632749794,2.0980528210597655,-3.920185809555213
US500,rsi2,20,100,10,2.0,10,0.4,167.0,0.6646706586826348,0.03777402719953839,1.1353668421113225,40.0,0.825,0.2073633348117127,2.1313582096297004,-3.478910951780554
US500,rsi2,20,100,10,3.0,5,0.4,157.0,0.6815286624203821,0.021210359486870528,1.117521075671738,37.0,0.8378378378378378,0.1661873482316804,3.3481189863376994,-2.6840584389211224
US500,rsi2,20,100,10,3.0,10,0.4,149.0,0.738255033557047,0.05435747690454964,1.3250060858275055,34.0,0.9117647058823529,0.2100065731416109,6.732532752763053,-2.510226683974976
US500,rsi2,20,200,3,0.0,5,0.4,162.0,0.691358024691358,0.00028454643074459786,1.0290851614238794,36.0,0.75,0.004832081574779965,1.9295227515356839,-0.23605807038859275
US500,rsi2,20,200,3,0.0,10,0.4,157.0,0.6942675159235668,0.0011438555060070922,1.1347834400565942,35.0,0.7428571428571429,0.005769899143893915,2.5302663849799574,-0.22784433664120599
US500,rsi2,20,200,3,2.0,5,0.4,186.0,0.6559139784946236,0.012355774846309618,1.0539824926352623,38.0,0.7368421052631579,0.09322734233723123,1.5730333096312274,-4.321218847693306
US500,rsi2,20,200,3,2.0,10,0.4,186.0,0.6559139784946236,0.011570168353220875,1.0503598245301373,38.0,0.7368421052631579,0.09322734233723123,1.5730333096312274,-4.321218847693306
US500,rsi2,20,200,3,3.0,5,0.4,171.0,0.6900584795321637,0.026551870549743617,1.1902417404502965,36.0,0.75,0.09355955869841251,2.2729267129129545,-3.185654772114141
US500,rsi2,20,200,3,3.0,10,0.4,169.0,0.6923076923076923,0.02763897050241169,1.1992746447218277,36.0,0.75,0.09591617132734175,2.3481814162294175,-3.185654772114141
US500,rsi2,20,200,5,0.0,5,0.4,153.0,0.673202614379085,0.00028763822712413054,1.026592772872597,34.0,0.7941176470588235,0.004649505277627656,1.6440860044001717,-0.26721257255233144
US500,rsi2,20,200,5,0.0,10,0.4,141.0,0.6595744680851063,0.0015130952484152236,1.1576804253822806,31.0,0.8709677419354839,0.006542568528798272,2.003957972026251,-0.25007151383820514
US500,rsi2,20,200,5,2.0,5,0.4,177.0,0.6384180790960452,0.020017756894598025,1.0759227704155028,36.0,0.75,0.11892723258705575,1.6630282662768916,-2.485187907381318
US500,rsi2,20,200,5,2.0,10,0.4,174.0,0.6379310344827587,0.013473494417935177,1.049725510732883,35.0,0.8,0.16047568002407062,1.966742186459611,-2.7459113919880265
US500,rsi2,20,200,5,3.0,5,0.4,160.0,0.66875,0.028550053751658956,1.1715608804245943,34.0,0.7941176470588235,0.08567335044678238,1.7700768952618062,-1.969252718327981
US500,rsi2,20,200,5,3.0,10,0.4,155.0,0.6645161290322581,0.027487073440499995,1.1617206636183817,33.0,0.8484848484848485,0.10809071338657866,1.994653371438385,-1.969252718327981
US500,rsi2,20,200,10,0.0,5,0.4,157.0,0.6942675159235668,0.0012495060655757213,1.1116214730041516,33.0,0.7878787878787878,0.006153171868163697,1.9359629280928283,-0.2340842358938665
US500,rsi2,20,200,10,0.0,10,0.4,144.0,0.7430555555555556,0.0030200234723513153,1.3118487477053749,28.0,0.8571428571428571,0.0076179868632612864,2.2402376090435636,-0.255028121595911
US500,rsi2,20,200,10,2.0,5,0.4,181.0,0.6408839779005525,0.03848242143169493,1.1473666661590745,36.0,0.75,0.13077103593411352,1.6053920274887548,-2.398559403128637
US500,rsi2,20,200,10,2.0,10,0.4,175.0,0.6685714285714286,0.050673220251107605,1.1853609391022577,34.0,0.7647058823529411,0.1361452685843964,1.5783890853583884,-2.7935113598963217
US500,rsi2,20,200,10,3.0,5,0.4,164.0,0.6890243902439024,0.035287977753535205,1.1995548906365667,33.0,0.7878787878787878,0.09677344294192203,1.8423344002809268,-2.4514610021258645
US500,rsi2,20,200,10,3.0,10,0.4,157.0,0.7261146496815286,0.04940789880511637,1.2772793171004617,29.0,0.8275862068965517,0.1260179081915081,2.336222753189148,-2.077604885853144
US500,ibs,5,0,3,0.0,5,0.1,174.0,0.6781609195402298,0.002171148327804504,1.280499179990661,29.0,0.5862068965517241,0.0013965994546414515,1.1641871592355946,-0.26330063218753597
US500,ibs,5,0,3,0.0,10,0.1,170.0,0.6823529411764706,0.002716938850396496,1.3879331071496108,28.0,0.5714285714285714,0.002264379794654401,1.3271598077595317,-0.24549640271902243
US500,ibs,5,0,3,2.0,5,0.1,184.0,0.6521739130434783,0.03766939141542037,1.177192150425789,31.0,0.5483870967741935,0.025956972856541038,1.1043798992012497,-2.301329454147724
US500,ibs,5,0,3,2.0,10,0.1,184.0,0.6521739130434783,0.03721201777060879,1.1746708207915488,31.0,0.5483870967741935,0.025956972856541038,1.1043798992012497,-2.301329454147724
US500,ibs,5,0,3,3.0,5,0.1,178.0,0.6797752808988764,0.035148052263526644,1.2626175708224336,30.0,0.5666666666666667,-0.0063545590637042685,0.9640998937863736,-1.787064502420608
US500,ibs,5,0,3,3.0,10,0.1,178.0,0.6797752808988764,0.03483285844088497,1.259654991478853,30.0,0.5666666666666667,-0.0063545590637042685,0.9640998937863736,-1.787064502420608
US500,ibs,5,0,5,0.0,5,0.1,169.0,0.6804733727810651,0.0013369431068775712,1.151157303826078,30.0,0.5333333333333333,0.00200843275782406,1.2254499046724017,-0.30627759186818293
US500,ibs,5,0,5,0.0,10,0.1,159.0,0.6729559748427673,0.002199337673469548,1.28326156050242,29.0,0.5172413793103449,0.0004507714717990671,1.039440103621202,-0.2437497877735723
US500,ibs,5,0,5,2.0,5,0.1,178.0,0.651685393258427,0.028541750016660948,1.1267016442164628,32.0,0.5,0.05478093374114083,1.224171011636814,-2.8178052718777398
US500,ibs,5,0,5,2.0,10,0.1,174.0,0.6551724137931034,0.030088404113463738,1.1340350941008308,32.0,0.5,0.0708925391522597,1.3105674267048286,-2.5220352508540937
US500,ibs,5,0,5,3.0,5,0.1,173.0,0.6820809248554913,0.029487366731026414,1.2039663605985509,31.0,0.5161290322580645,0.004469565717984961,1.0233022286569082,-2.1374548699242597
US500,ibs,5,0,5,3.0,10,0.1,168.0,0.6785714285714286,0.027745144588772256,1.1882976054540995,31.0,0.5161290322580645,0.015557122129937722,1.0881759862023508,-1.9153311679812266
US500,ibs,5,0,10,0.0,5,0.1,169.0,0.6627218934911243,0.002282949684466199,1.242171056771477,30.0,0.5333333333333333,0.001370040242777335,1.1015249414451493,-0.32522312759334326
US500,ibs,5,0,10,0.0,10,0.1,155.0,0.6774193548387096,0.003839877605860117,1.4834788616512715,29.0,0.5862068965517241,0.002839521535799058,1.3357976296129743,-0.2758385748672506
US500,ibs,5,0,10,2.0,5,0.1,178.0,0.6292134831460674,0.03920024038850093,1.1584589031657464,32.0,0.5,0.05831258031926652,1.2245931048962055,-3.829395673495977
US500,ibs,5,0,10,2.0,10,0.1,171.0,0.6432748538011696,0.03806388789723244,1.1420494873461589,32.0,0.53125,0.05666731025166494,1.210140096317994,-3.0178086041670964
US500,ibs,5,0,10,3.0,5,0.1,173.0,0.653179190751445,0.03154847725681496,1.1923177367817832,30.0,0.5333333333333333,0.05400667337547295,1.347408306084826,-2.89034012820759
US500,ibs,5,0,10,3.0,10,0.1,164.0,0.676829268292683,0.024539221716051444,1.1342643961164836,30.0,0.6,0.09861634426705335,1.785627680789166,-2.9357588007028834
US500,ibs,5,100,3,0.0,5,0.1,108.0,0.6851851851851852,0.0018017399382109977,1.2298737640194357,20.0,0.5,-0.00387004335877858,0.6392943336769041,-0.27832998873351233
US500,ibs,5,100,3,0.0,10,0.1,107.0,0.6915887850467289,0.002094941464605541,1.2856197632239006,19.0,0.47368421052631576,-0.0028684009005184455,0.6633280386092927,-0.26566270787917
US500,ibs,5,100,3,2.0,5,0.1,111.0,0.6486486486486487,0.018898111956149693,1.0858399942618566,21.0,0.47619047619047616,-0.10481740890588898,0.6052702662759819,-2.6914442127112914
US500,ibs,5,100,3,2.0,10,0.1,111.0,0.6486486486486487,0.018139943031417,1.0821117905716513,21.0,0.47619047619047616,-0.10481740890588898,0.6052702662759819,-2.6914442127112914
US500,ibs,5,100,3,3.0,5,0.1,109.0,0.6788990825688074,0.02856330631346895,1.2177614328683057,20.0,0.5,-0.06778649584529706,0.6239901135499555,-2.468799032463256
US500,ibs,5,100,3,3.0,10,0.1,109.0,0.6788990825688074,0.02804858612603574,1.2130042064830875,20.0,0.5,-0.06778649584529706,0.6239901135499555,-2.468799032463256
US500,ibs,5,100,5,0.0,5,0.1,107.0,0.6728971962616822,0.0006519881966253998,1.0745128502781807,21.0,0.42857142857142855,-0.0025369911830277194,0.7667377551540275,-0.3268620957326762
US500,ibs,5,100,5,0.0,10,0.1,102.0,0.6666666666666666,0.0010715641704649658,1.1278770961097726,20.0,0.4,-0.0050228712448065465,0.5909603589943789,-0.25963595875399736
US500,ibs,5,100,5,2.0,5,0.1,110.0,0.6272727272727273,-0.0011396068606945222,0.9947774784316975,22.0,0.4090909090909091,-0.06370993821849813,0.7537961441504077,-3.007090132648466
US500,ibs,5,100,5,2.0,10,0.1,107.0,0.6355140186915887,0.0032004851766726764,1.0134432689469763,22.0,0.4090909090909091,-0.04027487580232524,0.8288148635928125,-2.539105094710556
US500,ibs,5,100,5,3.0,5,0.1,108.0,0.6666666666666666,0.014111959479836308,1.0992217682189966,21.0,0.42857142857142855,-0.04541249419235473,0.749845144005134,-2.5988301720494285
US500,ibs,5,100,5,3.0,10,0.1,104.0,0.6634615384615384,0.009795216325803333,1.0656947618889894,21.0,0.42857142857142855,-0.029045149012805416,0.8240352507497166,-2.6021111966062165
US500,ibs,5,100,10,0.0,5,0.1,108.0,0.6851851851851852,0.002570140747768666,1.2829140172788094,22.0,0.5,0.0012146271141126725,1.1777298696825282,-0.3372721314919111
US500,ibs,5,100,10,0.0,10,0.1,103.0,0.7087378640776699,0.004932157031469381,1.6759048688414802,22.0,0.5454545454545454,0.00023525471810955065,1.029638973693755,-0.2680000047227535
US500,ibs,5,100,10,2.0,5,0.1,111.0,0.6306306306306306,0.03259236075490297,1.1331101790672449,23.0,0.4782608695652174,0.004149400444360798,1.0188518488149796,-2.7944344518562456
US500,ibs,5,100,10,2.0,10,0.1,108.0,0.6481481481481481,0.047200167443960696,1.1881221346812996,23.0,0.5217391304347826,0.023355531246376026,1.1111354379423057,-2.036642387263797
US500,ibs,5,100,10,3.0,5,0.1,109.0,0.6697247706422018,0.037404689331560395,1.243192248424077,22.0,0.5,-0.004056698049089608,0.9693732671834416,-2.772330768036676
US500,ibs,5,100,10,3.0,10,0.1,106.0,0.6886792452830188,0.050316823969057095,1.3242947570423382,22.0,0.5454545454545454,0.048336121899723604,1.4733509724731684,-2.267136058308377
US500,ibs,5,200,3,0.0,5,0.1,117.0,0.6581196581196581,0.0010121955693763258,1.1175597819014058,16.0,0.625,-0.0017585229480472555,0.8251209589574984,-0.25336346965631307
US500,ibs,5,200,3,0.0,10,0.1,115.0,0.6695652173913044,0.0020947450136998623,1.2818906125728842,15.0,0.6,-0.0003490078068689962,0.9432499074736665,-0.23555924018779958
US500,ibs,5,200,3,2.0,5,0.1,122.0,0.6311475409836066,0.015594939801411299,1.0689368235863204,17.0,0.5882352941176471,-0.040533473987868975,0.8298597388409666,-2.766468904248069
US500,ibs,5,200,3,2.0,10,0.1,122.0,0.6311475409836066,0.014905130369892211,1.0656910380005338,17.0,0.5882352941176471,-0.040533473987868975,0.8298597388409666,-2.766468904248069
US500,ibs,5,200,3,3.0,5,0.1,118.0,0.652542372881356,0.011966904710168194,1.0809402707006615,16.0,0.625,-2.767783608192964e-06,0.9999320426023582,-2.0526903811766015
US500,ibs,5,200,3,3.0,10,0.1,118.0,0.652542372881356,0.011491442842115491,1.077478630999345,16.0,0.625,-2.767783608192964e-06,0.9999320426023582,-2.0526903811766015
US500,ibs,5,200,5,0.0,5,0.1,114.0,0.6491228070175439,0.00018100852115754117,1.018861862335394,17.0,0.5294117647058824,1.3615722642469262e-05,0.9992484393861311,-0.2868527681428625
US500,ibs,5,200,5,0.0,10,0.1,108.0,0.6388888888888888,0.0010645723742453916,1.1240821647347357,16.0,0.5,0.002734723267304704,1.4199397698349472,-0.24075481662348197
US500,ibs,5,200,5,2.0,5,0.1,119.0,0.6134453781512605,-0.0011226999254890188,0.9951354393692139,18.0,0.5,0.012031802303619527,1.052402427373961,-3.8275258921619724
US500,ibs,5,200,5,2.0,10,0.1,116.0,0.6206896551724138,0.00033135652089256144,1.0011837890024204,18.0,0.5,0.040674656367830825,1.2029153866792688,-2.745491964447263
US500,ibs,5,200,5,3.0,5,0.1,115.0,0.6434782608695652,0.0023768732710207027,1.0150882327283925,17.0,0.5294117647058824,0.02780899743275903,1.1948749826123488,-2.5571159031643727
US500,ibs,5,200,5,3.0,10,0.1,111.0,0.6396396396396397,-0.0038669253494338566,0.976939838284207,17.0,0.5294117647058824,0.04802748265455524,1.3927518079681964,-2.852038040150706
US500,ibs,5,200,10,0.0,5,0.1,115.0,0.6695652173913044,0.0015143359403352148,1.1536546377622323,18.0,0.5,0.0028010393682548185,1.4166686107463469,-0.30258050448151064
US500,ibs,5,200,10,0.0,10,0.1,109.0,0.6788990825688074,0.004043008860019227,1.5202045259538346,18.0,0.5,0.004785514287797145,1.9077124717687062,-0.24911886259223806
US500,ibs,5,200,10,2.0,5,0.1,120.0,0.625,0.019117228989254494,1.0761725720835078,19.0,0.47368421052631576,0.050965423275394967,1.2435007003090062,-1.8793055258211526
US500,ibs,5,200,10,2.0,10,0.1,117.0,0.6239316239316239,0.017332921107669323,1.0646695553186676,19.0,0.47368421052631576,0.03021761611379294,1.131168207848137,-2.374141744509647
US500,ibs,5,200,10,3.0,5,0.1,116.0,0.6551724137931034,0.016563619881551767,1.097410480396558,18.0,0.5,0.046683989470913616,1.4284967529429744,-2.194136984530002
US500,ibs,5,200,10,3.0,10,0.1,113.0,0.6548672566371682,0.005994704026420056,1.0312907674779814,18.0,0.5,0.0797585714632857,1.904995871497224,-3.018573419893758
US500,ibs,10,0,3,0.0,5,0.2,331.0,0.6465256797583081,0.0009754464075767914,1.1311881385390596,66.0,0.6212121212121212,0.001780328435442982,1.2891372431989108,-0.37967301034319645
US500,ibs,10,0,3,0.0,10,0.2,323.0,0.6501547987616099,0.0013917686624712552,1.202472900627059,65.0,0.6153846153846154,0.0021600450277685828,1.3939219122291893,-0.36116333933852046
US500,ibs,10,0,3,2.0,5,0.2,355.0,0.6450704225352113,0.011261734123782369,1.053961581741802,73.0,0.6164383561643836,0.029280110525290986,1.1411742131019074,-4.871811165854552
US500,ibs,10,0,3,2.0,10,0.2,355.0,0.6450704225352113,0.011024672854358908,1.0527720505901956,73.0,0.6164383561643836,0.029280110525290986,1.1411742131019074,-4.871811165854552
US500,ibs,10,0,3,3.0,5,0.2,339.0,0.6519174041297935,0.012890182296212268,1.098528581178324,69.0,0.6231884057971014,0.026417333972857573,1.2066302196365395,-3.7287038230160183
US500,ibs,10,0,3,3.0,10,0.2,339.0,0.6519174041297935,0.012934861416637878,1.098899759307586,69.0,0.6231884057971014,0.026417333972857573,1.2066302196365395,-3.7287038230160183
US500,ibs,10,0,5,0.0,5,0.2,320.0,0.65625,0.0006537642866289838,1.0802712614127705,63.0,0.6507936507936508,0.0028384418561440664,1.5024180274580479,-0.4669836166553315
US500,ibs,10,0,5,0.0,10,0.2,299.0,0.6521739130434783,0.001085257261733346,1.1457095034936624,60.0,0.6666666666666666,0.002218432676297803,1.3447010515049422,-0.37343375354551367
US500,ibs,10,0,5,2.0,5,0.2,346.0,0.6502890173410405,0.006134296664777802,1.0273542212972004,69.0,0.6231884057971014,0.03228569098894649,1.1484088371424173,-6.519032261413533
US500,ibs,10,0,5,2.0,10,0.2,337.0,0.6528189910979229,0.001552442554308105,1.0069015839333362,68.0,0.6323529411764706,0.04080813393727616,1.188829174397008,-6.042691133485576
US500,ibs,10,0,5,3.0,5,0.2,329.0,0.662613981762918,0.009518381588005685,1.0665656191580708,66.0,0.6363636363636364,0.0271541580317841,1.2058531461339939,-4.817988301044471
US500,ibs,10,0,5,3.0,10,0.2,317.0,0.6624605678233438,0.009225559769611641,1.0641185675881726,64.0,0.65625,0.027356423930340556,1.196692540090175,-3.9893700527442237
US500,ibs,10,0,10,0.0,5,0.2,325.0,0.6369230769230769,0.0017598273382953208,1.2264093400605633,65.0,0.5692307692307692,0.002616201091488655,1.3345794557916035,-0.47300193146506525
US500,ibs,10,0,10,0.0,10,0.2,295.0,0.6406779661016949,0.0015401510793413484,1.1885773647370412,60.0,0.6,0.003297511854241171,1.5575186080614682,-0.3897757082949959
US500,ibs,10,0,10,2.0,5,0.2,348.0,0.603448275862069,0.013373962574289586,1.058091928179203,71.0,0.5492957746478874,0.031124986821968355,1.1295821008826608,-6.423473113145471
US500,ibs,10,0,10,2.0,10,0.2,334.0,0.6167664670658682,0.014559818099094467,1.0597108334322312,70.0,0.5714285714285714,0.03591661232304073,1.146529140145115,-5.022107502762503
US500,ibs,10,0,10,3.0,5,0.2,334.0,0.6317365269461078,0.01877713061611855,1.128897924211905,67.0,0.5671641791044776,0.035216177048861715,1.263505653898898,-5.355419877404025
US500,ibs,10,0,10,3.0,10,0.2,311.0,0.6463022508038585,0.01649130709254455,1.1048826839512313,64.0,0.609375,0.04242486223808979,1.311059858545765,-4.207163099841378
US500,ibs,10,100,3,0.0,5,0.2,227.0,0.6431718061674009,0.0001282050085771925,1.0166734866627674,47.0,0.5957446808510638,0.0002201615391404353,1.035233194902472,-0.28448415748767775
US500,ibs,10,100,3,0.0,10,0.2,225.0,0.6444444444444445,0.0004577385327575747,1.064328821902042,46.0,0.5869565217391305,0.0007228009218548177,1.123988349691238,-0.2718168766333354
US500,ibs,10,100,3,2.0,5,0.2,238.0,0.6302521008403361,-0.021922120574959895,0.9011057392474866,50.0,0.58,-0.027514591234283986,0.868115996801911,-3.3319404863204425
US500,ibs,10,100,3,2.0,10,0.2,238.0,0.6302521008403361,-0.022275720367587324,0.8996719754564684,50.0,0.58,-0.027514591234283986,0.868115996801911,-3.3319404863204425
US500,ibs,10,100,3,3.0,5,0.2,230.0,0.6434782608695652,-0.0003027625016760518,0.9976466028925706,47.0,0.5957446808510638,-0.008536578772132968,0.9318758952953946,-2.571368511699346
US500,ibs,10,100,3,3.0,10,0.2,230.0,0.6434782608695652,0.002856925551990729,1.0226027904134716,47.0,0.5957446808510638,-0.008536578772132968,0.9318758952953946,-2.571368511699346
US500,ibs,10,100,5,0.0,5,0.2,225.0,0.6488888888888888,-0.00017853363077706316,0.9772439065177848,45.0,0.6444444444444445,0.0024204716779957507,1.3964239119955355,-0.3808419398712062
US500,ibs,10,100,5,0.0,10,0.2,213.0,0.647887323943662,-7.41673856929062e-05,0.9908630258295391,44.0,0.6590909090909091,0.0016011867192263747,1.2401119988512364,-0.2882283251505583
US500,ibs,10,100,5,2.0,5,0.2,237.0,0.6244725738396625,-0.031222238245572458,0.8689402973009847,48.0,0.6041666666666666,0.030365885819301497,1.153448568968037,-4.872023171081743
US500,ibs,10,100,5,2.0,10,0.2,230.0,0.6304347826086957,-0.034011473683372456,0.8582446437243081,48.0,0.625,0.04083005349928911,1.2134036884299761,-4.395682043153787
US500,ibs,10,100,5,3.0,5,0.2,229.0,0.6506550218340611,-0.004040841326964649,0.9707432234533849,45.0,0.6444444444444445,0.027592770752886426,1.2387047494814585,-3.4984942410249276
US500,ibs,10,100,5,3.0,10,0.2,219.0,0.6529680365296804,-0.0027270028203910074,0.9800858819074971,45.0,0.6666666666666666,0.03845738375841704,1.3575501856669674,-2.881230527473211
US500,ibs,10,100,10,0.0,5,0.2,229.0,0.6550218340611353,0.0014676167191789648,1.1995658960112578,47.0,0.5531914893617021,0.003356076649210822,1.626806312152247,-0.3699090544472435
US500,ibs,10,100,10,0.0,10,0.2,218.0,0.6513761467889908,0.0020813293816972014,1.2860172869407487,45.0,0.5777777777777777,0.002619600871163106,1.424589692054736,-0.2979646839292335
US500,ibs,10,100,10,2.0,5,0.2,241.0,0.6058091286307054,-0.008763832834703543,0.961803772274368,50.0,0.54,0.028984351841159106,1.1341088603748544,-3.894546500790293
US500,ibs,10,100,10,2.0,10,0.2,236.0,0.6059322033898306,-0.005540823395592619,0.9767500888268783,50.0,0.56,0.027507744546970046,1.1233862220292814,-3.805138013463917
US500,ibs,10,100,10,3.0,5,0.2,233.0,0.6523605150214592,0.019908612058266027,1.1508834454241421,47.0,0.5531914893617021,0.033752180120354934,1.303816915339985,-3.3162794839588816
US500,ibs,10,100,10,3.0,10,0.2,223.0,0.6457399103139013,0.020962736497210425,1.151038876863702,46.0,0.5869565217391305,0.04636733236901302,1.4203061271278634,-2.7665473784163765
US500,ibs,10,200,3,0.0,5,0.2,233.0,0.6351931330472103,-0.00038673587678126047,0.9514690466944533,39.0,0.5897435897435898,0.001564982546633736,1.224085835491963,-0.25103238651262405
US500,ibs,10,200,3,0.0,10,0.2,229.0,0.6419213973799127,0.0003376244432509145,1.0483827704495088,38.0,0.5789473684210527,0.0022088307732746545,1.3764237673515052,-0.23322815704411054
US500,ibs,10,200,3,2.0,5,0.2,247.0,0.6275303643724697,-0.030202481116874364,0.8653898054885273,42.0,0.5952380952380952,0.02798945313583237,1.148330741259562,-3.2809097973669457
US500,ibs,10,200,3,2.0,10,0.2,247.0,0.6275303643724697,-0.030543196706531564,0.8640789537912009,42.0,0.5952380952380952,0.02798945313583237,1.148330741259562,-3.2809097973669457
US500,ibs,10,200,3,3.0,5,0.2,237.0,0.6371308016877637,-0.013819996365044931,0.9017252038061251,39.0,0.5897435897435898,0.0250812875115288,1.2165651043896246,-2.1763655214192497
US500,ibs,10,200,3,3.0,10,0.2,237.0,0.6371308016877637,-0.011677790962901908,0.9156742518053864,39.0,0.5897435897435898,0.0250812875115288,1.2165651043896246,-2.1763655214192497
US500,ibs,10,200,5,0.0,5,0.2,228.0,0.6403508771929824,-0.0006846440766842704,0.9185628170701364,37.0,0.6216216216216216,0.0015591314180614484,1.2133362757116386,-0.341025080610932
US500,ibs,10,200,5,0.0,10,0.2,215.0,0.641860465116279,-0.00031445500710569076,0.9614093708119783,35.0,0.6285714285714286,0.0013617960291649272,1.1757689914311584,-0.2608619311221885
US500,ibs,10,200,5,2.0,5,0.2,243.0,0.6213991769547325,-0.04231678450138072,0.8255570008997178,40.0,0.6,0.03428998661092506,1.1703529199237201,-3.8287634387998066
US500,ibs,10,200,5,2.0,10,0.2,236.0,0.6271186440677966,-0.046617445499297264,0.8102213663449818,39.0,0.6153846153846154,0.049201022921396755,1.2478232326962506,-4.303940480411896
US500,ibs,10,200,5,3.0,5,0.2,234.0,0.6452991452991453,-0.016802168925571806,0.8878650892503962,37.0,0.6216216216216216,0.024929619786727586,1.204693349814751,-2.6902512495637914
US500,ibs,10,200,5,3.0,10,0.2,224.0,0.6473214285714286,-0.017945419948329256,0.8813743060968808,36.0,0.6388888888888888,0.028660759140213057,1.226670986617373,-3.118349022708891
US500,ibs,10,200,10,0.0,5,0.2,234.0,0.6495726495726496,0.0008977938985226773,1.11957973218853,39.0,0.5128205128205128,0.001393465957979736,1.2025914224022562,-0.3354098957663825
US500,ibs,10,200,10,0.0,10,0.2,219.0,0.6301369863013698,0.0009371089511351186,1.1218775109123011,36.0,0.5,0.0006523391344632568,1.0867895489651853,-0.2792760101282576
US500,ibs,10,200,10,2.0,5,0.2,248.0,0.6048387096774194,-0.02068619207481881,0.9131677779019391,42.0,0.5,-0.007515223962628293,0.9688284342886155,-4.6278707360286395
US500,ibs,10,200,10,2.0,10,0.2,242.0,0.5950413223140496,-0.027626533112401833,0.8909471373690923,41.0,0.4878048780487805,-0.020263283071696243,0.9217648972294562,-5.008861740835025
US500,ibs,10,200,10,3.0,5,0.2,240.0,0.65,0.008282772081300765,1.0583491526851798,39.0,0.5128205128205128,0.010199724667939771,1.0826164004850585,-2.9386325640800077
US500,ibs,10,200,10,3.0,10,0.2,228.0,0.6271929824561403,-0.0031625104804549843,0.9800010270265754,37.0,0.5135135135135135,0.0065034527915025,1.0466700760797303,-3.3658692350430117
US500,ibs,20,0,3,0.0,5,0.4,523.0,0.6692160611854685,1.2488466314164098e-05,1.0011213119779283,117.0,0.6410256410256411,0.0020464603164268855,1.3900546496037547,-0.415986555506828
US500,ibs,20,0,3,0.0,10,0.4,499.0,0.6713426853707415,0.0003916776187972136,1.0535136453401621,113.0,0.6371681415929203,0.0023354664797014613,1.4808855651822381,-0.413869090424267
US500,ibs,20,0,3,2.0,5,0.4,570.0,0.6578947368421053,0.0016651759017376028,1.00843064027333,129.0,0.6511627906976745,0.03733706448618728,1.2109668155894677,-6.77585462462699
US500,ibs,20,0,3,2.0,10,0.4,566.0,0.6590106007067138,0.0013956539387173486,1.007107901154174,127.0,0.6535433070866141,0.0379890315879474,1.2142027310952146,-6.760954112852858
US500,ibs,20,0,3,3.0,5,0.4,535.0,0.6691588785046729,0.004265033468626035,1.0334950477577245,121.0,0.6446280991735537,0.03357712421857606,1.3229642106190838,-4.109607419199277
US500,ibs,20,0,3,3.0,10,0.4,527.0,0.6717267552182163,0.008160330490721101,1.0650019831374415,119.0,0.6470588235294118,0.034186967723376566,1.3287858927029754,-3.8781813342240157
US500,ibs,20,0,5,0.0,5,0.4,508.0,0.6712598425196851,-0.0001616830145178849,0.9796892301627169,116.0,0.6637931034482759,0.002386684920918967,1.4573508935392072,-0.469353409502442
US500,ibs,20,0,5,0.0,10,0.4,462.0,0.6753246753246753,0.0002734919526154773,1.035733697350021,110.0,0.6818181818181818,0.0027866203220100003,1.5870334862377635,-0.4176527018133883
US500,ibs,20,0,5,2.0,5,0.4,552.0,0.6612318840579711,-0.0053984923179146325,0.9755582659964042,127.0,0.6456692913385826,0.03221697415704815,1.171869686232966,-8.573977777367137
US500,ibs,20,0,5,2.0,10,0.4,537.0,0.6741154562383612,-0.006697987351696269,0.9697194671845505,125.0,0.656,0.03917702926527434,1.213962087967454,-8.566112624301374
US500,ibs,20,0,5,3.0,5,0.4,519.0,0.6666666666666666,-0.00045520750356745147,0.9967274306049806,120.0,0.6583333333333333,0.030442718335923543,1.2749646790579254,-5.6472423533068
US500,ibs,20,0,5,3.0,10,0.4,492.0,0.6788617886178862,0.0032769747217936463,1.0239512619345517,116.0,0.6724137931034483,0.03493765872222085,1.3290985130676853,-4.99720868300853
US500,ibs,20,0,10,0.0,5,0.4,522.0,0.6417624521072797,0.00010470627976981525,1.0121017018578196,121.0,0.6528925619834711,0.003099982139513792,1.6223773999944682,-0.48962642204280804
US500,ibs,20,0,10,0.0,10,0.4,468.0,0.6474358974358975,0.0004502552032891516,1.0601758194052635,110.0,0.6818181818181818,0.0036576343553974488,1.8872408153765758,-0.4249203049318993
US500,ibs,20,0,10,2.0,5,0.4,564.0,0.6205673758865248,-0.00032442942861031943,0.9986716744913566,127.0,0.6220472440944882,0.04092215645864613,1.2188361094222773,-7.830690149571575
US500,ibs,20,0,10,2.0,10,0.4,537.0,0.6294227188081937,0.0006507099258981071,1.0030436399183706,123.0,0.6585365853658537,0.052064916237397466,1.2889514302417715,-7.710036680498945
US500,ibs,20,0,10,3.0,5,0.4,534.0,0.6329588014981273,-0.000292956989041046,0.9979184688951906,124.0,0.6451612903225806,0.04036305584205481,1.3626191566341441,-6.276675495551255
US500,ibs,20,0,10,3.0,10,0.4,497.0,0.6519114688128773,-3.7980784264960095e-05,0.9997597576049027,118.0,0.6864406779661016,0.04235850851707948,1.388244408315459,-5.020881919107959
US500,ibs,20,100,3,0.0,5,0.4,378.0,0.6613756613756614,-0.0004468456914987297,0.9422998356635311,84.0,0.6309523809523809,0.0016261863951225937,1.3131271401815134,-0.31454739537236653
US500,ibs,20,100,3,0.0,10,0.4,369.0,0.6612466124661247,4.013464630856916e-06,1.0018412814401767,82.0,0.6341463414634146,0.0019317319245201084,1.4211632507379548,-0.3012154100786829
US500,ibs,20,100,3,2.0,5,0.4,407.0,0.6486486486486487,-0.009607549755252085,0.9518763993498505,90.0,0.6333333333333333,0.015283892736603345,1.092216766326429,-4.2680230719443975
US500,ibs,20,100,3,2.0,10,0.4,405.0,0.6493827160493827,-0.008001269276718775,0.9596792573402882,89.0,0.6404494382022472,0.015146945057978048,1.0922512197544119,-4.041006989340526
US500,ibs,20,100,3,3.0,5,0.4,384.0,0.6588541666666666,-0.0067932383405299515,0.9469841654009313,85.0,0.6352941176470588,0.022946274655933158,1.2408732929200732,-3.0615863887229713
US500,ibs,20,100,3,3.0,10,0.4,379.0,0.6596306068601583,-0.0027454626713112776,0.9779703759908268,84.0,0.6428571428571429,0.023001410972200192,1.2448149242297735,-2.6189716903837787
US500,ibs,20,100,5,0.0,5,0.4,369.0,0.6612466124661247,-0.00079537837638628,0.9016520318403474,84.0,0.6428571428571429,0.002383041081067271,1.4849502541627901,-0.360975375631033
US500,ibs,20,100,5,0.0,10,0.4,347.0,0.6657060518731989,-0.00023360427517789224,0.9692325594309129,81.0,0.654320987654321,0.0020986814833200435,1.4378818211542144,-0.2717037285693756
US500,ibs,20,100,5,2.0,5,0.4,399.0,0.6491228070175439,-0.021427395133730695,0.9010291830345376,90.0,0.6222222222222222,0.02795348639379286,1.1659055616966896,-4.9060025922303945
US500,ibs,20,100,5,2.0,10,0.4,389.0,0.6632390745501285,-0.020624551008238363,0.9045716007940042,89.0,0.6404494382022472,0.03681377904266823,1.2299559643297147,-4.89813743916463
US500,ibs,20,100,5,3.0,5,0.4,376.0,0.6569148936170213,-0.014226956098416137,0.8967724083604943,85.0,0.6470588235294118,0.02878891783259621,1.2937162503262674,-4.091369624427518
US500,ibs,20,100,5,3.0,10,0.4,360.0,0.6694444444444444,-0.009049645454773719,0.9312505686582307,83.0,0.6626506024096386,0.03303965972194963,1.3625271283712068,-3.1139999231994384
US500,ibs,20,100,10,0.0,5,0.4,386.0,0.6424870466321243,-3.049609758627926e-05,0.9967710319871427,88.0,0.625,0.0036209337262121315,1.9871647416548566,-0.3386165391770173
US500,ibs,20,100,10,0.0,10,0.4,359.0,0.6462395543175488,0.0007513770697801858,1.1124697527695329,83.0,0.6506024096385542,0.003191338520486393,1.833143543540837,-0.26881711140025605
US500,ibs,20,100,10,2.0,5,0.4,413.0,0.6198547215496368,-0.010359972855113503,0.9507151792348385,91.0,0.6043956043956044,0.03652570569418382,1.2267828048466647,-4.501075903069967
US500,ibs,20,100,10,2.0,10,0.4,401.0,0.628428927680798,-0.006230790448366207,0.970916691348918,89.0,0.6404494382022472,0.0463783962250124,1.2944005667908085,-3.534619440562596
US500,ibs,20,100,10,3.0,5,0.4,392.0,0.6377551020408163,-0.007037370893779192,0.947942908500951,89.0,0.6292134831460674,0.04796404381864029,1.5781120904065882,-3.7187223501939233
US500,ibs,20,100,10,3.0,10,0.4,375.0,0.6453333333333333,0.0002685292852254298,1.0020926954990952,86.0,0.6627906976744186,0.05767084470115735,1.7398126824744595,-2.54690063042085
US500,ibs,20,200,3,0.0,5,0.4,379.0,0.6490765171503958,-0.0013678875265877627,0.8349130811584226,70.0,0.6428571428571429,0.0021560305255930844,1.3956758406274767,-0.4204947640994102
US500,ibs,20,200,3,0.0,10,0.4,365.0,0.6520547945205479,-0.0007334085847345277,0.9029230781998485,67.0,0.6417910447761194,0.0026538434350359685,1.5621178609384123,-0.4027726489633543
US500,ibs,20,200,3,2.0,5,0.4,411.0,0.6399026763990268,-0.022579219607546823,0.8913098142885699,74.0,0.6486486486486487,0.031661392595875554,1.1972914242555817,-6.016346847612663
US500,ibs,20,200,3,2.0,10,0.4,407.0,0.6412776412776413,-0.021479178982943218,0.8963475962185798,72.0,0.6527777777777778,0.03265373257008269,1.2032175052899654,-6.001446335838531
US500,ibs,20,200,3,3.0,5,0.4,386.0,0.6450777202072538,-0.019473991998282262,0.8575811250658443,70.0,0.6428571428571429,0.03480926693198191,1.3811794608148606,-4.57900140292668
US500,ibs,20,200,3,3.0,10,0.4,380.0,0.6473684210526316,-0.015428385306510297,0.8846757288171397,68.0,0.6470588235294118,0.03591273255695354,1.394777856328388,-3.74264648873891
US500,ibs,20,200,5,0.0,5,0.4,372.0,0.6505376344086021,-0.0015793823939570105,0.8204877714395905,69.0,0.6376811594202898,0.0026134960941711313,1.48701599227165,-0.4381322913288508
US500,ibs,20,200,5,0.0,10,0.4,343.0,0.6559766763848397,-0.0010333937631492956,0.8717971338868375,64.0,0.640625,0.002983985305472169,1.6302718465008366,-0.35750351464122576
US500,ibs,20,200,5,2.0,5,0.4,401.0,0.6408977556109726,-0.031533838815206695,0.8606127139183496,73.0,0.6164383561643836,0.02785428552899943,1.1565563577904274,-6.916581941855721
US500,ibs,20,200,5,2.0,10,0.4,390.0,0.6512820512820513,-0.03369765175980697,0.8518617889916733,71.0,0.6197183098591549,0.03144300816318348,1.1785843675550687,-6.908716788789957
US500,ibs,20,200,5,3.0,5,0.4,379.0,0.6464379947229552,-0.022884492610077557,0.8444823877883237,69.0,0.6376811594202898,0.03534440718127741,1.3618485450350168,-5.128943754810797
US500,ibs,20,200,5,3.0,10,0.4,359.0,0.6573816155988857,-0.023443824800035037,0.8402273495172313,65.0,0.6461538461538462,0.03939768466608721,1.4229724877380923,-4.693636245439645
US500,ibs,20,200,10,0.0,5,0.4,386.0,0.6347150259067358,-0.0006789448075843094,0.9183888636331429,72.0,0.6111111111111112,0.003013040180207851,1.6316313661658048,-0.3627468058275998
US500,ibs,20,200,10,0.0,10,0.4,355.0,0.6309859154929578,6.11529948682476e-06,1.0016321474162908,65.0,0.6153846153846154,0.0028392691285460845,1.6191352251271791,-0.3486345785418232
US500,ibs,20,200,10,2.0,5,0.4,415.0,0.6168674698795181,-0.0152892545499502,0.9301566955559952,74.0,0.581081081081081,0.013342144460582551,1.0733023298193969,-5.68616315219232
US500,ibs,20,200,10,2.0,10,0.4,400.0,0.62,-0.014674263299036485,0.9348785628069738,71.0,0.5915492957746479,0.010469714040755893,1.0556003753643473,-6.067154156998705
US500,ibs,20,200,10,3.0,5,0.4,393.0,0.6310432569974554,-0.012479504583731494,0.9124561073216931,72.0,0.6111111111111112,0.043162286189058936,1.5009532633249716,-4.1208934610369665
US500,ibs,20,200,10,3.0,10,0.4,372.0,0.6317204301075269,-0.014375423911853152,0.9029618536797316,67.0,0.6268656716417911,0.04927222198384073,1.5804321111153496,-4.630114689077003
US500,rsi2ibs,5,0,3,0.0,5,0.1,32.0,0.65625,0.0031173902398591784,1.3611471705506335,6.0,0.8333333333333334,0.025148090918607934,5.9134871086233485,-0.06263339997967272
US500,rsi2ibs,5,0,3,0.0,10,0.1,32.0,0.65625,0.0035580035717051213,1.4330258386490664,6.0,0.8333333333333334,0.025148090918607934,5.9134871086233485,-0.04853377336060254
US500,rsi2ibs,5,0,3,2.0,5,0.1,37.0,0.6756756756756757,0.09666530001945675,1.4137553935726856,6.0,0.8333333333333334,0.5819549347886136,4.373956565389949,-2.0945354764196162
US500,rsi2ibs,5,0,3,2.0,10,0.1,37.0,0.6756756756756757,0.09666530001945675,1.4137553935726856,6.0,0.8333333333333334,0.5819549347886136,4.373956565389949,-2.0945354764196162
US500,rsi2ibs,5,0,3,3.0,5,0.1,36.0,0.6944444444444444,0.03727951147936371,1.1977255931736122,6.0,0.8333333333333334,0.33003307660102915,2.907232848434305,-1.0663962119156445
US500,rsi2ibs,5,0,3,3.0,10,0.1,36.0,0.6944444444444444,0.03727951147936371,1.1977255931736122,6.0,0.8333333333333334,0.33003307660102915,2.907232848434305,-1.0663962119156445
US500,rsi2ibs,5,0,5,0.0,5,0.1,32.0,0.65625,-0.00034989964296895974,0.9740052879299557,6.0,0.8333333333333334,0.029179253670705608,6.710059884115736,-0.08830290139783781
US500,rsi2ibs,5,0,5,0.0,10,0.1,32.0,0.6875,0.0020769837191035373,1.2565780525196524,6.0,0.8333333333333334,0.014061801163288588,1.6755101294003474,-0.06134245281144854
US500,rsi2ibs,5,0,5,2.0,5,0.1,37.0,0.6756756756756757,0.011744910252284848,1.0399344572430027,6.0,0.8333333333333334,0.6827340035910554,4.958099288489552,-2.8059663762177225
US500,rsi2ibs,5,0,5,2.0,10,0.1,37.0,0.7027027027027027,0.033053560854527965,1.1204940686496272,6.0,0.8333333333333334,0.6827340035910554,4.958099288489552,-2.8059663762177225
US500,rsi2ibs,5,0,5,3.0,5,0.1,36.0,0.6944444444444444,-0.015631670352593646,0.9305850675709788,6.0,0.8333333333333334,0.3972191224693236,3.2954542754784435,-1.4942212355517295
US500,rsi2ibs,5,0,5,3.0,10,0.1,36.0,0.7222222222222222,0.0117043166144345,1.0592934601850394,6.0,0.8333333333333334,0.3972191224693236,3.2954542754784435,-1.2798742027630778
US500,rsi2ibs,5,0,10,0.0,5,0.1,32.0,0.59375,0.0027290786925644067,1.2454634753656042,6.0,0.8333333333333334,0.03178479547130677,7.224937074367669,-0.08830290139783781
US500,rsi2ibs,5,0,10,0.0,10,0.1,31.0,0.6774193548387096,0.0076658157787725814,1.9083276896913026,6.0,0.8333333333333334,0.016667342963889747,1.8040755911939852,-0.06802745638327044
US500,rsi2ibs,5,0,10,2.0,5,0.1,37.0,0.6216216216216216,0.039383690708465036,1.118624242067903,6.0,0.8333333333333334,0.7478725486060843,5.3360133849600215,-2.8059663762177225
US500,rsi2ibs,5,0,10,2.0,10,0.1,37.0,0.6216216216216216,0.03111306753607025,1.0803185490414458,6.0,0.8333333333333334,0.7478725486060843,5.3360133849600215,-2.5969520676372384
US500,rsi2ibs,5,0,10,3.0,5,0.1,36.0,0.6388888888888888,0.0033060125525668504,1.0135437297860455,6.0,0.8333333333333334,0.44064481914600967,3.546120344357861,-1.582856700136309
US500,rsi2ibs,5,0,10,3.0,10,0.1,36.0,0.6944444444444444,0.023681114880171952,1.086739898678941,6.0,0.8333333333333334,0.44064481914600967,3.546120344357861,-1.0682660585628239
US500,rsi2ibs,5,100,3,0.0,5,0.1,16.0,0.75,0.00525746745759979,1.6859847910830619,2.0,0.5,-0.008815785032255174,0.4134699070831447,-0.0532472628044031
US500,rsi2ibs,5,100,3,0.0,10,0.1,16.0,0.75,0.00525746745759979,1.6859847910830619,2.0,0.5,-0.008815785032255174,0.4134699070831447,-0.0532472628044031
US500,rsi2ibs,5,100,3,2.0,5,0.1,17.0,0.7647058823529411,0.17740182576037958,1.97687542105382,2.0,0.5,-0.3606366403361334,0.30318393155228246,-1.0109882426311612
US500,rsi2ibs,5,100,3,2.0,10,0.1,17.0,0.7647058823529411,0.17740182576037958,1.97687542105382,2.0,0.5,-0.3606366403361334,0.30318393155228246,-1.0109882426311612
US500,rsi2ibs,5,100,3,3.0,5,0.1,17.0,0.7647058823529411,0.05816729184892765,1.3211663171262495,2.0,0.5,-0.41423506666489524,0.2015481585368473,-1.0073254950874428
US500,rsi2ibs,5,100,3,3.0,10,0.1,17.0,0.7647058823529411,0.05816729184892765,1.3211663171262495,2.0,0.5,-0.41423506666489524,0.2015481585368473,-1.0073254950874428
US500,rsi2ibs,5,100,5,0.0,5,0.1,16.0,0.6875,0.0007381433757384787,1.0808272362310358,2.0,0.5,0.0019062249548257998,1.119669311164231,-0.07796861862782155
US500,rsi2ibs,5,100,5,0.0,10,0.1,16.0,0.75,0.0034560551477074214,1.4706205883420245,2.0,0.5,-0.04344613256742526,0.2795827913362361,-0.08689226513485052
US500,rsi2ibs,5,100,5,2.0,5,0.1,17.0,0.7058823529411765,0.013930994197605828,1.0509833855395636,2.0,0.5,-0.09258639065910912,0.8210168091602958,-1.5065848568133442
US500,rsi2ibs,5,100,5,2.0,10,0.1,17.0,0.7647058823529411,0.04970095337832974,1.2063595609700393,2.0,0.5,-0.09258639065910912,0.8210168091602958,-1.0109882426311612
US500,rsi2ibs,5,100,5,3.0,5,0.1,17.0,0.7058823529411765,-0.04237572377662019,0.8173423690058728,2.0,0.5,-0.23553490021354567,0.5457889049951865,-1.3594333017280913
US500,rsi2ibs,5,100,5,3.0,10,0.1,17.0,0.7647058823529411,-0.004168195116782832,0.9787939542523231,2.0,0.5,-0.23553490021354567,0.5457889049951865,-1.0073254950874428
US500,rsi2ibs,5,100,10,0.0,5,0.1,16.0,0.5625,0.004004749683554161,1.3163564613386183,2.0,0.5,0.0019062249548257998,1.119669311164231,-0.07796861862782155
US500,rsi2ibs,5,100,10,0.0,10,0.1,15.0,0.8,0.017071303174353566,4.716391055809208,2.0,0.5,-0.04344613256742526,0.2795827913362361,-0.08689226513485052
US500,rsi2ibs,5,100,10,2.0,5,0.1,17.0,0.5882352941176471,0.09079231908738657,1.2686506074609645,2.0,0.5,-0.09258639065910912,0.8210168091602958,-1.8417199544256708
US500,rsi2ibs,5,100,10,2.0,10,0.1,17.0,0.6470588235294118,0.1481182323847906,1.4029788154577196,2.0,0.5,-0.09258639065910912,0.8210168091602958,-1.8636833963360209
US500,rsi2ibs,5,100,10,3.0,5,0.1,17.0,0.5882352941176471,0.008865159483233657,1.0321776243126182,2.0,0.5,-0.23553490021354567,0.5457889049951865,-1.582856700136309
US500,rsi2ibs,5,100,10,3.0,10,0.1,17.0,0.7647058823529411,0.12487787920359308,1.5164404772434406,2.0,0.5,-0.23553490021354567,0.5457889049951865,-1.0073254950874428
US500,rsi2ibs,5,200,3,0.0,5,0.1,21.0,0.6666666666666666,0.0038494788882553164,1.419326221104802,2.0,1.0,0.02611104964563997,50107201089.99958,-0.059400441541089644
US500,rsi2ibs,5,200,3,0.0,10,0.1,21.0,0.6666666666666666,0.004520889679639611,1.5293515745239843,2.0,1.0,0.02611104964563997,50107201089.99958,-0.04923103405730528
US500,rsi2ibs,5,200,3,2.0,5,0.1,22.0,0.6818181818181818,0.11778894440299065,1.4951577090829777,2.0,1.0,0.6527762411409992,1301177203978.3228,-1.0129166012246893
US500,rsi2ibs,5,200,3,2.0,10,0.1,22.0,0.6818181818181818,0.11778894440299065,1.4951577090829777,2.0,1.0,0.6527762411409992,1301177203978.3228,-1.0129166012246893
US500,rsi2ibs,5,200,3,3.0,5,0.1,22.0,0.6818181818181818,0.0008193752060965246,1.0035875447233615,2.0,1.0,0.4351841607606661,867601744298.3263,-1.0125135712725932
US500,rsi2ibs,5,200,3,3.0,10,0.1,22.0,0.6818181818181818,0.0008193752060965246,1.0035875447233615,2.0,1.0,0.4351841607606661,867601744298.3263,-1.0125135712725932
US500,rsi2ibs,5,200,5,0.0,5,0.1,21.0,0.6666666666666666,0.0008429986478861056,1.0849533677119856,2.0,1.0,0.036833059632720946,70897232064.99957,-0.059400441541089644
US500,rsi2ibs,5,200,5,0.0,10,0.1,21.0,0.7142857142857143,0.003585199360770546,1.44481581202472,2.0,1.0,0.036833059632720946,70897232064.99957,-0.050411994019051
US500,rsi2ibs,5,200,5,2.0,5,0.1,22.0,0.6818181818181818,0.0018945521295149633,1.0060535654670009,2.0,1.0,0.9208264908180235,1835558000150.5444,-1.54532016902329
US500,rsi2ibs,5,200,5,2.0,10,0.1,22.0,0.7272727272727273,0.02953497513280161,1.10620385720349,2.0,1.0,0.9208264908180235,1835558000150.5444,-1.0129166012246893
US500,rsi2ibs,5,200,5,3.0,5,0.1,22.0,0.6818181818181818,-0.06992363666968472,0.7427121359826714,2.0,1.0,0.6138843272120157,1224112275462.2148,-1.3852568432013885
US500,rsi2ibs,5,200,5,3.0,10,0.1,22.0,0.7272727272727273,-0.04039963725071951,0.8350602243511127,2.0,1.0,0.6138843272120157,1224112275462.2148,-1.0125135712725932
US500,rsi2ibs,5,200,10,0.0,5,0.1,21.0,0.6190476190476191,0.002709024169814782,1.2239988705156848,2.0,1.0,0.03704743201890512,71307256339.99962,-0.06024460371693327
US500,rsi2ibs,5,200,10,0.0,10,0.1,20.0,0.65,0.009288535507037673,2.124969635285619,2.0,1.0,0.03704743201890512,71307256339.99962,-0.08751943353170726
US500,rsi2ibs,5,200,10,2.0,5,0.1,22.0,0.6363636363636364,0.04642470663008562,1.1368017062409623,2.0,1.0,0.926185800472628,1846240211525.5457,-1.54532016902329
US500,rsi2ibs,5,200,10,2.0,10,0.1,22.0,0.5909090909090909,0.052851120978423156,1.139597955573887,2.0,1.0,0.926185800472628,1846240211525.5457,-1.0129166012246893
US500,rsi2ibs,5,200,10,3.0,5,0.1,22.0,0.6363636363636364,-0.04023686700263762,0.8648397155592512,2.0,1.0,0.6174572003150853,1231233749712.2156,-1.3852568432013885
US500,rsi2ibs,5,200,10,3.0,10,0.1,22.0,0.6363636363636364,-0.02454280491709836,0.9253041674716435,2.0,1.0,0.6174572003150853,1231233749712.2156,-1.0125135712725932
US500,rsi2ibs,10,0,3,0.0,5,0.2,81.0,0.7283950617283951,0.005344233989758178,1.8962569525062078,23.0,0.9565217391304348,0.013827763388263851,11.490351478209059,-0.07740788675722124
US500,rsi2ibs,10,0,3,0.0,10,0.2,80.0,0.725,0.005596100266570564,1.983688210280862,23.0,0.9565217391304348,0.013827763388263851,11.490351478209059,-0.06330826013815107
US500,rsi2ibs,10,0,3,2.0,5,0.2,88.0,0.7159090909090909,0.08859276877133507,1.4087716574607787,26.0,0.8846153846153846,0.3283216157325238,3.7784990089358983,-3.269202147114007
US500,rsi2ibs,10,0,3,2.0,10,0.2,88.0,0.7159090909090909,0.08859276877133507,1.4087716574607787,26.0,0.8846153846153846,0.3283216157325238,3.7784990089358983,-3.269202147114007
US500,rsi2ibs,10,0,3,3.0,5,0.2,86.0,0.7441860465116279,0.07264773142980946,1.5524653562873292,25.0,0.92,0.17549949544931348,2.7999965531279183,-1.5053875817088889
US500,rsi2ibs,10,0,3,3.0,10,0.2,86.0,0.7441860465116279,0.07264773142980946,1.5524653562873292,25.0,0.92,0.17549949544931348,2.7999965531279183,-1.5053875817088889
US500,rsi2ibs,10,0,5,0.0,5,0.2,80.0,0.7375,0.004929618272824315,1.7115015421932622,22.0,0.9090909090909091,0.015544056927711724,7.729253278541583,-0.11885183647137043
US500,rsi2ibs,10,0,5,0.0,10,0.2,79.0,0.7468354430379747,0.006127079390734604,2.056478639026634,22.0,0.9090909090909091,0.010892197513478611,2.5595771376239025,-0.08549166580611162
US500,rsi2ibs,10,0,5,2.0,5,0.2,87.0,0.7126436781609196,0.09003537702364328,1.3881234170108665,26.0,0.8076923076923077,0.2728386337457729,2.3766755167674174,-3.4788140245920802
US500,rsi2ibs,10,0,5,2.0,10,0.2,87.0,0.7241379310344828,0.10050698096963653,1.4517270119177879,26.0,0.8076923076923077,0.2728386337457729,2.3766755167674174,-3.4788140245920802
US500,rsi2ibs,10,0,5,3.0,5,0.2,85.0,0.7529411764705882,0.07177909822389182,1.4967300704074178,24.0,0.8333333333333334,0.15557116709302424,2.0949329490959574,-1.645128833360938
US500,rsi2ibs,10,0,5,3.0,10,0.2,85.0,0.7647058823529411,0.08179660581647973,1.6050341130375387,24.0,0.8333333333333334,0.13042840417527654,1.7799883156556173,-1.645128833360938
US500,rsi2ibs,10,0,10,0.0,5,0.2,79.0,0.6835443037974683,0.006893807465934605,1.8672942411373452,22.0,0.7727272727272727,0.012455408582356935,2.117179136128364,-0.14987012139121034
US500,rsi2ibs,10,0,10,0.0,10,0.2,74.0,0.7702702702702703,0.006937401844767309,1.7006634604990738,21.0,0.8095238095238095,0.012743090480989342,2.3761001793891796,-0.12961939312965778
US500,rsi2ibs,10,0,10,2.0,5,0.2,86.0,0.6511627906976745,0.12140067964238928,1.4675883244095358,26.0,0.6923076923076923,0.2795016970036264,2.021319580915279,-4.386141044520929
US500,rsi2ibs,10,0,10,2.0,10,0.2,84.0,0.6785714285714286,0.10894834207505635,1.338471432571065,26.0,0.6923076923076923,0.24466652886196733,1.7636131777462012,-4.453498033345929
US500,rsi2ibs,10,0,10,3.0,5,0.2,84.0,0.7023809523809523,0.09690763521115586,1.573733881026628,23.0,0.7391304347826086,0.21177994377133538,2.334437590630277,-2.162100248691603
US500,rsi2ibs,10,0,10,3.0,10,0.2,80.0,0.775,0.09729875212644967,1.4724018330507327,23.0,0.782608695652174,0.21762705616697692,2.254679278081337,-1.8699734638209526
US500,rsi2ibs,10,100,3,0.0,5,0.2,45.0,0.7777777777777778,0.009085037058065319,3.1730049675217997,12.0,0.9166666666666666,0.011266637227051379,5.499981173497554,-0.0532472628044031
US500,rsi2ibs,10,100,3,0.0,10,0.2,45.0,0.7777777777777778,0.009085037058065319,3.1730049675217997,12.0,0.9166666666666666,0.011266637227051379,5.499981173497554,-0.0532472628044031
US500,rsi2ibs,10,100,3,2.0,5,0.2,46.0,0.7391304347826086,0.13914192184886437,1.7003125928620848,13.0,0.8461538461538461,0.20914351318968946,2.312087114771383,-2.1594715217971845
US500,rsi2ibs,10,100,3,2.0,10,0.2,46.0,0.7391304347826086,0.13914192184886437,1.7003125928620848,13.0,0.8461538461538461,0.20914351318968946,2.312087114771383,-2.1594715217971845
US500,rsi2ibs,10,100,3,3.0,5,0.2,46.0,0.782608695652174,0.13914413984682938,2.540145488518135,12.0,0.9166666666666666,0.14322640109630477,2.6554106369266584,-0.4620083026296276
US500,rsi2ibs,10,100,3,3.0,10,0.2,46.0,0.782608695652174,0.13914413984682938,2.540145488518135,12.0,0.9166666666666666,0.14322640109630477,2.6554106369266584,-0.4620083026296276
US500,rsi2ibs,10,100,5,0.0,5,0.2,45.0,0.7777777777777778,0.009347638322671162,2.96960745424686,12.0,0.9166666666666666,0.014944854492723139,6.962427921254165,-0.07796861862782155
US500,rsi2ibs,10,100,5,0.0,10,0.2,45.0,0.8,0.010422993149165378,3.7764391050020425,12.0,0.9166666666666666,0.007386128239014632,1.738526735789106,-0.07345370950935257
US500,rsi2ibs,10,100,5,2.0,5,0.2,46.0,0.717391304347826,0.1199414681686284,1.524919030976448,13.0,0.8461538461538461,0.29402545008980707,2.8446650136599185,-2.1594715217971845
US500,rsi2ibs,10,100,5,2.0,10,0.2,46.0,0.7391304347826086,0.13582622419233975,1.6331844033039236,13.0,0.8461538461538461,0.29402545008980707,2.8446650136599185,-2.1594715217971845
US500,rsi2ibs,10,100,5,3.0,5,0.2,46.0,0.782608695652174,0.13246746096240364,2.2561697805324594,12.0,0.9166666666666666,0.20453002219083416,3.3639148473411855,-0.743654315274648
US500,rsi2ibs,10,100,5,3.0,10,0.2,46.0,0.8043478260869565,0.1483645834529003,2.6331750977002106,12.0,0.9166666666666666,0.20453002219083416,3.3639148473411855,-0.6390204682312517
US500,rsi2ibs,10,100,10,0.0,5,0.2,44.0,0.75,0.011600520941243008,2.8692271832533645,12.0,0.8333333333333334,0.01854980591805332,6.411240857815606,-0.07796861862782155
US500,rsi2ibs,10,100,10,0.0,10,0.2,42.0,0.8333333333333334,0.014176413320847186,3.2524792703634064,12.0,0.8333333333333334,0.013804618421555783,2.370891682053998,-0.07992737326454842
US500,rsi2ibs,10,100,10,2.0,5,0.2,45.0,0.6666666666666666,0.1716482621717727,1.6837759776664536,13.0,0.7692307692307693,0.3840256209903327,3.1187050822716382,-1.8651217160012328
US500,rsi2ibs,10,100,10,2.0,10,0.2,45.0,0.7111111111111111,0.1838172077250384,1.6054948811890775,13.0,0.7692307692307693,0.3424610378654323,2.413703162468428,-1.8651217160012328
US500,rsi2ibs,10,100,10,3.0,5,0.2,45.0,0.7555555555555555,0.1686627367224904,2.2973383434170818,12.0,0.8333333333333334,0.2646125459463371,3.5860258344109446,-0.7353395766050876
US500,rsi2ibs,10,100,10,3.0,10,0.2,44.0,0.8181818181818182,0.16464025973567112,1.9128522833636754,12.0,0.8333333333333334,0.31150485856652005,4.534052832547269,-1.080881240479258
US500,rsi2ibs,10,200,3,0.0,5,0.2,54.0,0.7407407407407407,0.007697570713042962,2.5561031600545174,12.0,1.0,0.015492875937975192,181119701672.2185,-0.05954971993115102
US500,rsi2ibs,10,200,3,0.0,10,0.2,54.0,0.7407407407407407,0.00795867490969241,2.697729853674561,12.0,1.0,0.015492875937975192,181119701672.2185,-0.04545009331208084
US500,rsi2ibs,10,200,3,2.0,5,0.2,56.0,0.7142857142857143,0.10815514748381574,1.493093573345131,13.0,0.9230769230769231,0.328247793369432,5.11592104155704,-2.0328281769807477
US500,rsi2ibs,10,200,3,2.0,10,0.2,56.0,0.7142857142857143,0.10815514748381574,1.493093573345131,13.0,0.9230769230769231,0.328247793369432,5.11592104155704,-2.0328281769807477
US500,rsi2ibs,10,200,3,3.0,5,0.2,56.0,0.75,0.09190904687517512,1.7072692835938714,12.0,1.0,0.25821459896625326,3090149194321.048,-1.0150015444402827
US500,rsi2ibs,10,200,3,3.0,10,0.2,56.0,0.75,0.09190904687517512,1.7072692835938714,12.0,1.0,0.25821459896625326,3090149194321.048,-1.0150015444402827
US500,rsi2ibs,10,200,5,0.0,5,0.2,53.0,0.7547169811320755,0.007803155825521292,2.4401129662385572,12.0,0.9166666666666666,0.013745225825306566,5.303023482369439,-0.05954971993115102
US500,rsi2ibs,10,200,5,0.0,10,0.2,53.0,0.7735849056603774,0.008982223633281857,3.0816498621047463,12.0,0.9166666666666666,0.008406965670100101,1.9703600300753925,-0.050411994019051
US500,rsi2ibs,10,200,5,2.0,5,0.2,55.0,0.7090909090909091,0.08773639951507216,1.356730924332678,13.0,0.8461538461538461,0.28105222170843536,2.7630737753839125,-2.0328281769807477
US500,rsi2ibs,10,200,5,2.0,10,0.2,55.0,0.7272727272727273,0.10102183182581256,1.4312247070328874,13.0,0.8461538461538461,0.28105222170843536,2.7630737753839125,-2.0328281769807477
US500,rsi2ibs,10,200,5,3.0,5,0.2,55.0,0.7636363636363637,0.08377822640018757,1.5842618430704574,12.0,0.9166666666666666,0.22908709708844274,5.359311366796036,-1.0150015444402827
US500,rsi2ibs,10,200,5,3.0,10,0.2,55.0,0.7818181818181819,0.0970740015740575,1.7399923254564489,12.0,0.9166666666666666,0.19496294912603943,3.250583526625097,-1.0150015444402827
US500,rsi2ibs,10,200,10,0.0,5,0.2,53.0,0.7547169811320755,0.010472198713415953,2.6910147748630524,12.0,0.75,0.012331699087066607,2.9611085892444144,-0.06024460371693327
US500,rsi2ibs,10,200,10,0.0,10,0.2,49.0,0.7551020408163265,0.00874343620870068,1.9032840200079901,12.0,0.75,0.007590596163065279,1.5763251090568884,-0.08887824914045958
US500,rsi2ibs,10,200,10,2.0,5,0.2,55.0,0.6909090909090909,0.16486199535336832,1.6470659958009637,13.0,0.6923076923076923,0.2552413580650347,2.1058879335796186,-2.0328281769807477
US500,rsi2ibs,10,200,10,2.0,10,0.2,54.0,0.6851851851851852,0.1617459039279412,1.5222858475304308,13.0,0.6923076923076923,0.1812183920882734,1.5587653684243847,-2.0328281769807477
US500,rsi2ibs,10,200,10,3.0,5,0.2,55.0,0.7636363636363637,0.13565123769104417,1.8587580279987286,12.0,0.75,0.20552831811777672,2.975988393869297,-0.9270882798183822
US500,rsi2ibs,10,200,10,3.0,10,0.2,52.0,0.75,0.09507571256647354,1.409960339210906,12.0,0.75,0.1813567906754591,2.128250927222424,-2.0895902498513985
US500,rsi2ibs,20,0,3,0.0,5,0.4,218.0,0.7155963302752294,0.002978610818964015,1.399472606287764,48.0,0.6875,0.0047543173155372665,1.9946273432402035,-0.10550483246657771
US500,rsi2ibs,20,0,3,0.0,10,0.4,213.0,0.7089201877934272,0.003384504042814618,1.4981221485386191,47.0,0.6808510638297872,0.005342733642798084,2.395412036762226,-0.10625182730063734
US500,rsi2ibs,20,0,3,2.0,5,0.4,243.0,0.6790123456790124,0.04944409489990676,1.233577969447158,53.0,0.660377358490566,0.11851628350617963,1.709104600136257,-1.1755204770539016
US500,rsi2ibs,20,0,3,2.0,10,0.4,243.0,0.6790123456790124,0.04990469115955543,1.232921968999789,53.0,0.660377358490566,0.11851628350617963,1.709104600136257,-1.1755204770539016
US500,rsi2ibs,20,0,3,3.0,5,0.4,229.0,0.7161572052401747,0.05902875076019627,1.4896800302849857,50.0,0.68,0.0896488050206749,1.9095803456581073,-0.22333489907457316
US500,rsi2ibs,20,0,3,3.0,10,0.4,227.0,0.7136563876651982,0.05996052123665293,1.5004785431507863,50.0,0.68,0.0896488050206749,1.9095803456581073,-0.21886965361193633
US500,rsi2ibs,20,0,5,0.0,5,0.4,208.0,0.7163461538461539,0.0033259373381583656,1.378431159879055,46.0,0.7608695652173914,0.005442244879575697,1.9001726891011108,-0.14566258466880116
US500,rsi2ibs,20,0,5,0.0,10,0.4,189.0,0.6984126984126984,0.0037950762046800885,1.4758653421898662,42.0,0.7857142857142857,0.005622838963446912,1.899719780127607,-0.17930183295991742
US500,rsi2ibs,20,0,5,2.0,5,0.4,233.0,0.6781115879828327,0.06489559634506381,1.2747359308727948,51.0,0.6666666666666666,0.09922541052595192,1.4582805730464288,-1.2993690103327526
US500,rsi2ibs,20,0,5,2.0,10,0.4,228.0,0.6754385964912281,0.05933204370483603,1.2437366576813569,50.0,0.68,0.11228282772295493,1.5227580983085336,-1.4265229713680962
US500,rsi2ibs,20,0,5,3.0,5,0.4,215.0,0.7069767441860465,0.06271268723492578,1.4334864314975526,48.0,0.7291666666666666,0.07914062199205324,1.5970993901586064,-1.4683831416492124
US500,rsi2ibs,20,0,5,3.0,10,0.4,207.0,0.7004830917874396,0.05973151649487217,1.4029685366114133,45.0,0.7555555555555555,0.09517594140268604,1.737120685500895,-1.3459787748622747
US500,rsi2ibs,20,0,10,0.0,5,0.4,210.0,0.6952380952380952,0.0030829909788908554,1.309345144718072,45.0,0.7333333333333333,0.005883786311966683,1.6039651738421008,-0.14400069247137554
US500,rsi2ibs,20,0,10,0.0,10,0.4,181.0,0.7513812154696132,0.0033615996089553933,1.3164401048440593,38.0,0.8421052631578947,0.009558747699343251,2.9669026630660205,-0.2448684672299512
US500,rsi2ibs,20,0,10,2.0,5,0.4,234.0,0.6367521367521367,0.052495944606947564,1.196790902247083,51.0,0.6666666666666666,0.10696191028889951,1.389822965905687,-5.073757437799773
US500,rsi2ibs,20,0,10,2.0,10,0.4,218.0,0.6788990825688074,0.05282681357945597,1.1837931739294292,48.0,0.7291666666666666,0.12959576830982128,1.4728913773933534,-4.558617311274497
US500,rsi2ibs,20,0,10,3.0,5,0.4,218.0,0.6788990825688074,0.04790919265243371,1.2802974572904464,46.0,0.717391304347826,0.10253902812720694,1.6907241432460145,-2.5403365462122824
US500,rsi2ibs,20,0,10,3.0,10,0.4,198.0,0.7474747474747475,0.04747582562655984,1.2534096363679927,40.0,0.825,0.16498035416028983,2.70125212978618,-3.311151237387336
US500,rsi2ibs,20,100,3,0.0,5,0.4,140.0,0.7214285714285714,0.0029499717866888157,1.3908251399271347,32.0,0.625,0.0037283250770788626,1.6500418178210623,-0.11114046020690474
US500,rsi2ibs,20,100,3,0.0,10,0.4,139.0,0.7194244604316546,0.003549304999691266,1.514337176576674,31.0,0.6129032258064516,0.004587343630072411,2.0524936084609835,-0.11259289657712684
US500,rsi2ibs,20,100,3,2.0,5,0.4,151.0,0.6688741721854304,0.019897173601872944,1.0846174253662053,34.0,0.6176470588235294,0.07738243801474619,1.4587633039363035,-3.151660679974355
US500,rsi2ibs,20,100,3,2.0,10,0.4,151.0,0.6688741721854304,0.019897173601872944,1.0846174253662053,34.0,0.6176470588235294,0.07738243801474619,1.4587633039363035,-3.151660679974355
US500,rsi2ibs,20,100,3,3.0,5,0.4,144.0,0.7152777777777778,0.054031788228820994,1.4399302959836453,32.0,0.625,0.0600851430352806,1.6032646795535443,-1.5544595643322556
US500,rsi2ibs,20,100,3,3.0,10,0.4,143.0,0.7132867132867133,0.05503193465820179,1.4548619871675765,32.0,0.625,0.0600851430352806,1.6032646795535443,-1.5544595643322556
US500,rsi2ibs,20,100,5,0.0,5,0.4,132.0,0.696969696969697,0.002745817663355679,1.310116039362382,30.0,0.7666666666666667,0.006695947868024448,2.1560865093825203,-0.14420415366232286
US500,rsi2ibs,20,100,5,0.0,10,0.4,127.0,0.7007874015748031,0.0039634860945799225,1.5048060505819518,29.0,0.7931034482758621,0.005290426682779237,1.7622276491263833,-0.167572765672946
US500,rsi2ibs,20,100,5,2.0,5,0.4,145.0,0.6482758620689655,0.01525641748923189,1.057103603286952,32.0,0.71875,0.14524166327487198,1.8493540613401283,-2.52235803138634
US500,rsi2ibs,20,100,5,2.0,10,0.4,143.0,0.6503496503496503,0.014450430661913176,1.0535609549318008,32.0,0.75,0.16113807166443866,1.99748943521549,-2.52235803138634
US500,rsi2ibs,20,100,5,3.0,5,0.4,136.0,0.6911764705882353,0.04777625754919965,1.3297906760312561,30.0,0.7666666666666667,0.10940861566774922,2.093583044306234,-1.2549375141925878
US500,rsi2ibs,20,100,5,3.0,10,0.4,132.0,0.6893939393939394,0.049878459840886145,1.3455213446871281,30.0,0.8,0.12071272830032997,2.293475001072947,-1.2549375141925878
US500,rsi2ibs,20,100,10,0.0,5,0.4,134.0,0.7238805970149254,0.002725840811642236,1.2822014304783051,29.0,0.7931034482758621,0.010433208350611253,3.4585299463851307,-0.14233985059322135
US500,rsi2ibs,20,100,10,0.0,10,0.4,125.0,0.768,0.0039885128011056025,1.4002993835681814,27.0,0.8888888888888888,0.01084203592666713,3.2162155948527653,-0.16164812972904624
US500,rsi2ibs,20,100,10,2.0,5,0.4,147.0,0.6462585034013606,0.019409726944767107,1.0694320915900282,32.0,0.75,0.20287306228791452,2.046707936575506,-3.55272614185436
US500,rsi2ibs,20,100,10,2.0,10,0.4,142.0,0.6830985915492958,0.04018818774389453,1.1418775353784434,31.0,0.8064516129032258,0.22111111826626959,2.086283209657535,-3.36173049285764
US500,rsi2ibs,20,100,10,3.0,5,0.4,138.0,0.7101449275362319,0.028115263832933817,1.163308025341766,29.0,0.7931034482758621,0.15545195645543064,2.7215256356886024,-1.5348441867626657
US500,rsi2ibs,20,100,10,3.0,10,0.4,130.0,0.7538461538461538,0.054944132181818706,1.3290763598990332,27.0,0.8888888888888888,0.21689076983286262,5.701601191958401,-1.4968719654324776
US500,rsi2ibs,20,200,3,0.0,5,0.4,143.0,0.7132867132867133,0.0021940359766099856,1.2605739514660232,29.0,0.7241379310344828,0.005904199601846908,2.084353013722694,-0.14292507534456772
US500,rsi2ibs,20,200,3,0.0,10,0.4,141.0,0.7092198581560284,0.00295564484437238,1.4005618076646684,28.0,0.7142857142857143,0.00693296566140291,2.7931621258519406,-0.14292507534456772
US500,rsi2ibs,20,200,3,2.0,5,0.4,159.0,0.6729559748427673,0.027235683752170413,1.1176887476337094,31.0,0.7096774193548387,0.13578617971731602,1.882923526518198,-2.96254028111944
US500,rsi2ibs,20,200,3,2.0,10,0.4,159.0,0.6729559748427673,0.027235683752170413,1.1176887476337094,31.0,0.7096774193548387,0.13578617971731602,1.882923526518198,-2.96254028111944
US500,rsi2ibs,20,200,3,3.0,5,0.4,149.0,0.7046979865771812,0.04530549647378148,1.335442393425375,29.0,0.7241379310344828,0.11457212560347849,2.513647025426693,-2.052990826463728
US500,rsi2ibs,20,200,3,3.0,10,0.4,148.0,0.7027027027027027,0.04621289274166267,1.3464892867073834,29.0,0.7241379310344828,0.11457212560347849,2.513647025426693,-2.052990826463728
US500,rsi2ibs,20,200,5,0.0,5,0.4,137.0,0.7007299270072993,0.002264843639447815,1.234500496345544,27.0,0.7777777777777778,0.004578398201744574,1.6096500792077468,-0.10392577033697781
US500,rsi2ibs,20,200,5,0.0,10,0.4,127.0,0.6929133858267716,0.0032347067419524144,1.3739728654239958,24.0,0.8333333333333334,0.005885252378746267,1.820873022522178,-0.12979104230529748
US500,rsi2ibs,20,200,5,2.0,5,0.4,153.0,0.6601307189542484,0.0309756270586149,1.1178338581502236,29.0,0.7241379310344828,0.09636525336491683,1.4557501269362838,-2.0328281769807477
US500,rsi2ibs,20,200,5,2.0,10,0.4,150.0,0.66,0.025494140654116756,1.0947306392710827,28.0,0.75,0.11957992131809957,1.574256562221666,-2.0328281769807477
US500,rsi2ibs,20,200,5,3.0,5,0.4,141.0,0.6879432624113475,0.04475021510799363,1.2831738374954391,27.0,0.7777777777777778,0.09367312440962701,1.8541695528886775,-1.1165498272843697
US500,rsi2ibs,20,200,5,3.0,10,0.4,136.0,0.6838235294117647,0.04534627809804242,1.2824501307285925,25.0,0.84,0.12397883496681912,2.212034465334006,-1.1165498272843697
US500,rsi2ibs,20,200,10,0.0,5,0.4,139.0,0.7266187050359713,0.002884323825818414,1.2885329124592306,26.0,0.7307692307692307,0.005523436835473416,1.7603639528618584,-0.14233985059322135
US500,rsi2ibs,20,200,10,0.0,10,0.4,126.0,0.746031746031746,0.0033753773486690695,1.3285297085786605,22.0,0.8181818181818182,0.008155238401419393,2.266399298009304,-0.17936956304762908
US500,rsi2ibs,20,200,10,2.0,5,0.4,155.0,0.6645161290322581,0.04372133653976066,1.164069238215093,29.0,0.6896551724137931,0.08953438343811228,1.3330570444787917,-2.7650921014934102
US500,rsi2ibs,20,200,10,2.0,10,0.4,148.0,0.6824324324324325,0.05266024996686961,1.1880267937698885,27.0,0.7037037037037037,0.09324736881283882,1.3138570621487433,-2.057235307606344
US500,rsi2ibs,20,200,10,3.0,5,0.4,143.0,0.7132867132867133,0.044820524821387014,1.262230292933673,26.0,0.7307692307692307,0.09205728059122359,1.7480191529938884,-1.1176346981314973
US500,rsi2ibs,20,200,10,3.0,10,0.4,136.0,0.7352941176470589,0.05231945090022241,1.2874046926756808,22.0,0.8181818181818182,0.16583710618240444,3.138280856677322,-2.0895902498513985
US500,down3,10,0,3,0.0,5,0.2,130.0,0.6923076923076923,0.0020896722919959837,1.2802665873091414,37.0,0.7027027027027027,0.009135253544836125,4.072218335587224,-0.10506921594185618
US500,down3,10,0,3,0.0,10,0.2,126.0,0.6825396825396826,0.002606297923593645,1.3966801273614649,37.0,0.7027027027027027,0.009135253544836125,4.072218335587224,-0.0988909117658942
US500,down3,10,0,3,2.0,5,0.2,140.0,0.6928571428571428,0.08242096855644625,1.4850454779950855,38.0,0.7105263157894737,0.21857491199751736,3.3732595358508557,-1.365797181284146
US500,down3,10,0,3,2.0,10,0.2,140.0,0.6928571428571428,0.08242096855644625,1.4850454779950855,38.0,0.7105263157894737,0.21857491199751736,3.3732595358508557,-1.365797181284146
US500,down3,10,0,3,3.0,5,0.2,136.0,0.6911764705882353,0.045044986565470985,1.3604083455080391,37.0,0.7027027027027027,0.15225422574726868,4.103297719119054,-1.6392046811479215
US500,down3,10,0,3,3.0,10,0.2,136.0,0.6911764705882353,0.045044986565470985,1.3604083455080391,37.0,0.7027027027027027,0.15225422574726868,4.103297719119054,-1.6392046811479215
US500,down3,10,0,5,0.0,5,0.2,130.0,0.7307692307692307,0.0030195987804843578,1.388113774545118,36.0,0.7222222222222222,0.009305911321051193,2.947677247144347,-0.11344052638464545
US500,down3,10,0,5,0.0,10,0.2,123.0,0.7235772357723578,0.0030085094361613513,1.4130635607159259,36.0,0.7777777777777778,0.008301962425211442,2.2653225705723563,-0.14361165539516524
US500,down3,10,0,5,2.0,5,0.2,140.0,0.7214285714285714,0.09018180329527414,1.46077445608986,38.0,0.7105263157894737,0.1801079694428772,2.1567415788050224,-1.4766487588914616
US500,down3,10,0,5,2.0,10,0.2,140.0,0.7285714285714285,0.08507194018055621,1.4222260928122523,38.0,0.7631578947368421,0.21406344435999303,2.543829530861781,-2.0473570686773503
US500,down3,10,0,5,3.0,5,0.2,136.0,0.7279411764705882,0.05572402615924848,1.413509360225791,36.0,0.7222222222222222,0.13377196728779853,2.343548138061137,-0.7798486435882451
US500,down3,10,0,5,3.0,10,0.2,135.0,0.7333333333333333,0.047513932026115945,1.3279592348677567,36.0,0.7777777777777778,0.1522794347902937,2.6380854995967216,-1.191810182783235
US500,down3,10,0,10,0.0,5,0.2,130.0,0.6615384615384615,0.0028089314083557236,1.3077039272787896,35.0,0.6857142857142857,0.005081160651485713,1.4789389320300985,-0.15918054870417545
US500,down3,10,0,10,0.0,10,0.2,119.0,0.7394957983193278,0.0027140695382317855,1.2529275855979924,32.0,0.78125,0.006736465595113919,1.9109569304715375,-0.19756992750183758
US500,down3,10,0,10,2.0,5,0.2,140.0,0.65,0.08167004137357117,1.341818662915102,37.0,0.6756756756756757,0.16727302201210675,1.7730304719423586,-2.2125025066718917
US500,down3,10,0,10,2.0,10,0.2,136.0,0.6911764705882353,0.0640883478033798,1.2267585237035425,36.0,0.7222222222222222,0.16068711654610038,1.6714268308185256,-2.661479907729753
US500,down3,10,0,10,3.0,5,0.2,136.0,0.6617647058823529,0.04842824018331754,1.298678439087529,35.0,0.6857142857142857,0.1198209454948531,1.893202762190868,-1.0260303159190185
US500,down3,10,0,10,3.0,10,0.2,132.0,0.7348484848484849,0.04458560045086565,1.231008275976504,33.0,0.7878787878787878,0.16854723080350137,2.7539923802330337,-2.2238117713094034
US500,down3,10,100,3,0.0,5,0.2,84.0,0.7261904761904762,0.004225972095390538,1.685844588326814,26.0,0.6153846153846154,0.0042017927686068745,2.1110681500594777,-0.07017114250702233
US500,down3,10,100,3,0.0,10,0.2,83.0,0.7228915662650602,0.0044505035727623946,1.7489733505973128,26.0,0.6153846153846154,0.0042017927686068745,2.1110681500594777,-0.06707120999948661
US500,down3,10,100,3,2.0,5,0.2,85.0,0.7176470588235294,0.11911079349245937,1.8500613299863784,26.0,0.6153846153846154,0.07518472232827399,1.6054124279726276,-1.1619546885241907
US500,down3,10,100,3,2.0,10,0.2,85.0,0.7176470588235294,0.11911079349245937,1.8500613299863784,26.0,0.6153846153846154,0.07518472232827399,1.6054124279726276,-1.1619546885241907
US500,down3,10,100,3,3.0,5,0.2,84.0,0.7261904761904762,0.07782790731628067,1.8182558894874923,26.0,0.6153846153846154,0.07002987947678126,2.114394312882114,-0.7792008889952454
US500,down3,10,100,3,3.0,10,0.2,84.0,0.7261904761904762,0.07782790731628067,1.8182558894874923,26.0,0.6153846153846154,0.07002987947678126,2.114394312882114,-0.7792008889952454
US500,down3,10,100,5,0.0,5,0.2,84.0,0.75,0.005265682119025476,1.8516906564987738,26.0,0.6923076923076923,0.005283402629588152,1.9590620248244546,-0.08495193740252019
US500,down3,10,100,5,0.0,10,0.2,83.0,0.7590361445783133,0.005622819000522795,1.9563984428972847,26.0,0.7692307692307693,0.004340865391834129,1.5747527119123523,-0.08629865776857976
US500,down3,10,100,5,2.0,5,0.2,85.0,0.7294117647058823,0.11335297875219316,1.6736058471960145,26.0,0.6923076923076923,0.12737383102958566,1.9101233419881576,-1.1619546885241907
US500,down3,10,100,5,2.0,10,0.2,85.0,0.7411764705882353,0.106262598501403,1.6022708459643558,26.0,0.7692307692307693,0.1770010636007549,2.539063052583396,-1.1619546885241907
US500,down3,10,100,5,3.0,5,0.2,84.0,0.75,0.08729541593393979,1.8458379649650223,26.0,0.6923076923076923,0.05852763471352173,1.4891399114201573,-0.9076149292564183
US500,down3,10,100,5,3.0,10,0.2,84.0,0.7619047619047619,0.07338973687908552,1.6227891996804433,26.0,0.7692307692307693,0.09161245642763455,1.8891185399872463,-1.2696024924702132
US500,down3,10,100,10,0.0,5,0.2,84.0,0.7142857142857143,0.00580582316583947,1.8002145543093124,25.0,0.72,0.008786794939126895,2.6712740118259384,-0.07120730730820138
US500,down3,10,100,10,0.0,10,0.2,80.0,0.7875,0.005596858936586601,1.6143168283378522,24.0,0.7916666666666666,0.007518307155991548,2.1151325481720207,-0.2289007540553566
US500,down3,10,100,10,2.0,5,0.2,85.0,0.6823529411764706,0.11723923680553355,1.5809434376902483,25.0,0.72,0.20977366871175895,2.4867348553273056,-1.732202097836855
US500,down3,10,100,10,2.0,10,0.2,84.0,0.7380952380952381,0.1303809269089164,1.6011834761861594,25.0,0.76,0.18178541887347613,2.0251977120085463,-2.438824510812597
US500,down3,10,100,10,3.0,5,0.2,84.0,0.7142857142857143,0.09629776671417305,1.795236271689044,25.0,0.72,0.136843862325037,2.409839988692149,-1.144252883910343
US500,down3,10,100,10,3.0,10,0.2,82.0,0.7804878048780488,0.1106388271842175,1.8552564325909335,24.0,0.7916666666666666,0.18198664698457367,4.4173574491998,-0.8713571058258682
US500,down3,10,200,3,0.0,5,0.2,83.0,0.6987951807228916,0.002730261553769115,1.3631581728107582,23.0,0.6086956521739131,0.005496662048559395,2.5021989861780356,-0.07017114250702233
US500,down3,10,200,3,0.0,10,0.2,81.0,0.691358024691358,0.0032356984596860834,1.4905455277316555,23.0,0.6086956521739131,0.005496662048559395,2.5021989861780356,-0.06707120999948661
US500,down3,10,200,3,2.0,5,0.2,90.0,0.6888888888888889,0.08629308170119739,1.51239470801951,23.0,0.6086956521739131,0.09797142698536794,1.753329535594157,-1.916055776732971
US500,down3,10,200,3,2.0,10,0.2,90.0,0.6888888888888889,0.08629308170119739,1.51239470801951,23.0,0.6086956521739131,0.09797142698536794,1.753329535594157,-1.916055776732971
US500,down3,10,200,3,3.0,5,0.2,86.0,0.686046511627907,0.03912004480695683,1.3010791029432323,23.0,0.6086956521739131,0.09161103414265659,2.51772192961628,-1.7840122369746154
US500,down3,10,200,3,3.0,10,0.2,86.0,0.686046511627907,0.03912004480695683,1.3010791029432323,23.0,0.6086956521739131,0.09161103414265659,2.51772192961628,-1.7840122369746154
US500,down3,10,200,5,0.0,5,0.2,83.0,0.7108433734939759,0.0032992842946008988,1.4207495326026565,23.0,0.6521739130434783,0.004865965703610192,1.7534717117868355,-0.08495193740252019
US500,down3,10,200,5,0.0,10,0.2,80.0,0.7125,0.0034780050880254564,1.4838795506402116,23.0,0.7391304347826086,0.004533078264780558,1.5683563396524112,-0.08629865776857976
US500,down3,10,200,5,2.0,5,0.2,90.0,0.7,0.0863134260954828,1.4289773103305665,23.0,0.6521739130434783,0.12026871940757565,1.7602544676967526,-1.7095541601427813
US500,down3,10,200,5,2.0,10,0.2,90.0,0.7111111111111111,0.07312243127130937,1.3393244306540508,23.0,0.7391304347826086,0.17636906927063653,2.3571212091322056,-1.9502726402503021
US500,down3,10,200,5,3.0,5,0.2,86.0,0.7093023255813954,0.04568489422753326,1.321382250594748,23.0,0.6521739130434783,0.04986425966163536,1.3671660489231634,-1.646344492581156
US500,down3,10,200,5,3.0,10,0.2,86.0,0.7209302325581395,0.02799586475801101,1.1740702380584849,23.0,0.7391304347826086,0.08726449290367597,1.7460881209989019,-1.646344492581156
US500,down3,10,200,10,0.0,5,0.2,83.0,0.7108433734939759,0.00492392193095409,1.6521602666410902,22.0,0.6363636363636364,0.005499141446260461,1.7443652177344546,-0.07120730730820138
US500,down3,10,200,10,0.0,10,0.2,79.0,0.759493670886076,0.005030189425563174,1.5767235524049363,21.0,0.7142857142857143,0.003428742326657521,1.3494852596344513,-0.19741465391412993
US500,down3,10,200,10,2.0,5,0.2,90.0,0.6888888888888889,0.13104703617805552,1.6417563969873512,22.0,0.6363636363636364,0.1303575020701986,1.6873079990245787,-1.1470008506441138
US500,down3,10,200,10,2.0,10,0.2,89.0,0.7191011235955056,0.1236794248255073,1.5311791148731877,22.0,0.6818181818181818,0.07937271920514127,1.317169822346283,-1.5118041059643097
US500,down3,10,200,10,3.0,5,0.2,86.0,0.7093023255813954,0.07794334128877033,1.5671987938583243,22.0,0.6363636363636364,0.0829832251464649,1.6371349643835627,-1.2149646423590137
US500,down3,10,200,10,3.0,10,0.2,85.0,0.7411764705882353,0.06966150779188107,1.423049601989194,21.0,0.7142857142857143,0.11090179131070974,2.079051498631781,-1.3597975137480622
US500,lowest5,10,0,3,0.0,5,0.2,294.0,0.6938775510204082,0.0012529325468735857,1.1540873065438637,63.0,0.6349206349206349,0.0021986517718890785,1.3973767582281191,-0.2730317722064215
US500,lowest5,10,0,3,0.0,10,0.2,284.0,0.6936619718309859,0.0017528690745826792,1.235944583320846,61.0,0.6229508196721312,0.0026665883458243445,1.5504964692076086,-0.26879671643914077
US500,lowest5,10,0,3,2.0,5,0.2,334.0,0.6646706586826348,0.03517535278401027,1.1717354878394353,68.0,0.6029411764705882,0.03348461824046556,1.1786534376293891,-3.712854742777313
US500,lowest5,10,0,3,2.0,10,0.2,334.0,0.6676646706586826,0.03660865646729874,1.1798245891824768,68.0,0.6029411764705882,0.03348461824046556,1.1786534376293891,-3.712854742777313
US500,lowest5,10,0,3,3.0,5,0.2,309.0,0.6957928802588996,0.032526739591003585,1.2528856217811792,66.0,0.6363636363636364,0.03889763124958034,1.342745933898675,-2.1201119019683903
US500,lowest5,10,0,3,3.0,10,0.2,306.0,0.696078431372549,0.03421429428217684,1.2716040137629059,66.0,0.6363636363636364,0.03889763124958034,1.342745933898675,-1.8009629484894907
US500,lowest5,10,0,5,0.0,5,0.2,270.0,0.7037037037037037,0.0013243539671768127,1.1416005271710394,60.0,0.7333333333333333,0.003347918231576687,1.5193044855180122,-0.33519547969549807
US500,lowest5,10,0,5,0.0,10,0.2,244.0,0.6926229508196722,0.0020002987544227874,1.231367680818107,55.0,0.7636363636363637,0.004562854531488449,1.8088422085855198,-0.33396171598176944
US500,lowest5,10,0,5,2.0,5,0.2,307.0,0.6644951140065146,0.04136485421991274,1.1789107784194053,65.0,0.6615384615384615,0.057060906116502046,1.2698200503397303,-4.670056893862078
US500,lowest5,10,0,5,2.0,10,0.2,300.0,0.6666666666666666,0.04117191590423008,1.177532999097222,64.0,0.6875,0.07881605195751717,1.3852507427826934,-4.670056893862078
US500,lowest5,10,0,5,3.0,5,0.2,280.0,0.6964285714285714,0.033815611115352466,1.2228535076588014,63.0,0.7142857142857143,0.04062774860656154,1.2898566399864269,-3.330921612022255
US500,lowest5,10,0,5,3.0,10,0.2,270.0,0.6962962962962963,0.03530251905390173,1.2309341043585011,60.0,0.75,0.059413294255086714,1.4428562267910685,-3.0682555308252004
US500,lowest5,10,0,10,0.0,5,0.2,279.0,0.6917562724014337,0.0012866576082010272,1.123422084207628,59.0,0.6949152542372882,0.004015122775196856,1.476443665023145,-0.2437793757199364
US500,lowest5,10,0,10,0.0,10,0.2,242.0,0.7520661157024794,0.0023482515766604563,1.2348080289809282,52.0,0.7884615384615384,0.007124101343311063,2.648043054230779,-0.3554043083032142
US500,lowest5,10,0,10,2.0,5,0.2,315.0,0.6349206349206349,0.03599359997151245,1.1419934048191938,66.0,0.6515151515151515,0.07877695624567338,1.3326622975516327,-5.583764120056539
US500,lowest5,10,0,10,2.0,10,0.2,297.0,0.6868686868686869,0.047550439951614946,1.1806202819314051,63.0,0.7142857142857143,0.09876120355865084,1.4256989262077224,-4.718867760516209
US500,lowest5,10,0,10,3.0,5,0.2,289.0,0.6782006920415224,0.023936602306136288,1.1371721065163523,61.0,0.6885245901639344,0.07269023243318291,1.5603829301810137,-5.045654509821886
US500,lowest5,10,0,10,3.0,10,0.2,267.0,0.7490636704119851,0.0401304418471281,1.2280441303372396,55.0,0.7818181818181819,0.1150686228597772,2.218368934484733,-3.1586528309856634
US500,lowest5,10,100,3,0.0,5,0.2,200.0,0.7,0.00161440589905129,1.210030406573408,45.0,0.6222222222222222,0.002590881386793309,1.4973160041894809,-0.2267286499682508
US500,lowest5,10,100,3,0.0,10,0.2,198.0,0.696969696969697,0.0019601000623056097,1.2694741470731992,44.0,0.6136363636363636,0.0031702480107140925,1.7510230451109472,-0.21851491622086402
US500,lowest5,10,100,3,2.0,5,0.2,221.0,0.6561085972850679,0.017603027669877622,1.0825629123697769,48.0,0.5833333333333334,0.00767415833823451,1.0408661375437631,-5.788703549942532
US500,lowest5,10,100,3,2.0,10,0.2,221.0,0.6561085972850679,0.017603027669877622,1.0825629123697769,48.0,0.5833333333333334,0.00767415833823451,1.0408661375437631,-5.788703549942532
US500,lowest5,10,100,3,3.0,5,0.2,205.0,0.697560975609756,0.03701074235146603,1.3094843170817316,45.0,0.6222222222222222,0.04172101280256076,1.4687739173686813,-3.700296937753172
US500,lowest5,10,100,3,3.0,10,0.2,204.0,0.696078431372549,0.03958074467951861,1.3402392917439283,45.0,0.6222222222222222,0.04172101280256076,1.4687739173686813,-3.700296937753172
US500,lowest5,10,100,5,0.0,5,0.2,184.0,0.7010869565217391,0.0015361450429215277,1.1720659666563256,43.0,0.7441860465116279,0.005320258924679591,1.9838788379671801,-0.27803726229715386
US500,lowest5,10,100,5,0.0,10,0.2,174.0,0.7011494252873564,0.002626206489721023,1.3270786127506582,41.0,0.7804878048780488,0.005267393683059868,1.9582632119995278,-0.2477603479911693
US500,lowest5,10,100,5,2.0,5,0.2,204.0,0.6470588235294118,0.01635713653659574,1.0672500267473932,46.0,0.6739130434782609,0.06557779634984763,1.3277432124699011,-4.6950483161881715
US500,lowest5,10,100,5,2.0,10,0.2,201.0,0.6517412935323383,0.02091263603083013,1.0867822295813827,46.0,0.717391304347826,0.0936279712813781,1.5034405529693187,-4.6950483161881715
US500,lowest5,10,100,5,3.0,5,0.2,188.0,0.6968085106382979,0.03883982442822665,1.2817625066491896,43.0,0.7441860465116279,0.07487090220808387,1.7206878741376448,-3.000176837542918
US500,lowest5,10,100,5,3.0,10,0.2,182.0,0.6978021978021978,0.04028137145430169,1.2895721496390158,43.0,0.7906976744186046,0.0948756781282451,2.010951280122785,-3.000176837542918
US500,lowest5,10,100,10,0.0,5,0.2,194.0,0.7216494845360825,0.0021188488471815385,1.2239622346227088,42.0,0.7619047619047619,0.008505799535215578,3.830648890894881,-0.2403635669840664
US500,lowest5,10,100,10,0.0,10,0.2,179.0,0.776536312849162,0.0036574404613137265,1.424258373610815,40.0,0.85,0.008703240241702314,3.3489104634734375,-0.25565355158414005
US500,lowest5,10,100,10,2.0,5,0.2,213.0,0.6572769953051644,0.04073313386185761,1.1692995619183442,47.0,0.7021276595744681,0.12800020582065622,1.6841686356400662,-5.234310740543735
US500,lowest5,10,100,10,2.0,10,0.2,208.0,0.6971153846153846,0.05846394835436767,1.2406755993249823,46.0,0.7608695652173914,0.1430232482269606,1.7537491658834614,-4.547067296820223
US500,lowest5,10,100,10,3.0,5,0.2,198.0,0.7121212121212122,0.038103174813605055,1.2463085475311315,42.0,0.7619047619047619,0.1290345010094354,3.047722465019976,-2.88442430497964
US500,lowest5,10,100,10,3.0,10,0.2,187.0,0.7700534759358288,0.06623854229816402,1.4573681527210587,40.0,0.85,0.16948236949054896,5.505701986537733,-3.588874616035842
US500,lowest5,10,200,3,0.0,5,0.2,207.0,0.6811594202898551,0.0006928836180158202,1.0829055349687835,38.0,0.6052631578947368,0.0014355469050668247,1.2165495591782962,-0.2148726925202508
US500,lowest5,10,200,3,0.0,10,0.2,201.0,0.681592039800995,0.0013223020205761465,1.1740110419742182,37.0,0.5945945945945946,0.0021921926494699135,1.4078824766135356,-0.21923103348117082
US500,lowest5,10,200,3,2.0,5,0.2,232.0,0.646551724137931,0.008517968427535402,1.0392463381471173,40.0,0.575,-0.008542450131837164,0.9597460274224521,-5.779040511236684
US500,lowest5,10,200,3,2.0,10,0.2,232.0,0.646551724137931,0.008517968427535402,1.0392463381471173,40.0,0.575,-0.008542450131837164,0.9597460274224521,-5.779040511236684
US500,lowest5,10,200,3,3.0,5,0.2,215.0,0.6790697674418604,0.022535107451343548,1.1705136744677112,38.0,0.6052631578947368,0.03522165936560439,1.3581312885822916,-3.455611805478349
US500,lowest5,10,200,3,3.0,10,0.2,213.0,0.676056338028169,0.02324649890102207,1.1785408523397183,38.0,0.6052631578947368,0.03522165936560439,1.3581312885822916,-3.455611805478349
US500,lowest5,10,200,5,0.0,5,0.2,189.0,0.6825396825396826,0.0003055891619639114,1.033159050227354,36.0,0.7222222222222222,0.002357505825980053,1.2919949179241306,-0.24824786879694535
US500,lowest5,10,200,5,0.0,10,0.2,174.0,0.6781609195402298,0.0013748991302762637,1.1578302149054527,32.0,0.78125,0.004155931407427661,1.5930356023496093,-0.2311068100828191
US500,lowest5,10,200,5,2.0,5,0.2,213.0,0.6384976525821596,0.006403842491653613,1.0256049373680782,38.0,0.6578947368421053,0.03004609630776291,1.1302678157009434,-4.298864755446328
US500,lowest5,10,200,5,2.0,10,0.2,209.0,0.6411483253588517,0.004106903834729766,1.0161326562485349,37.0,0.7027027027027027,0.06694648884874206,1.3052236584973629,-4.298864755446328
US500,lowest5,10,200,5,3.0,5,0.2,195.0,0.676923076923077,0.02169838851632026,1.1410286285151547,36.0,0.7222222222222222,0.032360827306387265,1.2340355619234584,-2.4983826453193387
US500,lowest5,10,200,5,3.0,10,0.2,189.0,0.6772486772486772,0.02081909366263173,1.1308232536087914,35.0,0.7714285714285715,0.05197398313132673,1.380507256084839,-2.752602894939299
US500,lowest5,10,200,10,0.0,5,0.2,201.0,0.7064676616915423,0.0013987796744602914,1.1401815547844918,35.0,0.7142857142857143,0.003878886210519393,1.6367922264095305,-0.17378113815583537
US500,lowest5,10,200,10,0.0,10,0.2,184.0,0.7554347826086957,0.003013774318712202,1.3426067934289858,31.0,0.8064516129032258,0.005423329870615396,1.9301825373290864,-0.2081099061615056
US500,lowest5,10,200,10,2.0,5,0.2,223.0,0.6547085201793722,0.03344648425830104,1.1368770623064164,39.0,0.6666666666666666,0.05645235189870423,1.240018599643256,-4.351983417982592
US500,lowest5,10,200,10,2.0,10,0.2,217.0,0.6866359447004609,0.04186053696971926,1.165388568491904,37.0,0.7027027027027027,0.06279396308430016,1.2518361825076072,-4.743735182470651
US500,lowest5,10,200,10,3.0,5,0.2,207.0,0.7004830917874396,0.03307003306788085,1.2045516706482993,35.0,0.7142857142857143,0.059198934639896346,1.559889277032461,-2.744068545387117
US500,lowest5,10,200,10,3.0,10,0.2,197.0,0.7461928934010152,0.04541781399798763,1.2748851974560529,32.0,0.78125,0.09067226774530492,2.00894841394674,-3.171305216350121
NAS100,rsi2,5,0,3,0.0,5,0.1,59.0,0.6610169491525424,0.0023658524785017078,1.3071962574412628,17.0,0.8235294117647058,0.014663561800327072,4.0146625235845175,-0.04904342721729943
NAS100,rsi2,5,0,3,0.0,10,0.1,58.0,0.6551724137931034,0.002915587914121362,1.408495392052987,17.0,0.8235294117647058,0.013086587373771403,2.9219012262747888,-0.04042930572682358
NAS100,rsi2,5,0,3,2.0,5,0.1,71.0,0.6619718309859155,0.058486364405009254,1.2400138919308437,19.0,0.7368421052631579,0.29055930209752884,3.1976710221642293,-1.866146444347152
NAS100,rsi2,5,0,3,2.0,10,0.1,71.0,0.6619718309859155,0.058486364405009254,1.2400138919308437,19.0,0.7368421052631579,0.29055930209752884,3.1976710221642293,-1.866146444347152
NAS100,rsi2,5,0,3,3.0,5,0.1,64.0,0.6875,0.05058082538647067,1.3554457434401197,18.0,0.7777777777777778,0.22274839024367823,3.9662851892808417,-0.6207171730327823
NAS100,rsi2,5,0,3,3.0,10,0.1,63.0,0.6825396825396826,0.05192448453199928,1.3677115960049757,18.0,0.7777777777777778,0.22274839024367823,3.9662851892808417,-0.6207171730327823
NAS100,rsi2,5,0,5,0.0,5,0.1,59.0,0.6440677966101694,0.0032147982186275185,1.3800349893531254,17.0,0.8235294117647058,0.012819383912051327,2.9078938614097027,-0.05159801659527968
NAS100,rsi2,5,0,5,0.0,10,0.1,58.0,0.6551724137931034,0.005434212014620742,1.8378271422215304,17.0,0.8235294117647058,0.010286453888493948,1.9790167995138832,-0.042428966925140046
NAS100,rsi2,5,0,5,2.0,5,0.1,71.0,0.6197183098591549,0.052018441625760234,1.168928563047056,19.0,0.7368421052631579,0.2091754895000351,1.9785470643742429,-2.0814516434345816
NAS100,rsi2,5,0,5,2.0,10,0.1,71.0,0.6197183098591549,0.06659734176052279,1.226940505032497,19.0,0.7368421052631579,0.19151874309884753,1.8272013616337186,-1.6631451804169042
NAS100,rsi2,5,0,5,3.0,5,0.1,64.0,0.671875,0.07491807080208719,1.4739532550542125,18.0,0.7777777777777778,0.17190846903780096,2.3595787832324686,-0.6905275857956603
NAS100,rsi2,5,0,5,3.0,10,0.1,63.0,0.6825396825396826,0.08036395674559789,1.5137562773682187,18.0,0.7777777777777778,0.11480755273341235,1.620820087236249,-0.5377100912933331
NAS100,rsi2,5,0,10,0.0,5,0.1,59.0,0.559322033898305,0.0009230735819381624,1.0893739512728162,17.0,0.8235294117647058,0.01820063530979455,4.032043122397169,-0.1446045215380817
NAS100,rsi2,5,0,10,0.0,10,0.1,56.0,0.6785714285714286,-0.0004646753521776843,0.9601735141638511,17.0,0.8235294117647058,0.015508976029016823,2.636466413193003,-0.17872590938632932
NAS100,rsi2,5,0,10,2.0,5,0.1,71.0,0.5211267605633803,-0.013716843870141065,0.9650687624021489,19.0,0.7368421052631579,0.32954558655481764,2.630299252456688,-3.5799919464149883
NAS100,rsi2,5,0,10,2.0,10,0.1,71.0,0.5915492957746479,0.029477284256408172,1.075569935443617,19.0,0.7368421052631579,0.3083383172947539,2.4024469398164694,-3.606991938674705
NAS100,rsi2,5,0,10,3.0,5,0.1,64.0,0.578125,0.009037050715957541,1.0394480537950301,18.0,0.7777777777777778,0.2566133521504257,3.168285030074558,-2.6980691317593437
NAS100,rsi2,5,0,10,3.0,10,0.1,62.0,0.6774193548387096,-0.00390035184992587,0.9865022775371468,18.0,0.7777777777777778,0.19701391976016133,2.117193823799839,-2.8834172359041608
NAS100,rsi2,5,100,3,0.0,5,0.1,38.0,0.6842105263157895,0.0027434525948405227,1.325625353078176,7.0,0.7142857142857143,4.7492945115157934e-05,0.9207646813100477,-0.07987460457349448
NAS100,rsi2,5,100,3,0.0,10,0.1,38.0,0.6842105263157895,0.0036152019831091715,1.4808566826048843,7.0,0.7142857142857143,-0.0037823020908057483,0.6633595343656631,-0.059843423774982245
NAS100,rsi2,5,100,3,2.0,5,0.1,42.0,0.6428571428571429,0.017940586370013827,1.0712452937854595,8.0,0.625,-0.07335403837247366,0.7484166475042224,-1.4676720766923919
NAS100,rsi2,5,100,3,2.0,10,0.1,42.0,0.6428571428571429,0.017940586370013827,1.0712452937854595,8.0,0.625,-0.07335403837247366,0.7484166475042224,-1.4676720766923919
NAS100,rsi2,5,100,3,3.0,5,0.1,38.0,0.6842105263157895,0.034061484230553274,1.2265680190142043,7.0,0.7142857142857143,-0.008881191452716621,0.9488337667014094,-1.3523263695212566
NAS100,rsi2,5,100,3,3.0,10,0.1,38.0,0.6842105263157895,0.03959896980569738,1.273525269302687,7.0,0.7142857142857143,-0.008881191452716621,0.9488337667014094,-1.3523263695212566
NAS100,rsi2,5,100,5,0.0,5,0.1,38.0,0.7368421052631579,0.005412302466892162,1.588320638060555,7.0,0.7142857142857143,-0.00016360107310822516,0.8999861057635143,-0.06317311234316858
NAS100,rsi2,5,100,5,0.0,10,0.1,38.0,0.7368421052631579,0.008209366770501221,2.2732880064365224,7.0,0.7142857142857143,-0.009828200369604188,0.4547194868922855,-0.10068705359900763
NAS100,rsi2,5,100,5,2.0,5,0.1,42.0,0.6190476190476191,-0.0032405209266379875,0.9903082602071688,8.0,0.625,-0.07797172002111018,0.7324212928310966,-2.4896863711328447
NAS100,rsi2,5,100,5,2.0,10,0.1,42.0,0.6190476190476191,0.0050834567109082785,1.0156737104240623,8.0,0.625,-0.07797172002111018,0.7324212928310966,-2.4896863711328447
NAS100,rsi2,5,100,5,3.0,5,0.1,38.0,0.7368421052631579,0.07578205877592485,1.4522667346279063,7.0,0.7142857142857143,-0.012399425089773026,0.9286185910010841,-1.2571907526558364
NAS100,rsi2,5,100,5,3.0,10,0.1,38.0,0.7368421052631579,0.0774668032075732,1.4668937170803598,7.0,0.7142857142857143,-0.012399425089773026,0.9286185910010841,-1.1043732581535093
NAS100,rsi2,5,100,10,0.0,5,0.1,38.0,0.6052631578947368,0.002205278931478292,1.1629534944700979,7.0,0.8571428571428571,0.009437827132267559,2.0176084094582096,-0.061288195429892445
NAS100,rsi2,5,100,10,0.0,10,0.1,37.0,0.6756756756756757,-0.0032855483468751507,0.8450629984592909,7.0,0.8571428571428571,-0.001221994342557426,0.8728434513193614,-0.1557854143212629
NAS100,rsi2,5,100,10,2.0,5,0.1,42.0,0.47619047619047616,-0.11537411216597786,0.7467413911131957,8.0,0.75,0.13205952197148507,1.5242019697925289,-2.945363898453306
NAS100,rsi2,5,100,10,2.0,10,0.1,42.0,0.5476190476190477,-0.10466976678678368,0.7810813084203786,8.0,0.75,0.1102890368205377,1.4381725436758555,-3.639183899971367
NAS100,rsi2,5,100,10,3.0,5,0.1,38.0,0.6052631578947368,0.02233166651902703,1.092781444116749,7.0,0.8571428571428571,0.14762437833315672,2.0066317214499687,-1.280331920544736
NAS100,rsi2,5,100,10,3.0,10,0.1,38.0,0.6842105263157895,-0.03378162893458484,0.9011309106518175,7.0,0.8571428571428571,0.13103734202767298,1.8935780875776773,-2.8250310027833927
NAS100,rsi2,5,200,3,0.0,5,0.1,40.0,0.675,0.003125665416039906,1.3857140485040678,10.0,0.7,0.00822178492327879,2.1772579152338607,-0.045208805079760675
NAS100,rsi2,5,200,3,0.0,10,0.1,40.0,0.675,0.003953827334895123,1.5456388042240101,10.0,0.7,0.008378538039180611,2.239702359066488,-0.04042930572682358
NAS100,rsi2,5,200,3,2.0,5,0.1,47.0,0.6595744680851063,0.05480870245962959,1.2222071660098497,11.0,0.6363636363636364,0.17934596071343717,2.3297692519278534,-0.6505045785605956
NAS100,rsi2,5,200,3,2.0,10,0.1,47.0,0.6595744680851063,0.05480870245962959,1.2222071660098497,11.0,0.6363636363636364,0.17934596071343717,2.3297692519278534,-0.6505045785605956
NAS100,rsi2,5,200,3,3.0,5,0.1,43.0,0.6976744186046512,0.07545194547829483,1.5616863324501609,10.0,0.7,0.10384576140812493,1.8110572671407668,-0.6187523737951722
NAS100,rsi2,5,200,3,3.0,10,0.1,43.0,0.6976744186046512,0.08034553738191054,1.620712507546369,10.0,0.7,0.10384576140812493,1.8110572671407668,-0.6187523737951722
NAS100,rsi2,5,200,5,0.0,5,0.1,40.0,0.725,0.005439103870289736,1.615934270148852,10.0,0.8,0.009087813648652392,2.382657900459185,-0.050731872440929256
NAS100,rsi2,5,200,5,0.0,10,0.1,40.0,0.725,0.008096314958718343,2.3011492742877375,10.0,0.8,0.002110976963241403,1.0347893882905883,-0.08698311689390728
NAS100,rsi2,5,200,5,2.0,5,0.1,47.0,0.6382978723404256,0.06180037233281191,1.1932701468314466,11.0,0.7272727272727273,0.14549186174088316,1.8001776241579805,-1.6180380169838195
NAS100,rsi2,5,200,5,2.0,10,0.1,47.0,0.6382978723404256,0.06923882043444901,1.2217226391467741,11.0,0.7272727272727273,0.11499384522974099,1.5416066661535777,-1.6180380169838195
NAS100,rsi2,5,200,5,3.0,5,0.1,43.0,0.7441860465116279,0.11879672369167998,1.7939106391851063,10.0,0.8,0.118279573497685,1.9620607587150378,-0.6760918498898199
NAS100,rsi2,5,200,5,3.0,10,0.1,43.0,0.7441860465116279,0.12028556760802037,1.811777829686936,10.0,0.8,0.118279573497685,1.9620607587150378,-0.6187523737951722
NAS100,rsi2,5,200,10,0.0,5,0.1,40.0,0.65,0.005264960405654502,1.4461426668020674,10.0,0.8,0.013751805873307963,3.6892293676451775,-0.05212034251426323
NAS100,rsi2,5,200,10,0.0,10,0.1,39.0,0.717948717948718,-0.0006120383370922718,0.9608746015871029,10.0,0.8,0.007210913992253737,1.4675923537802138,-0.14348438995739815
NAS100,rsi2,5,200,10,2.0,5,0.1,47.0,0.5531914893617021,0.006815521718602697,1.0168989702798095,11.0,0.7272727272727273,0.25149168502850966,2.551212436400686,-2.6988008603832445
NAS100,rsi2,5,200,10,2.0,10,0.1,47.0,0.574468085106383,-0.042069092986300044,0.9061477275291748,11.0,0.7272727272727273,0.23090150498002124,2.1991660215034057,-3.977846611859068
NAS100,rsi2,5,200,10,3.0,5,0.1,43.0,0.6511627906976745,0.07908482066102829,1.3788603260208723,10.0,0.8,0.1960127772419445,2.8068043336146076,-0.9213074375426846
NAS100,rsi2,5,200,10,3.0,10,0.1,43.0,0.6976744186046512,-0.0016092039214881282,0.9951351183669129,10.0,0.8,0.2032785239812239,2.874178705247804,-2.0710145083834366
NAS100,rsi2,10,0,3,0.0,5,0.2,124.0,0.6370967741935484,0.0013025947635519123,1.1479792396423658,34.0,0.6764705882352942,0.006237309325338952,2.300183826491665,-0.1300285598413721
NAS100,rsi2,10,0,3,0.0,10,0.2,119.0,0.6302521008403361,0.0019687691707969386,1.2582093176548268,34.0,0.7058823529411765,0.006080740307393045,2.1336587137204606,-0.10871085082058346
NAS100,rsi2,10,0,3,2.0,5,0.2,145.0,0.6344827586206897,0.0478304006921979,1.2207377677106823,37.0,0.6486486486486487,0.12002916760382762,1.838577094866486,-2.5216089801277914
NAS100,rsi2,10,0,3,2.0,10,0.2,145.0,0.6344827586206897,0.0478304006921979,1.2207377677106823,37.0,0.6756756756756757,0.13454620722631785,2.0241108554880083,-2.5216089801277914
NAS100,rsi2,10,0,3,3.0,5,0.2,131.0,0.648854961832061,0.019797256527707047,1.128174872917017,35.0,0.6571428571428571,0.09683629900911267,2.2591945560232496,-1.944579773892241
NAS100,rsi2,10,0,3,3.0,10,0.2,130.0,0.6461538461538462,0.022597913875272952,1.1490139052753012,35.0,0.6857142857142857,0.10706735550496294,2.561323769803055,-1.944579773892241
NAS100,rsi2,10,0,5,0.0,5,0.2,121.0,0.6611570247933884,0.00219517246227622,1.2220450293450198,34.0,0.6764705882352942,0.0014552044050871256,1.1400943622232291,-0.11467974794841126
NAS100,rsi2,10,0,5,0.0,10,0.2,112.0,0.6875,0.0053944555926691605,1.8070542965740555,30.0,0.8,0.0030431206970536816,1.3089854382985042,-0.06453789934930729
NAS100,rsi2,10,0,5,2.0,5,0.2,142.0,0.6408450704225352,0.0688323782996013,1.263307250221753,37.0,0.6486486486486487,0.056185089901933494,1.2369046882304184,-2.9569371232341237
NAS100,rsi2,10,0,5,2.0,10,0.2,139.0,0.6546762589928058,0.08702649552145005,1.3538952663621158,35.0,0.7428571428571429,0.09696682305734769,1.4870885398756917,-2.5380314330827938
NAS100,rsi2,10,0,5,3.0,5,0.2,128.0,0.671875,0.05661201183108541,1.3448120040559965,35.0,0.6571428571428571,0.036944354161532494,1.2327702301749817,-0.9635363386360423
NAS100,rsi2,10,0,5,3.0,10,0.2,123.0,0.6991869918699187,0.06634682926843703,1.4096026816019427,33.0,0.7575757575757576,0.05519184669646925,1.3693629826503866,-1.0704907940857118
NAS100,rsi2,10,0,10,0.0,5,0.2,121.0,0.6446280991735537,0.003015889799056594,1.2595285929654634,34.0,0.6764705882352942,0.004188967462191572,1.4235641223630637,-0.16209725587802873
NAS100,rsi2,10,0,10,0.0,10,0.2,105.0,0.7047619047619048,0.002955930295921135,1.233505353066904,29.0,0.8275862068965517,0.006940570340633504,1.9585609147921355,-0.2059622007817787
NAS100,rsi2,10,0,10,2.0,5,0.2,142.0,0.6126760563380281,0.067623717284592,1.209693400873338,37.0,0.6486486486486487,0.12526524335168113,1.529087130686848,-5.363068934582223
NAS100,rsi2,10,0,10,2.0,10,0.2,137.0,0.6496350364963503,0.09321972348079405,1.276585722048627,35.0,0.7428571428571429,0.17879838208502674,1.8288661911739135,-4.5087894969840985
NAS100,rsi2,10,0,10,3.0,5,0.2,128.0,0.640625,0.04875983264146849,1.2369987555796844,35.0,0.6571428571428571,0.08120527984798548,1.5223569665387566,-2.877875908132162
NAS100,rsi2,10,0,10,3.0,10,0.2,118.0,0.6949152542372882,0.03391659628733082,1.1336886540593167,32.0,0.78125,0.11419936220092201,1.8115152707588393,-3.8050055432627503
NAS100,rsi2,10,100,3,0.0,5,0.2,78.0,0.5897435897435898,-0.0002599656648538749,0.9653550843142327,18.0,0.6666666666666666,0.0007919454986773816,1.0874057721260677,-0.16475772295487454
NAS100,rsi2,10,100,3,0.0,10,0.2,77.0,0.5974025974025974,0.0009539655779721658,1.1045239391785566,18.0,0.7222222222222222,0.0004962040203351133,0.9991699935608169,-0.14425671331199447
NAS100,rsi2,10,100,3,2.0,5,0.2,88.0,0.5909090909090909,-0.01863737000401354,0.9286875733751724,19.0,0.631578947368421,-0.05297916671904351,0.7560139311540116,-2.9038098980999694
NAS100,rsi2,10,100,3,2.0,10,0.2,88.0,0.5909090909090909,-0.01863737000401354,0.9286875733751724,19.0,0.6842105263157895,-0.024709142191036246,0.873120515466106,-2.9038098980999694
NAS100,rsi2,10,100,3,3.0,5,0.2,79.0,0.5949367088607594,-0.023675880257668907,0.8671173982377095,18.0,0.6666666666666666,0.009437470324301644,1.0878504420569415,-3.37708934588756
NAS100,rsi2,10,100,3,3.0,10,0.2,79.0,0.5949367088607594,-0.0170854631724853,0.9002498146768257,18.0,0.7222222222222222,0.029331191288454905,1.3250380549099983,-3.37708934588756
NAS100,rsi2,10,100,5,0.0,5,0.2,77.0,0.6363636363636364,0.0009321632571056336,1.0785712604511941,18.0,0.6666666666666666,0.0009076090254747762,1.0797058772254888,-0.16362462819590382
NAS100,rsi2,10,100,5,0.0,10,0.2,72.0,0.6805555555555556,0.005521886250108444,1.7836734172125672,17.0,0.7647058823529411,-0.0017564974772700196,0.7292357151389538,-0.12194635757003605
NAS100,rsi2,10,100,5,2.0,5,0.2,87.0,0.5977011494252874,0.0028799292730009927,1.0089859186848842,19.0,0.631578947368421,-0.05023976740015784,0.7755931028855967,-3.11963575665748
NAS100,rsi2,10,100,5,2.0,10,0.2,85.0,0.6235294117647059,0.027109608261212143,1.0942303181294677,18.0,0.7222222222222222,-0.01730923736079004,0.9176495778505093,-3.11963575665748
NAS100,rsi2,10,100,5,3.0,5,0.2,78.0,0.6410256410256411,0.016122760669054437,1.0849420556771143,18.0,0.6666666666666666,0.011365195770924893,1.1016324857624895,-2.6573841434053778
NAS100,rsi2,10,100,5,3.0,10,0.2,74.0,0.6756756756756757,0.02687575272272496,1.1434885486113004,17.0,0.7647058823529411,0.033067830329347375,1.328883185526838,-2.9161634598859925
NAS100,rsi2,10,100,10,0.0,5,0.2,77.0,0.6233766233766234,0.0016414686838215925,1.1169398580401118,18.0,0.7222222222222222,0.007862211359366886,2.3450548379449527,-0.1980023381748904
NAS100,rsi2,10,100,10,0.0,10,0.2,71.0,0.704225352112676,-0.0001452690237063733,0.9945361336584891,17.0,0.8235294117647058,0.005780394961839662,1.51528981532437,-0.3001570260369223
NAS100,rsi2,10,100,10,2.0,5,0.2,87.0,0.5517241379310345,-0.021800009678268336,0.9419194734387502,19.0,0.6842105263157895,0.10668578948520531,1.517273433790403,-5.7582889829866
NAS100,rsi2,10,100,10,2.0,10,0.2,86.0,0.627906976744186,0.022205730192758132,1.0582454998312885,18.0,0.7777777777777778,0.15227119590457802,1.8295073381122253,-5.7582889829866
NAS100,rsi2,10,100,10,3.0,5,0.2,78.0,0.6153846153846154,0.02391038314154837,1.1048143293453108,18.0,0.7222222222222222,0.1272752346691267,2.364513548654332,-3.230345976388488
NAS100,rsi2,10,100,10,3.0,10,0.2,74.0,0.6891891891891891,-0.007438315895191061,0.9732046383719393,17.0,0.8235294117647058,0.15868270431450876,3.0089773800970585,-3.804809328830553
NAS100,rsi2,10,200,3,0.0,5,0.2,82.0,0.6219512195121951,-0.00039696634235688596,0.9531261386070499,16.0,0.625,0.0020238656219490345,1.343713634068966,-0.13009192346114073
NAS100,rsi2,10,200,3,0.0,10,0.2,80.0,0.625,0.000731860978683149,1.0782949038030412,16.0,0.6875,0.0034646624844680185,1.7418546009951765,-0.10959091381826064
NAS100,rsi2,10,200,3,2.0,5,0.2,95.0,0.631578947368421,0.009275718269766012,1.03702297318219,18.0,0.6111111111111112,0.032092160327621994,1.1918538962460077,-2.2765214347843656
NAS100,rsi2,10,200,3,2.0,10,0.2,95.0,0.631578947368421,0.009275718269766012,1.03702297318219,18.0,0.6666666666666666,0.0619327417738519,1.4347001284636616,-2.2765214347843656
NAS100,rsi2,10,200,3,3.0,5,0.2,86.0,0.6395348837209303,-0.002692986192713756,0.9845094625757546,16.0,0.625,0.012991101628407945,1.1148295751999187,-2.2989564122363433
NAS100,rsi2,10,200,3,3.0,10,0.2,86.0,0.6395348837209303,0.003361001594838627,1.019863102608461,16.0,0.6875,0.03537153771308037,1.381943662738183,-2.2989564122363433
NAS100,rsi2,10,200,5,0.0,5,0.2,80.0,0.65,0.000730374689597331,1.0616796227683167,16.0,0.6875,0.002069603766742622,1.3181971998447495,-0.12041035757127552
NAS100,rsi2,10,200,5,0.0,10,0.2,75.0,0.68,0.005037484074342613,1.6885318715378794,15.0,0.8,-0.0010133287388595005,0.7901176811145427,-0.097355505436238
NAS100,rsi2,10,200,5,2.0,5,0.2,93.0,0.6236559139784946,0.0450021787318613,1.1531435592312371,18.0,0.6666666666666666,0.00039177076517419755,1.0006312575868939,-2.3707012222078783
NAS100,rsi2,10,200,5,2.0,10,0.2,90.0,0.6444444444444445,0.0630052847536918,1.2247107924239693,17.0,0.7647058823529411,0.01850370589760884,1.0932888367595162,-2.3707012222078783
NAS100,rsi2,10,200,5,3.0,5,0.2,84.0,0.6666666666666666,0.039344262098907366,1.2112996773340303,16.0,0.6875,0.01375340404163438,1.1215188976629178,-1.6152631712111503
NAS100,rsi2,10,200,5,3.0,10,0.2,81.0,0.691358024691358,0.049050112618928984,1.268476534588188,15.0,0.8,0.038508937092560494,1.3877455588053662,-1.9371317511621358
NAS100,rsi2,10,200,10,0.0,5,0.2,80.0,0.6375,0.0014797446556426078,1.1113919447744136,16.0,0.6875,0.006379605248023809,2.3419976160011413,-0.12429689084307757
NAS100,rsi2,10,200,10,0.0,10,0.2,71.0,0.7183098591549296,0.00015357326819381915,1.0106237009115024,15.0,0.8,0.0038819587598527827,1.334593168103079,-0.24952507339565555
NAS100,rsi2,10,200,10,2.0,5,0.2,93.0,0.5913978494623656,0.04196852185696506,1.124500587133589,18.0,0.6666666666666666,0.10907330807708306,1.582715271522085,-3.2726286590592313
NAS100,rsi2,10,200,10,2.0,10,0.2,90.0,0.6444444444444445,0.061270414950613215,1.1744285000750245,17.0,0.7647058823529411,0.13998922782134712,1.7537312459140402,-3.4496684395470876
NAS100,rsi2,10,200,10,3.0,5,0.2,84.0,0.6309523809523809,0.028432819286680604,1.1318630532019736,16.0,0.6875,0.08558676206298751,1.8960405497237662,-2.395635095759082
NAS100,rsi2,10,200,10,3.0,10,0.2,79.0,0.6835443037974683,-0.005757871691287507,0.9786101976506822,15.0,0.8,0.12009706207109858,2.4564034377171295,-3.5049640236549653
NAS100,rsi2,20,0,3,0.0,5,0.4,247.0,0.6923076923076923,0.003072727910273016,1.4502208932996188,53.0,0.6792452830188679,0.005193882023857455,2.243354864608021,-0.14725644016190317
NAS100,rsi2,20,0,3,0.0,10,0.4,239.0,0.6903765690376569,0.0038236946977888877,1.6530035404029577,52.0,0.6923076923076923,0.005123669931908366,2.0975737050926093,-0.14711890391594362
NAS100,rsi2,20,0,3,2.0,5,0.4,277.0,0.6750902527075813,0.07481311172777613,1.4129481648551536,56.0,0.6428571428571429,0.11682687232858001,1.8913252126889148,-3.7016624490794587
NAS100,rsi2,20,0,3,2.0,10,0.4,276.0,0.677536231884058,0.0780345171299926,1.4346709409243612,56.0,0.6607142857142857,0.12641848779343962,2.0251177081674703,-3.7016624490794587
NAS100,rsi2,20,0,3,3.0,5,0.4,258.0,0.6937984496124031,0.05936706470290963,1.5364643568953795,54.0,0.6481481481481481,0.06576083258769452,1.7409693655390452,-2.084355737701655
NAS100,rsi2,20,0,3,3.0,10,0.4,256.0,0.6953125,0.06008106709214536,1.5423800515162736,54.0,0.6666666666666666,0.07239207290907895,1.8686428515930684,-2.0502860369198226
NAS100,rsi2,20,0,5,0.0,5,0.4,235.0,0.7021276595744681,0.00381087309148829,1.4738559297498968,49.0,0.6938775510204082,0.002646265579067986,1.2725023149059982,-0.13910885310873322
NAS100,rsi2,20,0,5,0.0,10,0.4,213.0,0.7183098591549296,0.006134427108954463,2.040888522903644,44.0,0.75,0.003710946492779907,1.4754810917391623,-0.08279282133336306
NAS100,rsi2,20,0,5,2.0,5,0.4,264.0,0.6818181818181818,0.09273718530330259,1.4226971692653385,52.0,0.6730769230769231,0.08749499815970238,1.4120358760944745,-2.79132930613703
NAS100,rsi2,20,0,5,2.0,10,0.4,253.0,0.691699604743083,0.10274926481592064,1.4690034027257206,51.0,0.7058823529411765,0.10055048096402643,1.523756937354703,-2.7475939535335963
NAS100,rsi2,20,0,5,3.0,5,0.4,246.0,0.7032520325203252,0.08155511798713823,1.633194562400732,49.0,0.673469387755102,0.04247532004929686,1.2831967388449017,-1.9379248411942651
NAS100,rsi2,20,0,5,3.0,10,0.4,231.0,0.7186147186147186,0.0894001221650833,1.6774637592756665,48.0,0.75,0.05220971863748689,1.3597067070015445,-1.844970545042392
NAS100,rsi2,20,0,10,0.0,5,0.4,234.0,0.6752136752136753,0.003369496653353927,1.3659355294731192,53.0,0.7735849056603774,0.005625189686273716,1.656520721911663,-0.22922260143862333
NAS100,rsi2,20,0,10,0.0,10,0.4,203.0,0.7733990147783252,0.005160983020643993,1.5744655581637248,45.0,0.8222222222222222,0.006550187600733188,1.9369608621545498,-0.22577285126888488
NAS100,rsi2,20,0,10,2.0,5,0.4,262.0,0.6564885496183206,0.08087663881087163,1.319470242665747,55.0,0.7454545454545455,0.15921850179311614,1.8193695374871974,-5.941518644651644
NAS100,rsi2,20,0,10,2.0,10,0.4,246.0,0.7154471544715447,0.1071643108703464,1.4103943066685636,53.0,0.7358490566037735,0.150823812516626,1.7251668955345463,-5.12506309640392
NAS100,rsi2,20,0,10,3.0,5,0.4,244.0,0.6844262295081968,0.0806449621466104,1.552514829582566,53.0,0.7547169811320755,0.10506675749718028,1.826898665097263,-3.71372870254731
NAS100,rsi2,20,0,10,3.0,10,0.4,221.0,0.7647058823529411,0.08829359977370663,1.5308050830644766,49.0,0.8163265306122449,0.1182900865953669,1.9262276718397136,-4.222971065807291
NAS100,rsi2,20,100,3,0.0,5,0.4,164.0,0.6524390243902439,0.0018633659684180416,1.2270634159258773,29.0,0.6551724137931034,0.003004071294312372,1.504563855969235,-0.19398195367449958
NAS100,rsi2,20,100,3,0.0,10,0.4,163.0,0.656441717791411,0.0033624433082166684,1.5040348784961015,29.0,0.6896551724137931,0.002820507618099929,1.400403562410445,-0.1343059987487026
NAS100,rsi2,20,100,3,2.0,5,0.4,181.0,0.6408839779005525,0.04103115701949648,1.1939060552819059,30.0,0.6333333333333333,0.026144802903066058,1.157661260854418,-4.483187699156701
NAS100,rsi2,20,100,3,2.0,10,0.4,181.0,0.6408839779005525,0.04103115701949648,1.1939060552819059,30.0,0.6666666666666666,0.044049151770804,1.2906635770689674,-4.483187699156701
NAS100,rsi2,20,100,3,3.0,5,0.4,169.0,0.6568047337278107,0.036891935057591446,1.2804053637082886,29.0,0.6551724137931034,0.04773305546500671,1.5619252276367759,-2.886334955119159
NAS100,rsi2,20,100,3,3.0,10,0.4,169.0,0.6568047337278107,0.04130674685292102,1.3249253180645775,29.0,0.6896551724137931,0.060080882270343215,1.8011971694627227,-2.675910503263683
NAS100,rsi2,20,100,5,0.0,5,0.4,158.0,0.689873417721519,0.0027824816843806306,1.293503496796025,28.0,0.6428571428571429,0.0027234756843432296,1.3685355624207576,-0.20739423396007958
NAS100,rsi2,20,100,5,0.0,10,0.4,145.0,0.7103448275862069,0.006284593751854266,2.013393858320359,27.0,0.7037037037037037,0.0011816537973690436,1.0576680237282896,-0.14228682814836713
NAS100,rsi2,20,100,5,2.0,5,0.4,174.0,0.6666666666666666,0.05687364850343331,1.2295942864378102,29.0,0.6206896551724138,-0.007972239958015765,0.9632512081966839,-4.523355465689804
NAS100,rsi2,20,100,5,2.0,10,0.4,167.0,0.6766467065868264,0.06259845202451618,1.2491669107271883,29.0,0.6551724137931034,0.010549500249988998,1.0494938090291126,-4.518284897209643
NAS100,rsi2,20,100,5,3.0,5,0.4,162.0,0.691358024691358,0.05391690858386107,1.3497657114063866,28.0,0.6428571428571429,0.014353519620378504,1.1050166144177629,-3.1098729598788255
NAS100,rsi2,20,100,5,3.0,10,0.4,152.0,0.7105263157894737,0.06417907517558173,1.416370729985906,28.0,0.7142857142857143,0.023427693140958272,1.1751211288691343,-3.3652718973726667
NAS100,rsi2,20,100,10,0.0,5,0.4,157.0,0.6815286624203821,0.0028535838562696045,1.2804551737093257,30.0,0.8,0.007396451256196394,2.226605525654061,-0.19946959019591468
NAS100,rsi2,20,100,10,0.0,10,0.4,143.0,0.7622377622377622,0.004036121424189844,1.3862338576517803,29.0,0.8620689655172413,0.006108621484987963,1.6605871752368928,-0.27429608256682636
NAS100,rsi2,20,100,10,2.0,5,0.4,173.0,0.6358381502890174,0.04220067344507161,1.1505894075480325,31.0,0.7741935483870968,0.13125957729850596,1.695305652405278,-6.788927974856391
NAS100,rsi2,20,100,10,2.0,10,0.4,167.0,0.6946107784431138,0.06813032681203868,1.2439282399030733,31.0,0.7741935483870968,0.11223185492725259,1.5435797448982889,-6.652912028611764
NAS100,rsi2,20,100,10,3.0,5,0.4,161.0,0.6770186335403726,0.058210844083942295,1.3528826875818183,30.0,0.8,0.12101721481108038,2.2153592316874073,-2.9777955638094116
NAS100,rsi2,20,100,10,3.0,10,0.4,150.0,0.7533333333333333,0.06276002839793808,1.337981514492596,30.0,0.8666666666666667,0.13955335618891043,2.3965165472024634,-3.461581618755059
NAS100,rsi2,20,200,3,0.0,5,0.4,171.0,0.6666666666666666,0.001706048632833714,1.2085743906974067,32.0,0.65625,0.00471009453969474,2.1081038253525133,-0.14419487868198483
NAS100,rsi2,20,200,3,0.0,10,0.4,167.0,0.6646706586826348,0.0027848224109103493,1.4172394114027078,32.0,0.6875,0.005430492970954232,2.4922048274768844,-0.12762440948572903
NAS100,rsi2,20,200,3,2.0,5,0.4,189.0,0.656084656084656,0.03645291397205191,1.1747037000440759,34.0,0.6470588235294118,0.10310471498986866,1.9075687232436578,-3.7605670552726904
NAS100,rsi2,20,200,3,2.0,10,0.4,189.0,0.656084656084656,0.03645291397205191,1.1747037000440759,34.0,0.6764705882352942,0.11890266987316685,2.17836256537794,-3.7605670552726904
NAS100,rsi2,20,200,3,3.0,5,0.4,178.0,0.6741573033707865,0.038735411656767485,1.303276149222608,32.0,0.65625,0.06813157962620767,1.9378379502163843,-2.05655037191058
NAS100,rsi2,20,200,3,3.0,10,0.4,177.0,0.672316384180791,0.04155111970946616,1.3345556775850622,32.0,0.6875,0.07932179766854389,2.246930231837496,-1.8461259200551041
NAS100,rsi2,20,200,5,0.0,5,0.4,163.0,0.7116564417177914,0.0030779168572948575,1.3304031192998096,28.0,0.6785714285714286,0.00429764186748412,1.738553130941578,-0.15716797356261977
NAS100,rsi2,20,200,5,0.0,10,0.4,148.0,0.722972972972973,0.0058423024743180126,1.9057466094703173,27.0,0.7407407407407407,0.002735745699195221,1.2731304043585463,-0.12841580051279916
NAS100,rsi2,20,200,5,2.0,5,0.4,180.0,0.6833333333333333,0.06342185016261354,1.2526749813457687,31.0,0.6774193548387096,0.07335717557320665,1.3884832056703382,-3.4276452403510023
NAS100,rsi2,20,200,5,2.0,10,0.4,172.0,0.6976744186046512,0.074196393541761,1.2950966435287423,31.0,0.7096774193548387,0.0798620879735155,1.430290034861046,-3.422574671870842
NAS100,rsi2,20,200,5,3.0,5,0.4,170.0,0.7176470588235294,0.07066894237367591,1.4782060244007815,28.0,0.6785714285714286,0.031156383766794613,1.2440071446907217,-2.272768619921162
NAS100,rsi2,20,200,5,3.0,10,0.4,160.0,0.73125,0.07861645437977607,1.5221254170203815,28.0,0.75,0.04023055728737438,1.321258382737316,-2.5912568208853743
NAS100,rsi2,20,200,10,0.0,5,0.4,161.0,0.6832298136645962,0.0027908762598071574,1.2823532885792064,32.0,0.8125,0.008126514000207242,2.7095035097311766,-0.16561820667804858
NAS100,rsi2,20,200,10,0.0,10,0.4,145.0,0.7724137931034483,0.004395111745674102,1.4396047296757273,29.0,0.8275862068965517,0.005858917218878341,1.6827605644744845,-0.2604250549312584
NAS100,rsi2,20,200,10,2.0,5,0.4,178.0,0.6460674157303371,0.05114741588991168,1.189384605629123,34.0,0.7941176470588235,0.17486359446901037,2.122050351352675,-3.7161827508221847
NAS100,rsi2,20,200,10,2.0,10,0.4,171.0,0.7017543859649122,0.07974022590343709,1.2922418482323998,33.0,0.7575757575757576,0.13849904418923029,1.71293095921086,-3.893222531310041
NAS100,rsi2,20,200,10,3.0,5,0.4,168.0,0.6904761904761905,0.07307833481088634,1.4844504907875917,32.0,0.8125,0.1250719039680827,2.412802768807316,-2.061534615552349
NAS100,rsi2,20,200,10,3.0,10,0.4,158.0,0.759493670886076,0.0732201221983546,1.407186942380834,30.0,0.8333333333333334,0.12790163768862894,2.281534388302895,-3.774418397007784
NAS100,ibs,5,0,3,0.0,5,0.1,184.0,0.6521739130434783,0.0022735652494750235,1.3044201269111682,37.0,0.5945945945945946,0.0012922077236747565,1.1324770119724872,-0.15239273249292315
NAS100,ibs,5,0,3,0.0,10,0.1,181.0,0.6519337016574586,0.0026910526121656448,1.3908359753333952,36.0,0.6111111111111112,0.0018602338638777044,1.2193374735066944,-0.15226488432995014
NAS100,ibs,5,0,3,2.0,5,0.1,191.0,0.6492146596858639,0.052324690165780716,1.278466154632627,38.0,0.5526315789473685,0.03298842875779431,1.1439135102503897,-3.2216440091194785
NAS100,ibs,5,0,3,2.0,10,0.1,191.0,0.6492146596858639,0.052324690165780716,1.278466154632627,38.0,0.5789473684210527,0.04712344102179794,1.2173164690703746,-3.2216440091194785
NAS100,ibs,5,0,3,3.0,5,0.1,189.0,0.6613756613756614,0.029018164534864208,1.2199793435100332,38.0,0.5789473684210527,-0.014435443791658979,0.9136954071782093,-2.426650922452149
NAS100,ibs,5,0,3,3.0,10,0.1,189.0,0.6613756613756614,0.029018164534864208,1.2199793435100332,38.0,0.6052631578947368,-0.005012102282323224,0.966277091018591,-2.426650922452149
NAS100,ibs,5,0,5,0.0,5,0.1,180.0,0.6833333333333333,0.0034848970580530826,1.4605466342648334,36.0,0.5833333333333334,-0.0020088819807752667,0.8526586584177828,-0.15920901192338455
NAS100,ibs,5,0,5,0.0,10,0.1,174.0,0.6954022988505747,0.004004342847007998,1.5899230024827777,33.0,0.6060606060606061,-0.0018659669928802105,0.776676687801707,-0.14234890523970442
NAS100,ibs,5,0,5,2.0,5,0.1,186.0,0.6774193548387096,0.07586102933959935,1.3741527808356377,37.0,0.5675675675675675,0.013569060766604796,1.0518283365650534,-4.473723970632545
NAS100,ibs,5,0,5,2.0,10,0.1,185.0,0.6864864864864865,0.08237661272925913,1.4078016469039807,37.0,0.5945945945945946,0.016472779526206727,1.0632832358868571,-4.165506089904201
NAS100,ibs,5,0,5,3.0,5,0.1,185.0,0.6864864864864865,0.049776189680275265,1.3692460202110495,36.0,0.5833333333333334,-0.019765221609109568,0.8951698327602102,-2.540255579626505
NAS100,ibs,5,0,5,3.0,10,0.1,184.0,0.6956521739130435,0.05169372468072297,1.3782001173672238,35.0,0.6,-0.03841352611767323,0.8089274968693249,-2.261384604281387
NAS100,ibs,5,0,10,0.0,5,0.1,176.0,0.6420454545454546,0.0027766878873610452,1.3390247323641298,36.0,0.5,0.0010684082008487238,1.1021036324713271,-0.269312497328544
NAS100,ibs,5,0,10,0.0,10,0.1,158.0,0.6962025316455697,0.003826164522776951,1.4779204960730812,33.0,0.5151515151515151,-0.0015624656073640357,0.8032040719874503,-0.24540549854464655
NAS100,ibs,5,0,10,2.0,5,0.1,182.0,0.6153846153846154,0.039896593368841216,1.1675190391004855,38.0,0.5,0.06932669921622488,1.3076834535219435,-7.2256129239570175
NAS100,ibs,5,0,10,2.0,10,0.1,171.0,0.672514619883041,0.07234903591206528,1.307768267304447,38.0,0.5,0.020266382632045502,1.0733830849793642,-4.63505237232462
NAS100,ibs,5,0,10,3.0,5,0.1,181.0,0.6519337016574586,0.037306686700434924,1.2406803003735924,36.0,0.5,0.022186823826388688,1.1285306879257844,-4.430551737002746
NAS100,ibs,5,0,10,3.0,10,0.1,167.0,0.7005988023952096,0.03927447205321719,1.2251160115983721,34.0,0.5,-0.03609149653093967,0.8171190186889115,-4.010169434003784
NAS100,ibs,5,100,3,0.0,5,0.1,121.0,0.6776859504132231,0.0022720431791336477,1.2839748578470969,20.0,0.5,-0.00541337085559686,0.5205798799789647,-0.14851403028312568
NAS100,ibs,5,100,3,0.0,10,0.1,121.0,0.6776859504132231,0.0029132228792561558,1.4012433461304716,19.0,0.5263157894736842,-0.004690035988858205,0.509666347996975,-0.1492319847490098
NAS100,ibs,5,100,3,2.0,5,0.1,124.0,0.6693548387096774,0.0483512975246691,1.2401462836264863,20.0,0.45,-0.11710682357009414,0.5327210458100435,-3.1246764538745415
NAS100,ibs,5,100,3,2.0,10,0.1,124.0,0.6693548387096774,0.0483512975246691,1.2401462836264863,20.0,0.5,-0.09025030026848724,0.6061922885873923,-3.1246764538745415
NAS100,ibs,5,100,3,3.0,5,0.1,123.0,0.6829268292682927,0.03872139780547575,1.2980682805719599,20.0,0.5,-0.0768032831167474,0.5411253996140509,-2.3620058856221906
NAS100,ibs,5,100,3,3.0,10,0.1,123.0,0.6829268292682927,0.03872139780547575,1.2980682805719599,20.0,0.55,-0.05889893424900946,0.6154229566086385,-2.3620058856221906
NAS100,ibs,5,100,5,0.0,5,0.1,119.0,0.7226890756302521,0.004593434150884616,1.6152659670257263,20.0,0.5,-0.006705806296736961,0.48830009805022834,-0.15270945021974017
NAS100,ibs,5,100,5,0.0,10,0.1,116.0,0.7327586206896551,0.005369967318613639,1.8197984185454943,19.0,0.5263157894736842,-0.008061603666073227,0.3943129282554945,-0.1492361496967392
NAS100,ibs,5,100,5,2.0,5,0.1,122.0,0.7049180327868853,0.08758141676876495,1.4288608781246384,20.0,0.45,-0.15180136092860783,0.49001902236119094,-3.2486546260162505
NAS100,ibs,5,100,5,2.0,10,0.1,120.0,0.7166666666666667,0.09438639061704727,1.4626047513673377,20.0,0.5,-0.10940330372216556,0.5803333628301811,-3.2486546260162505
NAS100,ibs,5,100,5,3.0,5,0.1,121.0,0.71900826446281,0.06997802407782124,1.5574697907469626,20.0,0.5,-0.09834387380241572,0.5014840076736518,-2.3620753014176805
NAS100,ibs,5,100,5,3.0,10,0.1,119.0,0.7310924369747899,0.06885383543858707,1.5251896870041826,20.0,0.55,-0.08864419014104502,0.5361695255081771,-2.3620753014176805
NAS100,ibs,5,100,10,0.0,5,0.1,117.0,0.6923076923076923,0.004663845768162626,1.587057792689865,20.0,0.45,-0.0005656229108456249,0.8758382920023271,-0.17016716638977306
NAS100,ibs,5,100,10,0.0,10,0.1,109.0,0.7431192660550459,0.005489845811013771,1.713232151415378,20.0,0.45,-0.005845821313963685,0.5173428735867083,-0.09014640582618842
NAS100,ibs,5,100,10,2.0,5,0.1,120.0,0.6583333333333333,0.08090360855426292,1.3625047962066195,21.0,0.42857142857142855,-0.028720827011233966,0.8697930811988409,-2.693554900516026
NAS100,ibs,5,100,10,2.0,10,0.1,116.0,0.7068965517241379,0.10124369020650884,1.4644617018039339,21.0,0.42857142857142855,-0.0571052791788868,0.7687066484049576,-3.3873749020340873
NAS100,ibs,5,100,10,3.0,5,0.1,119.0,0.7058823529411765,0.07949099361360483,1.5832225746466744,20.0,0.45,-0.01281250770238299,0.9040730628108155,-1.381048246447484
NAS100,ibs,5,100,10,3.0,10,0.1,113.0,0.7433628318584071,0.07115415976612383,1.4625022101022918,20.0,0.45,-0.05483744438094311,0.6870277743871077,-1.4879738790796977
NAS100,ibs,5,200,3,0.0,5,0.1,122.0,0.6885245901639344,0.002677571920548992,1.355742999009601,20.0,0.6,0.0012469852177112869,1.1914930892522637,-0.08273982854503568
NAS100,ibs,5,200,3,0.0,10,0.1,122.0,0.6885245901639344,0.0034005807727369047,1.5062375664596876,19.0,0.631578947368421,0.003731842259437022,1.91704467204755,-0.08345778301091981
NAS100,ibs,5,200,3,2.0,5,0.1,127.0,0.6850393700787402,0.07421418439532053,1.4160751885237268,20.0,0.55,0.028746229751343038,1.1592705529738967,-1.4803214104222913
NAS100,ibs,5,200,3,2.0,10,0.1,127.0,0.6850393700787402,0.07421418439532053,1.4160751885237268,20.0,0.6,0.05560275305294995,1.351316941317411,-1.4803214104222913
NAS100,ibs,5,200,3,3.0,5,0.1,126.0,0.6984126984126984,0.0493891535603038,1.4085851852006488,20.0,0.6,0.037588110626677676,1.3650431657811628,-1.265769189987357
NAS100,ibs,5,200,3,3.0,10,0.1,126.0,0.6984126984126984,0.0493891535603038,1.4085851852006488,20.0,0.65,0.055492459494415614,1.6278214629591947,-1.265769189987357
NAS100,ibs,5,200,5,0.0,5,0.1,119.0,0.7394957983193278,0.005082865077974308,1.7191947661996412,20.0,0.65,-3.0140299656476505e-05,1.033157389426816,-0.11075800461173572
NAS100,ibs,5,200,5,0.0,10,0.1,117.0,0.7521367521367521,0.0055509150388464235,1.8506262663882003,19.0,0.6842105263157895,0.002526055019036323,1.4754332145277202,-0.08346194795864921
NAS100,ibs,5,200,5,2.0,5,0.1,124.0,0.7258064516129032,0.11863806533577893,1.6399382179491797,20.0,0.6,-0.005565559512862272,0.9738386235935795,-1.6042995825640003
NAS100,ibs,5,200,5,2.0,10,0.1,123.0,0.7398373983739838,0.12287900533039046,1.6466801787886574,20.0,0.65,0.036832497693580005,1.1996402315742423,-1.8027760190452167
NAS100,ibs,5,200,5,3.0,5,0.1,123.0,0.7398373983739838,0.08621797252944216,1.7343705240047191,20.0,0.65,0.016302685337214923,1.1268293666118776,-1.2658386057828472
NAS100,ibs,5,200,5,3.0,10,0.1,122.0,0.7540983606557377,0.08290965701801711,1.6545851248421306,20.0,0.7,0.026002368998585608,1.2117809621096518,-1.2658386057828472
NAS100,ibs,5,200,10,0.0,5,0.1,118.0,0.7033898305084746,0.005390083241666765,1.7533431471557799,20.0,0.55,0.0050317531040577484,2.242995059699512,-0.16704185572116664
NAS100,ibs,5,200,10,0.0,10,0.1,113.0,0.7522123893805309,0.006419655421501651,1.923184820145364,20.0,0.55,0.003210412420982208,1.5624838376365195,-0.07991063246410443
NAS100,ibs,5,200,10,2.0,5,0.1,122.0,0.680327868852459,0.11489756000826132,1.5845040317722268,21.0,0.5238095238095238,0.08487779380906875,1.56287945089184,-2.615422133800865
NAS100,ibs,5,200,10,2.0,10,0.1,118.0,0.7288135593220338,0.1368052387663903,1.6880006181931402,21.0,0.5238095238095238,0.058308769409723814,1.3240288830387474,-3.9036922982990507
NAS100,ibs,5,200,10,3.0,5,0.1,122.0,0.7213114754098361,0.09636790877616064,1.7963395018574613,20.0,0.55,0.08386255173429581,2.180835170743731,-1.3289597353040437
NAS100,ibs,5,200,10,3.0,10,0.1,118.0,0.7542372881355932,0.0946308908659542,1.679155867369112,20.0,0.55,0.04310841449355123,1.3739111521953653,-1.3456093503347226
NAS100,ibs,10,0,3,0.0,5,0.2,340.0,0.7205882352941176,0.0047627833206251476,1.8662387080896494,71.0,0.6338028169014085,0.0027921885827222287,1.4428380339208584,-0.04991098224377087
NAS100,ibs,10,0,3,0.0,10,0.2,334.0,0.718562874251497,0.00479335429379131,1.912302109492316,70.0,0.6285714285714286,0.003141033339655806,1.5571813673722494,-0.07200435299529839
NAS100,ibs,10,0,3,2.0,5,0.2,357.0,0.7198879551820728,0.11424576278454775,1.777912431689313,76.0,0.618421052631579,0.05723292489059136,1.298457393004929,-0.48847414544677126
NAS100,ibs,10,0,3,2.0,10,0.2,357.0,0.7198879551820728,0.11191120866750558,1.7500925153624542,76.0,0.618421052631579,0.05723292489059136,1.298457393004929,-0.48847414544677126
NAS100,ibs,10,0,3,3.0,5,0.2,346.0,0.7254335260115607,0.0722157660742839,1.728578388613614,74.0,0.6216216216216216,0.029383261672078272,1.2419103874954156,-0.8357253878596239
NAS100,ibs,10,0,3,3.0,10,0.2,345.0,0.7246376811594203,0.06717805696738767,1.6500275475358936,74.0,0.6216216216216216,0.03477862872619592,1.2995716980834826,-0.8357253878596239
NAS100,ibs,10,0,5,0.0,5,0.2,333.0,0.7327327327327328,0.0055689660974301185,1.9500486375966883,66.0,0.6515151515151515,0.0004584576192913834,1.0618858402724198,-0.11530272312778819
NAS100,ibs,10,0,5,0.0,10,0.2,314.0,0.7356687898089171,0.006058061196951436,2.172123091764171,61.0,0.6557377049180327,0.0006227023297164924,1.0732035308858832,-0.05168996289750326
NAS100,ibs,10,0,5,2.0,5,0.2,349.0,0.7277936962750716,0.13408372399438337,1.8279678553936325,72.0,0.6388888888888888,0.015984757818419522,1.067060704816436,-2.352761895029859
NAS100,ibs,10,0,5,2.0,10,0.2,342.0,0.7309941520467836,0.13663087661603954,1.8349539968168982,71.0,0.647887323943662,0.01959727971263231,1.0826796370492708,-2.229503997765485
NAS100,ibs,10,0,5,3.0,5,0.2,339.0,0.7315634218289085,0.08432299865423457,1.7811947102851842,69.0,0.6376811594202898,-0.02636774170316587,0.8435729124879027,-2.3869591650571365
NAS100,ibs,10,0,5,3.0,10,0.2,329.0,0.7325227963525835,0.08514518099135139,1.7783589195181486,67.0,0.6567164179104478,-0.037576571109724594,0.798438380784436,-2.6331104030090766
NAS100,ibs,10,0,10,0.0,5,0.2,331.0,0.7039274924471299,0.004906325692716389,1.7444948256063233,69.0,0.6086956521739131,0.0037411073354683268,1.6229020966586614,-0.20667688314127305
NAS100,ibs,10,0,10,0.0,10,0.2,296.0,0.7398648648648649,0.00506674972518762,1.8026778111569275,61.0,0.6229508196721312,0.0028217998824305373,1.4106856549489384,-0.12974122227831827
NAS100,ibs,10,0,10,2.0,5,0.2,344.0,0.688953488372093,0.11420992903781751,1.621439236699692,74.0,0.5945945945945946,0.07465927714615359,1.3816309150820107,-4.0917011675174475
NAS100,ibs,10,0,10,2.0,10,0.2,322.0,0.717391304347826,0.11758043792298384,1.6141171194147255,70.0,0.6,0.06787787736637559,1.3192378157259714,-3.734190648099971
NAS100,ibs,10,0,10,3.0,5,0.2,337.0,0.7032640949554896,0.07223603287294839,1.588742748660269,72.0,0.5972222222222222,0.03429659083620232,1.2632306093721306,-2.36702972454402
NAS100,ibs,10,0,10,3.0,10,0.2,310.0,0.7354838709677419,0.06182277269231504,1.4441579936253472,66.0,0.6212121212121212,0.008187180880171485,1.0496945350355291,-3.4957496491399347
NAS100,ibs,10,100,3,0.0,5,0.2,234.0,0.717948717948718,0.004461041398660797,1.7846548471868466,44.0,0.6590909090909091,0.0010313909917351418,1.1220610791194643,-0.12366091607723503
NAS100,ibs,10,100,3,0.0,10,0.2,233.0,0.7167381974248928,0.0046408584310798275,1.859407840770862,43.0,0.6511627906976745,0.001558329024162196,1.2261800834204024,-0.11569671470157665
NAS100,ibs,10,100,3,2.0,5,0.2,244.0,0.7131147540983607,0.10047283837581591,1.6409888154078596,45.0,0.6444444444444445,0.020911734338189703,1.112183085075002,-1.87641312256357
NAS100,ibs,10,100,3,2.0,10,0.2,244.0,0.7131147540983607,0.09863897721353834,1.6220189590660574,45.0,0.6444444444444445,0.020911734338189703,1.112183085075002,-1.87641312256357
NAS100,ibs,10,100,3,3.0,5,0.2,237.0,0.7215189873417721,0.0723792769985482,1.7516640955566252,44.0,0.6590909090909091,0.023289651897040377,1.2182259955730337,-1.3322859808123515
NAS100,ibs,10,100,3,3.0,10,0.2,236.0,0.7203389830508474,0.06726355963567854,1.6725019762744788,44.0,0.6590909090909091,0.032363678306238236,1.3293198013163932,-1.8657672083476837
NAS100,ibs,10,100,5,0.0,5,0.2,231.0,0.7359307359307359,0.005538819836437991,1.9590392580875107,42.0,0.6428571428571429,-0.0006986762853339832,0.9229111611961962,-0.15637271416890444
NAS100,ibs,10,100,5,0.0,10,0.2,224.0,0.7455357142857143,0.006468352841967074,2.340110075489387,40.0,0.65,-0.000831622852172639,0.8836307933999507,-0.1243648131009793
NAS100,ibs,10,100,5,2.0,5,0.2,241.0,0.7219917012448133,0.12299807526491349,1.732903396609837,43.0,0.627906976744186,-0.03886354608904724,0.8368410557545439,-4.317816145614085
NAS100,ibs,10,100,5,2.0,10,0.2,237.0,0.729957805907173,0.12862630576889938,1.7695335081576298,43.0,0.627906976744186,-0.03163492566819357,0.8629368275707807,-4.006985467517377
NAS100,ibs,10,100,5,3.0,5,0.2,234.0,0.7307692307692307,0.08416659301881424,1.8114210657100498,42.0,0.6428571428571429,-0.02433404039111682,0.840188347839596,-3.0714590157424073
NAS100,ibs,10,100,5,3.0,10,0.2,228.0,0.7368421052631579,0.0858714501840516,1.824172009750664,41.0,0.6585365853658537,-0.015140111713838594,0.8961700533219472,-2.670173899582883
NAS100,ibs,10,100,10,0.0,5,0.2,229.0,0.7205240174672489,0.005403414702198619,1.867262569705681,44.0,0.6136363636363636,0.003993192637562473,1.7081270640367774,-0.18719108627199044
NAS100,ibs,10,100,10,0.0,10,0.2,214.0,0.7616822429906542,0.005594916688291108,1.8957707279487708,41.0,0.6341463414634146,0.0023537058737102255,1.2783621559171217,-0.12181130007821647
NAS100,ibs,10,100,10,2.0,5,0.2,238.0,0.6932773109243697,0.11439133350242638,1.6312920542081262,45.0,0.6,0.06595492696988046,1.3875582915634643,-3.6141765655227367
NAS100,ibs,10,100,10,2.0,10,0.2,228.0,0.7280701754385965,0.12283519793255708,1.673882862967992,43.0,0.6046511627906976,0.0671034225303803,1.3921640514240405,-3.4395327222909153
NAS100,ibs,10,100,10,3.0,5,0.2,234.0,0.717948717948718,0.08362259447136226,1.7401389465349417,44.0,0.6136363636363636,0.0650143655404552,1.749176891940997,-1.6042038821988356
NAS100,ibs,10,100,10,3.0,10,0.2,219.0,0.7534246575342466,0.07283954593320287,1.567369551400719,41.0,0.6341463414634146,0.060005460912301294,1.6151763756428337,-1.7176692409571528
NAS100,ibs,10,200,3,0.0,5,0.2,237.0,0.729957805907173,0.005222326634608005,1.9862741793047378,40.0,0.6,0.002217344841984184,1.3262912073481012,-0.056912691764316126
NAS100,ibs,10,200,3,0.0,10,0.2,235.0,0.7276595744680852,0.005332690207895757,2.067605402459607,39.0,0.5897435897435898,0.0035161359829087658,1.7756417726633913,-0.08151836734232731
NAS100,ibs,10,200,3,2.0,5,0.2,250.0,0.728,0.12660780284405895,1.8986410839140986,41.0,0.5853658536585366,0.03928599575777402,1.222933423866169,-1.8662104506542745
NAS100,ibs,10,200,3,2.0,10,0.2,250.0,0.728,0.12481795434967605,1.874835823124,41.0,0.5853658536585366,0.03928599575777402,1.222933423866169,-1.8662104506542745
NAS100,ibs,10,200,3,3.0,5,0.2,242.0,0.7355371900826446,0.086701968286123,1.9693943975639745,40.0,0.6,0.0453582591988145,1.503304785945992,-0.8833277999331128
NAS100,ibs,10,200,3,3.0,10,0.2,242.0,0.7355371900826446,0.0834816419808332,1.9008348642459996,40.0,0.6,0.05533968824893215,1.6881180174348283,-0.8833277999331128
NAS100,ibs,10,200,5,0.0,5,0.2,232.0,0.7629310344827587,0.006693253582773206,2.255800097226441,37.0,0.6216216216216216,-0.0010481390937729658,0.8840582417962851,-0.09895670038272635
NAS100,ibs,10,200,5,0.0,10,0.2,225.0,0.7688888888888888,0.007193189137407767,2.5361685606461815,35.0,0.6285714285714286,-0.0006322817840508295,0.9201687458476426,-0.09397182154995222
NAS100,ibs,10,200,5,2.0,5,0.2,246.0,0.7520325203252033,0.1615600483986493,2.0669227954608242,39.0,0.6153846153846154,-0.03741043461495305,0.8461156083456153,-2.021254736749128
NAS100,ibs,10,200,5,2.0,10,0.2,243.0,0.757201646090535,0.16357783878022678,2.0668630645390023,39.0,0.6153846153846154,-0.03804242188484679,0.8439556033651883,-1.9865266967060111
NAS100,ibs,10,200,5,3.0,5,0.2,237.0,0.759493670886076,0.10724840485998503,2.1197584903796867,37.0,0.6216216216216216,-0.030043231191549436,0.7998604698546619,-2.1145254526394384
NAS100,ibs,10,200,5,3.0,10,0.2,233.0,0.7639484978540773,0.1069822221078313,2.0811766171361525,36.0,0.6388888888888888,-0.035304258162569865,0.7763279386077815,-1.7132403364799142
NAS100,ibs,10,200,10,0.0,5,0.2,230.0,0.7347826086956522,0.005987997687565643,1.982226996416992,40.0,0.6,0.004418923994255001,1.9484719396175039,-0.19760833670470804
NAS100,ibs,10,200,10,0.0,10,0.2,213.0,0.7746478873239436,0.005806493829958726,1.913799650761548,37.0,0.5945945945945946,0.0031071979264462044,1.4847788566647304,-0.10826246220867561
NAS100,ibs,10,200,10,2.0,5,0.2,241.0,0.7178423236514523,0.14184081846004745,1.835712393956168,41.0,0.5853658536585366,0.06295772771598959,1.376572416659858,-2.990699754366044
NAS100,ibs,10,200,10,2.0,10,0.2,231.0,0.7445887445887446,0.13581270621206434,1.730246169435309,39.0,0.5641025641025641,0.053440172438480614,1.2893383903417415,-3.410506074114347
NAS100,ibs,10,200,10,3.0,5,0.2,235.0,0.7361702127659574,0.09731687337670143,1.90112107015562,40.0,0.6,0.07364873323758336,2.002406208298518,-1.1885526747610402
NAS100,ibs,10,200,10,3.0,10,0.2,222.0,0.7657657657657657,0.08247368294269185,1.6388579421333898,37.0,0.5945945945945946,0.05222082965784552,1.496112659079218,-1.6580525659724867
NAS100,ibs,20,0,3,0.0,5,0.4,536.0,0.7089552238805971,0.0022299301976904592,1.3520877429683447,109.0,0.6146788990825688,0.0007292902164925777,1.0747899591965162,-0.14851153234539563
NAS100,ibs,20,0,3,0.0,10,0.4,515.0,0.7145631067961165,0.0025429525788479555,1.4243531787993062,104.0,0.6153846153846154,0.0012393557719580217,1.1710385231926985,-0.1290938430551792
NAS100,ibs,20,0,3,2.0,5,0.4,586.0,0.6962457337883959,0.04116976650907461,1.2292426079510443,120.0,0.6166666666666667,0.02227332808478646,1.1052559933490018,-4.87621518417424
NAS100,ibs,20,0,3,2.0,10,0.4,580.0,0.7,0.04379399640656585,1.245296166980876,119.0,0.6302521008403361,0.026855116240200316,1.1300424345346287,-4.902530565374658
NAS100,ibs,20,0,3,3.0,5,0.4,546.0,0.7124542124542125,0.03773560955312824,1.343355803798008,113.0,0.6106194690265486,-0.0016778542999052576,0.9867164718764614,-2.604529737469669
NAS100,ibs,20,0,3,3.0,10,0.4,537.0,0.7188081936685289,0.04137052621188696,1.3787827659232808,110.0,0.6181818181818182,0.003528661117547589,1.0262503361456794,-2.208186649332301
NAS100,ibs,20,0,5,0.0,5,0.4,527.0,0.7096774193548387,0.0027404674775880784,1.426555840057421,107.0,0.6355140186915887,2.0018406736618937e-05,0.9864174125790437,-0.20794302759601085
NAS100,ibs,20,0,5,0.0,10,0.4,485.0,0.7237113402061855,0.0034034374182504803,1.5960387930222353,97.0,0.6494845360824743,0.0009720375025241821,1.1265865811533167,-0.21795234411813708
NAS100,ibs,20,0,5,2.0,5,0.4,565.0,0.695575221238938,0.05779666872289438,1.3137146312846737,118.0,0.6271186440677966,0.014405678130208373,1.0635995949308577,-7.681733694939218
NAS100,ibs,20,0,5,2.0,10,0.4,550.0,0.7072727272727273,0.06419313357867398,1.3529622143293303,114.0,0.6491228070175439,0.029795547355315286,1.1405764504643272,-7.6420384814296645
NAS100,ibs,20,0,5,3.0,5,0.4,534.0,0.7116104868913857,0.04579439870279535,1.4027390902351982,112.0,0.6339285714285714,-0.019279552775106765,0.8778891320109793,-4.509222627214807
NAS100,ibs,20,0,5,3.0,10,0.4,511.0,0.726027397260274,0.05280322878070507,1.4742841524143555,106.0,0.660377358490566,-0.01990949632745487,0.874841483607539,-3.835480009661705
NAS100,ibs,20,0,10,0.0,5,0.4,534.0,0.6835205992509363,0.002553068071775171,1.3880999410170909,111.0,0.6126126126126126,0.0014081816090749002,1.181757331803875,-0.25699188848039406
NAS100,ibs,20,0,10,0.0,10,0.4,482.0,0.7136929460580913,0.003053929441408222,1.504089318961879,98.0,0.6530612244897959,0.0021198869481518588,1.3536617205876411,-0.28727122272885625
NAS100,ibs,20,0,10,2.0,5,0.4,571.0,0.660245183887916,0.04785099817395484,1.2467704594825957,120.0,0.6,0.039014016147104646,1.196289141056228,-8.915449544817786
NAS100,ibs,20,0,10,2.0,10,0.4,539.0,0.6846011131725418,0.0545140310293296,1.2809700572548604,113.0,0.6460176991150443,0.06306857160258632,1.3390723707547756,-7.604152298227939
NAS100,ibs,20,0,10,3.0,5,0.4,544.0,0.6819852941176471,0.04041132101913099,1.3444558400545183,115.0,0.6086956521739131,0.011759549660326763,1.08515626014396,-5.647001561403583
NAS100,ibs,20,0,10,3.0,10,0.4,499.0,0.7094188376753507,0.04671216397490951,1.39381548553525,108.0,0.6574074074074074,0.008381328527115468,1.0557494161455787,-5.198430726652122
NAS100,ibs,20,100,3,0.0,5,0.4,395.0,0.7063291139240506,0.001975031260035323,1.3021991424825212,72.0,0.625,-0.00010283391901079155,0.9769629606992776,-0.20825791666262486
NAS100,ibs,20,100,3,0.0,10,0.4,385.0,0.7142857142857143,0.002526928415433662,1.419050775021395,69.0,0.6376811594202898,0.0010119359589964923,1.150450451592412,-0.15265706929630043
NAS100,ibs,20,100,3,2.0,5,0.4,425.0,0.6870588235294117,0.028933334099252802,1.1575904429274761,76.0,0.631578947368421,-0.009260587018306662,0.9562768817604909,-5.634401660659707
NAS100,ibs,20,100,3,2.0,10,0.4,420.0,0.6928571428571428,0.032376231225888875,1.1776432584773995,75.0,0.6533333333333333,-0.002411268679757951,0.9873565710263469,-5.634401660659707
NAS100,ibs,20,100,3,3.0,5,0.4,401.0,0.7057356608478803,0.032295592788903774,1.291999339365792,73.0,0.6301369863013698,-0.003683560238334345,0.9735536653421165,-3.334763721560912
NAS100,ibs,20,100,3,3.0,10,0.4,395.0,0.7139240506329114,0.03589100587075947,1.3275272733353904,71.0,0.647887323943662,0.010055566700424805,1.0886858140989684,-3.063900605142078
NAS100,ibs,20,100,5,0.0,5,0.4,394.0,0.7081218274111675,0.002594850998303213,1.3983543738189672,70.0,0.6285714285714286,-0.00036471669247076834,0.961535316062181,-0.17257510818334496
NAS100,ibs,20,100,5,0.0,10,0.4,371.0,0.7277628032345014,0.0037514247347896074,1.697801862794438,66.0,0.6515151515151515,0.0002665994492103239,1.0336188062390979,-0.18392624260409832
NAS100,ibs,20,100,5,2.0,5,0.4,421.0,0.6959619952494062,0.049676477975504604,1.2713586925546598,74.0,0.6216216216216216,-0.022688206532406514,0.9021165827491915,-4.25562111294119
NAS100,ibs,20,100,5,2.0,10,0.4,409.0,0.7114914425427873,0.0576460728976024,1.323292658595354,73.0,0.6438356164383562,-0.009582245835035075,0.9553104818436678,-3.9583821841897917
NAS100,ibs,20,100,5,3.0,5,0.4,399.0,0.706766917293233,0.04045504328105501,1.3619460899745246,71.0,0.6338028169014085,-0.01967173421418153,0.8720140410865975,-2.9582938951600157
NAS100,ibs,20,100,5,3.0,10,0.4,382.0,0.725130890052356,0.04831743039742815,1.4464394518761843,69.0,0.6666666666666666,-0.006314989876237953,0.9541648241358456,-2.8467174410026512
NAS100,ibs,20,100,10,0.0,5,0.4,401.0,0.683291770573566,0.0024032973203843453,1.3737632630023244,73.0,0.6164383561643836,0.001888986714170455,1.2827620693664967,-0.13548069042097421
NAS100,ibs,20,100,10,0.0,10,0.4,372.0,0.717741935483871,0.0029875699254308524,1.490830601271556,68.0,0.6617647058823529,0.0020362074626805275,1.323804584387883,-0.20174281580450817
NAS100,ibs,20,100,10,2.0,5,0.4,427.0,0.6604215456674473,0.04151018817981192,1.220276476009531,76.0,0.5921052631578947,0.01756578764635705,1.0895144826984196,-4.493404543923676
NAS100,ibs,20,100,10,2.0,10,0.4,410.0,0.6804878048780488,0.0442352430401859,1.2344820500278255,74.0,0.6351351351351351,0.04274628816675125,1.2450038137205137,-4.149066371967928
NAS100,ibs,20,100,10,3.0,5,0.4,408.0,0.6813725490196079,0.04075132924560737,1.3639611652868056,74.0,0.6216216216216216,0.028378943549491154,1.2553144942474,-2.0702511528660805
NAS100,ibs,20,100,10,3.0,10,0.4,383.0,0.7127937336814621,0.044970350838982036,1.3937225753989262,71.0,0.6619718309859155,0.027803799818665046,1.24696828093594,-1.9091406884368125
NAS100,ibs,20,200,3,0.0,5,0.4,394.0,0.700507614213198,0.0016955811678909974,1.2539931127781545,64.0,0.625,0.001193107888486911,1.1420592167727595,-0.23412182635257475
NAS100,ibs,20,200,3,0.0,10,0.4,383.0,0.7075718015665796,0.0021397122138140674,1.345175920456855,60.0,0.6166666666666667,0.002220543658231491,1.429987693302914,-0.1945568851208158
NAS100,ibs,20,200,3,2.0,5,0.4,430.0,0.6906976744186046,0.03473588912561322,1.191106392397137,69.0,0.6376811594202898,0.040492835842258115,1.2156218314106315,-5.450025418230572
NAS100,ibs,20,200,3,2.0,10,0.4,425.0,0.6964705882352941,0.03820654693342253,1.2117653858734756,68.0,0.6470588235294118,0.04037567055856581,1.215168455134277,-5.450025418230572
NAS100,ibs,20,200,3,3.0,5,0.4,404.0,0.7029702970297029,0.03182144367155768,1.283567529355112,64.0,0.625,0.01955490485387558,1.1748099696230185,-3.237594074913706
NAS100,ibs,20,200,3,3.0,10,0.4,398.0,0.7110552763819096,0.0340097055069138,1.3020086638459296,61.0,0.6229508196721312,0.023742914936159074,1.243068883334332,-3.5131460206520653
NAS100,ibs,20,200,5,0.0,5,0.4,391.0,0.710997442455243,0.002542533037682224,1.382301520431185,64.0,0.640625,0.0008167672616424234,1.1024263833513837,-0.1685612762906872
NAS100,ibs,20,200,5,0.0,10,0.4,366.0,0.726775956284153,0.0033287425265366138,1.5786588544056828,58.0,0.6379310344827587,0.0010317064069782769,1.1672558436965959,-0.15353325105307122
NAS100,ibs,20,200,5,2.0,5,0.4,421.0,0.7007125890736342,0.06052134709865224,1.329380310070018,69.0,0.6521739130434783,0.02865732961807744,1.140293893726148,-3.0469913316439206
NAS100,ibs,20,200,5,2.0,10,0.4,410.0,0.7170731707317073,0.06862165519593377,1.3812657045363317,67.0,0.6567164179104478,0.027248533225837757,1.132511847323152,-2.987219921338893
NAS100,ibs,20,200,5,3.0,5,0.4,399.0,0.7117794486215538,0.04649296143062567,1.4096913285475756,64.0,0.640625,0.0007615050383873792,1.0060341281858938,-2.3886547725058596
NAS100,ibs,20,200,5,3.0,10,0.4,383.0,0.7284595300261096,0.050790936914436445,1.4477690398865795,60.0,0.65,-0.008107856037554446,0.93916489380454,-2.340167581818866
NAS100,ibs,20,200,10,0.0,5,0.4,397.0,0.6876574307304786,0.0024532965016284295,1.379133004079093,66.0,0.5909090909090909,0.00213582495831205,1.3128262363596168,-0.13793788565105358
NAS100,ibs,20,200,10,0.0,10,0.4,367.0,0.7166212534059946,0.002890437165787589,1.465780689437157,60.0,0.6166666666666667,0.00213943632355614,1.371228038939121,-0.24058872826357788
NAS100,ibs,20,200,10,2.0,5,0.4,426.0,0.6713615023474179,0.05749575518993289,1.3117096076239034,70.0,0.6,0.0536122813919925,1.3180617203197185,-2.987219921338893
NAS100,ibs,20,200,10,2.0,10,0.4,407.0,0.6904176904176904,0.05924881876569356,1.3163565092967235,67.0,0.6119402985074627,0.05914391311619239,1.3583451638652875,-2.987219921338893
NAS100,ibs,20,200,10,3.0,5,0.4,406.0,0.687192118226601,0.043915386100451474,1.3895677602819687,66.0,0.5909090909090909,0.03652507434771723,1.3709925669767724,-1.6963902190224176
NAS100,ibs,20,200,10,3.0,10,0.4,381.0,0.7139107611548556,0.046792696907766565,1.3938160840162814,63.0,0.6190476190476191,0.025133443585174282,1.2226288416351263,-2.428528548173779
NAS100,rsi2ibs,5,0,3,0.0,5,0.1,31.0,0.6774193548387096,0.007552910154394171,2.447314408732085,11.0,0.7272727272727273,0.01399017677010455,3.138469408645807,-0.020842686200329925
NAS100,rsi2ibs,5,0,3,0.0,10,0.1,31.0,0.6774193548387096,0.0077778653510925,2.54580617345102,11.0,0.7272727272727273,0.011553034474518515,2.1937344740236044,-0.020842686200329925
NAS100,rsi2ibs,5,0,3,2.0,5,0.1,33.0,0.6363636363636364,0.1698356398298842,1.9353822931985933,11.0,0.7272727272727273,0.3873105074549164,4.668182283220124,-0.6375794183339984
NAS100,rsi2ibs,5,0,3,2.0,10,0.1,33.0,0.6363636363636364,0.1698356398298842,1.9353822931985933,11.0,0.7272727272727273,0.3873105074549164,4.668182283220124,-0.6375794183339984
NAS100,rsi2ibs,5,0,3,3.0,5,0.1,33.0,0.696969696969697,0.10314078840237718,1.8121744749362516,11.0,0.7272727272727273,0.2270142324927317,3.2198135824875425,-0.4842507571897233
NAS100,rsi2ibs,5,0,3,3.0,10,0.1,33.0,0.696969696969697,0.10314078840237718,1.8121744749362516,11.0,0.7272727272727273,0.2270142324927317,3.2198135824875425,-0.4842507571897233
NAS100,rsi2ibs,5,0,5,0.0,5,0.1,31.0,0.6774193548387096,0.009352950027030552,2.726025729117212,11.0,0.8181818181818182,0.015039598740986997,3.392718948410448,-0.060199817503927534
NAS100,rsi2ibs,5,0,5,0.0,10,0.1,31.0,0.6774193548387096,0.010500553127497793,3.4438627194058515,11.0,0.8181818181818182,0.008889399188671382,1.589825894619324,-0.04253867097533855
NAS100,rsi2ibs,5,0,5,2.0,5,0.1,33.0,0.6060606060606061,0.1676530991188236,1.6880214034254473,11.0,0.8181818181818182,0.41354605672697764,5.180065780973477,-1.4369860967851587
NAS100,rsi2ibs,5,0,5,2.0,10,0.1,33.0,0.6060606060606061,0.18932134534369952,1.8521792358908737,11.0,0.8181818181818182,0.41354605672697764,5.180065780973477,-1.169797711011638
NAS100,rsi2ibs,5,0,5,3.0,5,0.1,33.0,0.696969696969697,0.12722280419009135,1.8610048371675925,11.0,0.8181818181818182,0.24450459867410582,3.5016204436948923,-1.2913240645234407
NAS100,rsi2ibs,5,0,5,3.0,10,0.1,33.0,0.696969696969697,0.141668301673342,2.0620816513096956,11.0,0.8181818181818182,0.24450459867410582,3.5016204436948923,-1.1131984740077603
NAS100,rsi2ibs,5,0,10,0.0,5,0.1,31.0,0.6129032258064516,0.009124085041092302,2.2815537889199433,11.0,0.8181818181818182,0.021152422513817933,4.367641635565153,-0.0850337322607835
NAS100,rsi2ibs,5,0,10,0.0,10,0.1,30.0,0.7,0.01218916033509912,2.6284645695008932,11.0,0.8181818181818182,0.015390237313825711,2.0835887180576007,-0.11837710670717845
NAS100,rsi2ibs,5,0,10,2.0,5,0.1,33.0,0.5454545454545454,0.1269776800792358,1.4025019317658518,11.0,0.8181818181818182,0.5663666510477511,6.681655453351452,-2.0578339657065583
NAS100,rsi2ibs,5,0,10,2.0,10,0.1,33.0,0.6666666666666666,0.22922358794725667,1.811625940005969,11.0,0.8181818181818182,0.5760670098558358,6.778883688575992,-1.3285893603669876
NAS100,rsi2ibs,5,0,10,3.0,5,0.1,33.0,0.6363636363636364,0.1078897442064385,1.5633931729039772,11.0,0.8181818181818182,0.3463849948879549,4.526575140118116,-1.7052226438043738
NAS100,rsi2ibs,5,0,10,3.0,10,0.1,33.0,0.7272727272727273,0.14549262647284827,1.6769245225508205,11.0,0.8181818181818182,0.3528519007600113,4.592754165400476,-1.5866509638481383
NAS100,rsi2ibs,5,100,3,0.0,5,0.1,15.0,0.7333333333333333,0.014162637464385865,4.54743818438839,4.0,0.5,-0.00979529956415688,0.30397659300748453,-0.05999671717638632
NAS100,rsi2ibs,5,100,3,0.0,10,0.1,15.0,0.7333333333333333,0.014162637464385865,4.54743818438839,4.0,0.5,-0.016497440877018463,0.209728955518238,-0.08680528242783266
NAS100,rsi2ibs,5,100,3,2.0,5,0.1,15.0,0.6666666666666666,0.2822761646188869,2.8342320659953613,4.0,0.5,-0.14160324654758938,0.4811718674125115,-1.0868009591843277
NAS100,rsi2ibs,5,100,3,2.0,10,0.1,15.0,0.6666666666666666,0.2822761646188869,2.8342320659953613,4.0,0.5,-0.14160324654758938,0.4811718674125115,-1.0868009591843277
NAS100,rsi2ibs,5,100,3,3.0,5,0.1,15.0,0.7333333333333333,0.22105685975434414,3.741273471022902,4.0,0.5,-0.18018228867739422,0.3234864995986014,-1.0676544700388904
NAS100,rsi2ibs,5,100,3,3.0,10,0.1,15.0,0.7333333333333333,0.22105685975434414,3.741273471022902,4.0,0.5,-0.18018228867739422,0.3234864995986014,-1.0676544700388904
NAS100,rsi2ibs,5,100,5,0.0,5,0.1,15.0,0.8,0.019897687636082233,15.230881092758077,4.0,0.5,-0.00979529956415688,0.30397659300748453,-0.05999671717638632
NAS100,rsi2ibs,5,100,5,0.0,10,0.1,15.0,0.8,0.01997650704042812,16.067399498954646,4.0,0.5,-0.026708348333024816,0.14244323395779046,-0.12764891225185807
NAS100,rsi2ibs,5,100,5,2.0,5,0.1,15.0,0.6666666666666666,0.28520647793565707,2.3250308094428305,4.0,0.5,-0.14160324654758938,0.4811718674125115,-1.0868009591843277
NAS100,rsi2ibs,5,100,5,2.0,10,0.1,15.0,0.6666666666666666,0.28717696304430435,2.3464545426528947,4.0,0.5,-0.14160324654758938,0.4811718674125115,-1.0868009591843277
NAS100,rsi2ibs,5,100,5,3.0,5,0.1,15.0,0.8,0.279191896408051,4.656214198702253,4.0,0.5,-0.18018228867739422,0.3234864995986014,-1.0676544700388904
NAS100,rsi2ibs,5,100,5,3.0,10,0.1,15.0,0.8,0.28050555314714914,4.737863808361692,4.0,0.5,-0.18018228867739422,0.3234864995986014,-1.0676544700388904
NAS100,rsi2ibs,5,100,10,0.0,5,0.1,15.0,0.6666666666666666,0.01832303039278944,4.945745059743675,4.0,0.75,0.0051235722310422754,1.212637017800233,-0.035630630486379065
NAS100,rsi2ibs,5,100,10,0.0,10,0.1,14.0,0.7142857142857143,0.015915439806062862,2.4871302882151083,4.0,0.75,-0.01178947653782566,0.5571066173377864,-0.11837710670717845
NAS100,rsi2ibs,5,100,10,2.0,5,0.1,15.0,0.5333333333333333,0.24584004685333732,1.8310487004821172,4.0,0.75,0.23136854833238943,1.913246468317839,-1.3652001012361414
NAS100,rsi2ibs,5,100,10,2.0,10,0.1,15.0,0.6666666666666666,0.2426926143330067,1.7077510156530735,4.0,0.75,0.23136854833238943,1.913246468317839,-2.0590201027542028
NAS100,rsi2ibs,5,100,10,3.0,5,0.1,15.0,0.6666666666666666,0.25294760901983787,2.943710354511583,4.0,0.75,0.068465574575925,1.2662283426774321,-0.661553025205436
NAS100,rsi2ibs,5,100,10,3.0,10,0.1,15.0,0.7333333333333333,0.21558983125212408,1.9407664409681464,4.0,0.75,0.068465574575925,1.2662283426774321,-1.5866509638481383
NAS100,rsi2ibs,5,200,3,0.0,5,0.1,18.0,0.7777777777777778,0.013222222077334159,4.979891600393715,6.0,0.6666666666666666,0.012031158181711063,14.33168705858253,-0.020842686200329925
NAS100,rsi2ibs,5,200,3,0.0,10,0.1,18.0,0.7777777777777778,0.013222222077334159,4.979891600393715,6.0,0.6666666666666666,0.012031158181711063,14.33168705858253,-0.020842686200329925
NAS100,rsi2ibs,5,200,3,2.0,5,0.1,19.0,0.6842105263157895,0.2417816208571147,2.385490375993373,6.0,0.6666666666666666,0.30077895454277664,14.33199703296193,-0.6375794183339984
NAS100,rsi2ibs,5,200,3,2.0,10,0.1,19.0,0.6842105263157895,0.2417816208571147,2.385490375993373,6.0,0.6666666666666666,0.30077895454277664,14.33199703296193,-0.6375794183339984
NAS100,rsi2ibs,5,200,3,3.0,5,0.1,19.0,0.7894736842105263,0.22443325944256076,4.526276154596843,6.0,0.6666666666666666,0.20051930302851775,14.237111355372143,-0.049812797130425523
NAS100,rsi2ibs,5,200,3,3.0,10,0.1,19.0,0.7894736842105263,0.22443325944256076,4.526276154596843,6.0,0.6666666666666666,0.20051930302851775,14.237111355372143,-0.049812797130425523
NAS100,rsi2ibs,5,200,5,0.0,5,0.1,18.0,0.8333333333333334,0.01818472557676741,16.62059011748654,6.0,0.8333333333333334,0.01347453939066707,33.87508890529359,-0.0025020753910718254
NAS100,rsi2ibs,5,200,5,0.0,10,0.1,18.0,0.8333333333333334,0.018250408413722316,17.533434848559715,6.0,0.8333333333333334,0.01347453939066707,33.87508890529359,-0.0025020753910718254
NAS100,rsi2ibs,5,200,5,2.0,5,0.1,19.0,0.6842105263157895,0.28210119085641816,2.265145756388289,6.0,0.8333333333333334,0.3368634847666769,33.227186189999564,-0.2934148691559698
NAS100,rsi2ibs,5,200,5,2.0,10,0.1,19.0,0.6842105263157895,0.2836568369948238,2.2810203950626042,6.0,0.8333333333333334,0.3368634847666769,33.227186189999564,-0.2934148691559698
NAS100,rsi2ibs,5,200,5,3.0,5,0.1,19.0,0.8421052631578947,0.29566678417742454,5.9057245705917065,6.0,0.8333333333333334,0.22457565651111785,33.08573207075321,-0.041701256517863765
NAS100,rsi2ibs,5,200,5,3.0,10,0.1,19.0,0.8421052631578947,0.29670388160302835,6.009285121152153,6.0,0.8333333333333334,0.22457565651111785,33.08573207075321,-0.041701256517863765
NAS100,rsi2ibs,5,200,10,0.0,5,0.1,18.0,0.7222222222222222,0.018194728433015766,5.708153728919178,6.0,0.8333333333333334,0.01926194656700816,40.692636352138976,-0.001406510430390159
NAS100,rsi2ibs,5,200,10,0.0,10,0.1,17.0,0.7647058823529411,0.015411494799646637,2.75075180237629,6.0,0.8333333333333334,0.0199885212409361,42.157317660696684,-0.11837710670717845
NAS100,rsi2ibs,5,200,10,2.0,5,0.1,19.0,0.5789473684210527,0.24296381919482427,1.8477993163594735,6.0,0.8333333333333334,0.481548664175204,40.83206113519059,-1.3652001012361414
NAS100,rsi2ibs,5,200,10,2.0,10,0.1,19.0,0.6842105263157895,0.24959631008414665,1.7709959394666965,6.0,0.8333333333333334,0.4997130310234024,42.32768641505586,-2.0590201027542028
NAS100,rsi2ibs,5,200,10,3.0,5,0.1,19.0,0.7368421052631579,0.2810984023958112,3.7373498666847187,6.0,0.8333333333333334,0.3210324427834693,40.47864986153351,-0.023441840506502692
NAS100,rsi2ibs,5,200,10,3.0,10,0.1,19.0,0.7894736842105263,0.25768362397225064,2.4252997199836663,6.0,0.8333333333333334,0.3331420206822683,41.96902733339925,-1.5866509638481383
NAS100,rsi2ibs,10,0,3,0.0,5,0.2,76.0,0.631578947368421,0.004769424208733667,1.7838584339770636,27.0,0.6666666666666666,0.007312061332207404,2.5699040093846333,-0.032010275613721856
NAS100,rsi2ibs,10,0,3,0.0,10,0.2,76.0,0.631578947368421,0.0049092181067876385,1.8246702638661902,27.0,0.7037037037037037,0.007114900346645892,2.3407523457535007,-0.032010275613721856
NAS100,rsi2ibs,10,0,3,2.0,5,0.2,85.0,0.6352941176470588,0.1041354804970309,1.5408364363445584,28.0,0.6428571428571429,0.1594528159593788,2.2606909706529357,-1.133249838203025
NAS100,rsi2ibs,10,0,3,2.0,10,0.2,85.0,0.6352941176470588,0.1041354804970309,1.5408364363445584,28.0,0.6785714285714286,0.178636046889098,2.609141513765439,-1.133249838203025
NAS100,rsi2ibs,10,0,3,3.0,5,0.2,80.0,0.65,0.043749476734187304,1.2927860560762845,28.0,0.6428571428571429,0.11232938501619771,2.4300647422123873,-0.6478358633166101
NAS100,rsi2ibs,10,0,3,3.0,10,0.2,80.0,0.65,0.043749476734187304,1.2927860560762845,28.0,0.6785714285714286,0.12511820563601053,2.8360957646118408,-0.6478358633166101
NAS100,rsi2ibs,10,0,5,0.0,5,0.2,75.0,0.6666666666666666,0.004807839758909221,1.6684382068595336,27.0,0.7037037037037037,0.0021690540430730093,1.2176750022147467,-0.07021855143978378
NAS100,rsi2ibs,10,0,5,0.0,10,0.2,75.0,0.6933333333333334,0.007378958637891682,2.4838450933086604,24.0,0.7916666666666666,0.0025034148389851186,1.1994639315196574,-0.09782951602616496
NAS100,rsi2ibs,10,0,5,2.0,5,0.2,84.0,0.6428571428571429,0.11530720475449595,1.4955719755450794,28.0,0.6785714285714286,0.09627525835503067,1.445568859322837,-2.0744233887563377
NAS100,rsi2ibs,10,0,5,2.0,10,0.2,84.0,0.6547619047619048,0.1392528974945644,1.6581609639813408,27.0,0.7407407407407407,0.11123030964544717,1.515194602625686,-2.0744233887563377
NAS100,rsi2ibs,10,0,5,3.0,5,0.2,79.0,0.6708860759493671,0.06339307120959595,1.3890140348351945,28.0,0.6785714285714286,0.05158967448168288,1.3265885056961608,-0.7018726245587965
NAS100,rsi2ibs,10,0,5,3.0,10,0.2,79.0,0.6835443037974683,0.07882033177878071,1.5271716853102526,26.0,0.7307692307692307,0.030097657146367116,1.1589601399975242,-1.2625114804835065
NAS100,rsi2ibs,10,0,10,0.0,5,0.2,75.0,0.6666666666666666,0.006738076044193285,1.7922376809884324,27.0,0.6666666666666666,0.005666467555410121,1.5491283082168101,-0.06463425731142569
NAS100,rsi2ibs,10,0,10,0.0,10,0.2,70.0,0.7142857142857143,0.004423536886901416,1.4033799337338768,23.0,0.782608695652174,0.006128183904036454,1.682790644272165,-0.132567334421818
NAS100,rsi2ibs,10,0,10,2.0,5,0.2,84.0,0.6190476190476191,0.12153276263492381,1.4253324230325901,28.0,0.6428571428571429,0.17530271019067353,1.79298572096867,-2.636297582974214
NAS100,rsi2ibs,10,0,10,2.0,10,0.2,82.0,0.6707317073170732,0.11140684040295527,1.3290924470404175,27.0,0.7037037037037037,0.17626497204167657,1.7277325019266283,-2.3327162055210175
NAS100,rsi2ibs,10,0,10,3.0,5,0.2,79.0,0.6582278481012658,0.07359812730840541,1.369164907647705,28.0,0.6428571428571429,0.1077981059299579,1.6853553533278884,-0.8870223327507524
NAS100,rsi2ibs,10,0,10,3.0,10,0.2,76.0,0.6973684210526315,0.031604385998699726,1.1182979745031612,25.0,0.72,0.08521241253701888,1.4716463732743248,-2.0350024138796194
NAS100,rsi2ibs,10,100,3,0.0,5,0.2,43.0,0.6046511627906976,0.0037873740783629915,1.568264042626748,13.0,0.5384615384615384,-0.002434667299442592,0.703888298694182,-0.0498673341737111
NAS100,rsi2ibs,10,100,3,0.0,10,0.2,43.0,0.6046511627906976,0.0037873740783629915,1.568264042626748,13.0,0.6153846153846154,-0.0028441555002241925,0.6575958283090702,-0.07667589942515743
NAS100,rsi2ibs,10,100,3,2.0,5,0.2,48.0,0.6041666666666666,0.041517000308730796,1.17769220308847,13.0,0.5384615384615384,-0.08815276706040141,0.6325466888219987,-1.5535619237832519
NAS100,rsi2ibs,10,100,3,2.0,10,0.2,48.0,0.6041666666666666,0.041517000308730796,1.17769220308847,13.0,0.6153846153846154,-0.0468350389040831,0.7738495598174674,-1.5535619237832519
NAS100,rsi2ibs,10,100,3,3.0,5,0.2,44.0,0.6136363636363636,0.0031132252800294452,1.0164064042645327,13.0,0.5384615384615384,-0.045786187075257424,0.6879161479013167,-0.9916223569151186
NAS100,rsi2ibs,10,100,3,3.0,10,0.2,44.0,0.6136363636363636,0.0031132252800294452,1.0164064042645327,13.0,0.6153846153846154,-0.018241034971045213,0.8541833012993523,-0.9916223569151186
NAS100,rsi2ibs,10,100,5,0.0,5,0.2,42.0,0.6190476190476191,0.003816933080259549,1.496708194402894,13.0,0.5384615384615384,-0.002840822008924625,0.6548103907926893,-0.042864947756744966
NAS100,rsi2ibs,10,100,5,0.0,10,0.2,42.0,0.6666666666666666,0.007641733931537738,2.688497639718827,12.0,0.6666666666666666,-0.006927342140679701,0.45072491985764973,-0.10786954558824735
NAS100,rsi2ibs,10,100,5,2.0,5,0.2,47.0,0.574468085106383,0.03933260209412845,1.1361924505951921,13.0,0.5384615384615384,-0.09830663479745225,0.6061782280226747,-1.3805714453051159
NAS100,rsi2ibs,10,100,5,2.0,10,0.2,47.0,0.5957446808510638,0.07322902182068318,1.28179649335825,12.0,0.6666666666666666,-0.0529164120215084,0.7673552519948907,-1.3805714453051159
NAS100,rsi2ibs,10,100,5,3.0,5,0.2,43.0,0.6046511627906976,0.01653751255827263,1.0846414444354888,13.0,0.5384615384615384,-0.052555432233291316,0.6569725434842886,-0.7568497367566663
NAS100,rsi2ibs,10,100,5,3.0,10,0.2,43.0,0.627906976744186,0.041237229258242754,1.2386311681806113,12.0,0.6666666666666666,-0.027136752275877484,0.8094845240526716,-0.7568497367566663
NAS100,rsi2ibs,10,100,10,0.0,5,0.2,42.0,0.6190476190476191,0.00605564642468606,1.6330760013787302,13.0,0.6153846153846154,0.006346363187013913,1.7887537669037503,-0.09693399222011251
NAS100,rsi2ibs,10,100,10,0.0,10,0.2,40.0,0.725,0.002493681181798274,1.2066630452485685,12.0,0.75,0.0032708026094875977,1.1616946612590426,-0.132567334421818
NAS100,rsi2ibs,10,100,10,2.0,5,0.2,47.0,0.5531914893617021,0.07595362133276949,1.2297770006605138,13.0,0.6153846153846154,0.1199894974525843,1.5359524592243645,-2.902639660132336
NAS100,rsi2ibs,10,100,10,2.0,10,0.2,47.0,0.6595744680851063,0.05555330507549657,1.1468308593430927,12.0,0.75,0.1894762494122583,1.9895333379725466,-2.8402117608708903
NAS100,rsi2ibs,10,100,10,3.0,5,0.2,43.0,0.6046511627906976,0.05298168328149489,1.235294764170355,13.0,0.6153846153846154,0.10056432103235094,1.7799376273086327,-1.6580004778127924
NAS100,rsi2ibs,10,100,10,3.0,10,0.2,42.0,0.6904761904761905,-0.014068750315436201,0.9520774413236812,12.0,0.75,0.1428323268935775,2.278280311940123,-1.5852837169525433
NAS100,rsi2ibs,10,200,3,0.0,5,0.2,50.0,0.66,0.004426248555840285,1.665351122146668,13.0,0.5384615384615384,0.0045857287849106615,2.3438412448468458,-0.054229069811473594
NAS100,rsi2ibs,10,200,3,0.0,10,0.2,50.0,0.66,0.0046387352808823215,1.7178522326429833,13.0,0.6153846153846154,0.006238437911163393,3.7036507339541265,-0.043604733559371764
NAS100,rsi2ibs,10,200,3,2.0,5,0.2,57.0,0.6666666666666666,0.0953031467647914,1.4506243876795448,13.0,0.5384615384615384,0.05557890656955836,1.364346174848248,-2.0204860729438976
NAS100,rsi2ibs,10,200,3,2.0,10,0.2,57.0,0.6666666666666666,0.0953031467647914,1.4506243876795448,13.0,0.6153846153846154,0.09689663472587669,1.8137270871991742,-2.0204860729438976
NAS100,rsi2ibs,10,200,3,3.0,5,0.2,53.0,0.6792452830188679,0.03951094893038911,1.2451655471019272,13.0,0.5384615384615384,0.07642881308184434,2.228883829064909,-0.9916223569151186
NAS100,rsi2ibs,10,200,3,3.0,10,0.2,53.0,0.6792452830188679,0.03951094893038911,1.2451655471019272,13.0,0.6153846153846154,0.10397396518605656,3.606178656496448,-0.9916223569151186
NAS100,rsi2ibs,10,200,5,0.0,5,0.2,50.0,0.66,0.004568019300595681,1.6071686854553333,13.0,0.6153846153846154,0.0028300149014520142,1.5064726421581698,-0.054229069811473594
NAS100,rsi2ibs,10,200,5,0.0,10,0.2,50.0,0.7,0.007993338740711396,2.714477020252195,12.0,0.75,0.0009303806897865704,1.0404470981506162,-0.06899385535207883
NAS100,rsi2ibs,10,200,5,2.0,5,0.2,57.0,0.631578947368421,0.10822089210502442,1.423689198356316,13.0,0.6153846153846154,0.011686059483092192,1.0580351890514246,-2.0204860729438976
NAS100,rsi2ibs,10,200,5,2.0,10,0.2,57.0,0.6491228070175439,0.1361705715286748,1.5877194968179187,12.0,0.75,0.03828582498053445,1.1950916304510248,-2.0204860729438976
NAS100,rsi2ibs,10,200,5,3.0,5,0.2,53.0,0.660377358490566,0.0614190230475585,1.3500585756817247,13.0,0.6153846153846154,0.04716691502420023,1.5026740271299757,-0.9861782147928616
NAS100,rsi2ibs,10,200,5,3.0,10,0.2,53.0,0.6792452830188679,0.08145841584187387,1.5141731919244141,12.0,0.75,0.03417588592601251,1.2705830771636402,-0.9861782147928616
NAS100,rsi2ibs,10,200,10,0.0,5,0.2,50.0,0.66,0.006535744660325427,1.720487603753115,13.0,0.6153846153846154,0.007718791108465368,2.791830908332723,-0.09693399222011251
NAS100,rsi2ibs,10,200,10,0.0,10,0.2,45.0,0.7333333333333333,0.001277683451709948,1.1213890373010356,12.0,0.75,0.00659899564573314,1.8465800254505695,-0.132567334421818
NAS100,rsi2ibs,10,200,10,2.0,5,0.2,57.0,0.5964912280701754,0.10436506129858071,1.3432473377272294,13.0,0.6153846153846154,0.1225219670099992,1.67535489812442,-2.732297556889305
NAS100,rsi2ibs,10,200,10,2.0,10,0.2,56.0,0.6607142857142857,0.06539962572813203,1.1779810300423366,12.0,0.75,0.16744024155878287,1.9351469177448173,-2.8309854524371705
NAS100,rsi2ibs,10,200,10,3.0,5,0.2,53.0,0.6415094339622641,0.06657221488987818,1.315156826829654,13.0,0.6153846153846154,0.1286465184744228,2.724691882025127,-1.6580004778127924
NAS100,rsi2ibs,10,200,10,3.0,10,0.2,50.0,0.7,0.00877165966220347,1.0305981475224173,12.0,0.75,0.12865280185845537,2.2374551756383774,-1.3681713731315421
NAS100,rsi2ibs,20,0,3,0.0,5,0.4,224.0,0.7008928571428571,0.0036330146439521377,1.5654540641872225,44.0,0.6363636363636364,0.005191682975501603,2.061447812077494,-0.12062989551786685
NAS100,rsi2ibs,20,0,3,0.0,10,0.4,220.0,0.7,0.0043105691200815265,1.7769185849310714,43.0,0.6511627906976745,0.005106724188764196,1.9243389828803552,-0.12049235927190728
NAS100,rsi2ibs,20,0,3,2.0,5,0.4,249.0,0.6907630522088354,0.08527309948844018,1.4770066860622613,46.0,0.6086956521739131,0.13868528227046498,2.0280132284083847,-3.390484120576457
NAS100,rsi2ibs,20,0,3,2.0,10,0.4,248.0,0.6935483870967742,0.08890038932219992,1.5024511478364273,46.0,0.6304347826086957,0.1503620315320332,2.1982858587393523,-2.576189341292484
NAS100,rsi2ibs,20,0,3,3.0,5,0.4,233.0,0.7081545064377682,0.06408139865251024,1.5685837646435967,45.0,0.6,0.061564222682131735,1.5869888529088665,-1.2901964840407611
NAS100,rsi2ibs,20,0,3,3.0,10,0.4,233.0,0.7124463519313304,0.06410809634917318,1.561779503234277,45.0,0.6222222222222222,0.06952171106779305,1.7069462314527846,-1.2901964840407611
NAS100,rsi2ibs,20,0,5,0.0,5,0.4,215.0,0.7162790697674418,0.004641524003826104,1.6279626752820275,41.0,0.6341463414634146,0.0003844174881522799,1.0265589065809062,-0.12795807422876934
NAS100,rsi2ibs,20,0,5,0.0,10,0.4,198.0,0.7222222222222222,0.006685243762203794,2.1665997442173293,36.0,0.7222222222222222,0.0020724341630598535,1.1956139318399182,-0.04703323351319792
NAS100,rsi2ibs,20,0,5,2.0,5,0.4,239.0,0.698744769874477,0.12154117802078045,1.5924678582179768,43.0,0.627906976744186,0.0630314659977349,1.2695828295305478,-2.3691113185865813
NAS100,rsi2ibs,20,0,5,2.0,10,0.4,230.0,0.7086956521739131,0.13016621036901208,1.6317673424031531,42.0,0.6904761904761905,0.09332106372527597,1.4685018129616947,-3.0549704635502413
NAS100,rsi2ibs,20,0,5,3.0,5,0.4,226.0,0.7256637168141593,0.09859028620373957,1.791918662130806,41.0,0.6097560975609756,0.004459977473514234,1.0226164730554637,-0.7582120132044393
NAS100,rsi2ibs,20,0,5,3.0,10,0.4,214.0,0.7289719626168224,0.10293173360844898,1.790486080974428,40.0,0.7,0.015190872214947698,1.0845319196153635,-0.8867341068093207
NAS100,rsi2ibs,20,0,10,0.0,5,0.4,213.0,0.6854460093896714,0.004034376061511719,1.4647607426146736,45.0,0.7333333333333333,0.004622675415977224,1.4675226790138722,-0.21572501855448922
NAS100,rsi2ibs,20,0,10,0.0,10,0.4,186.0,0.7795698924731183,0.005474234920472387,1.6119624943390007,37.0,0.8378378378378378,0.00662192498761532,1.8161187756080883,-0.18740187314696477
NAS100,rsi2ibs,20,0,10,2.0,5,0.4,236.0,0.6610169491525424,0.09479851640509389,1.381156874513133,46.0,0.717391304347826,0.1633132967365949,1.7764604218504394,-5.142781723067089
NAS100,rsi2ibs,20,0,10,2.0,10,0.4,221.0,0.7239819004524887,0.11554923310433132,1.4385086311190858,43.0,0.7674418604651163,0.189798346911907,1.9476161696142762,-3.9470453823839593
NAS100,rsi2ibs,20,0,10,3.0,5,0.4,224.0,0.6919642857142857,0.08911933585863929,1.599551735606889,45.0,0.7111111111111111,0.0903694922916672,1.6030812083494999,-2.37726850858171
NAS100,rsi2ibs,20,0,10,3.0,10,0.4,202.0,0.7722772277227723,0.10048955740080563,1.607168778357478,41.0,0.8048780487804879,0.11116009516871084,1.7393159951270576,-2.9052435988191716
NAS100,rsi2ibs,20,100,3,0.0,5,0.4,145.0,0.6689655172413793,0.0026292462375616926,1.3389103480284155,22.0,0.5454545454545454,0.0006202555487555497,1.0066537436450107,-0.14268533587849974
NAS100,rsi2ibs,20,100,3,0.0,10,0.4,145.0,0.6689655172413793,0.003910448953227152,1.6047762233393597,22.0,0.5909090909090909,0.000378285248293694,0.9448661107892183,-0.13818708893677117
NAS100,rsi2ibs,20,100,3,2.0,5,0.4,159.0,0.6540880503144654,0.04789361749506595,1.2211290283042484,22.0,0.5454545454545454,-0.0020093866758483414,0.989218096925921,-5.043378233942172
NAS100,rsi2ibs,20,100,3,2.0,10,0.4,159.0,0.6540880503144654,0.04789361749506595,1.2211290283042484,22.0,0.5909090909090909,0.022405634507430664,1.1396248699440186,-5.043378233942172
NAS100,rsi2ibs,20,100,3,3.0,5,0.4,150.0,0.6733333333333333,0.041376009131991784,1.302760893406968,22.0,0.5454545454545454,0.007259902308087091,1.0644895380616255,-2.2938420934801638
NAS100,rsi2ibs,20,100,3,3.0,10,0.4,150.0,0.6733333333333333,0.04287907742319974,1.3172951773785584,22.0,0.5909090909090909,0.023536583096939758,1.2380621200555304,-2.2938420934801638
NAS100,rsi2ibs,20,100,5,0.0,5,0.4,140.0,0.7,0.003604201441284692,1.4078566210121402,22.0,0.5454545454545454,-0.0010594153006413891,0.8080090125853071,-0.14097204140995104
NAS100,rsi2ibs,20,100,5,0.0,10,0.4,131.0,0.7099236641221374,0.006874601822438076,2.121924520898075,21.0,0.6190476190476191,-0.003221895392702704,0.6312705594743118,-0.09936042717034457
NAS100,rsi2ibs,20,100,5,2.0,5,0.4,155.0,0.6838709677419355,0.08725216276725435,1.3645744177688948,22.0,0.5454545454545454,-0.07782026411705499,0.6863756841615342,-3.9148624507203813
NAS100,rsi2ibs,20,100,5,2.0,10,0.4,149.0,0.6845637583892618,0.08985221819560488,1.367642049593727,22.0,0.5909090909090909,-0.05340524293377598,0.7662452695006692,-4.040592813589932
NAS100,rsi2ibs,20,100,5,3.0,5,0.4,146.0,0.7054794520547946,0.07049550939992485,1.4628365189838715,22.0,0.5454545454545454,-0.05715950213142813,0.6643360846061157,-2.7394560403914014
NAS100,rsi2ibs,20,100,5,3.0,10,0.4,137.0,0.708029197080292,0.07614681302848869,1.4903265889885666,22.0,0.6363636363636364,-0.04561055401432661,0.7268600247834983,-2.768575709791941
NAS100,rsi2ibs,20,100,10,0.0,5,0.4,139.0,0.697841726618705,0.004052557480796949,1.413781726581155,23.0,0.7391304347826086,0.004820845787466308,1.584795598158158,-0.14435795944759924
NAS100,rsi2ibs,20,100,10,0.0,10,0.4,128.0,0.7734375,0.004250745134813291,1.3975076185660726,22.0,0.8181818181818182,0.0030061790222947345,1.1940410250953235,-0.25647870052823507
NAS100,rsi2ibs,20,100,10,2.0,5,0.4,153.0,0.6470588235294118,0.061488362780405204,1.2159924085285774,23.0,0.7391304347826086,0.10008501410868646,1.4757493672497821,-6.456747277861663
NAS100,rsi2ibs,20,100,10,2.0,10,0.4,148.0,0.7027027027027027,0.07776416689761861,1.269512273525273,23.0,0.782608695652174,0.1194621981484278,1.6295151433308135,-6.078451545804214
NAS100,rsi2ibs,20,100,10,3.0,5,0.4,145.0,0.6896551724137931,0.06574224016973021,1.3755682391512807,23.0,0.7391304347826086,0.07740355223607097,1.59537234151004,-2.8560991224303423
NAS100,rsi2ibs,20,100,10,3.0,10,0.4,134.0,0.7611940298507462,0.06955012676742195,1.3616318514194312,23.0,0.8260869565217391,0.10158112794628407,1.777832299608945,-2.650683891968373
NAS100,rsi2ibs,20,200,3,0.0,5,0.4,153.0,0.6862745098039216,0.0024882558162625406,1.3278577607564126,26.0,0.5769230769230769,0.006396526069874189,2.8704294367039176,-0.10099786484169271
NAS100,rsi2ibs,20,200,3,0.0,10,0.4,151.0,0.6821192052980133,0.0034073497777003543,1.536100542648684,26.0,0.6153846153846154,0.007222880633000555,3.60089844605672,-0.10099786484169271
NAS100,rsi2ibs,20,200,3,2.0,5,0.4,169.0,0.6745562130177515,0.048949344092515494,1.2324992957955878,27.0,0.5925925925925926,0.14732841801073535,2.3951909785914958,-3.55806671925554
NAS100,rsi2ibs,20,200,3,2.0,10,0.4,169.0,0.6745562130177515,0.048949344092515494,1.2324992957955878,27.0,0.6296296296296297,0.1672221389748886,2.865636668750161,-3.55806671925554
NAS100,rsi2ibs,20,200,3,3.0,5,0.4,160.0,0.69375,0.044303562004785677,1.3376453275040638,26.0,0.5769230769230769,0.10660876783123649,3.021011290545138,-1.464057510271585
NAS100,rsi2ibs,20,200,3,3.0,10,0.4,160.0,0.69375,0.04571268852779312,1.3521981968915244,26.0,0.6153846153846154,0.1203813438833426,3.8889219678913247,-1.464057510271585
NAS100,rsi2ibs,20,200,5,0.0,5,0.4,146.0,0.726027397260274,0.003932083975090429,1.4583430135885458,23.0,0.6086956521739131,0.0023177240719831267,1.3376630301112253,-0.11094986488461184
NAS100,rsi2ibs,20,200,5,0.0,10,0.4,136.0,0.7279411764705882,0.006460167093238211,2.0246436923450255,22.0,0.6818181818181818,0.0013421264160756654,1.1186782865858802,-0.08548939953477659
NAS100,rsi2ibs,20,200,5,2.0,5,0.4,163.0,0.7055214723926381,0.09871831620580253,1.4107176227162395,25.0,0.64,0.05079829639736813,1.2622724999850818,-2.81915222538158
NAS100,rsi2ibs,20,200,5,2.0,10,0.4,156.0,0.7115384615384616,0.1073262874050139,1.443988248249424,25.0,0.68,0.05886438777375111,1.310486637164467,-2.9448825882511303
NAS100,rsi2ibs,20,200,5,3.0,5,0.4,155.0,0.7354838709677419,0.08835690753721831,1.611833198386852,23.0,0.6086956521739131,0.003787535132017719,1.0261735218784804,-1.902351700433738
NAS100,rsi2ibs,20,200,5,3.0,10,0.4,147.0,0.7346938775510204,0.09296449130380198,1.6229771876169294,23.0,0.6956521739130435,-0.0095412473613943,0.9333854019876963,-1.9945606333046486
NAS100,rsi2ibs,20,200,10,0.0,5,0.4,144.0,0.7013888888888888,0.0036686491532463006,1.397477811505951,27.0,0.7777777777777778,0.00803012466960164,2.612131812582899,-0.1728385442813462
NAS100,rsi2ibs,20,200,10,0.0,10,0.4,131.0,0.7862595419847328,0.0046897925039316906,1.4661402325921455,24.0,0.8333333333333334,0.006881546771150142,1.886402470529125,-0.24260767289266713
NAS100,rsi2ibs,20,200,10,2.0,5,0.4,161.0,0.6645962732919255,0.07795068259240634,1.2906549463854797,28.0,0.7857142857142857,0.19771528917053743,2.2916778707276704,-3.0005261811761144
NAS100,rsi2ibs,20,200,10,2.0,10,0.4,154.0,0.7142857142857143,0.09488656585739394,1.3420481878683963,26.0,0.8076923076923077,0.19073507965534853,2.17591619902064,-3.0653612312068987
NAS100,rsi2ibs,20,200,10,3.0,5,0.4,153.0,0.7058823529411765,0.08208327977665643,1.5197040805230497,27.0,0.7777777777777778,0.1338354111600273,2.5862802339142,-1.9398381741732795
NAS100,rsi2ibs,20,200,10,3.0,10,0.4,144.0,0.7708333333333334,0.0848342485845927,1.4642559767576837,25.0,0.84,0.12603704408183788,2.084711112111374,-2.963520670221097
NAS100,down3,10,0,3,0.0,5,0.2,127.0,0.6929133858267716,0.0018360281119815496,1.2408917039002554,31.0,0.6774193548387096,0.006367265152292834,2.444221898717054,-0.10751702947692726
NAS100,down3,10,0,3,0.0,10,0.2,123.0,0.6910569105691057,0.002412935763291126,1.3890523909450447,31.0,0.7096774193548387,0.0061955442939005505,2.2402030661317918,-0.08020332001564577
NAS100,down3,10,0,3,2.0,5,0.2,142.0,0.676056338028169,0.049423826718637,1.2628524917301351,35.0,0.6571428571428571,0.11789973431170142,1.7772248406348021,-3.2860171459577305
NAS100,down3,10,0,3,2.0,10,0.2,141.0,0.6808510638297872,0.04957796747033357,1.2663347333855448,35.0,0.6857142857142857,0.1332463190554768,1.9567666311605432,-3.2860171459577305
NAS100,down3,10,0,3,3.0,5,0.2,132.0,0.696969696969697,0.03486517266224947,1.271820951803035,32.0,0.65625,0.09826715134306778,2.3483930135070263,-1.4593495956405733
NAS100,down3,10,0,3,3.0,10,0.2,131.0,0.7022900763358778,0.0349904030859846,1.2755926058739517,32.0,0.6875,0.10945736938540399,2.716186533642002,-1.4593495956405733
NAS100,down3,10,0,5,0.0,5,0.2,127.0,0.7322834645669292,0.0035706960397005765,1.4356561378556147,30.0,0.6,0.00026953210836156745,1.0517815161196824,-0.13816183901390913
NAS100,down3,10,0,5,0.0,10,0.2,121.0,0.7272727272727273,0.005129224588684364,1.8759103204091725,26.0,0.6923076923076923,0.00042507897546586353,0.9724790128316879,-0.10962693862115164
NAS100,down3,10,0,5,2.0,5,0.2,141.0,0.6879432624113475,0.08806123995874378,1.4037308801552137,34.0,0.5882352941176471,0.03437853116246181,1.135331304371698,-3.9560175674731384
NAS100,down3,10,0,5,2.0,10,0.2,139.0,0.6906474820143885,0.08264145102761165,1.367543281816761,32.0,0.65625,0.047674195675672645,1.2018098107754087,-4.550467730453263
NAS100,down3,10,0,5,3.0,5,0.2,132.0,0.7272727272727273,0.06906631642168193,1.4994560539732602,31.0,0.5806451612903226,0.01620708511024143,1.095875774911371,-1.9700964212569376
NAS100,down3,10,0,5,3.0,10,0.2,129.0,0.7286821705426356,0.06769051885877897,1.4937013726729167,29.0,0.6551724137931034,0.011453646826072566,1.0651799570216682,-1.6305889812961132
NAS100,down3,10,0,10,0.0,5,0.2,127.0,0.6692913385826772,0.003227538109992574,1.3311716967933533,32.0,0.6875,0.0051091569627191415,1.5525582980445556,-0.18912332699399748
NAS100,down3,10,0,10,0.0,10,0.2,116.0,0.7327586206896551,0.003250715130849172,1.3080138245554134,27.0,0.7777777777777778,0.007403921116668607,2.0493237580472283,-0.2706108543565994
NAS100,down3,10,0,10,2.0,5,0.2,141.0,0.624113475177305,0.060154284451256874,1.2144851223223798,35.0,0.6571428571428571,0.14848025075547813,1.6192130792406458,-5.742962885096048
NAS100,down3,10,0,10,2.0,10,0.2,136.0,0.6470588235294118,0.029491850064254463,1.0910396738807078,32.0,0.71875,0.17427335386043621,1.7568685612976003,-6.9198913242124656
NAS100,down3,10,0,10,3.0,5,0.2,132.0,0.6590909090909091,0.05182739742451531,1.29421383604082,33.0,0.6666666666666666,0.09371325144505788,1.582373618082897,-3.3518247232906537
NAS100,down3,10,0,10,3.0,10,0.2,124.0,0.7096774193548387,0.04417309280436031,1.2223178404387052,30.0,0.7333333333333333,0.1159906457029479,1.7718103116458306,-4.741663686506853
NAS100,down3,10,100,3,0.0,5,0.2,81.0,0.6666666666666666,0.0007936412056344266,1.0982276383336276,17.0,0.5882352941176471,-0.0006211822109618306,0.892724009485829,-0.12851149742206514
NAS100,down3,10,100,3,0.0,10,0.2,80.0,0.675,0.0022837776165374043,1.3478550301399974,17.0,0.6470588235294118,-0.0009343202468536438,0.8280501192451103,-0.07570152274188677
NAS100,down3,10,100,3,2.0,5,0.2,90.0,0.6555555555555556,0.015229805997862512,1.0730890454785227,19.0,0.5789473684210527,-0.08286779729717561,0.6718080015671066,-2.7126708071113903
NAS100,down3,10,100,3,2.0,10,0.2,89.0,0.6629213483146067,0.015089804034586578,1.0733873803102905,19.0,0.631578947368421,-0.05459777276916835,0.7625265520969746,-2.7126708071113903
NAS100,down3,10,100,3,3.0,5,0.2,82.0,0.6707317073170732,0.015744380028653977,1.1143160688905682,17.0,0.5882352941176471,-0.014335930012057088,0.8771805829980015,-1.675871818180303
NAS100,down3,10,100,3,3.0,10,0.2,81.0,0.6790123456790124,0.015710854014773817,1.115697901431445,17.0,0.6470588235294118,0.006728009832340485,1.0670934870325919,-1.675871818180303
NAS100,down3,10,100,5,0.0,5,0.2,81.0,0.7407407407407407,0.003105568980936749,1.35861254941594,17.0,0.5294117647058824,-0.0004723830034715473,0.8844817152794525,-0.13328772761528562
NAS100,down3,10,100,5,0.0,10,0.2,80.0,0.75,0.0058593441485784445,2.004024471246807,16.0,0.625,-0.0033892456644470377,0.6027803449752016,-0.11087738866964414
NAS100,down3,10,100,5,2.0,5,0.2,90.0,0.6777777777777778,0.04460430357077509,1.1816883995719278,19.0,0.5263157894736842,-0.07953939397173507,0.6871815442872902,-2.807645214276306
NAS100,down3,10,100,5,2.0,10,0.2,89.0,0.6853932584269663,0.031707606057255734,1.123473236947482,18.0,0.6111111111111112,-0.04823662096412155,0.7987004003478153,-2.807645214276306
NAS100,down3,10,100,5,3.0,5,0.2,82.0,0.7317073170731707,0.05888482855686966,1.417902514084449,17.0,0.5294117647058824,-0.011855943220552353,0.900104287804876,-1.8747645207989265
NAS100,down3,10,100,5,3.0,10,0.2,81.0,0.7407407407407407,0.05388264807513152,1.3728228789416148,16.0,0.625,0.009751784810804208,1.090636191604444,-1.8833599725118946
NAS100,down3,10,100,10,0.0,5,0.2,81.0,0.691358024691358,0.0038143054706250437,1.3709427024622742,18.0,0.6666666666666666,0.006436792534096893,1.914216079807596,-0.12960017356771975
NAS100,down3,10,100,10,0.0,10,0.2,77.0,0.7272727272727273,0.000756107808360397,1.066562836716518,17.0,0.7647058823529411,0.006010719380800368,1.5415621618677557,-0.27178497481490643
NAS100,down3,10,100,10,2.0,5,0.2,90.0,0.6111111111111112,0.03351247721085892,1.110785971431515,19.0,0.631578947368421,0.07097792688623718,1.2859851860918603,-3.299365725078065
NAS100,down3,10,100,10,2.0,10,0.2,87.0,0.632183908045977,-0.021686966708163734,0.9387260036646571,18.0,0.7222222222222222,0.11064277327484916,1.4771150941358613,-5.366091383259895
NAS100,down3,10,100,10,3.0,5,0.2,82.0,0.6707317073170732,0.06685987143875878,1.3951504332808509,18.0,0.6666666666666666,0.10351825424796011,1.8496476267544386,-1.8133052866728288
NAS100,down3,10,100,10,3.0,10,0.2,79.0,0.7088607594936709,0.03287231680553639,1.1526648814655198,17.0,0.7647058823529411,0.1625214446305205,3.019796346341226,-3.1911223921273817
NAS100,down3,10,200,3,0.0,5,0.2,87.0,0.6896551724137931,0.0009939469238452487,1.1247271240459127,18.0,0.5,0.0011571908995133466,1.1798754044122506,-0.08878428850449863
NAS100,down3,10,200,3,0.0,10,0.2,84.0,0.6904761904761905,0.0016940309590729962,1.2649990897338104,18.0,0.5555555555555556,0.0024378992217524435,1.4647937887160254,-0.05747412572982541
NAS100,down3,10,200,3,2.0,5,0.2,98.0,0.6632653061224489,0.009487831704180235,1.0447464530021784,21.0,0.5238095238095238,0.016254403570365592,1.084687536721032,-2.8356974033912
NAS100,down3,10,200,3,2.0,10,0.2,97.0,0.6701030927835051,0.00930018068330147,1.0443800582795273,21.0,0.5714285714285714,0.04183204480999121,1.2462583033362988,-2.8356974033912
NAS100,down3,10,200,3,3.0,5,0.2,90.0,0.7,0.030714636145272076,1.24479721143002,18.0,0.5,0.0008509664845623113,1.004125125745684,-1.1330405356191435
NAS100,down3,10,200,3,3.0,10,0.2,89.0,0.7078651685393258,0.030852328830579104,1.249754865466062,18.0,0.5555555555555556,0.020744687448715576,1.2079532150740886,-1.1330405356191435
NAS100,down3,10,200,5,0.0,5,0.2,87.0,0.7471264367816092,0.0035980727902403297,1.4277946736441263,17.0,0.5294117647058824,0.0004584346396192694,1.0214551953395528,-0.10071785066161604
NAS100,down3,10,200,5,0.0,10,0.2,83.0,0.7469879518072289,0.005246844972454098,1.877698646648431,16.0,0.625,-0.0025325126548279304,0.6538653628781171,-0.11807066951764521
NAS100,down3,10,200,5,2.0,5,0.2,98.0,0.6836734693877551,0.07202935143194315,1.3004391290573696,20.0,0.55,-0.028673048900331687,0.8717235942070407,-3.495042324962922
NAS100,down3,10,200,5,2.0,10,0.2,96.0,0.6875,0.04891231073118943,1.189020523228493,19.0,0.631578947368421,-0.013997360606337841,0.9381495019017123,-4.089492487943046
NAS100,down3,10,200,5,3.0,5,0.2,90.0,0.7444444444444445,0.08203485505837589,1.6234443176749853,17.0,0.5294117647058824,-0.01187941521018172,0.897770266965194,-1.3319332382377667
NAS100,down3,10,200,5,3.0,10,0.2,88.0,0.75,0.07253710974847759,1.525670645142308,16.0,0.625,0.009726845821823002,1.0875520432415353,-1.3405286899507352
NAS100,down3,10,200,10,0.0,5,0.2,87.0,0.7011494252873564,0.0032281125926423714,1.3249867318396473,19.0,0.631578947368421,0.005342891993151841,1.9152512658081846,-0.1622414078984512
NAS100,down3,10,200,10,0.0,10,0.2,80.0,0.7375,0.0004958366919265635,1.0433192592809455,17.0,0.7058823529411765,0.005080389453215676,1.4980575969973684,-0.27178497481490643
NAS100,down3,10,200,10,2.0,5,0.2,98.0,0.6326530612244898,0.04674784453085846,1.1649695235269224,21.0,0.6190476190476191,0.09106382023410473,1.4263791192482371,-4.7729044816600155
NAS100,down3,10,200,10,2.0,10,0.2,94.0,0.6382978723404256,-0.028483994559999934,0.9184503437005519,19.0,0.6842105263157895,0.11768675632849207,1.5234824300865624,-5.44570652958013
NAS100,down3,10,200,10,3.0,5,0.2,90.0,0.6888888888888889,0.06713310437203754,1.4295486794735013,19.0,0.631578947368421,0.07158294340523864,1.6030633613248573,-2.357325858851686
NAS100,down3,10,200,10,3.0,10,0.2,86.0,0.6976744186046512,0.015464099923162375,1.0730879845949723,17.0,0.7058823529411765,0.13355352467731713,2.5947306687092815,-3.735142964306239
NAS100,lowest5,10,0,3,0.0,5,0.2,300.0,0.7033333333333334,0.002715709868248048,1.3689593284319461,58.0,0.5689655172413793,0.001861951832780183,1.2448759757899872,-0.20131403075081933
NAS100,lowest5,10,0,3,0.0,10,0.2,290.0,0.7,0.0033725464585153894,1.531350243026958,57.0,0.5964912280701754,0.0022482752248855647,1.308325685970005,-0.18275141108116655
NAS100,lowest5,10,0,3,2.0,5,0.2,336.0,0.6785714285714286,0.0731554960226134,1.4124080086451154,65.0,0.5692307692307692,0.05213618053557109,1.2712020974238964,-4.454636949167538
NAS100,lowest5,10,0,3,2.0,10,0.2,335.0,0.6805970149253732,0.07329121397871248,1.4150932557001266,65.0,0.5846153846153846,0.060399726166834755,1.3259055954485983,-4.454636949167538
NAS100,lowest5,10,0,3,3.0,5,0.2,314.0,0.7038216560509554,0.05249871191834189,1.4451529608347193,61.0,0.5737704918032787,0.0018797051419283022,1.0095070057277913,-2.1098360945723074
NAS100,lowest5,10,0,3,3.0,10,0.2,311.0,0.7041800643086816,0.05586623144941952,1.4919135975846682,61.0,0.5901639344262295,0.0077499834592194275,1.0533104666163005,-2.1098360945723074
NAS100,lowest5,10,0,5,0.0,5,0.2,280.0,0.7214285714285714,0.003608396539562169,1.422817050288375,54.0,0.6111111111111112,-0.0009815527170343337,0.9078361349368221,-0.25542899445360345
NAS100,lowest5,10,0,5,0.0,10,0.2,253.0,0.7312252964426877,0.005369025187135456,1.8086764029686317,48.0,0.6666666666666666,0.0004714218277454381,1.014154069631638,-0.18544773555338617
NAS100,lowest5,10,0,5,2.0,5,0.2,311.0,0.6913183279742765,0.08998081349183049,1.4202946345378995,60.0,0.6166666666666667,0.01086353534975818,1.038468603413008,-6.462846104495192
NAS100,lowest5,10,0,5,2.0,10,0.2,300.0,0.7,0.09486671748791956,1.4421419007735399,59.0,0.6610169491525424,0.03154141965329631,1.126104297058438,-6.177551809636241
NAS100,lowest5,10,0,5,3.0,5,0.2,292.0,0.7191780821917808,0.07149795193919387,1.5201424251059776,56.0,0.625,-0.026703816947113355,0.864569040267593,-2.587990061034116
NAS100,lowest5,10,0,5,3.0,10,0.2,276.0,0.7318840579710145,0.08172443791336073,1.6025682417262748,55.0,0.6727272727272727,-0.018465269635451892,0.9015703728021977,-2.3977938644614825
NAS100,lowest5,10,0,10,0.0,5,0.2,283.0,0.6925795053003534,0.002834086739733447,1.3051712784573777,58.0,0.6724137931034483,0.001969274614242038,1.199720200799327,-0.27605010055299006
NAS100,lowest5,10,0,10,0.0,10,0.2,244.0,0.7704918032786885,0.005003090593675099,1.5935186453622594,51.0,0.7450980392156863,0.0025391608982160583,1.250609092740033,-0.17740195322534216
NAS100,lowest5,10,0,10,2.0,5,0.2,316.0,0.6740506329113924,0.07838201148476388,1.3268864895173256,64.0,0.671875,0.08651055927990196,1.365096608378934,-7.095044533254607
NAS100,lowest5,10,0,10,2.0,10,0.2,292.0,0.7123287671232876,0.09351602104460732,1.3742921653442548,61.0,0.7213114754098361,0.09441146530186141,1.4014735091675203,-7.9404696243776005
NAS100,lowest5,10,0,10,3.0,5,0.2,294.0,0.6972789115646258,0.06173678644943638,1.4082617961348187,60.0,0.6833333333333333,0.04610121789916819,1.2827849240779101,-3.1367697524738483
NAS100,lowest5,10,0,10,3.0,10,0.2,265.0,0.7584905660377359,0.07836447786754223,1.4751145971925308,58.0,0.7413793103448276,0.04637549324457167,1.2563642491668625,-2.8905762663513133
NAS100,lowest5,10,100,3,0.0,5,0.2,200.0,0.655,0.0011485942354851572,1.1296587350085512,35.0,0.5428571428571428,-0.0009935645101445067,0.8472073815393517,-0.25631320759205756
NAS100,lowest5,10,100,3,0.0,10,0.2,197.0,0.6598984771573604,0.002380753290683655,1.3168850587523229,35.0,0.5714285714285714,-0.0005504575558363376,0.8913261211496238,-0.2174422222251996
NAS100,lowest5,10,100,3,2.0,5,0.2,224.0,0.6294642857142857,0.03120249082927251,1.1471538038461588,38.0,0.5263157894736842,-0.048325948067923806,0.793715751682306,-5.6702927446265665
NAS100,lowest5,10,100,3,2.0,10,0.2,223.0,0.6322869955156951,0.031218241995639565,1.1479807775933957,38.0,0.5526315789473685,-0.034190935803920165,0.8466324816933307,-5.6702927446265665
NAS100,lowest5,10,100,3,3.0,5,0.2,208.0,0.6538461538461539,0.02640233353102504,1.1877739380718533,37.0,0.5405405405405406,-0.024319786347744263,0.8259304543524592,-3.0059624233129685
NAS100,lowest5,10,100,3,3.0,10,0.2,207.0,0.6570048309178744,0.030045065607299304,1.2205822531838892,37.0,0.5675675675675675,-0.01464175993275078,0.8886140018625972,-3.0059624233129685
NAS100,lowest5,10,100,5,0.0,5,0.2,190.0,0.6947368421052632,0.0022034461053652616,1.2180179620854885,33.0,0.5757575757575758,-0.0017318862310575218,0.8059182672853386,-0.28832212014528785
NAS100,lowest5,10,100,5,0.0,10,0.2,172.0,0.7151162790697675,0.004844778570553919,1.6403620310359412,31.0,0.6129032258064516,-0.002174342769707927,0.7677173544419005,-0.1667031713450948
NAS100,lowest5,10,100,5,2.0,5,0.2,212.0,0.660377358490566,0.042613906683486476,1.1689909745755396,36.0,0.5555555555555556,-0.07802298270714528,0.736479855767319,-6.659204073987265
NAS100,lowest5,10,100,5,2.0,10,0.2,203.0,0.6699507389162561,0.05163099904078425,1.2060788606853887,36.0,0.5833333333333334,-0.06310269198403032,0.7778392399441635,-6.659204073987265
NAS100,lowest5,10,100,5,3.0,5,0.2,197.0,0.6903553299492385,0.04177591880093352,1.2570700860961848,35.0,0.5714285714285714,-0.06946779393206086,0.6623078035909314,-2.8267355296639582
NAS100,lowest5,10,100,5,3.0,10,0.2,184.0,0.7119565217391305,0.050617081289411156,1.3101470315424772,35.0,0.6285714285714286,-0.062208455115597035,0.6945300402904206,-2.804584505796807
NAS100,lowest5,10,100,10,0.0,5,0.2,193.0,0.6839378238341969,0.0018422926967533026,1.178367884406867,36.0,0.6944444444444444,0.0023229280697670985,1.2688640948295735,-0.33429380474760106
NAS100,lowest5,10,100,10,0.0,10,0.2,173.0,0.7514450867052023,0.003859533925213681,1.4008120558418247,35.0,0.7428571428571429,0.0019225120639442782,1.1656714865142395,-0.22842538523404946
NAS100,lowest5,10,100,10,2.0,5,0.2,215.0,0.6465116279069767,0.033962158980135555,1.1259332403780875,39.0,0.6666666666666666,0.037435086250344675,1.1520870789195896,-7.302073142962272
NAS100,lowest5,10,100,10,2.0,10,0.2,204.0,0.6813725490196079,0.04944855678762141,1.1823704499532686,39.0,0.6923076923076923,0.048862656325063925,1.2089368996562055,-8.074245029420323
NAS100,lowest5,10,100,10,3.0,5,0.2,200.0,0.685,0.04355945482066071,1.2595576849405012,38.0,0.6842105263157895,0.035865911626037666,1.2408663983354788,-3.3618372906540652
NAS100,lowest5,10,100,10,3.0,10,0.2,183.0,0.7377049180327869,0.05020445626576317,1.2721754605724387,38.0,0.7368421052631579,0.04026079307887485,1.2523077074626743,-2.869896136261756
NAS100,lowest5,10,200,3,0.0,5,0.2,210.0,0.6714285714285714,0.0011254118804373751,1.12803458391557,34.0,0.5294117647058824,0.001451064486878692,1.1884096579803127,-0.21079165504156905
NAS100,lowest5,10,200,3,0.0,10,0.2,205.0,0.6731707317073171,0.0020429979082535053,1.2744961989024448,34.0,0.5588235294117647,0.0021290865398288024,1.326571818928291,-0.17192066967471106
NAS100,lowest5,10,200,3,2.0,5,0.2,237.0,0.6497890295358649,0.035699336258507464,1.174546875730396,39.0,0.5384615384615384,0.020263068668779593,1.101798670434887,-4.532253930864354
NAS100,lowest5,10,200,3,2.0,10,0.2,236.0,0.652542372881356,0.03573327420566461,1.1756139974898445,39.0,0.5641025641025641,0.0340356447208857,1.1815971498716638,-4.532253930864354
NAS100,lowest5,10,200,3,3.0,5,0.2,220.0,0.6727272727272727,0.029147173502854642,1.2111131232603667,35.0,0.5428571428571428,0.009111966960110032,1.0781222488171593,-2.2472698808048266
NAS100,lowest5,10,200,3,3.0,10,0.2,219.0,0.6757990867579908,0.03260283733737794,1.243470779995834,35.0,0.5714285714285714,0.01934302345596028,1.1809431491493643,-2.2472698808048266
NAS100,lowest5,10,200,5,0.0,5,0.2,197.0,0.7208121827411168,0.0024759918638789552,1.2474633398982227,30.0,0.5666666666666667,2.4279264133856997e-05,0.956098167258299,-0.24280056759479934
NAS100,lowest5,10,200,5,0.0,10,0.2,178.0,0.7359550561797753,0.004435969396239199,1.571020965885273,28.0,0.6071428571428571,-0.001476755926094082,0.7897984356185473,-0.13984748068373065
NAS100,lowest5,10,200,5,2.0,5,0.2,221.0,0.6877828054298643,0.05802263410963002,1.2354841267676537,35.0,0.5714285714285714,-0.039362853291718625,0.8616825009842436,-5.987811807453161
NAS100,lowest5,10,200,5,2.0,10,0.2,211.0,0.7014218009478673,0.07137595789971059,1.294940959367021,35.0,0.6,-0.03360135945144507,0.8807356629975825,-5.987811807453161
NAS100,lowest5,10,200,5,3.0,5,0.2,205.0,0.7170731707317073,0.05328569391401306,1.332569339887531,31.0,0.5806451612903226,-0.05321916011243213,0.7222870535659006,-2.3569896614407373
NAS100,lowest5,10,200,5,3.0,10,0.2,194.0,0.7371134020618557,0.06120768713106752,1.3784350378523451,31.0,0.6451612903225806,-0.04502313241642459,0.7619866176800774,-2.3569896614407373
NAS100,lowest5,10,200,10,0.0,5,0.2,198.0,0.696969696969697,0.001976253333308628,1.197140725008882,34.0,0.7058823529411765,0.004253337201362387,1.6498427179495436,-0.28049640470514187
NAS100,lowest5,10,200,10,0.0,10,0.2,178.0,0.7584269662921348,0.0037881532151533884,1.4026371794839678,32.0,0.75,0.0022963902528806415,1.1784967740377594,-0.2145543575984815
NAS100,lowest5,10,200,10,2.0,5,0.2,223.0,0.6681614349775785,0.05334904929419675,1.2106108222469267,39.0,0.6923076923076923,0.0739496278717323,1.3217306069939891,-7.044839511575777
NAS100,lowest5,10,200,10,2.0,10,0.2,211.0,0.7014218009478673,0.07455298109319358,1.290051059095953,37.0,0.7027027027027027,0.06235458003409653,1.2593333684791046,-7.817011398033829
NAS100,lowest5,10,200,10,3.0,5,0.2,206.0,0.6990291262135923,0.04753476331591986,1.2965320220599494,35.0,0.7142857142857143,0.0627506851149341,1.498972855603047,-3.1903482030630683
NAS100,lowest5,10,200,10,3.0,10,0.2,192.0,0.7447916666666666,0.05499138645165058,1.2992049870702866,34.0,0.7647058823529411,0.05825021744698928,1.4080709906939517,-3.0099067747948354
US30,rsi2,5,0,3,0.0,5,0.1,71.0,0.704225352112676,0.00323291559562019,1.410852174981418,26.0,0.8076923076923077,0.010044817795555024,3.357722076022272,-0.06366854749116102
US30,rsi2,5,0,3,0.0,10,0.1,70.0,0.7,0.0033039309029446705,1.4392502796470137,25.0,0.84,0.010398185688951688,3.376071291893986,-0.06366854749116102
US30,rsi2,5,0,3,2.0,5,0.1,83.0,0.7108433734939759,0.04567272269314227,1.1983737568939572,27.0,0.8148148148148148,0.27345262676394727,4.005016819015645,-1.7079248108551512
US30,rsi2,5,0,3,2.0,10,0.1,83.0,0.7108433734939759,0.04567272269314227,1.1983737568939572,27.0,0.8148148148148148,0.27345262676394727,4.005016819015645,-1.7079248108551512
US30,rsi2,5,0,3,3.0,5,0.1,78.0,0.717948717948718,0.047017654845772666,1.3044820573488831,27.0,0.8148148148148148,0.15691205731740568,2.8007417752766184,-1.2997375152833692
US30,rsi2,5,0,3,3.0,10,0.1,78.0,0.717948717948718,0.047017654845772666,1.3044820573488831,27.0,0.8148148148148148,0.15691205731740568,2.8007417752766184,-1.2997375152833692
US30,rsi2,5,0,5,0.0,5,0.1,71.0,0.6619718309859155,0.0024444403937614184,1.2528387480277885,26.0,0.7692307692307693,0.008055874187119826,2.2590986951008247,-0.08258559248998171
US30,rsi2,5,0,5,0.0,10,0.1,68.0,0.6911764705882353,0.002810290414301285,1.298360053977802,25.0,0.8,0.008637735344849,2.4113140714796337,-0.12979006209082153
US30,rsi2,5,0,5,2.0,5,0.1,83.0,0.6506024096385542,0.021480548007922554,1.072411717286746,27.0,0.7777777777777778,0.20915625767784307,2.2379046648587577,-2.454704056739063
US30,rsi2,5,0,5,2.0,10,0.1,82.0,0.6585365853658537,0.0248082391485111,1.084787283535799,27.0,0.7777777777777778,0.2393664032463017,2.727039707079077,-2.454704056739063
US30,rsi2,5,0,5,3.0,5,0.1,78.0,0.6666666666666666,0.03143563218726158,1.1627724132638075,27.0,0.7777777777777778,0.10154126976978287,1.6597008245736735,-1.4596687305864313
US30,rsi2,5,0,5,3.0,10,0.1,77.0,0.6883116883116883,0.03712465254938387,1.197894630050114,27.0,0.7777777777777778,0.12168136681542194,1.9162913861527766,-1.8343308967615921
US30,rsi2,5,0,10,0.0,5,0.1,71.0,0.6338028169014085,0.0029318707695155572,1.267862606210844,26.0,0.6538461538461539,0.0024172707076763338,1.2114225820130635,-0.07874062441035558
US30,rsi2,5,0,10,0.0,10,0.1,64.0,0.671875,-0.0004370783597796241,0.9660688629212839,23.0,0.7391304347826086,0.005604362597862585,1.5868348673083588,-0.15090703476907907
US30,rsi2,5,0,10,2.0,5,0.1,83.0,0.6024096385542169,0.007606277345647802,1.022158353461268,27.0,0.6666666666666666,0.17413642156445647,1.7605263383696301,-3.7949782678987938
US30,rsi2,5,0,10,2.0,10,0.1,80.0,0.6,-0.01771086563245286,0.9544845480003242,26.0,0.7307692307692307,0.22673619553384863,1.9161836584960241,-3.110348838509341
US30,rsi2,5,0,10,3.0,5,0.1,78.0,0.6410256410256411,0.03231192278960493,1.1413814844512256,27.0,0.6666666666666666,0.06584903334851273,1.318002168136039,-1.558026279388331
US30,rsi2,5,0,10,3.0,10,0.1,76.0,0.6578947368421053,-0.003795339549597955,0.9861157844008874,26.0,0.7307692307692307,0.08543760418182776,1.361920726507762,-2.1558558697525334
US30,rsi2,5,100,3,0.0,5,0.1,37.0,0.7567567567567568,0.005221271627891563,1.9054247158714364,14.0,0.7857142857142857,0.0032727864410598715,1.3588193591709774,-0.0909372167375446
US30,rsi2,5,100,3,0.0,10,0.1,37.0,0.7567567567567568,0.005221271627891563,1.9054247158714364,13.0,0.8461538461538461,0.0034314145933999857,1.3672906117814028,-0.09214783719818297
US30,rsi2,5,100,3,2.0,5,0.1,41.0,0.7560975609756098,0.08540807737573006,1.4538365039923398,15.0,0.8,0.13330430732578444,1.9398738816912435,-1.4193410629228032
US30,rsi2,5,100,3,2.0,10,0.1,41.0,0.7560975609756098,0.08540807737573006,1.4538365039923398,15.0,0.8,0.13330430732578444,1.9398738816912435,-1.4193410629228032
US30,rsi2,5,100,3,3.0,5,0.1,39.0,0.7692307692307693,0.06123347161669352,1.441284894546748,15.0,0.8,0.043168089271782964,1.3021750203909297,-1.6317491094629688
US30,rsi2,5,100,3,3.0,10,0.1,39.0,0.7692307692307693,0.06123347161669352,1.441284894546748,15.0,0.8,0.043168089271782964,1.3021750203909297,-1.6317491094629688
US30,rsi2,5,100,5,0.0,5,0.1,37.0,0.7297297297297297,0.009165754627614486,2.9604948949264847,14.0,0.6428571428571429,-0.001985024780102689,0.8379606394386113,-0.12918230048941975
US30,rsi2,5,100,5,0.0,10,0.1,37.0,0.7297297297297297,0.009329621432897945,3.0716635626997695,13.0,0.6923076923076923,-0.0016384378588713902,0.8979390857920069,-0.10817001584446295
US30,rsi2,5,100,5,2.0,5,0.1,41.0,0.7073170731707317,0.1704453884218928,1.8725746989580339,15.0,0.6666666666666666,-0.018923862490804293,0.9327577962230454,-2.3261381945939488
US30,rsi2,5,100,5,2.0,10,0.1,41.0,0.7073170731707317,0.1745877546207773,1.9130684565367442,15.0,0.6666666666666666,0.03545439953242124,1.1504113724814928,-1.759587320883944
US30,rsi2,5,100,5,3.0,5,0.1,39.0,0.717948717948718,0.10711455067291403,1.7299832135361484,15.0,0.6666666666666666,-0.08082913195500543,0.6851845441746657,-2.2362805305770657
US30,rsi2,5,100,5,3.0,10,0.1,39.0,0.717948717948718,0.11001774749606387,1.764928453659411,15.0,0.6666666666666666,-0.04457695727285509,0.7960965087520747,-1.8585799481037297
US30,rsi2,5,100,10,0.0,5,0.1,37.0,0.6756756756756757,0.0068498018833365905,1.8572242206125875,14.0,0.5714285714285714,0.0007578378662369034,1.0682919636456392,-0.10434742934242965
US30,rsi2,5,100,10,0.0,10,0.1,37.0,0.7027027027027027,0.006776131503523466,1.7262579727495797,13.0,0.6923076923076923,0.003510055449532804,1.34423537447698,-0.08453022830220112
US30,rsi2,5,100,10,2.0,5,0.1,41.0,0.6585365853658537,0.15197669939585656,1.5538479303526258,15.0,0.6,0.041442730056540714,1.135597439902032,-1.7597694539278772
US30,rsi2,5,100,10,2.0,10,0.1,41.0,0.6585365853658537,0.09893545599049648,1.2879470732816258,15.0,0.6666666666666666,0.14082133035586164,1.4890430631114444,-1.6456564754867582
US30,rsi2,5,100,10,3.0,5,0.1,39.0,0.6666666666666666,0.0704020513418325,1.3267843820208582,15.0,0.6,-0.04058473692344209,0.8434514769405688,-1.8587013701330182
US30,rsi2,5,100,10,3.0,10,0.1,39.0,0.6666666666666666,0.03154736244425658,1.1181560180735786,15.0,0.6666666666666666,0.025667663276105184,1.0918329280393655,-1.481000787659682
US30,rsi2,5,200,3,0.0,5,0.1,44.0,0.7272727272727273,0.0033637540347370614,1.4360414585406025,11.0,1.0,0.012432384264762071,114684954987.77556,-0.059902766951752416
US30,rsi2,5,200,3,0.0,10,0.1,44.0,0.7272727272727273,0.0033637540347370614,1.4360414585406025,11.0,1.0,0.012432384264762071,114684954987.77556,-0.059902766951752416
US30,rsi2,5,200,3,2.0,5,0.1,49.0,0.7346938775510204,0.07746248435364657,1.3893299083768686,11.0,1.0,0.3108096066190518,3389749714913.27,-1.0159832401272166
US30,rsi2,5,200,3,2.0,10,0.1,49.0,0.7346938775510204,0.07746248435364657,1.3893299083768686,11.0,1.0,0.3108096066190518,3389749714913.27,-1.0159832401272166
US30,rsi2,5,200,3,3.0,5,0.1,47.0,0.7446808510638298,0.044608940157174634,1.280068068660466,11.0,1.0,0.20720640441270122,2258760882898.291,-1.0154538311804493
US30,rsi2,5,200,3,3.0,10,0.1,47.0,0.7446808510638298,0.044608940157174634,1.280068068660466,11.0,1.0,0.20720640441270122,2258760882898.291,-1.0154538311804493
US30,rsi2,5,200,5,0.0,5,0.1,44.0,0.7045454545454546,0.005302237257714693,1.6899764821938297,11.0,0.8181818181818182,0.009217450324362012,4.44412273760801,-0.05373537807659206
US30,rsi2,5,200,5,0.0,10,0.1,44.0,0.75,0.006780312613333295,2.079138494601802,11.0,0.8181818181818182,0.007897302152648623,3.276071984626567,-0.05373537807659206
US30,rsi2,5,200,5,2.0,5,0.1,49.0,0.673469387755102,0.07907725253106292,1.307085762075738,11.0,0.8181818181818182,0.18566184156653492,2.4395441754979825,-1.368340428461686
US30,rsi2,5,200,5,2.0,10,0.1,49.0,0.6938775510204082,0.09476340677408342,1.3902631326380717,11.0,0.8181818181818182,0.20830939217002387,2.957382020750404,-1.0159832401272166
US30,rsi2,5,200,5,3.0,5,0.1,47.0,0.7021276595744681,0.0611724564028568,1.3414108230845045,11.0,0.8181818181818182,0.09307668647745312,1.784546315844453,-1.0707162616317856
US30,rsi2,5,200,5,3.0,10,0.1,47.0,0.7446808510638298,0.0802844844899236,1.4943134210148807,11.0,0.8181818181818182,0.10817505354644576,2.0485637327315156,-1.0154538311804493
US30,rsi2,5,200,10,0.0,5,0.1,44.0,0.6818181818181818,0.006197833258322468,1.6727403510380627,11.0,0.7272727272727273,0.010450650860886024,4.033214164854221,-0.05251785022249967
US30,rsi2,5,200,10,0.0,10,0.1,41.0,0.7317073170731707,0.004625179578198794,1.4000978711657937,11.0,0.8181818181818182,0.011585066595141476,2.949015480584414,-0.15521046427579357
US30,rsi2,5,200,10,2.0,5,0.1,49.0,0.6530612244897959,0.12185554649833213,1.4131681736387118,11.0,0.7272727272727273,0.21649185497963525,2.4778372250515,-1.0159832401272166
US30,rsi2,5,200,10,2.0,10,0.1,48.0,0.6666666666666666,0.10496118111055974,1.3144443468123088,11.0,0.8181818181818182,0.30050350323234515,2.670449377568099,-1.7031837244658419
US30,rsi2,5,200,10,3.0,5,0.1,47.0,0.6808510638297872,0.08850079419655064,1.4181690350640788,11.0,0.7272727272727273,0.11363002875285333,1.8713214314929818,-1.0154538311804493
US30,rsi2,5,200,10,3.0,10,0.1,46.0,0.717391304347826,0.0739516140088615,1.3025247302942957,11.0,0.8181818181818182,0.16963779425465997,2.109222922641681,-1.0154538311804493
US30,rsi2,10,0,3,0.0,5,0.2,139.0,0.7338129496402878,0.0007363191752696871,1.0581743568236415,38.0,0.7631578947368421,0.006448250894284904,2.3604404592748924,-0.24565460477251816
US30,rsi2,10,0,3,0.0,10,0.2,134.0,0.7238805970149254,0.001577053307539114,1.178041703665369,37.0,0.7837837837837838,0.006670663786709633,2.368791176514348,-0.17608719597331574
US30,rsi2,10,0,3,2.0,5,0.2,159.0,0.6981132075471698,0.040865377287196,1.1945026789116064,41.0,0.7560975609756098,0.18714224852097083,2.476597456900753,-2.4605751662910045
US30,rsi2,10,0,3,2.0,10,0.2,158.0,0.6962025316455697,0.04274533138241945,1.2049667724363766,41.0,0.7560975609756098,0.18714224852097083,2.476597456900753,-2.4605751662910045
US30,rsi2,10,0,3,3.0,5,0.2,151.0,0.7417218543046358,0.026886144808058052,1.173662294617127,40.0,0.75,0.11133628613055288,2.1012143533412333,-2.3880687137044525
US30,rsi2,10,0,3,3.0,10,0.2,150.0,0.74,0.02820390741681448,1.1832423906248335,40.0,0.75,0.10547874041496692,1.984139626344137,-2.3880687137044525
US30,rsi2,10,0,5,0.0,5,0.2,132.0,0.7272727272727273,0.0011066949672893286,1.095675357886381,36.0,0.7222222222222222,0.005724058395857858,1.7720239751561218,-0.22896071816919356
US30,rsi2,10,0,5,0.0,10,0.2,127.0,0.7401574803149606,0.0022682368648052112,1.239583296705503,32.0,0.6875,0.0059813563273860716,1.8003033007524423,-0.18692690158549238
US30,rsi2,10,0,5,2.0,5,0.2,153.0,0.6666666666666666,0.02889447152800876,1.1107327784275791,40.0,0.7,0.17025223407473739,1.9300948322104292,-2.5100533286722593
US30,rsi2,10,0,5,2.0,10,0.2,151.0,0.6754966887417219,0.0416420322157591,1.1669233685653222,38.0,0.6842105263157895,0.14674319521801735,1.7001945695777707,-2.6333681369782687
US30,rsi2,10,0,5,3.0,5,0.2,144.0,0.7152777777777778,0.028144413147427785,1.156703441667319,38.0,0.7105263157894737,0.08354228949035905,1.5206860654221035,-2.2005637054263367
US30,rsi2,10,0,5,3.0,10,0.2,143.0,0.7272727272727273,0.04043382893199463,1.2316710324294478,36.0,0.6666666666666666,0.08682393047258233,1.5588587217211203,-2.2005637054263367
US30,rsi2,10,0,10,0.0,5,0.2,132.0,0.6666666666666666,-0.000316392749976561,0.9881742940991309,36.0,0.5833333333333334,0.0011788888615866006,1.0834429705650717,-0.3408745745410898
US30,rsi2,10,0,10,0.0,10,0.2,118.0,0.7457627118644068,-0.0007179813779020921,0.965031754326234,30.0,0.7666666666666667,0.005425532419125628,1.5087806653756515,-0.36077311156445835
US30,rsi2,10,0,10,2.0,5,0.2,152.0,0.6052631578947368,-0.0046203410669696885,0.9859359462375228,39.0,0.5897435897435898,0.12839572812232414,1.5680467713457276,-6.087695128885492
US30,rsi2,10,0,10,2.0,10,0.2,148.0,0.6351351351351351,0.003133480555120638,1.0089093159810254,35.0,0.6857142857142857,0.1563598784887787,1.6007793107431934,-5.347959876520909
US30,rsi2,10,0,10,3.0,5,0.2,144.0,0.6666666666666666,0.007398507304793917,1.0348483283562393,37.0,0.5945945945945946,0.058712464477231996,1.312060552654803,-4.505624972335274
US30,rsi2,10,0,10,3.0,10,0.2,138.0,0.7028985507246377,0.015557716714850837,1.0647809566107713,34.0,0.7352941176470589,0.11299350522445582,1.589228972782994,-3.873720408149889
US30,rsi2,10,100,3,0.0,5,0.2,77.0,0.6883116883116883,-0.0032739999934528747,0.7114256277236292,22.0,0.6818181818181818,0.0029260797952612386,1.3633796049787434,-0.2504477167690157
US30,rsi2,10,100,3,0.0,10,0.2,76.0,0.6842105263157895,-0.0013258618042780175,0.8557945065887169,21.0,0.7142857142857143,0.003150227696246537,1.3690284059725666,-0.13772069002041848
US30,rsi2,10,100,3,2.0,5,0.2,86.0,0.6744186046511628,-0.010503313685608957,0.9556559595684538,23.0,0.6956521739130435,0.09847649428267104,1.642051538870535,-2.6482019298456994
US30,rsi2,10,100,3,2.0,10,0.2,85.0,0.6705882352941176,-0.007613148320050135,0.9675929613586719,23.0,0.6956521739130435,0.09847649428267104,1.642051538870535,-2.6482019298456994
US30,rsi2,10,100,3,3.0,5,0.2,80.0,0.7,-0.012718692084662475,0.9246809144996297,23.0,0.6956521739130435,0.05537791590680154,1.4878182355465819,-1.3427445456063045
US30,rsi2,10,100,3,3.0,10,0.2,79.0,0.6962025316455697,-0.010717938231235343,0.9356705279279987,23.0,0.6956521739130435,0.04519087987969549,1.3630571335014126,-1.5544094862856588
US30,rsi2,10,100,5,0.0,5,0.2,75.0,0.72,-0.0006601112753893766,0.93691453006395,21.0,0.6190476190476191,0.0010142791834503793,1.059025365156522,-0.23495619756272373
US30,rsi2,10,100,5,0.0,10,0.2,74.0,0.7297297297297297,0.0017300614499160497,1.168068896352527,19.0,0.5789473684210527,0.0010077704047755747,1.070881507152634,-0.1222291708141265
US30,rsi2,10,100,5,2.0,5,0.2,84.0,0.6666666666666666,0.03948800983740767,1.158591365934241,22.0,0.6363636363636364,0.05163854994759429,1.1906609971002216,-1.974547913297819
US30,rsi2,10,100,5,2.0,10,0.2,83.0,0.6746987951807228,0.05570808621907651,1.2342821457471436,21.0,0.5714285714285714,-0.005890588382516258,0.9817764030232375,-2.1840968957169347
US30,rsi2,10,100,5,3.0,5,0.2,78.0,0.717948717948718,0.030058171460804174,1.1711615882966253,22.0,0.6363636363636364,-0.003345154269142397,0.980760769540351,-1.5851092637415334
US30,rsi2,10,100,5,3.0,10,0.2,77.0,0.7272727272727273,0.0417626354177939,1.2490551631781022,21.0,0.5714285714285714,0.001489704522832311,1.0027597087383506,-1.6381429359610973
US30,rsi2,10,100,10,0.0,5,0.2,75.0,0.6666666666666666,-0.0020773371876631292,0.8634674812772817,21.0,0.5714285714285714,0.0007240989013759541,1.0294381737845175,-0.2972417752341556
US30,rsi2,10,100,10,0.0,10,0.2,73.0,0.7534246575342466,-0.002763420555457072,0.8496282809338974,19.0,0.6842105263157895,0.0006207575337726429,1.0421869806566533,-0.3020542098509805
US30,rsi2,10,100,10,2.0,5,0.2,84.0,0.6071428571428571,0.013771765598311603,1.0422143916187157,22.0,0.5909090909090909,0.07045782688291241,1.2515833683350577,-2.4328332761654146
US30,rsi2,10,100,10,2.0,10,0.2,83.0,0.6626506024096386,0.03065241269987018,1.0896723868946299,21.0,0.6666666666666666,0.11757166176719731,1.393842555039382,-2.9683154139707466
US30,rsi2,10,100,10,3.0,5,0.2,78.0,0.6666666666666666,0.007299850880252838,1.0320816107115465,22.0,0.5909090909090909,0.009201030354403006,1.0370054409174538,-2.1226455200253027
US30,rsi2,10,100,10,3.0,10,0.2,76.0,0.7368421052631579,0.015426648338991863,1.0622835334304948,21.0,0.6666666666666666,0.03006855399924521,1.116370874537551,-1.701875864648163
US30,rsi2,10,200,3,0.0,5,0.2,90.0,0.7333333333333333,0.000588957487831444,1.0430563326980375,20.0,0.85,0.011977163095527713,17.53999888956098,-0.26945891492722807
US30,rsi2,10,200,3,0.0,10,0.2,88.0,0.7272727272727273,0.002014457765495067,1.2260514135271006,20.0,0.85,0.011977163095527713,17.53999888956098,-0.15673188817863082
US30,rsi2,10,200,3,2.0,5,0.2,99.0,0.7171717171717171,0.05348883126368737,1.265157770931343,20.0,0.85,0.29942907738819285,19.475405913793814,-2.1832168827419602
US30,rsi2,10,200,3,2.0,10,0.2,98.0,0.7142857142857143,0.056648588416971,1.284512158498381,20.0,0.85,0.29942907738819285,19.475405913793814,-2.1832168827419602
US30,rsi2,10,200,3,3.0,5,0.2,95.0,0.7473684210526316,0.037795002546575036,1.2575638102417512,20.0,0.85,0.19961938492546188,19.40928102586628,-1.659597848243177
US30,rsi2,10,200,3,3.0,10,0.2,94.0,0.7446808510638298,0.04001386689819185,1.275786506912666,20.0,0.85,0.19961938492546188,19.40928102586628,-1.659597848243177
US30,rsi2,10,200,5,0.0,5,0.2,87.0,0.7586206896551724,0.0023436808948432545,1.2284231030799655,18.0,0.7777777777777778,0.0101862189459826,3.573235168335313,-0.2632915260520677
US30,rsi2,10,200,5,0.0,10,0.2,85.0,0.7764705882352941,0.004925249722908677,1.6414101902055351,16.0,0.6875,0.009720469435892595,3.035718598827245,-0.15056449930347046
US30,rsi2,10,200,5,2.0,5,0.2,96.0,0.6979166666666666,0.06870464774595898,1.2949028735499135,18.0,0.7222222222222222,0.21091634606366283,2.5408609279666203,-2.0290321608629514
US30,rsi2,10,200,5,2.0,10,0.2,95.0,0.7157894736842105,0.08948641112849381,1.4122997390351706,18.0,0.7222222222222222,0.2161931260350659,2.5805427384391986,-2.0290321608629514
US30,rsi2,10,200,5,3.0,5,0.2,92.0,0.75,0.059973993976604974,1.3847753880988585,18.0,0.7777777777777778,0.13276907456928122,2.2819091936255216,-1.556808033657171
US30,rsi2,10,200,5,3.0,10,0.2,91.0,0.7692307692307693,0.0744432305514559,1.511261972236161,17.0,0.7058823529411765,0.14052336833071558,2.4205290088173124,-1.556808033657171
US30,rsi2,10,200,10,0.0,5,0.2,87.0,0.7126436781609196,0.0015287726884924053,1.1211355338865328,18.0,0.6111111111111112,0.007709669881336518,2.2733265507927864,-0.3200421326841194
US30,rsi2,10,200,10,0.0,10,0.2,80.0,0.8,0.0021970009155905432,1.1605473260678862,16.0,0.8125,0.013193532721693572,3.3632408332485695,-0.3239230074285686
US30,rsi2,10,200,10,2.0,5,0.2,96.0,0.65625,0.06476275195318056,1.2271212211310891,18.0,0.6111111111111112,0.17340585222257154,2.0595345549681054,-3.0404907553761404
US30,rsi2,10,200,10,2.0,10,0.2,94.0,0.7127659574468085,0.10023764622729725,1.3484166696053592,17.0,0.7058823529411765,0.25634434463456846,2.5440113331817007,-2.3055075750128884
US30,rsi2,10,200,10,3.0,5,0.2,92.0,0.7065217391304348,0.0539527393749656,1.2798393212055361,18.0,0.6111111111111112,0.09149325682517986,1.6795638750418884,-2.502651477524699
US30,rsi2,10,200,10,3.0,10,0.2,89.0,0.7865168539325843,0.09156833277047285,1.4765838410661942,17.0,0.7647058823529411,0.17799788644856762,2.4425450527963797,-1.2576328446432004
US30,rsi2,20,0,3,0.0,5,0.4,254.0,0.6850393700787402,0.0001091717588780441,0.999154940995917,54.0,0.6296296296296297,0.0033654261322893157,1.6297371678490211,-0.10343982665379914
US30,rsi2,20,0,3,0.0,10,0.4,240.0,0.675,0.0005239943837101674,1.0557781141199658,52.0,0.6538461538461539,0.003549489609851233,1.685003042170042,-0.09626151039382196
US30,rsi2,20,0,3,2.0,5,0.4,288.0,0.6736111111111112,0.016260223298402432,1.0748505800751815,60.0,0.6666666666666666,0.09691890256036911,1.5230681038941543,-1.4017127630595267
US30,rsi2,20,0,3,2.0,10,0.4,286.0,0.6713286713286714,0.016318474726583394,1.0751325723791931,60.0,0.6666666666666666,0.09691890256036911,1.5230681038941543,-1.4017127630595267
US30,rsi2,20,0,3,3.0,5,0.4,265.0,0.6830188679245283,0.016072106438729344,1.1203857983374177,57.0,0.6491228070175439,0.0655996717899895,1.5158134500588951,-1.4116506961222817
US30,rsi2,20,0,3,3.0,10,0.4,263.0,0.6844106463878327,0.016787863424663946,1.1247317911604109,57.0,0.6666666666666666,0.06027400226560074,1.4461130220031013,-1.4408590264225967
US30,rsi2,20,0,5,0.0,5,0.4,231.0,0.6623376623376623,-0.00046258981276914746,0.9455197396722815,52.0,0.6923076923076923,0.0032634546916744302,1.48418428435269,-0.2483910665262037
US30,rsi2,20,0,5,0.0,10,0.4,207.0,0.6714975845410628,0.00023990228622114686,1.0216718375489207,46.0,0.6739130434782609,0.0029329507726660272,1.4364687232862179,-0.3118275247655593
US30,rsi2,20,0,5,2.0,5,0.4,271.0,0.6346863468634686,0.017955742116799664,1.0677320480029868,57.0,0.7192982456140351,0.11947409124317586,1.6035800420959614,-4.289653640928519
US30,rsi2,20,0,5,2.0,10,0.4,264.0,0.6401515151515151,0.008811760933858964,1.0317727241150114,56.0,0.7142857142857143,0.1081802074070474,1.505200389642378,-5.310948392214495
US30,rsi2,20,0,5,3.0,5,0.4,242.0,0.6611570247933884,0.013376365963679429,1.0810212584784094,55.0,0.7090909090909091,0.0627767873525368,1.407529545288931,-2.1729326487325658
US30,rsi2,20,0,5,3.0,10,0.4,231.0,0.6796536796536796,0.01376990789591325,1.0836287238518811,52.0,0.6730769230769231,0.03982130660120853,1.2231635337148254,-2.7204893362545173
US30,rsi2,20,0,10,0.0,5,0.4,228.0,0.6447368421052632,-0.0008065791839421676,0.920435881755567,51.0,0.5882352941176471,-0.0006742159958791271,0.9683849483389079,-0.26409717404225597
US30,rsi2,20,0,10,0.0,10,0.4,197.0,0.7208121827411168,-0.0006329886877114984,0.9512951272666959,42.0,0.6904761904761905,0.0018738504354275343,1.2272617347412333,-0.3747283031138482
US30,rsi2,20,0,10,2.0,5,0.4,268.0,0.6194029850746269,0.010042400065952204,1.034179273587335,56.0,0.6071428571428571,0.0819275601199427,1.3548267325701782,-4.905599867939332
US30,rsi2,20,0,10,2.0,10,0.4,256.0,0.640625,-0.008019169272472947,0.9754559067521498,51.0,0.6470588235294118,0.06973690532868644,1.2428586483325468,-5.787516659231389
US30,rsi2,20,0,10,3.0,5,0.4,239.0,0.6443514644351465,0.004092318412453879,1.0230070113465464,53.0,0.6037735849056604,0.01919653383619861,1.099369119713105,-3.011172730919837
US30,rsi2,20,0,10,3.0,10,0.4,220.0,0.7090909090909091,0.002103008420369491,1.0114853366902992,47.0,0.6808510638297872,0.0461261953376578,1.2287345537222292,-4.289266324561991
US30,rsi2,20,100,3,0.0,5,0.4,151.0,0.6821192052980133,-0.0016940355003548983,0.8216813441894053,35.0,0.6571428571428571,0.0032089193666040997,1.4659673898511567,-0.12851882315876517
US30,rsi2,20,100,3,0.0,10,0.4,149.0,0.6845637583892618,-0.00018886841836842112,0.9641292950326283,34.0,0.6764705882352942,0.0034180411299328754,1.5289316707307037,-0.12461760257219094
US30,rsi2,20,100,3,2.0,5,0.4,172.0,0.6918604651162791,0.01421675014878852,1.0634677653401114,39.0,0.6923076923076923,0.09001729307701535,1.4714997508213004,-2.6091814103948083
US30,rsi2,20,100,3,2.0,10,0.4,171.0,0.6900584795321637,0.015797943832454586,1.0709731561076357,39.0,0.6923076923076923,0.09001729307701535,1.4714997508213004,-2.6091814103948083
US30,rsi2,20,100,3,3.0,5,0.4,158.0,0.6962025316455697,0.013465147606485475,1.0950136480736217,37.0,0.6756756756756757,0.05542667612353458,1.4113733876614782,-1.7661290657865238
US30,rsi2,20,100,3,3.0,10,0.4,157.0,0.7006369426751592,0.01381520136883079,1.0973041760603806,37.0,0.6756756756756757,0.05144474377374477,1.3696724169058245,-1.9134605627287467
US30,rsi2,20,100,5,0.0,5,0.4,140.0,0.6571428571428571,-0.0018609841754891963,0.8303465744181834,33.0,0.696969696969697,0.0016968504538380222,1.1829976458746,-0.1780226158804002
US30,rsi2,20,100,5,0.0,10,0.4,135.0,0.6888888888888889,4.6207712512407676e-05,0.9906882218745803,31.0,0.6774193548387096,0.0016720927911237759,1.201155479465061,-0.22231331117641934
US30,rsi2,20,100,5,2.0,5,0.4,163.0,0.6441717791411042,0.01608781135860795,1.0601965923938916,37.0,0.7297297297297297,0.08256387365075704,1.346775942451204,-2.897526848523198
US30,rsi2,20,100,5,2.0,10,0.4,160.0,0.65,0.013306093296002752,1.0483765671258998,37.0,0.7027027027027027,0.06154133050909631,1.238765336269096,-2.2928489982570803
US30,rsi2,20,100,5,3.0,5,0.4,148.0,0.6756756756756757,0.022539646883932382,1.1404675712890597,35.0,0.7142857142857143,0.029322379075199072,1.1600473788699648,-1.621227482641661
US30,rsi2,20,100,5,3.0,10,0.4,144.0,0.7083333333333334,0.0266138712358111,1.164887125032936,34.0,0.6764705882352942,0.009607362176592697,1.0489194447752324,-2.0059276067180773
US30,rsi2,20,100,10,0.0,5,0.4,139.0,0.6546762589928058,-0.002215218341842044,0.8197253449849574,33.0,0.6060606060606061,0.0005244822336524023,1.0498243646123668,-0.19649236677065568
US30,rsi2,20,100,10,0.0,10,0.4,130.0,0.7384615384615385,-0.0009005371564838708,0.9260644115997593,30.0,0.6666666666666666,0.0007164356834784158,1.1077424959601743,-0.23159857263309
US30,rsi2,20,100,10,2.0,5,0.4,161.0,0.6273291925465838,0.024186884792786897,1.083046488544656,37.0,0.6486486486486487,0.08594121465334253,1.3523059798510126,-3.313149222593063
US30,rsi2,20,100,10,2.0,10,0.4,158.0,0.6645569620253164,0.018776188144018564,1.0588339595550265,36.0,0.6666666666666666,0.10263798175865699,1.379933524229301,-4.008092539265211
US30,rsi2,20,100,10,3.0,5,0.4,146.0,0.6712328767123288,0.022979016545443744,1.126733430979763,35.0,0.6285714285714286,0.010369294340978993,1.0535792479507986,-1.715981531024941
US30,rsi2,20,100,10,3.0,10,0.4,138.0,0.7463768115942029,0.03979028650600037,1.214312589946662,33.0,0.6666666666666666,0.019847325885216625,1.0923493750021853,-1.8239541236809311
US30,rsi2,20,200,3,0.0,5,0.4,177.0,0.6836158192090396,-0.0001939204970707069,0.9601103342483758,33.0,0.7272727272727273,0.007737705251412346,2.9667605687434015,-0.12275762075492233
US30,rsi2,20,200,3,0.0,10,0.4,169.0,0.6745562130177515,0.00046458247746645874,1.0418929010282705,33.0,0.7272727272727273,0.007509937154290898,2.846057009657826,-0.09882283780419716
US30,rsi2,20,200,3,2.0,5,0.4,197.0,0.6852791878172588,0.017705265871220857,1.0816140194274053,36.0,0.75,0.1451401392478219,1.9045953447275024,-3.6179541097439563
US30,rsi2,20,200,3,2.0,10,0.4,195.0,0.6820512820512821,0.01780552224868443,1.0821010372365694,36.0,0.75,0.1451401392478219,1.9045953447275024,-3.6179541097439563
US30,rsi2,20,200,3,3.0,5,0.4,182.0,0.6868131868131868,0.01756882612809655,1.1325440480935611,34.0,0.7352941176470589,0.11937658688634162,2.3462844918118733,-2.173060687846022
US30,rsi2,20,200,3,3.0,10,0.4,180.0,0.6888888888888889,0.01698704283221407,1.1272750110507073,34.0,0.7352941176470589,0.10810558081829043,2.080702052804335,-2.173060687846022
US30,rsi2,20,200,5,0.0,5,0.4,163.0,0.656441717791411,-0.0006762730249804367,0.9227874656410205,30.0,0.7333333333333333,0.006753939154175264,2.127151774639621,-0.21693590563289816
US30,rsi2,20,200,5,0.0,10,0.4,151.0,0.6821192052980133,0.0012208266880841792,1.1204417405567426,28.0,0.7142857142857143,0.006826680574979044,2.0415838766213836,-0.26370496316413583
US30,rsi2,20,200,5,2.0,5,0.4,185.0,0.6378378378378379,0.010184912203314838,1.0373669789867046,33.0,0.7575757575757576,0.158146640481414,1.8662548738870983,-3.10227789002044
US30,rsi2,20,200,5,2.0,10,0.4,182.0,0.6483516483516484,0.006635158389373965,1.0236536328171086,33.0,0.7575757575757576,0.1504308121385469,1.7791119605734653,-3.8964290932173014
US30,rsi2,20,200,5,3.0,5,0.4,168.0,0.6607142857142857,0.017952156529406106,1.1131810884102573,31.0,0.7419354838709677,0.10258179493375667,1.8135500278568208,-1.7310403227184137
US30,rsi2,20,200,5,3.0,10,0.4,163.0,0.6932515337423313,0.02809047144719828,1.1825691814326873,31.0,0.7096774193548387,0.06975906616905996,1.44073301815125,-2.2019214960708804
US30,rsi2,20,200,10,0.0,5,0.4,161.0,0.639751552795031,-0.0009042688464097211,0.9056687181612292,30.0,0.6,0.0022428472268191282,1.246998845407504,-0.25812150960051594
US30,rsi2,20,200,10,0.0,10,0.4,143.0,0.7132867132867133,0.00028974624699382574,1.0161709911902244,26.0,0.7307692307692307,0.0051336351116975385,1.5098669847108335,-0.30043388334833726
US30,rsi2,20,200,10,2.0,5,0.4,182.0,0.6208791208791209,0.011708555528300638,1.0401353291415805,33.0,0.6363636363636364,0.09170450660079354,1.4239525685107899,-3.902322217184904
US30,rsi2,20,200,10,2.0,10,0.4,178.0,0.6573033707865169,0.011138599817634843,1.0347281626993416,30.0,0.6666666666666666,0.13043351953402355,1.5444058250408967,-4.440467542494561
US30,rsi2,20,200,10,3.0,5,0.4,166.0,0.6506024096385542,0.01595527920225108,1.0914899738439432,31.0,0.6129032258064516,0.01704371207189452,1.0991237186722491,-2.327240612656837
US30,rsi2,20,200,10,3.0,10,0.4,155.0,0.7225806451612903,0.03497688446891168,1.1980394254865967,28.0,0.6785714285714286,0.06789947804687727,1.408721456685028,-3.213801354577587
US30,ibs,5,0,3,0.0,5,0.1,182.0,0.6538461538461539,0.0018828901163940052,1.2622364698998096,43.0,0.7209302325581395,0.004089283989958201,1.62804712797445,-0.09250317424774913
US30,ibs,5,0,3,0.0,10,0.1,180.0,0.65,0.002194572908048515,1.3317087446957436,42.0,0.7380952380952381,0.0048213710789624855,1.834572426959403,-0.08545975639376593
US30,ibs,5,0,3,2.0,5,0.1,190.0,0.6631578947368421,0.018881387760549054,1.091849156728153,45.0,0.7111111111111111,0.14142834963080167,1.8209280730039137,-2.205359493656962
US30,ibs,5,0,3,2.0,10,0.1,189.0,0.6613756613756614,0.018547720492039097,1.0901548372730785,45.0,0.7111111111111111,0.1431740147793622,1.8396094631364046,-2.205359493656962
US30,ibs,5,0,3,3.0,5,0.1,188.0,0.6648936170212766,0.01327434790242455,1.0987768809741247,45.0,0.7111111111111111,0.07686212795509513,1.580950975015283,-2.0789820891885324
US30,ibs,5,0,3,3.0,10,0.1,187.0,0.6631016042780749,0.01532237660205111,1.1159047533393245,45.0,0.7111111111111111,0.07475187145541944,1.554901002618879,-2.090826418822116
US30,ibs,5,0,5,0.0,5,0.1,177.0,0.672316384180791,0.0009897908293303372,1.0892984456674064,42.0,0.7142857142857143,0.004035092860549658,1.619915975889625,-0.24583978610229135
US30,ibs,5,0,5,0.0,10,0.1,169.0,0.6745562130177515,0.0019665369509616433,1.246317012926963,41.0,0.7073170731707317,0.0031371067325036838,1.448773660554905,-0.15620253123689437
US30,ibs,5,0,5,2.0,5,0.1,187.0,0.6577540106951871,0.012808815357060625,1.0561462131397108,44.0,0.7045454545454546,0.15299579519987166,1.924832476103602,-1.9131219451448644
US30,ibs,5,0,5,2.0,10,0.1,183.0,0.6612021857923497,0.010447843997935953,1.045746561804128,44.0,0.6818181818181818,0.16029297198509887,2.0193229127267758,-1.8941992687377958
US30,ibs,5,0,5,3.0,5,0.1,184.0,0.6739130434782609,0.010555782818237295,1.069172697185323,44.0,0.7045454545454546,0.0742896490440062,1.5370154632691695,-2.378380761556801
US30,ibs,5,0,5,3.0,10,0.1,177.0,0.6836158192090396,0.00997510574987841,1.0671680698117825,44.0,0.6818181818181818,0.06022792507856985,1.3945730431930983,-2.0624949024179084
US30,ibs,5,0,10,0.0,5,0.1,177.0,0.6384180790960452,0.0007028948154518174,1.0506096863738446,43.0,0.6744186046511628,0.0019501470464351862,1.2226927292335623,-0.23050584341246752
US30,ibs,5,0,10,0.0,10,0.1,164.0,0.6524390243902439,0.0002599232477905875,1.0036537741284732,40.0,0.675,0.0019117489501660895,1.2413588639966413,-0.2112331872024794
US30,ibs,5,0,10,2.0,5,0.1,187.0,0.6256684491978609,0.018938155544283585,1.0794700188875377,44.0,0.6818181818181818,0.1628607710738341,1.914168243644164,-1.510995520334077
US30,ibs,5,0,10,2.0,10,0.1,183.0,0.6338797814207651,-0.0020331822515429455,0.9924540110481791,43.0,0.6744186046511628,0.15440276145353168,1.7811935531537093,-3.1870202780658525
US30,ibs,5,0,10,3.0,5,0.1,184.0,0.6358695652173914,0.0022500940143465402,1.013961292267407,44.0,0.6818181818181818,0.0808662996266478,1.5483076952281256,-2.5084566177083065
US30,ibs,5,0,10,3.0,10,0.1,175.0,0.6628571428571428,-0.008784492154997438,0.9511808428908747,43.0,0.6744186046511628,0.04702626420433948,1.2451804593085471,-2.751368495605336
US30,ibs,5,100,3,0.0,5,0.1,115.0,0.6695652173913044,0.002946128905213013,1.5329291321892031,31.0,0.6451612903225806,0.0008389167309130338,1.0991826695071882,-0.1281367378571947
US30,ibs,5,100,3,0.0,10,0.1,115.0,0.6695652173913044,0.0030122448726516995,1.551680792035882,30.0,0.6666666666666666,0.001755493080217526,1.2405433645806911,-0.12109332000321149
US30,ibs,5,100,3,2.0,5,0.1,118.0,0.6694915254237288,0.021382904245727467,1.1115172560670494,32.0,0.65625,0.05829097824272081,1.2789243133855506,-2.763520232276302
US30,ibs,5,100,3,2.0,10,0.1,118.0,0.6694915254237288,0.02299378057103444,1.120931932064013,32.0,0.65625,0.060745819857884076,1.294215283304742,-2.763520232276302
US30,ibs,5,100,3,3.0,5,0.1,116.0,0.6724137931034483,0.026349915494405247,1.233538236540698,32.0,0.65625,0.02477560848645649,1.1618915564985524,-1.7555728696226356
US30,ibs,5,100,3,3.0,10,0.1,116.0,0.6724137931034483,0.02744234886444101,1.2454768970502232,32.0,0.65625,0.02180806028378754,1.13873711063972,-1.8505344121080423
US30,ibs,5,100,5,0.0,5,0.1,112.0,0.6964285714285714,0.0012502584216166103,1.131745962801874,31.0,0.6451612903225806,0.0007051614282363906,1.114835333692792,-0.2179086182003676
US30,ibs,5,100,5,0.0,10,0.1,110.0,0.7,0.0024544494394980305,1.3546496817323814,30.0,0.6333333333333333,-0.0006330839945035499,0.9943959681987591,-0.1698310456623676
US30,ibs,5,100,5,2.0,5,0.1,116.0,0.6637931034482759,-0.009043162481035007,0.9602267547629114,32.0,0.65625,0.0715100932884023,1.3684185143720304,-2.8243179853033213
US30,ibs,5,100,5,2.0,10,0.1,115.0,0.6608695652173913,-0.021381714749010107,0.9092633568752663,32.0,0.625,0.0815437113680897,1.4462487909418702,-3.045945329683919
US30,ibs,5,100,5,3.0,5,0.1,114.0,0.6929824561403509,0.010883426032649277,1.078162978517585,32.0,0.65625,0.019992184027894315,1.1264416727828237,-1.979442498098696
US30,ibs,5,100,5,3.0,10,0.1,112.0,0.6964285714285714,0.009741456620798922,1.0703032215667219,32.0,0.625,0.000657313575419316,1.0014109916419975,-2.649097355718981
US30,ibs,5,100,10,0.0,5,0.1,115.0,0.6608695652173913,0.0011602932853749662,1.123719090978504,32.0,0.59375,-0.00021729373390467002,1.0132060667279956,-0.21433402991925057
US30,ibs,5,100,10,0.0,10,0.1,111.0,0.6756756756756757,0.0025629458614064783,1.346880196560518,31.0,0.6451612903225806,0.0009857626964035842,1.1444234468771661,-0.16230318342607525
US30,ibs,5,100,10,2.0,5,0.1,119.0,0.6302521008403361,0.022777877458682597,1.103552561712508,33.0,0.6060606060606061,0.06429003456429178,1.3109393006486059,-3.830560675375188
US30,ibs,5,100,10,2.0,10,0.1,117.0,0.6239316239316239,-0.010521566016196639,0.9580548388276946,33.0,0.6363636363636364,0.114862279581189,1.5930512335725786,-4.785612658741141
US30,ibs,5,100,10,3.0,5,0.1,117.0,0.6581196581196581,0.014018063465524156,1.098813020309485,33.0,0.6060606060606061,0.0160176361359936,1.0957931402672791,-1.9198660267467456
US30,ibs,5,100,10,3.0,10,0.1,114.0,0.6666666666666666,0.01609450991018213,1.1120117207777862,33.0,0.6363636363636364,0.024497121495363518,1.1317801533136456,-2.4699619369493186
US30,ibs,5,200,3,0.0,5,0.1,117.0,0.5982905982905983,0.0010018345763835763,1.1253485940106651,26.0,0.6923076923076923,0.005216149061161603,1.9000427967197888,-0.08644814658863843
US30,ibs,5,200,3,0.0,10,0.1,116.0,0.5948275862068966,0.0014312848723310812,1.2035536810174532,26.0,0.6923076923076923,0.005970570441709241,2.1689946320452584,-0.07314683382971338
US30,ibs,5,200,3,2.0,5,0.1,121.0,0.6115702479338843,-0.01802899948159359,0.9194129150134359,26.0,0.6923076923076923,0.12631531062611162,1.8336484953144156,-2.5575749248337107
US30,ibs,5,200,3,2.0,10,0.1,120.0,0.6083333333333333,-0.018862111989847958,0.9157570331681611,26.0,0.6923076923076923,0.12631531062611162,1.8336484953144156,-2.5575749248337107
US30,ibs,5,200,3,3.0,5,0.1,119.0,0.6050420168067226,-0.016057500502544675,0.8920596695959887,26.0,0.6923076923076923,0.08614119201670359,1.8699128677965888,-2.225240558688058
US30,ibs,5,200,3,3.0,10,0.1,118.0,0.6016949152542372,-0.013060470685381981,0.9099021605250058,26.0,0.6923076923076923,0.08614119201670359,1.8699128677965888,-2.237084888321641
US30,ibs,5,200,5,0.0,5,0.1,114.0,0.631578947368421,-0.0004463211485165622,0.9254121926080996,25.0,0.72,0.005622351697819343,1.9331216139863459,-0.26069227715826004
US30,ibs,5,200,5,0.0,10,0.1,109.0,0.6422018348623854,0.0014479941056465039,1.1730038176638635,25.0,0.68,0.0032195112041873554,1.4127661445171178,-0.17105502229286307
US30,ibs,5,200,5,2.0,5,0.1,119.0,0.6050420168067226,-0.05214126861980392,0.8028955744701621,25.0,0.72,0.1624114821253496,2.1448363991094377,-3.1556400489626393
US30,ibs,5,200,5,2.0,10,0.1,117.0,0.6153846153846154,-0.051403123427092516,0.8034982194353144,25.0,0.68,0.1599372456235586,2.1199062794990744,-2.5568555052088984
US30,ibs,5,200,5,3.0,5,0.1,117.0,0.6239316239316239,-0.02883946632075421,0.8328814206142355,25.0,0.72,0.09287945093422628,1.8430004059753602,-2.6259222791562795
US30,ibs,5,200,5,3.0,10,0.1,113.0,0.6460176991150443,-0.017912329370763463,0.8881896418044236,25.0,0.68,0.06381256487021997,1.4591951126680285,-2.2900034891176135
US30,ibs,5,200,10,0.0,5,0.1,118.0,0.6186440677966102,-7.273791022289328e-05,0.9682939971269505,26.0,0.6153846153846154,0.002614766602814295,1.342655600541169,-0.2617039719662348
US30,ibs,5,200,10,0.0,10,0.1,113.0,0.6371681415929203,0.0007563639677748194,1.079014016813897,26.0,0.6538461538461539,0.0005673431536306998,1.0448033351916728,-0.23058020405507043
US30,ibs,5,200,10,2.0,5,0.1,123.0,0.5934959349593496,-0.015886671197031004,0.9378770017688346,26.0,0.6153846153846154,0.08638136668561318,1.4600916347838797,-3.314908665576361
US30,ibs,5,200,10,2.0,10,0.1,121.0,0.5950413223140496,-0.04271974886675953,0.8494910447102494,26.0,0.6538461538461539,0.12276471375645667,1.6164969940249114,-4.269960648942314
US30,ibs,5,200,10,3.0,5,0.1,121.0,0.6033057851239669,-0.025066161217686993,0.8577351040005468,26.0,0.6153846153846154,0.04278481771091509,1.3043433660081736,-3.0284254269377606
US30,ibs,5,200,10,3.0,10,0.1,117.0,0.6324786324786325,-0.02868919489561413,0.8430428333000235,26.0,0.6538461538461539,0.027637069716507548,1.1454052153306553,-3.073818776481853
US30,ibs,10,0,3,0.0,5,0.2,338.0,0.6420118343195266,-9.445799077911682e-05,0.962683621656271,79.0,0.6582278481012658,0.0010543675022441944,1.1078249427492672,-0.3505016060224857
US30,ibs,10,0,3,0.0,10,0.2,330.0,0.6393939393939394,0.00015109690198106127,0.9965216373571062,76.0,0.6710526315789473,0.0016891224495160298,1.2361214540006886,-0.33276042269291406
US30,ibs,10,0,3,2.0,5,0.2,366.0,0.6502732240437158,-0.010128816478468538,0.9519190988559579,84.0,0.6666666666666666,0.05003776745930518,1.2584697591381229,-7.195605629088827
US30,ibs,10,0,3,2.0,10,0.2,364.0,0.6483516483516484,-0.011806467473257354,0.9443737194851078,83.0,0.6746987951807228,0.05893551603543307,1.3275679075497389,-7.195605629088827
US30,ibs,10,0,3,3.0,5,0.2,346.0,0.6502890173410405,-0.007520288068649761,0.9445270319870758,82.0,0.6707317073170732,0.0204548076540201,1.1360917661724694,-5.56010653738219
US30,ibs,10,0,3,3.0,10,0.2,343.0,0.6501457725947521,-0.0063612401225894314,0.9530221611319283,81.0,0.6790123456790124,0.024430247768315306,1.171471001718605,-5.4482957074185245
US30,ibs,10,0,5,0.0,5,0.2,329.0,0.6717325227963525,0.00044282091935023696,1.0288595909446192,79.0,0.6708860759493671,0.001323220025548089,1.1638850559788747,-0.5282459979314763
US30,ibs,10,0,5,0.0,10,0.2,312.0,0.6730769230769231,0.0010362583807790697,1.114395922779028,73.0,0.684931506849315,0.00017051964897976486,1.0288955295053903,-0.40462399828942597
US30,ibs,10,0,5,2.0,5,0.2,359.0,0.6601671309192201,0.0004640243208355666,1.0018981581070434,83.0,0.6385542168674698,0.039655915177470295,1.1992336499842067,-7.268755604712452
US30,ibs,10,0,5,2.0,10,0.2,354.0,0.6610169491525424,-0.0008136593714222688,0.9963415753034998,81.0,0.6419753086419753,0.047007671566643636,1.2602788892779917,-6.697153589692502
US30,ibs,10,0,5,3.0,5,0.2,337.0,0.6735905044510386,0.005595238497007988,1.0397094693013043,82.0,0.6829268292682927,0.02474809989723783,1.17016082875302,-6.404354284468105
US30,ibs,10,0,5,3.0,10,0.2,327.0,0.6788990825688074,0.008514937152008559,1.0616926825870647,79.0,0.6835443037974683,0.010920585411516085,1.0683305156487133,-5.0056378731869415
US30,ibs,10,0,10,0.0,5,0.2,331.0,0.6374622356495468,0.00043511468017250806,1.0337971841452187,80.0,0.65,0.0015028077951423572,1.151967872110689,-0.46374871150156527
US30,ibs,10,0,10,0.0,10,0.2,303.0,0.6666666666666666,0.0003535885819942124,1.0312708536978523,73.0,0.6301369863013698,0.0006592844920446388,1.076333676970596,-0.278110776465215
US30,ibs,10,0,10,2.0,5,0.2,359.0,0.6128133704735376,-0.005963479165443612,0.974774942759396,83.0,0.6265060240963856,0.07738802965354451,1.4329164504545926,-8.007051054388238
US30,ibs,10,0,10,2.0,10,0.2,347.0,0.6282420749279539,-0.0065558494606071,0.9733674390342998,81.0,0.6172839506172839,0.04894209693352808,1.2238960094331486,-6.604575063846402
US30,ibs,10,0,10,3.0,5,0.2,340.0,0.6323529411764706,-0.001279146773869395,0.9916345883531441,82.0,0.6585365853658537,0.045005606353713125,1.3301338763978034,-6.853129814953654
US30,ibs,10,0,10,3.0,10,0.2,320.0,0.66875,0.008660450615519148,1.0571882020552128,80.0,0.65,0.0177798113072729,1.1019209364068905,-4.238528996273032
US30,ibs,10,100,3,0.0,5,0.2,221.0,0.6515837104072398,0.00013482800851020296,0.9911477206840074,56.0,0.6428571428571429,0.0006890391049962473,1.0450678114619307,-0.20524766609333436
US30,ibs,10,100,3,0.0,10,0.2,218.0,0.6513761467889908,0.00015714951548712137,0.996281418664749,53.0,0.660377358490566,0.0010618207893852874,1.1165766720808172,-0.2022968377690007
US30,ibs,10,100,3,2.0,5,0.2,230.0,0.6565217391304348,-0.008064492703623255,0.9590295961010864,58.0,0.6551724137931034,0.0293683847682405,1.1405153494538784,-3.3841373050202934
US30,ibs,10,100,3,2.0,10,0.2,229.0,0.6550218340611353,-0.009490011978534446,0.9521107687831938,57.0,0.6666666666666666,0.02994987092473414,1.1486649985984017,-3.3841373050202934
US30,ibs,10,100,3,3.0,5,0.2,223.0,0.6547085201793722,-0.00025679730321355286,0.9975905474877604,56.0,0.6428571428571429,0.011389795783511212,1.076232963616541,-2.5806697182868414
US30,ibs,10,100,3,3.0,10,0.2,222.0,0.6576576576576577,-0.00034674187676610494,0.9968329883365454,55.0,0.6545454545454545,0.008780334181980171,1.059345845072823,-2.8167269206927767
US30,ibs,10,100,5,0.0,5,0.2,219.0,0.6757990867579908,0.00045375995124389586,1.0337898599273159,57.0,0.6842105263157895,0.0011321213415408065,1.1260844328583135,-0.4098750384089951
US30,ibs,10,100,5,0.0,10,0.2,213.0,0.676056338028169,0.0009549862946058209,1.116406616338901,51.0,0.6862745098039216,-0.001193446719647198,0.887384627324958,-0.35788127134780384
US30,ibs,10,100,5,2.0,5,0.2,229.0,0.6637554585152838,0.006816013323716122,1.0336839535740583,58.0,0.6379310344827587,0.015677055877276885,1.073591899548542,-4.21454139664497
US30,ibs,10,100,5,2.0,10,0.2,227.0,0.6607929515418502,0.0001427194133673173,1.0007426693757138,56.0,0.6428571428571429,0.01322768999719189,1.0663836982725692,-4.644690710994223
US30,ibs,10,100,5,3.0,5,0.2,221.0,0.6742081447963801,0.00984430433186382,1.0802833389531197,57.0,0.6842105263157895,0.018742131262063543,1.1341848345871912,-4.1030511423857625
US30,ibs,10,100,5,3.0,10,0.2,218.0,0.6788990825688074,0.012481970864447434,1.102830591107522,54.0,0.6851851851851852,-0.010273749770328112,0.9348571464845193,-4.312412998603553
US30,ibs,10,100,10,0.0,5,0.2,224.0,0.6339285714285714,0.00047303902998347406,1.0458146490590927,57.0,0.6491228070175439,0.0029108577744921724,1.3415513820196203,-0.33243480910812334
US30,ibs,10,100,10,0.0,10,0.2,215.0,0.6511627906976745,0.0006719171294137424,1.0841648671598543,52.0,0.6346153846153846,0.0009397495288698663,1.1086163964329103,-0.25553211245240737
US30,ibs,10,100,10,2.0,5,0.2,234.0,0.6196581196581197,0.010236568526268855,1.0484235174982623,58.0,0.6206896551724138,0.08107268761118919,1.4573127280052698,-4.955074338808345
US30,ibs,10,100,10,2.0,10,0.2,231.0,0.6233766233766234,-0.005234072522488246,0.976743717862187,58.0,0.6206896551724138,0.06778050521567475,1.3397975355039886,-5.985512442680881
US30,ibs,10,100,10,3.0,5,0.2,226.0,0.6327433628318584,0.00514243823180338,1.0388647845009842,57.0,0.6491228070175439,0.05037612025812871,1.3984478376668068,-3.9504693907067314
US30,ibs,10,100,10,3.0,10,0.2,221.0,0.6515837104072398,0.012118975178129758,1.0926733483364404,56.0,0.6428571428571429,0.024264133241343664,1.1531498552625314,-4.161269113211633
US30,ibs,10,200,3,0.0,5,0.2,228.0,0.5964912280701754,-0.0013360118427158635,0.8081599088149971,48.0,0.6875,0.004623816690261476,1.778366329963953,-0.25891219762470263
US30,ibs,10,200,3,0.0,10,0.2,223.0,0.5919282511210763,-0.0012613617156764568,0.8158313426732456,46.0,0.6956521739130435,0.004848743847640923,1.9532533839481334,-0.25284679855449593
US30,ibs,10,200,3,2.0,5,0.2,241.0,0.6058091286307054,-0.05113276096382909,0.7742638856128838,49.0,0.6938775510204082,0.09775537677878385,1.6153526365499793,-5.609280317219817
US30,ibs,10,200,3,2.0,10,0.2,239.0,0.602510460251046,-0.05403097372982847,0.7639003095724016,48.0,0.7083333333333334,0.09823405951306419,1.6527466624322065,-5.609280317219817
US30,ibs,10,200,3,3.0,5,0.2,232.0,0.603448275862069,-0.029341410381651674,0.7933251194537675,48.0,0.6875,0.06380208266705283,1.5977955403483048,-3.6385813791375266
US30,ibs,10,200,3,3.0,10,0.2,229.0,0.6026200873362445,-0.03037712023028032,0.7890315093889909,47.0,0.7021276595744681,0.06409888434743936,1.6352145089799328,-3.8227290691122433
US30,ibs,10,200,5,0.0,5,0.2,225.0,0.64,-0.0006761451621909456,0.8973513249765941,48.0,0.7083333333333334,0.004631085007173617,1.795647396293418,-0.43664196391816523
US30,ibs,10,200,5,0.0,10,0.2,216.0,0.6388888888888888,0.00017115116997508292,1.0000250003117244,44.0,0.7272727272727273,0.0028437401225455293,1.42911372943511,-0.32469574853547983
US30,ibs,10,200,5,2.0,5,0.2,238.0,0.6218487394957983,-0.0393009864533727,0.8347115897642092,49.0,0.673469387755102,0.0826917169185385,1.4810387605561097,-5.682064652455241
US30,ibs,10,200,5,2.0,10,0.2,235.0,0.625531914893617,-0.03949603679606967,0.833153470193822,47.0,0.6808510638297872,0.07447752844413405,1.4606746674767663,-5.110462637435291
US30,ibs,10,200,5,3.0,5,0.2,229.0,0.6375545851528385,-0.014635353469209599,0.8977169416161345,48.0,0.7083333333333334,0.06392322128225518,1.5736669907151417,-4.482585365964641
US30,ibs,10,200,5,3.0,10,0.2,224.0,0.6473214285714286,-0.00624495260022793,0.9538919664904433,45.0,0.7111111111111111,0.04185353755576605,1.3520174531905602,-3.37982747462186
US30,ibs,10,200,10,0.0,5,0.2,230.0,0.6086956521739131,-0.00032850533460816625,0.9405534060337452,48.0,0.625,0.004397157820981063,1.6309527189009496,-0.36601830103970323
US30,ibs,10,200,10,0.0,10,0.2,216.0,0.6296296296296297,0.00011374332091076413,1.0038771306366783,45.0,0.6,0.0010988083988675856,1.089420576274602,-0.2477863286116449
US30,ibs,10,200,10,2.0,5,0.2,243.0,0.5843621399176955,-0.0335359409896171,0.86178391972016,49.0,0.6122448979591837,0.10238047424330941,1.6440591071280337,-5.827963897325158
US30,ibs,10,200,10,2.0,10,0.2,239.0,0.5983263598326359,-0.034243374982312384,0.8632594166430148,48.0,0.6041666666666666,0.06936484545317524,1.342740306497871,-5.912066996564637
US30,ibs,10,200,10,3.0,5,0.2,234.0,0.6025641025641025,-0.014701721108117882,0.9005847137150085,48.0,0.625,0.062208061942122306,1.537730275252545,-4.829254622307675
US30,ibs,10,200,10,3.0,10,0.2,225.0,0.6311111111111111,-0.004272321178789752,0.9697958385088467,47.0,0.6170212765957447,0.029681812866161523,1.2010788424745587,-3.263009571065391
US30,ibs,20,0,3,0.0,5,0.4,525.0,0.6457142857142857,-0.0011043335453344897,0.8463977612811473,117.0,0.5982905982905983,0.00013605400888339303,1.0105931390287108,-0.336018434716215
US30,ibs,20,0,3,0.0,10,0.4,497.0,0.6458752515090543,-0.0009075082462029676,0.8658469305644905,109.0,0.6146788990825688,0.0002642566291125233,1.0405781594167145,-0.33755611119957685
US30,ibs,20,0,3,2.0,5,0.4,579.0,0.6528497409326425,-0.024182009755056674,0.8857901782642624,125.0,0.6,0.006953243609498288,1.033707423191544,-6.441135665236032
US30,ibs,20,0,3,2.0,10,0.4,571.0,0.6514886164623468,-0.025583880044749662,0.8796559669879099,121.0,0.6115702479338843,0.00536235699646251,1.0264080272628024,-6.43686606277529
US30,ibs,20,0,3,3.0,5,0.4,543.0,0.6519337016574586,-0.016121574069260135,0.8843086364727506,121.0,0.6115702479338843,0.008448271615501367,1.0594463746564653,-4.041631702725457
US30,ibs,20,0,3,3.0,10,0.4,527.0,0.6527514231499051,-0.0150154021472485,0.8891884045896374,116.0,0.6206896551724138,0.006242752972887771,1.0433935844951066,-3.9193536056340355
US30,ibs,20,0,5,0.0,5,0.4,525.0,0.6647619047619048,-0.0007518258811726561,0.8893769757281003,115.0,0.6173913043478261,0.0004464343890574735,1.0518710685113344,-0.5365218637206488
US30,ibs,20,0,5,0.0,10,0.4,480.0,0.6625,-0.0005928061998518871,0.9063352809460725,102.0,0.6470588235294118,5.110072124780694e-05,1.0094924226113604,-0.46276269837097694
US30,ibs,20,0,5,2.0,5,0.4,573.0,0.6527050610820244,-0.020626487334338334,0.9059728501902209,123.0,0.6097560975609756,0.006372877460434384,1.0302988189628868,-8.661684693905045
US30,ibs,20,0,5,2.0,10,0.4,561.0,0.6524064171122995,-0.023817663591055933,0.8933958685747305,115.0,0.6260869565217392,-0.0008408614407508788,0.9963135464817352,-8.159943667036739
US30,ibs,20,0,5,3.0,5,0.4,540.0,0.6611111111111111,-0.011505648373952054,0.9165636520190146,119.0,0.6302521008403361,0.013534977048517633,1.0982426113631265,-6.551497737677934
US30,ibs,20,0,5,3.0,10,0.4,508.0,0.6614173228346457,-0.009558473117867443,0.9279290494367824,110.0,0.6636363636363637,0.005466436119973714,1.0370638438496453,-5.352343360796787
US30,ibs,20,0,10,0.0,5,0.4,528.0,0.6193181818181818,-0.0010807794761783637,0.8592857409838871,116.0,0.603448275862069,7.598658703273892e-05,1.0171152952853642,-0.5346700992662837
US30,ibs,20,0,10,0.0,10,0.4,469.0,0.6460554371002132,-0.0010801807800880328,0.8573158637952697,106.0,0.6509433962264151,0.0003810090861708754,1.0582813025234117,-0.4099119222673452
US30,ibs,20,0,10,2.0,5,0.4,572.0,0.6171328671328671,-0.01707728017345639,0.9222863951331076,122.0,0.5983606557377049,0.01624857991790529,1.0841110023271727,-6.6905786132599765
US30,ibs,20,0,10,2.0,10,0.4,542.0,0.6180811808118081,-0.022133572433329037,0.9051300078170607,118.0,0.6101694915254238,0.005507508676966262,1.0248269496426439,-6.449699083840615
US30,ibs,20,0,10,3.0,5,0.4,544.0,0.6176470588235294,-0.01697867335355521,0.8826344333048691,119.0,0.6134453781512605,0.009160517578340424,1.0637745558135507,-6.89686770037879
US30,ibs,20,0,10,3.0,10,0.4,495.0,0.6424242424242425,-0.009077579655451582,0.9352139581637108,113.0,0.6460176991150443,0.0012629179196401326,1.0073280616156615,-4.979442732832611
US30,ibs,20,100,3,0.0,5,0.4,366.0,0.6311475409836066,-0.001620480389244357,0.7802578388482835,80.0,0.6,0.0004362439239982868,1.0502673352383727,-0.29188446832324344
US30,ibs,20,100,3,0.0,10,0.4,354.0,0.632768361581921,-0.001366165897136202,0.8070211149556905,77.0,0.6103896103896104,0.0005810345809064712,1.0884865837532174,-0.2712647633468594
US30,ibs,20,100,3,2.0,5,0.4,394.0,0.6472081218274112,-0.0242789988260329,0.8815398599861566,84.0,0.6071428571428571,0.014371803353954432,1.0699144198040809,-4.477262469112483
US30,ibs,20,100,3,2.0,10,0.4,389.0,0.6478149100257069,-0.026048243945374396,0.8740689315870458,83.0,0.6144578313253012,0.010056737230843283,1.0491453199898688,-4.477262469112483
US30,ibs,20,100,3,3.0,5,0.4,376.0,0.6409574468085106,-0.01698135101930579,0.8748006546011347,81.0,0.6049382716049383,0.014046075114011455,1.1029940020417746,-3.3122282896893824
US30,ibs,20,100,3,3.0,10,0.4,366.0,0.6420765027322405,-0.015964242962393436,0.8800341417340243,80.0,0.6125,0.01064982309882031,1.0784242004028066,-3.3009732707482504
US30,ibs,20,100,5,0.0,5,0.4,377.0,0.6472148541114059,-0.0011361922259764403,0.8348166678609981,80.0,0.6375,0.0005917651156654161,1.074300944713471,-0.46669186499694465
US30,ibs,20,100,5,0.0,10,0.4,355.0,0.6422535211267606,-0.00072006515010191,0.8799544162747096,73.0,0.6712328767123288,-0.00031001674953379433,0.976267632682403,-0.39012715156846983
US30,ibs,20,100,5,2.0,5,0.4,401.0,0.6458852867830424,-0.01686695935816225,0.9185011209445535,84.0,0.6309523809523809,0.012677826412152801,1.061990944121257,-4.877933195304919
US30,ibs,20,100,5,2.0,10,0.4,394.0,0.6421319796954315,-0.022995536831970597,0.8915055742944262,79.0,0.6455696202531646,-0.0018299965745893119,0.9910555872534348,-4.736582643371579
US30,ibs,20,100,5,3.0,5,0.4,385.0,0.6519480519480519,-0.00829847988591008,0.9359410361564509,81.0,0.6419753086419753,0.01658215409117068,1.1299137093692828,-4.856582708786068
US30,ibs,20,100,5,3.0,10,0.4,369.0,0.6504065040650406,-0.004295010201366105,0.9651804942747888,76.0,0.6710526315789473,0.0039866958007711475,1.0284931728914894,-4.235995796238615
US30,ibs,20,100,10,0.0,5,0.4,384.0,0.6067708333333334,-0.0010852129658822083,0.8434677386129704,81.0,0.6296296296296297,0.0011849162419683191,1.1629966405649748,-0.3784621542615276
US30,ibs,20,100,10,0.0,10,0.4,358.0,0.6201117318435754,-0.00131613325912075,0.8193988490364265,76.0,0.6578947368421053,-0.00045919970483710137,0.960835390319046,-0.38179256710165627
US30,ibs,20,100,10,2.0,5,0.4,405.0,0.6049382716049383,-0.014171450021575134,0.9313248254934553,84.0,0.6309523809523809,0.03859689662335221,1.2163222245228202,-4.731316010773023
US30,ibs,20,100,10,2.0,10,0.4,397.0,0.6070528967254408,-0.022604440342903438,0.8974116658103106,81.0,0.6296296296296297,0.030078491588464783,1.15583936413771,-5.384442511416578
US30,ibs,20,100,10,3.0,5,0.4,390.0,0.6076923076923076,-0.012882333026794474,0.9030409774722353,82.0,0.6341463414634146,0.026700174153005733,1.2207602068224805,-4.655334765784695
US30,ibs,20,100,10,3.0,10,0.4,372.0,0.6236559139784946,-0.00589687520229796,0.9539816083276335,78.0,0.6538461538461539,0.0056540402170348275,1.0388780260317116,-4.537747445159422
US30,ibs,20,200,3,0.0,5,0.4,380.0,0.6131578947368421,-0.0020128439898667795,0.7418749968570466,69.0,0.5942028985507246,0.0014456083784949616,1.203354559687022,-0.3026681680837111
US30,ibs,20,200,3,0.0,10,0.4,363.0,0.6143250688705234,-0.0017965725226140748,0.756746549331206,66.0,0.5909090909090909,0.0008855470996931741,1.1242018514786285,-0.27850407168205127
US30,ibs,20,200,3,2.0,5,0.4,411.0,0.6253041362530414,-0.04671834868114382,0.7880856729064577,72.0,0.5833333333333334,0.0056605620701736924,1.028081051881496,-6.002569760123239
US30,ibs,20,200,3,2.0,10,0.4,405.0,0.6246913580246913,-0.04964341789854836,0.7772362678415523,71.0,0.5915492957746479,-0.005708454594870524,0.9730028931578706,-6.002569760123239
US30,ibs,20,200,3,3.0,5,0.4,390.0,0.6205128205128205,-0.03075943928878367,0.7867388339591158,70.0,0.6,0.022674919582413935,1.1881101447457207,-3.5177017527578336
US30,ibs,20,200,3,3.0,10,0.4,378.0,0.6243386243386243,-0.02963764705019855,0.7879022793521134,68.0,0.6029411764705882,0.012870976969384789,1.1025061202637354,-3.3911063793168603
US30,ibs,20,200,5,0.0,5,0.4,387.0,0.6330749354005168,-0.0015067184231065977,0.7975961296523335,68.0,0.6176470588235294,0.0015871049050963089,1.2274484727209223,-0.4956371276493613
US30,ibs,20,200,5,0.0,10,0.4,359.0,0.6323119777158774,-0.0009751563217855904,0.8489111145260405,61.0,0.6229508196721312,0.0004376885930243616,1.0551397383874834,-0.39347986124882983
US30,ibs,20,200,5,2.0,5,0.4,414.0,0.6256038647342995,-0.04329935398486412,0.8086295362359859,72.0,0.5972222222222222,-0.0067755601006983706,0.9688879209598845,-6.911339495174669
US30,ibs,20,200,5,2.0,10,0.4,404.0,0.6262376237623762,-0.0484467522392993,0.7895440816335002,68.0,0.6176470588235294,-0.025795609472801025,0.8899774600786303,-6.7711248674864795
US30,ibs,20,200,5,3.0,5,0.4,396.0,0.6338383838383839,-0.022863770423393246,0.8366111458628771,69.0,0.6231884057971014,0.024978458375974708,1.2089914482704769,-5.901993297063917
US30,ibs,20,200,5,3.0,10,0.4,375.0,0.6373333333333333,-0.016585210785510635,0.8732939239021713,64.0,0.640625,0.006682539074174227,1.0523419285765543,-4.561571862123886
US30,ibs,20,200,10,0.0,5,0.4,392.0,0.5943877551020408,-0.001282841861287052,0.8275427614586455,67.0,0.582089552238806,0.0004217591716960627,1.0756208376768135,-0.4025254515432734
US30,ibs,20,200,10,0.0,10,0.4,354.0,0.615819209039548,-0.0011518241307175985,0.8376674516992356,62.0,0.5967741935483871,-0.0009479482768849266,0.8699016286521916,-0.35564322920191316
US30,ibs,20,200,10,2.0,5,0.4,416.0,0.5913461538461539,-0.031039440834938727,0.860222489886472,70.0,0.5714285714285714,-0.017163225572457044,0.9192870030270214,-5.183843499786305
US30,ibs,20,200,10,2.0,10,0.4,402.0,0.5970149253731343,-0.03638625083500544,0.8436597853660696,68.0,0.5735294117647058,-0.024553835973811132,0.8931551905546349,-5.112600147256506
US30,ibs,20,200,10,3.0,5,0.4,401.0,0.5935162094763092,-0.022958232658561527,0.8390164509998881,68.0,0.5882352941176471,0.00621880161432972,1.0480232739731503,-5.733900510634063
US30,ibs,20,200,10,3.0,10,0.4,370.0,0.6162162162162163,-0.016933985577581613,0.8771814117941896,63.0,0.6031746031746031,-0.007661070670400784,0.9471149911720875,-4.361756539426227
US30,rsi2ibs,5,0,3,0.0,5,0.1,28.0,0.75,0.0052733976871190595,1.7666616856141821,10.0,0.9,0.0077681375942742995,1.706137416994336,-0.06864973740280937
US30,rsi2ibs,5,0,3,0.0,10,0.1,28.0,0.75,0.0052733976871190595,1.7666616856141821,9.0,0.8888888888888888,0.01020562640233805,2.2584818738391066,-0.0544804757245099
US30,rsi2ibs,5,0,3,2.0,5,0.1,32.0,0.78125,0.13712069117503498,1.686824479882657,10.0,0.9,0.3899588383601572,4.641400373577725,-1.0700910222774789
US30,rsi2ibs,5,0,3,2.0,10,0.1,32.0,0.78125,0.13712069117503498,1.686824479882657,10.0,0.9,0.3899588383601572,4.641400373577725,-1.0700910222774789
US30,rsi2ibs,5,0,3,3.0,5,0.1,30.0,0.7666666666666667,0.059207051498170564,1.379404009918554,10.0,0.9,0.2256964998590794,3.0987942098189687,-0.8732918613077676
US30,rsi2ibs,5,0,3,3.0,10,0.1,30.0,0.7666666666666667,0.059207051498170564,1.379404009918554,10.0,0.9,0.2256964998590794,3.0987942098189687,-0.8732918613077676
US30,rsi2ibs,5,0,5,0.0,5,0.1,28.0,0.6071428571428571,0.0027819533356605425,1.3663612827722207,10.0,0.8,0.0066612633162422535,1.5526461209001692,-0.0973534587685326
US30,rsi2ibs,5,0,5,0.0,10,0.1,28.0,0.6785714285714286,0.0053556213217326185,2.0133241980484007,9.0,0.7777777777777778,0.010381649419766329,2.139683616878851,-0.0705312471530582
US30,rsi2ibs,5,0,5,2.0,5,0.1,32.0,0.65625,0.056294879990057584,1.2152681850974865,10.0,0.8,0.36228698140935617,3.365102124262916,-1.3058917179114968
US30,rsi2ibs,5,0,5,2.0,10,0.1,32.0,0.6875,0.08350021834072067,1.3549992618588182,10.0,0.8,0.4005801505188333,4.4831714460721335,-1.1250827580430087
US30,rsi2ibs,5,0,5,3.0,5,0.1,30.0,0.6333333333333333,0.014847678252178666,1.079643741407253,10.0,0.8,0.20724859522521202,2.488884934783944,-1.372549530330549
US30,rsi2ibs,5,0,5,3.0,10,0.1,30.0,0.7,0.0470553949066548,1.296770508802111,10.0,0.8,0.2327773746315301,3.061593094049282,-0.973359834494722
US30,rsi2ibs,5,0,10,0.0,5,0.1,28.0,0.5357142857142857,0.003226937373609519,1.390349935943436,10.0,0.6,-0.008531764093115818,0.7538273287982868,-0.06751165335272395
US30,rsi2ibs,5,0,10,0.0,10,0.1,27.0,0.7037037037037037,0.0077112331563703295,2.2998883645446093,8.0,0.5,-0.0023401368363480234,0.894728763854844,-0.02686289945048652
US30,rsi2ibs,5,0,10,2.0,5,0.1,32.0,0.59375,0.07757598166615617,1.2553103608041924,10.0,0.6,0.2598672686339555,1.9470353636745725,-0.9410486727605003
US30,rsi2ibs,5,0,10,2.0,10,0.1,32.0,0.65625,0.05731449514735587,1.1577508345351981,10.0,0.6,0.2610210401220082,1.8022941151579275,-0.7373011277628512
US30,rsi2ibs,5,0,10,3.0,5,0.1,30.0,0.5666666666666667,-0.008307562819410485,0.9613835697189157,10.0,0.6,0.10563545337494493,1.4123263782709132,-1.6640787228677467
US30,rsi2ibs,5,0,10,3.0,10,0.1,30.0,0.7,0.025522891505249005,1.1113776184086281,10.0,0.6,0.07118616842276512,1.214926531400773,-1.1116980308007314
US30,rsi2ibs,5,100,3,0.0,5,0.1,13.0,0.6923076923076923,0.004241038061317471,1.543547538241252,5.0,0.8,-0.015134836908705724,0.38355847820021394,-0.0878614759738915
US30,rsi2ibs,5,100,3,0.0,10,0.1,13.0,0.6923076923076923,0.004241038061317471,1.543547538241252,4.0,0.75,-0.015376230716307285,0.22487805392272633,-0.07369221429559203
US30,rsi2ibs,5,100,3,2.0,5,0.1,15.0,0.7333333333333333,0.10109694101141846,1.4354150346106818,5.0,0.8,0.01313987428895646,1.0640850316138144,-1.0118176002207855
US30,rsi2ibs,5,100,3,2.0,10,0.1,15.0,0.7333333333333333,0.10109694101141846,1.4354150346106818,5.0,0.8,0.01313987428895646,1.0640850316138144,-1.0118176002207855
US30,rsi2ibs,5,100,3,3.0,5,0.1,13.0,0.6923076923076923,0.015020990512196707,1.0800111292093946,5.0,0.8,-0.05979220190274655,0.7131840505397549,-1.0078784001471905
US30,rsi2ibs,5,100,3,3.0,10,0.1,13.0,0.6923076923076923,0.015020990512196707,1.0800111292093946,5.0,0.8,-0.05979220190274655,0.7131840505397549,-1.0078784001471905
US30,rsi2ibs,5,100,5,0.0,5,0.1,13.0,0.6153846153846154,0.006520034297248052,2.2528449949933287,5.0,0.6,-0.019242705122262328,0.3279046116322577,-0.11656519733961473
US30,rsi2ibs,5,100,5,0.0,10,0.1,13.0,0.6153846153846154,0.006520034297248052,2.2528449949933287,4.0,0.5,-0.017347828498959307,0.24355647629006388,-0.08974298572414033
US30,rsi2ibs,5,100,5,2.0,5,0.1,15.0,0.6666666666666666,0.09396672711836906,1.4034900128039145,5.0,0.6,-0.08955683104995867,0.7100675915284089,-1.0118176002207855
US30,rsi2ibs,5,100,5,2.0,10,0.1,15.0,0.6666666666666666,0.09396672711836906,1.4034900128039145,5.0,0.6,-0.012970492831004354,0.9459905326999989,-1.0118176002207855
US30,rsi2ibs,5,100,5,3.0,5,0.1,13.0,0.6153846153846154,0.009536210594466372,1.0498254207037647,5.0,0.6,-0.12825667212868996,0.5267083374903753,-1.0078784001471905
US30,rsi2ibs,5,100,5,3.0,10,0.1,13.0,0.6153846153846154,0.009536210594466372,1.0498254207037647,5.0,0.6,-0.07719911331605375,0.6479072560173198,-1.0078784001471905
US30,rsi2ibs,5,100,10,0.0,5,0.1,13.0,0.6153846153846154,0.007297686286283507,2.1475517396800385,5.0,0.4,-0.017735054042559283,0.4178621864242828,-0.09442186736362695
US30,rsi2ibs,5,100,10,0.0,10,0.1,13.0,0.6923076923076923,0.010194661708563176,2.548470305329243,4.0,0.5,-0.002478916370367807,0.8676627218110785,-0.05588872482333103
US30,rsi2ibs,5,100,10,2.0,5,0.1,15.0,0.6666666666666666,0.225681260337915,1.8765211151166927,5.0,0.4,-0.051865554057382635,0.8519771586656905,-1.0118176002207855
US30,rsi2ibs,5,100,10,2.0,10,0.1,15.0,0.6,0.10238903206000151,1.2750522948877863,5.0,0.6,0.22585309511671806,1.9834712874764717,-1.0924431398408383
US30,rsi2ibs,5,100,10,3.0,5,0.1,13.0,0.6153846153846154,0.022497077078390645,1.108524316698446,5.0,0.4,-0.10312915413363921,0.649304544458075,-1.29140835909544
US30,rsi2ibs,5,100,10,3.0,10,0.1,13.0,0.6153846153846154,-0.0007118185834829124,0.9947292570025346,5.0,0.6,0.0820166119824279,1.3591288143260083,-1.1476638366083138
US30,rsi2ibs,5,200,3,0.0,5,0.1,18.0,0.7777777777777778,0.007381419349292208,2.2746517355225118,2.0,1.0,0.006093645715181444,11526160208.888683,-0.049388651830558614
US30,rsi2ibs,5,200,3,0.0,10,0.1,18.0,0.7777777777777778,0.007381419349292208,2.2746517355225118,2.0,1.0,0.006093645715181444,11526160208.888683,-0.049388651830558614
US30,rsi2ibs,5,200,3,2.0,5,0.1,20.0,0.8,0.1729877726212296,1.9933384539057035,2.0,1.0,0.15234114287953615,302460150063.32776,-1.0118176002207855
US30,rsi2ibs,5,200,3,2.0,10,0.1,20.0,0.8,0.1729877726212296,1.9933384539057035,2.0,1.0,0.15234114287953615,302460150063.32776,-1.0118176002207855
US30,rsi2ibs,5,200,3,3.0,5,0.1,18.0,0.7777777777777778,0.08282261674967227,1.6169928793691115,2.0,1.0,0.10156076191969077,200880018354.44073,-1.0154719212780563
US30,rsi2ibs,5,200,3,3.0,10,0.1,18.0,0.7777777777777778,0.08282261674967227,1.6169928793691115,2.0,1.0,0.10156076191969077,200880018354.44073,-1.0154719212780563
US30,rsi2ibs,5,200,5,0.0,5,0.1,18.0,0.6666666666666666,0.006210759184625838,1.9941989459371723,2.0,1.0,0.01017583586415155,19546030975.555347,-0.05251785022249967
US30,rsi2ibs,5,200,5,0.0,10,0.1,18.0,0.7777777777777778,0.00882756133125683,3.3339537724313684,2.0,1.0,0.01017583586415155,19546030975.555347,-0.02856646847235004
US30,rsi2ibs,5,200,5,2.0,5,0.1,20.0,0.7,0.0747538615700952,1.2952239612224656,2.0,1.0,0.25439589660378875,504961886921.661,-1.368340428461686
US30,rsi2ibs,5,200,5,2.0,10,0.1,20.0,0.75,0.10469308875778224,1.4643940249868712,2.0,1.0,0.25439589660378875,504961886921.661,-1.0118176002207855
US30,rsi2ibs,5,200,5,3.0,5,0.1,18.0,0.6666666666666666,0.03191802196548537,1.185700123185198,2.0,1.0,0.16959726440252584,335212853696.10736,-1.4141820040306754
US30,rsi2ibs,5,200,5,3.0,10,0.1,18.0,0.7777777777777778,0.07553139107600193,1.5622694640430141,2.0,1.0,0.16959726440252584,335212853696.10736,-1.0149923081948482
US30,rsi2ibs,5,200,10,0.0,5,0.1,18.0,0.6111111111111112,0.006537035933470614,1.9193158945059952,2.0,0.5,0.0028732985754152686,2.077939023987526,-0.05251785022249967
US30,rsi2ibs,5,200,10,0.0,10,0.1,17.0,0.7647058823529411,0.01065019692144487,3.1474334433069138,2.0,1.0,0.0229865296709299,43307927364.444084,-0.026535000350941883
US30,rsi2ibs,5,200,10,2.0,5,0.1,20.0,0.65,0.16824414351193603,1.6039130553072978,2.0,0.5,0.07183246438538174,1.7489320118561678,-1.0118176002207855
US30,rsi2ibs,5,200,10,2.0,10,0.1,20.0,0.65,0.12481801945527866,1.3774195614186315,2.0,1.0,0.5746632417732477,1141012473107.7683,-1.0118176002207855
US30,rsi2ibs,5,200,10,3.0,5,0.1,18.0,0.6111111111111112,0.037355967779564986,1.1956554801312769,2.0,0.5,0.04788830959025449,1.7402739325895529,-1.4141820040306754
US30,rsi2ibs,5,200,10,3.0,10,0.1,18.0,0.7222222222222222,0.026287382451629274,1.109849610636353,2.0,1.0,0.3831088278488318,757899098776.6603,-1.0078784001471905
US30,rsi2ibs,10,0,3,0.0,5,0.2,94.0,0.7340425531914894,0.004002608562773527,1.5862968643878208,23.0,0.8695652173913043,0.0083249099480722,2.5830229166483782,-0.05030967585980881
US30,rsi2ibs,10,0,3,0.0,10,0.2,92.0,0.7282608695652174,0.004239289371766658,1.6504634703026784,22.0,0.9090909090909091,0.008784270678685941,2.597061125824329,-0.05030967585980881
US30,rsi2ibs,10,0,3,2.0,5,0.2,103.0,0.7281553398058253,0.07859905523230155,1.3672590558521593,25.0,0.84,0.2606273773944189,2.968900422402898,-2.7561166430303077
US30,rsi2ibs,10,0,3,2.0,10,0.2,102.0,0.7254901960784313,0.08188107900671736,1.3869710474470058,25.0,0.84,0.2606273773944189,2.968900422402898,-2.7561166430303077
US30,rsi2ibs,10,0,3,3.0,5,0.2,98.0,0.7448979591836735,0.06300684316772061,1.500388415422874,25.0,0.84,0.1424309876907742,2.187346420331649,-1.2228840932496652
US30,rsi2ibs,10,0,3,3.0,10,0.2,97.0,0.7422680412371134,0.06541699873136109,1.5270727070681083,24.0,0.875,0.18036604998307337,2.9500268483062935,-1.2228840932496652
US30,rsi2ibs,10,0,5,0.0,5,0.2,93.0,0.7204301075268817,0.003622987450111583,1.4245405331663479,22.0,0.7727272727272727,0.009173063919273187,2.3014758256873558,-0.10308931049783002
US30,rsi2ibs,10,0,5,0.0,10,0.2,91.0,0.7362637362637363,0.005184378364433988,1.6940635464885807,21.0,0.7619047619047619,0.010790425979655358,2.7037726480510735,-0.0733061941675543
US30,rsi2ibs,10,0,5,2.0,5,0.2,102.0,0.6862745098039216,0.05816847556731567,1.2219406521456304,24.0,0.75,0.2845416253773611,2.635834838691406,-3.2956841866042548
US30,rsi2ibs,10,0,5,2.0,10,0.2,100.0,0.69,0.0665601809930551,1.2634770620645743,24.0,0.7083333333333334,0.3082999101768767,3.0736872061176284,-2.8931418307032497
US30,rsi2ibs,10,0,5,3.0,5,0.2,97.0,0.7319587628865979,0.066243589167968,1.4432595086256503,24.0,0.75,0.1570687947944507,2.051411421680287,-1.58259578896563
US30,rsi2ibs,10,0,5,3.0,10,0.2,96.0,0.75,0.08019148507922703,1.5580410913662808,23.0,0.7391304347826086,0.213817136486238,3.054754333553325,-1.3142342183649602
US30,rsi2ibs,10,0,10,0.0,5,0.2,90.0,0.6555555555555556,0.001559174274988825,1.1367593797180786,22.0,0.6363636363636364,0.004849040353703778,1.3185134161005092,-0.2050727736902761
US30,rsi2ibs,10,0,10,0.0,10,0.2,83.0,0.6987951807228916,-5.997948886130673e-05,1.0206662166561051,20.0,0.7,0.008890440478958126,1.7317995467179506,-0.14788822962848386
US30,rsi2ibs,10,0,10,2.0,5,0.2,100.0,0.6,0.010878625861304263,1.0323367224636204,23.0,0.6521739130434783,0.3060030394075449,2.4813595166135047,-5.863761763239321
US30,rsi2ibs,10,0,10,2.0,10,0.2,97.0,0.6082474226804123,-0.012288756557013933,0.967261339867205,23.0,0.6956521739130435,0.3345108362638647,2.377819911707259,-5.76980109701883
US30,rsi2ibs,10,0,10,3.0,5,0.2,94.0,0.6595744680851063,0.02806424469517142,1.1357471276545752,23.0,0.6521739130434783,0.16995789883817655,1.9820293980091679,-3.2823201755063973
US30,rsi2ibs,10,0,10,3.0,10,0.2,91.0,0.7142857142857143,0.01786974354711277,1.0737426759424389,22.0,0.7272727272727273,0.2164535033162373,2.155133536340381,-2.756318182733674
US30,rsi2ibs,10,100,3,0.0,5,0.2,46.0,0.7391304347826086,0.0038072746750247937,1.5701993408354997,14.0,0.8571428571428571,0.005629284632640359,1.642206020894258,-0.08627143845570523
US30,rsi2ibs,10,100,3,0.0,10,0.2,45.0,0.7333333333333333,0.004119585107588109,1.6430325314449734,13.0,0.9230769230769231,0.006199308537107313,1.6519726976957407,-0.08627143845570523
US30,rsi2ibs,10,100,3,2.0,5,0.2,49.0,0.7346938775510204,0.056195002819549825,1.2447389147573789,15.0,0.8666666666666667,0.19639774861810272,2.420072159548792,-1.8149623143259421
US30,rsi2ibs,10,100,3,2.0,10,0.2,48.0,0.7291666666666666,0.06270255224825105,1.278931426657274,15.0,0.8666666666666667,0.19639774861810272,2.420072159548792,-1.8149623143259421
US30,rsi2ibs,10,100,3,3.0,5,0.2,46.0,0.7391304347826086,0.05444462566001553,1.458544453308326,15.0,0.8666666666666667,0.10095305923622654,1.8183888389187672,-1.1672044740578478
US30,rsi2ibs,10,100,3,3.0,10,0.2,45.0,0.7333333333333333,0.05944957837480267,1.5184106256786913,14.0,0.9285714285714286,0.16302188541912893,3.13205305043428,-1.1389501725928406
US30,rsi2ibs,10,100,5,0.0,5,0.2,46.0,0.782608695652174,0.006517812530548478,1.8797529191660893,13.0,0.6923076923076923,0.006117649087219904,1.5367571295085238,-0.11981048309613576
US30,rsi2ibs,10,100,5,0.0,10,0.2,45.0,0.7777777777777778,0.008061549284117434,2.3425844308209127,12.0,0.6666666666666666,0.008693414790217594,1.8228920751537883,-0.10250962951112756
US30,rsi2ibs,10,100,5,2.0,5,0.2,49.0,0.7346938775510204,0.12264394242598908,1.539726849279568,14.0,0.7142857142857143,0.21563608570938136,2.027335938649725,-1.9645928308185239
US30,rsi2ibs,10,100,5,2.0,10,0.2,48.0,0.7291666666666666,0.13365413967636483,1.6097100603436618,14.0,0.6428571428571429,0.2563645739371225,2.538812224788574,-1.8149623143259421
US30,rsi2ibs,10,100,5,3.0,5,0.2,46.0,0.782608695652174,0.10562508437234967,1.8464970813378625,14.0,0.7142857142857143,0.11163727635594752,1.6408067584006867,-1.7594101515166443
US30,rsi2ibs,10,100,5,3.0,10,0.2,45.0,0.7777777777777778,0.11398483477458034,1.9610306877104697,13.0,0.6923076923076923,0.20854345639230168,3.1791319952378108,-1.7481380359916254
US30,rsi2ibs,10,100,10,0.0,5,0.2,45.0,0.6888888888888889,0.0025454106984967406,1.2028354368490408,13.0,0.6153846153846154,0.006018297193162877,1.501161525995027,-0.11981048309613576
US30,rsi2ibs,10,100,10,0.0,10,0.2,44.0,0.75,0.003940991995158083,1.350044483639411,12.0,0.75,0.010876848979282323,1.8798992725899502,-0.13477357397721323
US30,rsi2ibs,10,100,10,2.0,5,0.2,49.0,0.6326530612244898,0.07379078269623035,1.2209255462991782,14.0,0.6428571428571429,0.2537846125020627,2.1348785244667563,-2.3113430660414456
US30,rsi2ibs,10,100,10,2.0,10,0.2,48.0,0.6458333333333334,0.040639897496798916,1.1090364218223179,14.0,0.7142857142857143,0.3436073594646576,2.5436135623669784,-3.119575701540126
US30,rsi2ibs,10,100,10,3.0,5,0.2,45.0,0.6888888888888889,0.035560135591590006,1.1648618984036532,14.0,0.6428571428571429,0.13706962755106838,1.748424905164845,-1.8509204433400932
US30,rsi2ibs,10,100,10,3.0,10,0.2,44.0,0.7272727272727273,0.01706464928038307,1.0691581675081876,13.0,0.7692307692307693,0.27117930241207044,2.986532999525853,-2.856500051455539
US30,rsi2ibs,10,200,3,0.0,5,0.2,56.0,0.7678571428571429,0.005800235964091643,1.9165876652230882,11.0,1.0,0.014911518996691879,140182193249.4429,-0.06406305910347414
US30,rsi2ibs,10,200,3,0.0,10,0.2,55.0,0.7636363636363637,0.006091998341444662,1.9987788019697916,11.0,1.0,0.014911518996691879,140182193249.4429,-0.06406305910347414
US30,rsi2ibs,10,200,3,2.0,5,0.2,58.0,0.7758620689655172,0.11578272214062757,1.5975418226864748,11.0,1.0,0.3727879749172969,4072527710029.403,-1.2597528305201648
US30,rsi2ibs,10,200,3,2.0,10,0.2,57.0,0.7719298245614035,0.12230816234937732,1.6469347732555357,11.0,1.0,0.3727879749172969,4072527710029.403,-1.2597528305201648
US30,rsi2ibs,10,200,3,3.0,5,0.2,57.0,0.7719298245614035,0.0894189292253285,1.7842536215042777,11.0,1.0,0.2485253166115313,2706192006063.3057,-1.0154538311804493
US30,rsi2ibs,10,200,3,3.0,10,0.2,56.0,0.7678571428571429,0.09406530736337734,1.8504471093972745,11.0,1.0,0.2485253166115313,2706192006063.3057,-1.0154538311804493
US30,rsi2ibs,10,200,5,0.0,5,0.2,56.0,0.7857142857142857,0.006396506773809723,1.83742842172349,11.0,0.9090909090909091,0.018420094026502142,15.635403301605828,-0.04951954960573027
US30,rsi2ibs,10,200,5,0.0,10,0.2,55.0,0.8181818181818182,0.008729581173911443,2.5909102557110897,11.0,0.8181818181818182,0.019101065459569796,34.416641223840806,-0.042567768750088164
US30,rsi2ibs,10,200,5,2.0,5,0.2,58.0,0.7586206896551724,0.12239314418578193,1.5592663556338815,11.0,0.9090909090909091,0.4605023506625536,13.51610312862114,-1.2597528305201648
US30,rsi2ibs,10,200,5,2.0,10,0.2,57.0,0.7719298245614035,0.14216548126528317,1.703220328021,11.0,0.8181818181818182,0.47752663648924476,30.139777308982488,-1.2597528305201648
US30,rsi2ibs,10,200,5,3.0,5,0.2,57.0,0.7894736842105263,0.10402842923590311,1.7981899533094454,11.0,0.9090909090909091,0.3070015671083691,13.406829158247303,-1.0154538311804493
US30,rsi2ibs,10,200,5,3.0,10,0.2,56.0,0.8214285714285714,0.12473615703863938,2.0986652564412527,11.0,0.8181818181818182,0.31835109099282993,29.962306011913906,-1.0154538311804493
US30,rsi2ibs,10,200,10,0.0,5,0.2,55.0,0.7272727272727273,0.0053616229427267655,1.4909352818407766,11.0,0.7272727272727273,0.01670537564279441,5.977907388014952,-0.0675878149321091
US30,rsi2ibs,10,200,10,0.0,10,0.2,52.0,0.8076923076923077,0.008746943962085928,1.9899241029061465,11.0,0.8181818181818182,0.019906175111948903,5.5398583334982785,-0.07547961137356529
US30,rsi2ibs,10,200,10,2.0,5,0.2,58.0,0.6896551724137931,0.12896478859642854,1.4545845685130354,11.0,0.7272727272727273,0.41763439106986033,5.840919901505072,-2.1975762587458076
US30,rsi2ibs,10,200,10,2.0,10,0.2,57.0,0.7192982456140351,0.1396267181470646,1.4785995587916494,11.0,0.8181818181818182,0.4976543777987226,5.170798679981572,-2.378403175019357
US30,rsi2ibs,10,200,10,3.0,5,0.2,56.0,0.7321428571428571,0.09526840004578101,1.5200780984178386,11.0,0.7272727272727273,0.278422927379907,5.833530998043809,-1.0154538311804493
US30,rsi2ibs,10,200,10,3.0,10,0.2,55.0,0.8,0.10626364307553676,1.5497413872548533,11.0,0.8181818181818182,0.3317695851991485,5.147491246251189,-1.5028440647564716
US30,rsi2ibs,20,0,3,0.0,5,0.4,227.0,0.7004405286343612,0.0015352556754981634,1.1775552619863494,52.0,0.6346153846153846,0.0031241883910398597,1.5786284555602936,-0.10016273098039619
US30,rsi2ibs,20,0,3,0.0,10,0.4,218.0,0.6926605504587156,0.0019316145625495303,1.2501776202797843,50.0,0.64,0.0033608422503695863,1.6496558808237511,-0.09626151039382196
US30,rsi2ibs,20,0,3,2.0,5,0.4,254.0,0.6929133858267716,0.0399425486326885,1.1957461998737124,57.0,0.6666666666666666,0.10098596371094196,1.5639759051653117,-1.62818695904154
US30,rsi2ibs,20,0,3,2.0,10,0.4,252.0,0.6904761904761905,0.040196614343515215,1.1971781480513102,57.0,0.6666666666666666,0.10098596371094196,1.5639759051653117,-1.62818695904154
US30,rsi2ibs,20,0,3,3.0,5,0.4,236.0,0.6991525423728814,0.031085528870023183,1.2434344034302212,55.0,0.6545454545454545,0.06214414021582233,1.4869070396259103,-1.5626334934436237
US30,rsi2ibs,20,0,3,3.0,10,0.4,234.0,0.7008547008547008,0.03429790869499171,1.2665602609567657,54.0,0.6481481481481481,0.06108607052268908,1.46898505359299,-1.5626334934436237
US30,rsi2ibs,20,0,5,0.0,5,0.4,211.0,0.6919431279620853,0.001578107491010624,1.1483291267521285,49.0,0.673469387755102,0.0029146579160827307,1.4110618057185906,-0.1153337516510178
US30,rsi2ibs,20,0,5,0.0,10,0.4,191.0,0.7015706806282722,0.0021995876038300114,1.2299178661286911,44.0,0.6590909090909091,0.002683839796205173,1.3965749676298225,-0.193836464738585
US30,rsi2ibs,20,0,5,2.0,5,0.4,240.0,0.6541666666666667,0.042857814524181505,1.1731012836103352,53.0,0.6981132075471698,0.12379121126463986,1.6225827030251085,-1.7637303212022672
US30,rsi2ibs,20,0,5,2.0,10,0.4,233.0,0.6566523605150214,0.03147194032098842,1.121689669787855,53.0,0.6792452830188679,0.1091150962412163,1.5127863265249764,-2.197154390144929
US30,rsi2ibs,20,0,5,3.0,5,0.4,219.0,0.684931506849315,0.03234618763755237,1.2091644387359701,52.0,0.6923076923076923,0.05778268980267783,1.3592296335623963,-1.8434802178241014
US30,rsi2ibs,20,0,5,3.0,10,0.4,208.0,0.7019230769230769,0.035356369426468394,1.2255387154217368,49.0,0.6530612244897959,0.04029096424172988,1.2371495943988056,-1.9953494416947708
US30,rsi2ibs,20,0,10,0.0,5,0.4,210.0,0.6571428571428571,0.0014026717027502242,1.118985181561241,47.0,0.5531914893617021,-0.001418896018249158,0.9204272639918347,-0.14583665657164277
US30,rsi2ibs,20,0,10,0.0,10,0.4,182.0,0.7252747252747253,0.0006628567395000911,1.0459085463324167,40.0,0.7,0.0013530859386948545,1.1634952436974635,-0.2562009600190291
US30,rsi2ibs,20,0,10,2.0,5,0.4,239.0,0.6234309623430963,0.03951189608847378,1.1416905172742489,51.0,0.6078431372549019,0.0873296876711698,1.375567942164393,-4.8410443486154255
US30,rsi2ibs,20,0,10,2.0,10,0.4,226.0,0.6371681415929203,0.005745164682649768,1.0171472631033405,48.0,0.6458333333333334,0.08726933970489144,1.3122143958694537,-6.837520292190823
US30,rsi2ibs,20,0,10,3.0,5,0.4,218.0,0.6467889908256881,0.02387888612352033,1.1349757090582513,49.0,0.5714285714285714,0.01930157264018151,1.0992636445971684,-3.5095484299630195
US30,rsi2ibs,20,0,10,3.0,10,0.4,200.0,0.705,0.023260962456994553,1.1178529057127289,44.0,0.6818181818181818,0.046947744193680016,1.2371070142950453,-3.482515235102677
US30,rsi2ibs,20,100,3,0.0,5,0.4,131.0,0.7175572519083969,0.0007462445202476903,1.0575699691227065,32.0,0.65625,0.0028323359035649673,1.394524211719704,-0.12851882315876517
US30,rsi2ibs,20,100,3,0.0,10,0.4,129.0,0.7209302325581395,0.0018086514582371426,1.2088165158220792,31.0,0.6774193548387096,0.003049547403246876,1.459221506759557,-0.12461760257219094
US30,rsi2ibs,20,100,3,2.0,5,0.4,145.0,0.7241379310344828,0.047916004165266486,1.234474190931859,35.0,0.6857142857142857,0.09053302546228945,1.4760120205556204,-1.8978030898900942
US30,rsi2ibs,20,100,3,2.0,10,0.4,144.0,0.7222222222222222,0.0500276942619566,1.2469841612592676,35.0,0.6857142857142857,0.09053302546228945,1.4760120205556204,-1.8978030898900942
US30,rsi2ibs,20,100,3,3.0,5,0.4,134.0,0.7238805970149254,0.03608741207860604,1.2835095841754112,34.0,0.6764705882352942,0.04969107454763833,1.359334944843535,-1.7661290657865238
US30,rsi2ibs,20,100,3,3.0,10,0.4,133.0,0.7293233082706767,0.040681447056347256,1.3193952342747102,34.0,0.6764705882352942,0.045357795225808246,1.3166855739084844,-1.9134605627287467
US30,rsi2ibs,20,100,5,0.0,5,0.4,124.0,0.7096774193548387,0.0015063449367959585,1.1274827199933937,30.0,0.6666666666666666,0.0010128451260224235,1.1017071464342043,-0.11136662255676842
US30,rsi2ibs,20,100,5,0.0,10,0.4,120.0,0.7416666666666667,0.0028039399194743483,1.2937209845511057,28.0,0.6428571428571429,0.0009365773331733931,1.1145680172588734,-0.14409062708056838
US30,rsi2ibs,20,100,5,2.0,5,0.4,138.0,0.6811594202898551,0.052147427979704564,1.2146154561027838,33.0,0.696969696969697,0.07922765846307893,1.3252918273462213,-2.8037274703814825
US30,rsi2ibs,20,100,5,2.0,10,0.4,136.0,0.6838235294117647,0.04765625503598175,1.1901009809290783,33.0,0.6666666666666666,0.05565692827394419,1.2092457623951587,-2.633890456227218
US30,rsi2ibs,20,100,5,3.0,5,0.4,127.0,0.7165354330708661,0.049086376545172596,1.3437425978087005,32.0,0.6875,0.01873244003225836,1.0977219677167838,-1.6920547824455865
US30,rsi2ibs,20,100,5,3.0,10,0.4,124.0,0.75,0.057387807412168826,1.4001582693459331,31.0,0.6451612903225806,-0.003232092664372543,0.9845905564774989,-2.0059276067180773
US30,rsi2ibs,20,100,10,0.0,5,0.4,125.0,0.688,0.0016183286354846658,1.1305648775645132,29.0,0.6206896551724138,0.0013979082573704474,1.1387528171112775,-0.13688128756325527
US30,rsi2ibs,20,100,10,0.0,10,0.4,119.0,0.7478991596638656,0.0007556722164300371,1.0548177307058657,27.0,0.7037037037037037,4.87352794603783e-05,1.043304048342915,-0.17239403261413339
US30,rsi2ibs,20,100,10,2.0,5,0.4,139.0,0.6474820143884892,0.07241481500688955,1.2730755050341762,32.0,0.65625,0.1060152579039607,1.4729067981342052,-2.296661655905548
US30,rsi2ibs,20,100,10,2.0,10,0.4,138.0,0.6666666666666666,0.042773270465531824,1.1384429621429937,32.0,0.6875,0.10751777048598678,1.3975081130082108,-2.9916049725776954
US30,rsi2ibs,20,100,10,3.0,5,0.4,128.0,0.6953125,0.05407798950138559,1.3377255794123273,31.0,0.6451612903225806,0.03925359510761643,1.2174481114774776,-1.3519087783576773
US30,rsi2ibs,20,100,10,3.0,10,0.4,123.0,0.7479674796747967,0.054291795916218764,1.3046424361980713,30.0,0.7,0.010622492941003725,1.0448999787558377,-1.6283484462740296
US30,rsi2ibs,20,200,3,0.0,5,0.4,156.0,0.7115384615384616,0.0014137698321890209,1.146543143430316,31.0,0.7096774193548387,0.007226353201618002,2.82487965778241,-0.09715906637355966
US30,rsi2ibs,20,200,3,0.0,10,0.4,150.0,0.7066666666666667,0.002025904385534605,1.2481386433005068,31.0,0.7096774193548387,0.007511723292995618,2.9941802093980123,-0.08869781452492824
US30,rsi2ibs,20,200,3,2.0,5,0.4,171.0,0.7134502923976608,0.042879634568516976,1.21022023035574,33.0,0.7272727272727273,0.14741842605759573,1.9768176377874236,-3.98596234280062
US30,rsi2ibs,20,200,3,2.0,10,0.4,169.0,0.7100591715976331,0.043293236527096796,1.2125510212248438,33.0,0.7272727272727273,0.14741842605759573,1.9768176377874236,-3.98596234280062
US30,rsi2ibs,20,200,3,3.0,5,0.4,159.0,0.710691823899371,0.031574022297037714,1.247361184687838,32.0,0.71875,0.11052130895921228,2.2358191002276198,-2.418399509883798
US30,rsi2ibs,20,200,3,3.0,10,0.4,157.0,0.7133757961783439,0.034483037239447165,1.268227971046779,32.0,0.71875,0.11512884689291336,2.357006158678769,-2.418399509883798
US30,rsi2ibs,20,200,5,0.0,5,0.4,147.0,0.6938775510204082,0.001700049699119982,1.1551195845322157,28.0,0.7142857142857143,0.006060422819610102,1.9662305688449788,-0.14429603795995177
US30,rsi2ibs,20,200,5,0.0,10,0.4,137.0,0.7226277372262774,0.003286935796514094,1.3770523050226453,26.0,0.6923076923076923,0.006766671204175096,2.0485166136145305,-0.17231261864237826
US30,rsi2ibs,20,200,5,2.0,5,0.4,162.0,0.6666666666666666,0.0354070851280989,1.1385544654186404,30.0,0.7333333333333333,0.16062089640408628,1.9143145075052357,-4.105119625623519
US30,rsi2ibs,20,200,5,2.0,10,0.4,159.0,0.6729559748427673,0.02977202388707747,1.1131080297223042,30.0,0.7,0.14690555349259812,1.7809148684863398,-3.9352826114692547
US30,rsi2ibs,20,200,5,3.0,5,0.4,149.0,0.6912751677852349,0.036729822231686554,1.2466514375878972,29.0,0.7241379310344828,0.09073322005782314,1.69600275300776,-2.3996014797871332
US30,rsi2ibs,20,200,5,3.0,10,0.4,144.0,0.7222222222222222,0.0510548377341247,1.3553850217183017,29.0,0.6896551724137931,0.08333257061996831,1.6073332709543005,-2.1492966482598517
US30,rsi2ibs,20,200,10,0.0,5,0.4,147.0,0.6666666666666666,0.0019772307160443154,1.1660852639936825,27.0,0.5555555555555556,0.001417844144156326,1.1776363918980617,-0.16460989040532356
US30,rsi2ibs,20,200,10,0.0,10,0.4,130.0,0.7230769230769231,0.0015799000490573257,1.1233116309141589,24.0,0.75,0.00460142688820726,1.4113359637660163,-0.2344031075306906
US30,rsi2ibs,20,200,10,2.0,5,0.4,162.0,0.6358024691358025,0.052904178713055715,1.1947342951896696,29.0,0.5862068965517241,0.04228370090909601,1.174745344602474,-2.719737732786532
US30,rsi2ibs,20,200,10,2.0,10,0.4,158.0,0.6582278481012658,0.03382754176915179,1.1088002503399395,27.0,0.6666666666666666,0.14417426685618576,1.6607336337211074,-3.356818910107711
US30,rsi2ibs,20,200,10,3.0,5,0.4,150.0,0.6666666666666666,0.043595986306718314,1.2706841528204138,28.0,0.5714285714285714,0.018275251531111675,1.1104470818611323,-1.3818731697102031
US30,rsi2ibs,20,200,10,3.0,10,0.4,140.0,0.7214285714285714,0.058019301803270716,1.3424449036832862,26.0,0.6923076923076923,0.057744682279046215,1.324946987855122,-2.530063893773354
US30,down3,10,0,3,0.0,5,0.2,138.0,0.6594202898550725,0.00034687208803825845,1.0347153352134835,36.0,0.6944444444444444,0.004762055118807073,1.889037312586976,-0.10232868405341343
US30,down3,10,0,3,0.0,10,0.2,133.0,0.6541353383458647,0.0006319886963197028,1.075131808037552,35.0,0.7142857142857143,0.004949000297213847,1.8951414233021955,-0.10232868405341343
US30,down3,10,0,3,2.0,5,0.2,151.0,0.6622516556291391,0.02101215901152471,1.1049671837880157,38.0,0.7105263157894737,0.14090464050335652,2.1448925458677235,-1.8007248660807702
US30,down3,10,0,3,2.0,10,0.2,151.0,0.6622516556291391,0.02101215901152471,1.1049671837880157,38.0,0.7105263157894737,0.14090464050335652,2.1448925458677235,-1.8007248660807702
US30,down3,10,0,3,3.0,5,0.2,145.0,0.6620689655172414,-0.0015247550525754106,0.9910321284599055,38.0,0.7105263157894737,0.07333077092405445,1.702862827003491,-1.825153564139353
US30,down3,10,0,3,3.0,10,0.2,145.0,0.6689655172413793,-0.002416375421014562,0.9850647303193517,38.0,0.7105263157894737,0.0671649333287008,1.6053836499628624,-1.825153564139353
US30,down3,10,0,5,0.0,5,0.2,138.0,0.6521739130434783,0.0020678331670124644,1.2401016967723992,35.0,0.7142857142857143,0.0045210538025525476,1.5344385148012092,-0.05737334140086012
US30,down3,10,0,5,0.0,10,0.2,131.0,0.6641221374045801,0.0019120675430623418,1.2152827094047087,31.0,0.7096774193548387,0.003363000250881623,1.2992932119415121,-0.10612519505822576
US30,down3,10,0,5,2.0,5,0.2,151.0,0.6423841059602649,0.05619381508171804,1.2471571587284491,37.0,0.7297297297297297,0.12664803243390846,1.6597969014560507,-0.7926764941139628
US30,down3,10,0,5,2.0,10,0.2,151.0,0.6490066225165563,0.05631468723952656,1.2474827354504343,36.0,0.7222222222222222,0.08415357022154892,1.369500673121213,-1.6015588307717734
US30,down3,10,0,5,3.0,5,0.2,145.0,0.6482758620689655,0.023903729064150114,1.1518655275247018,37.0,0.7297297297297297,0.05774343199897749,1.3679314087288708,-0.943001564423279
US30,down3,10,0,5,3.0,10,0.2,144.0,0.6597222222222222,0.01917171587960799,1.1183252672312962,36.0,0.7222222222222222,0.03116649855766177,1.1706466986296324,-1.2859815557553513
US30,down3,10,0,10,0.0,5,0.2,137.0,0.6204379562043796,0.0010045253284268656,1.1143531552961978,36.0,0.5833333333333334,-0.002181352197189167,0.8011082945514769,-0.06140209473635304
US30,down3,10,0,10,0.0,10,0.2,125.0,0.68,-0.0006514642450658403,0.9647604816717769,30.0,0.7,0.0006393311481093383,0.9959310623967762,-0.21617535817063377
US30,down3,10,0,10,2.0,5,0.2,150.0,0.6,0.024017522869488037,1.0895828329418171,38.0,0.6052631578947368,0.06600532281276765,1.2953112236545143,-2.2238755700863178
US30,down3,10,0,10,2.0,10,0.2,147.0,0.6190476190476191,0.01710139059738338,1.0574493265816305,35.0,0.6571428571428571,0.06829135863036222,1.2519491439514214,-2.1006101537167554
US30,down3,10,0,10,3.0,5,0.2,144.0,0.6180555555555556,0.004316267433076464,1.0241014802175281,38.0,0.6052631578947368,0.0016448920782914662,1.008878587583942,-1.130849460885345
US30,down3,10,0,10,3.0,10,0.2,140.0,0.6571428571428571,-0.0067369859663237545,0.9690984254368991,35.0,0.6571428571428571,-0.0023398281548218497,0.9904692572613953,-2.494550426847101
US30,down3,10,100,3,0.0,5,0.2,87.0,0.6436781609195402,3.4915096503274705e-05,0.9816655066172014,22.0,0.6363636363636364,-0.0013440558152693583,0.754848372247591,-0.09125422791537206
US30,down3,10,100,3,0.0,10,0.2,85.0,0.6470588235294118,0.00060598788231871,1.0591441467002343,21.0,0.6666666666666666,-0.0013232477052617067,0.7575113296801841,-0.08947320178994203
US30,down3,10,100,3,2.0,5,0.2,92.0,0.6413043478260869,0.0033613062792472036,1.0169174273671924,24.0,0.6666666666666666,0.013720668075126443,1.076630180907366,-1.3140658246122578
US30,down3,10,100,3,2.0,10,0.2,92.0,0.6413043478260869,0.0033613062792472036,1.0169174273671924,24.0,0.6666666666666666,0.013720668075126443,1.076630180907366,-1.3140658246122578
US30,down3,10,100,3,3.0,5,0.2,88.0,0.6363636363636364,-0.00859866951222783,0.9385413601363964,24.0,0.6666666666666666,-0.0234785100737058,0.8434447008076674,-1.3201076576622197
US30,down3,10,100,3,3.0,10,0.2,88.0,0.6477272727272727,-0.010067816710224163,0.9291594846635033,24.0,0.6666666666666666,-0.033241086266349085,0.7919701880336398,-1.5544094862856588
US30,down3,10,100,5,0.0,5,0.2,87.0,0.6551724137931034,0.003181909316000723,1.407857643627485,21.0,0.5714285714285714,-0.0030032526750901054,0.7039789412890025,-0.08067486399866657
US30,down3,10,100,5,0.0,10,0.2,85.0,0.6705882352941176,0.0034091347201154008,1.4593346678187824,19.0,0.5789473684210527,-0.005399231698075024,0.5773841264816657,-0.09649275450417928
US30,down3,10,100,5,2.0,5,0.2,92.0,0.6413043478260869,0.06980001565582974,1.3389034632367032,23.0,0.6086956521739131,-0.036810979634833554,0.8781543093430138,-0.9862023533817937
US30,down3,10,100,5,2.0,10,0.2,92.0,0.6413043478260869,0.06012151412858104,1.27860455623048,22.0,0.5909090909090909,-0.11377732744000105,0.6872962827870486,-2.1840968957169347
US30,down3,10,100,5,3.0,5,0.2,88.0,0.6477272727272727,0.041068636449404214,1.297301715913154,23.0,0.6086956521739131,-0.06747447118007344,0.7219419528480686,-1.1071498332254908
US30,down3,10,100,5,3.0,10,0.2,88.0,0.6704545454545454,0.03868503079719689,1.2739086578175534,22.0,0.5909090909090909,-0.11665572150127419,0.5872212160769131,-1.6381429359610973
US30,down3,10,100,10,0.0,5,0.2,87.0,0.632183908045977,0.0015589218688744789,1.1655507355748138,22.0,0.5909090909090909,-0.001800524416076859,0.7721490174980128,-0.08067486399866657
US30,down3,10,100,10,0.0,10,0.2,84.0,0.6904761904761905,0.00165671425067218,1.180100511471676,20.0,0.65,-0.0035033153491287362,0.70547167635592,-0.15948151560010984
US30,down3,10,100,10,2.0,5,0.2,92.0,0.6086956521739131,0.03785275426390184,1.151968399988244,24.0,0.625,0.029461295455318236,1.1202620151106533,-0.7450603204013562
US30,down3,10,100,10,2.0,10,0.2,92.0,0.6413043478260869,0.039170835531672235,1.148275588829646,23.0,0.6521739130434783,-0.012666674118033287,0.9611300372971275,-1.6177281550508633
US30,down3,10,100,10,3.0,5,0.2,88.0,0.625,0.009781188686212978,1.0558207546192215,24.0,0.625,-0.033538120208192225,0.8461179531967074,-1.466094036947125
US30,down3,10,100,10,3.0,10,0.2,87.0,0.6781609195402298,0.01424220833085353,1.075736429406235,23.0,0.6521739130434783,-0.06679339231610404,0.756606448657818,-1.6078493921765686
US30,down3,10,200,3,0.0,5,0.2,92.0,0.6630434782608695,0.0006406939694813502,1.0650460710461223,19.0,0.7368421052631579,0.004715110500696495,2.3090830588017965,-0.08641247029316015
US30,down3,10,200,3,0.0,10,0.2,88.0,0.6590909090909091,0.0008043457934841822,1.0892083593405393,19.0,0.7368421052631579,0.004715110500696495,2.3090830588017965,-0.08641247029316015
US30,down3,10,200,3,2.0,5,0.2,99.0,0.6565656565656566,0.02336886089529292,1.1208061678203949,20.0,0.75,0.11662438060923012,2.116618325132968,-1.3248515035703718
US30,down3,10,200,3,2.0,10,0.2,99.0,0.6565656565656566,0.02336886089529292,1.1208061678203949,20.0,0.75,0.11662438060923012,2.116618325132968,-1.3248515035703718
US30,down3,10,200,3,3.0,5,0.2,94.0,0.6595744680851063,0.00578730629619715,1.0447787577686052,20.0,0.75,0.061082920406153395,1.7037263723089244,-1.0764450353403743
US30,down3,10,200,3,3.0,10,0.2,94.0,0.6702127659574468,0.004411934451264415,1.0337513997722665,20.0,0.75,0.061082920406153395,1.7037263723089244,-1.0764450353403743
US30,down3,10,200,5,0.0,5,0.2,92.0,0.6739130434782609,0.003528053418157234,1.47394652111092,18.0,0.6666666666666666,0.002528258741975642,1.2691419246564462,-0.07641005743933121
US30,down3,10,200,5,0.0,10,0.2,87.0,0.6896551724137931,0.003991210135027137,1.5708719476910278,17.0,0.6470588235294118,0.0007400053072507952,1.011230959025726,-0.07641005743933121
US30,down3,10,200,5,2.0,5,0.2,99.0,0.6565656565656566,0.08460690302486973,1.4109133446636006,19.0,0.6842105263157895,0.04405801632238435,1.1951393827604075,-1.0747911822246483
US30,down3,10,200,5,2.0,10,0.2,99.0,0.6666666666666666,0.08166106871423197,1.390075587599743,19.0,0.6842105263157895,0.01992358844113642,1.0811555637331407,-1.0747911822246483
US30,down3,10,200,5,3.0,5,0.2,94.0,0.6702127659574468,0.05083907006558022,1.3825711938617076,19.0,0.6842105263157895,0.0010669467533467665,1.0086387055149466,-0.9097381544432251
US30,down3,10,200,5,3.0,10,0.2,93.0,0.6881720430107527,0.046791259248853204,1.3408231209690753,19.0,0.6842105263157895,-0.024381470780902522,0.8833936600021679,-0.9097381544432251
US30,down3,10,200,10,0.0,5,0.2,92.0,0.6413043478260869,0.0019007307114193319,1.234457224718774,19.0,0.631578947368421,0.002529034565091583,1.2967762208308997,-0.04602644064096226
US30,down3,10,200,10,0.0,10,0.2,86.0,0.6976744186046512,0.0005845158676872753,1.076484226539514,18.0,0.7222222222222222,0.002505510305784125,1.2319234034997728,-0.23572638511388194
US30,down3,10,200,10,2.0,5,0.2,99.0,0.6161616161616161,0.06135418648997679,1.2679961250236225,20.0,0.65,0.06508064754687352,1.3561575058554585,-0.3982145890524099
US30,down3,10,200,10,2.0,10,0.2,99.0,0.6565656565656566,0.07060449665574202,1.2927959632367838,19.0,0.6842105263157895,0.06938302733012332,1.309528756624502,-1.2322952017964357
US30,down3,10,200,10,3.0,5,0.2,94.0,0.6382978723404256,0.026754882146851483,1.1779811931716992,20.0,0.65,0.0020563976323784926,1.0153345276026784,-0.5025531278243957
US30,down3,10,200,10,3.0,10,0.2,93.0,0.6881720430107527,0.02737352492547399,1.1588183381045156,19.0,0.6842105263157895,-0.014794508866448085,0.9329936847106233,-0.9135613193257375
US30,lowest5,10,0,3,0.0,5,0.2,310.0,0.6580645161290323,-0.0001843867250482344,0.9612186138603868,70.0,0.6285714285714286,0.0017728648718128666,1.2433404723433286,-0.1614502896566013
US30,lowest5,10,0,3,0.0,10,0.2,290.0,0.6482758620689655,0.0002598809414855213,1.017571391946621,67.0,0.6417910447761194,0.0020006646527679817,1.273259942977557,-0.15298903780796988
US30,lowest5,10,0,3,2.0,5,0.2,344.0,0.6511627906976745,0.015005521672248832,1.0730832494097584,76.0,0.6578947368421053,0.06332110882340303,1.3311455891732276,-3.158992731818684
US30,lowest5,10,0,3,2.0,10,0.2,339.0,0.6489675516224189,0.01497847101736157,1.0729586558156143,76.0,0.6578947368421053,0.06332110882340303,1.3311455891732276,-3.158992731818684
US30,lowest5,10,0,3,3.0,5,0.2,325.0,0.6553846153846153,0.005051096685929941,1.0374123002536924,73.0,0.6438356164383562,0.0376630742964312,1.2789981544337705,-2.3679580928830375
US30,lowest5,10,0,3,3.0,10,0.2,317.0,0.6561514195583596,0.004466065252535985,1.032520940209044,72.0,0.6388888888888888,0.03431200727686079,1.2439951119622916,-2.3679580928830375
US30,lowest5,10,0,5,0.0,5,0.2,281.0,0.6690391459074733,-0.0005321609126039211,0.9314520121867685,64.0,0.703125,0.00140013758193728,1.1615512461889161,-0.253796812069726
US30,lowest5,10,0,5,0.0,10,0.2,249.0,0.6666666666666666,0.0001551259028026535,1.0079205023067999,56.0,0.6964285714285714,0.000962040974868861,1.0967202306320876,-0.31328151722097464
US30,lowest5,10,0,5,2.0,5,0.2,317.0,0.6435331230283912,0.016340181831611816,1.0651860155681936,70.0,0.7285714285714285,0.06572798779300244,1.3164784084862224,-3.8039106536449885
US30,lowest5,10,0,5,2.0,10,0.2,310.0,0.6483870967741936,0.01866312087559907,1.0720555418569686,68.0,0.7205882352941176,0.05659918200688557,1.252736213989333,-4.825205404930965
US30,lowest5,10,0,5,3.0,5,0.2,293.0,0.6655290102389079,0.005208181720950536,1.0319121898355292,67.0,0.7164179104477612,0.025460555995069807,1.157645886343578,-2.8246888233343013
US30,lowest5,10,0,5,3.0,10,0.2,276.0,0.6702898550724637,0.007109249971754922,1.043265717770264,63.0,0.6984126984126984,0.009819349235225032,1.054853532231294,-3.2192518199514315
US30,lowest5,10,0,10,0.0,5,0.2,280.0,0.6214285714285714,-0.0019033348511593928,0.8241430534349429,66.0,0.6515151515151515,-0.0003609840640427526,0.9774191972106115,-0.34948740529831007
US30,lowest5,10,0,10,0.0,10,0.2,239.0,0.6903765690376569,-0.0009235079852106949,0.9152416764659976,54.0,0.7037037037037037,0.0016420664035421844,1.1904512221829058,-0.35314666196482186
US30,lowest5,10,0,10,2.0,5,0.2,318.0,0.6037735849056604,-0.005749419136099607,0.9794452855207472,71.0,0.647887323943662,0.06414514719397403,1.2923375388905716,-5.0278682425432395
US30,lowest5,10,0,10,2.0,10,0.2,301.0,0.6345514950166113,0.00020010941035265088,1.000483682262372,65.0,0.6615384615384615,0.047900922596762846,1.1789252589397954,-5.698180938787164
US30,lowest5,10,0,10,3.0,5,0.2,295.0,0.6271186440677966,-0.010196841687081636,0.9456672758908025,68.0,0.6617647058823529,0.011940338343489051,1.0663289980046964,-3.780576256174819
US30,lowest5,10,0,10,3.0,10,0.2,264.0,0.678030303030303,-0.003126073693119508,0.9850526011608642,60.0,0.6833333333333333,0.02215933210369185,1.1205214053977848,-3.907270819753325
US30,lowest5,10,100,3,0.0,5,0.2,195.0,0.6615384615384615,-0.0004977826942352493,0.9213006117265988,48.0,0.625,0.00205354833905066,1.2392285782085104,-0.13517904524287427
US30,lowest5,10,100,3,0.0,10,0.2,189.0,0.6666666666666666,0.0004651248674159798,1.0360855831694125,47.0,0.6382978723404256,0.0024194560207224827,1.3068839495919056,-0.11306805754679156
US30,lowest5,10,100,3,2.0,5,0.2,214.0,0.6635514018691588,0.029468700148112793,1.149447941553444,51.0,0.6470588235294118,0.06684089052403723,1.348300965911737,-2.762161334132346
US30,lowest5,10,100,3,2.0,10,0.2,212.0,0.6650943396226415,0.030536944899580074,1.1552258960378858,51.0,0.6470588235294118,0.06684089052403723,1.348300965911737,-2.762161334132346
US30,lowest5,10,100,3,3.0,5,0.2,202.0,0.6683168316831684,0.015903742736575292,1.1228352727872177,49.0,0.6326530612244898,0.042391500418438005,1.323230454329681,-2.2510695812546193
US30,lowest5,10,100,3,3.0,10,0.2,198.0,0.6767676767676768,0.015666762458908662,1.1194740762930442,49.0,0.6326530612244898,0.039755224836838104,1.296583611111199,-2.2513402394558026
US30,lowest5,10,100,5,0.0,5,0.2,179.0,0.664804469273743,-0.0009062749627674827,0.8951849280019345,43.0,0.7209302325581395,0.0005389300944612266,1.0385160360398813,-0.1766328129857172
US30,lowest5,10,100,5,0.0,10,0.2,171.0,0.6783625730994152,0.0006323973525580845,1.0463322885863013,40.0,0.7,0.0004952912912481678,1.0345009808889385,-0.19693479359969046
US30,lowest5,10,100,5,2.0,5,0.2,201.0,0.6517412935323383,0.028918356648229046,1.1203106955463937,46.0,0.7391304347826086,0.03609311495872115,1.148595044894839,-3.3328995103986863
US30,lowest5,10,100,5,2.0,10,0.2,198.0,0.6515151515151515,0.024968007451474743,1.100199807848827,45.0,0.7111111111111111,0.01960368908631429,1.0741228188271905,-2.4834496949917417
US30,lowest5,10,100,5,3.0,5,0.2,187.0,0.6737967914438503,0.0225626808714452,1.1482744068779576,44.0,0.7272727272727273,0.007997572152399775,1.04703568553102,-2.6578921861850464
US30,lowest5,10,100,5,3.0,10,0.2,181.0,0.6906077348066298,0.02853236638640638,1.1913883630465696,42.0,0.6904761904761905,-0.004149010018659945,0.9792098862131202,-1.8571363880538903
US30,lowest5,10,100,10,0.0,5,0.2,181.0,0.6408839779005525,-0.0018435085193978368,0.8229197885818728,44.0,0.6590909090909091,-8.056310125719427e-06,0.9755970397493001,-0.2549994405183395
US30,lowest5,10,100,10,0.0,10,0.2,168.0,0.7023809523809523,-0.0009921432444194528,0.8998267176067195,40.0,0.7,0.0009109349765200038,1.0753509816152587,-0.21854381954164614
US30,lowest5,10,100,10,2.0,5,0.2,202.0,0.6138613861386139,0.014223835407392594,1.0540981575852708,47.0,0.6808510638297872,0.05430602870104546,1.2332623125517688,-3.6984406187149315
US30,lowest5,10,100,10,2.0,10,0.2,197.0,0.6548223350253807,0.019616877701951124,1.069797855208765,45.0,0.6888888888888889,0.061783769220418026,1.2425847341803322,-4.6150112797676766
US30,lowest5,10,100,10,3.0,5,0.2,188.0,0.6436170212765957,0.007496346242833524,1.0446619449310535,45.0,0.6666666666666666,0.000864150057090159,1.0062094784076954,-2.944916806546685
US30,lowest5,10,100,10,3.0,10,0.2,177.0,0.7005649717514124,0.025390451982221115,1.1535628488431433,42.0,0.6904761904761905,0.013518811357471017,1.0738268333928382,-1.968824988284157
US30,lowest5,10,200,3,0.0,5,0.2,224.0,0.6517857142857143,8.629716287393934e-05,0.9878027401291483,43.0,0.6511627906976745,0.004533155348911762,1.855028729206499,-0.14839160935320742
US30,lowest5,10,200,3,0.0,10,0.2,213.0,0.647887323943662,0.0006786423493350427,1.0722658644595677,43.0,0.6511627906976745,0.004083342876711217,1.6978993167722474,-0.139930357504576
US30,lowest5,10,200,3,2.0,5,0.2,243.0,0.654320987654321,0.015162741100430855,1.0757759422484594,46.0,0.6739130434782609,0.08073498568497778,1.4771590617584303,-5.546997789940234
US30,lowest5,10,200,3,2.0,10,0.2,240.0,0.6541666666666667,0.014916869443851592,1.0743572860832729,46.0,0.6739130434782609,0.08073498568497778,1.4771590617584303,-5.546997789940234
US30,lowest5,10,200,3,3.0,5,0.2,229.0,0.6506550218340611,0.009609657056081586,1.0754675040480288,44.0,0.6590909090909091,0.06935971361921792,1.7031496716031687,-2.7261436437577484
US30,lowest5,10,200,3,3.0,10,0.2,224.0,0.65625,0.009339123866069292,1.072819941431392,44.0,0.6590909090909091,0.06304456858171624,1.6014792357915157,-2.7261436437577484
US30,lowest5,10,200,5,0.0,5,0.2,201.0,0.6567164179104478,-0.0003895067278479658,0.9437906512342694,37.0,0.7297297297297297,0.003436436186304192,1.4731174134159772,-0.21439413652368947
US30,lowest5,10,200,5,0.0,10,0.2,186.0,0.6612903225806451,0.0012504097349929784,1.1310900160112465,34.0,0.7058823529411765,0.0028372809597923846,1.313731767870363,-0.22655786374487719
US30,lowest5,10,200,5,2.0,5,0.2,223.0,0.6412556053811659,0.007311797676986035,1.0287290919122267,40.0,0.75,0.060739074751729946,1.292927116994288,-4.717167380422587
US30,lowest5,10,200,5,2.0,10,0.2,219.0,0.6438356164383562,0.004061070429687466,1.0154358911191257,39.0,0.7435897435897436,0.05576044799433333,1.2522657577545235,-4.687612497911697
US30,lowest5,10,200,5,3.0,5,0.2,207.0,0.6570048309178744,0.012067542563005124,1.078113125414427,38.0,0.7368421052631579,0.03830147360258231,1.2773798392551428,-2.0680764127066875
US30,lowest5,10,200,5,3.0,10,0.2,199.0,0.6683417085427136,0.019006235532957345,1.1264852157969334,37.0,0.7027027027027027,0.019602075361611883,1.1236167001375201,-2.0925379618488074
US30,lowest5,10,200,10,0.0,5,0.2,203.0,0.6206896551724138,-0.0011789525201556339,0.8735519649772201,37.0,0.6216216216216216,4.749912912702389e-05,0.9953089187756594,-0.2601109680110647
US30,lowest5,10,200,10,0.0,10,0.2,180.0,0.6777777777777778,0.0003650373224119251,1.0255818921253612,32.0,0.71875,0.0029197817562556985,1.291333588694706,-0.26220543701794313
US30,lowest5,10,200,10,2.0,5,0.2,222.0,0.5990990990990991,-0.010290690894971522,0.9625320038697689,40.0,0.65,0.017897777377454637,1.0762525129235485,-4.402786606708902
US30,lowest5,10,200,10,2.0,10,0.2,215.0,0.641860465116279,-0.0032270431041881496,0.9886590966612461,37.0,0.6486486486486487,0.01691890409738319,1.0626695255322882,-3.9951894330033397
US30,lowest5,10,200,10,3.0,5,0.2,209.0,0.6267942583732058,-0.0006714772388439957,0.9966493272774753,38.0,0.631578947368421,-0.014836247619802711,0.9182158150616306,-2.046256108326014
US30,lowest5,10,200,10,3.0,10,0.2,193.0,0.6839378238341969,0.019397001862654792,1.1167129169010166,34.0,0.6764705882352942,0.026608854933419458,1.1745423227713598,-2.496360156473666
