tf,rsi_n,lo,trend_n,exit_ma,sl_atr,sides,dev_trades_per_year,dev_winrate,dev_pf,dev_avg_r,dev_cagr,dev_maxdd,dev_mar,dev_sharpe,hold_trades_per_year,hold_winrate,hold_pf,hold_avg_r,hold_cagr,hold_maxdd,hold_mar,hold_sharpe,r_12-15,r_16-19,r_20-23,r_24-26
H1,2,5.0,50,5,2.0,long,44.457732619269265,0.6210131332082551,0.8651212314954588,-0.037257562252550905,-0.008235861788863263,0.12711616437638704,-0.06479004325899207,-0.306548691603091,47.48151080185829,0.6230769230769231,0.8867213859437922,-0.024593129024265924,-0.006112127973515347,0.037384642993724376,-0.16349301435194571,-0.2699204938097067,-0.03837635853295741,-0.06174201382270073,-0.013700810380202011,-0.024593129024265924
H1,2,5.0,50,5,2.0,both,88.83205485838981,0.615962441314554,0.8309847842768195,-0.043730563209018095,-0.020795273887892485,0.266983516190879,-0.07788972961546049,-0.5430794457857053,85.83196183412845,0.6297872340425532,0.8292890709504742,-0.03859052792869562,-0.020875228151133518,0.104247823795125,-0.20024617676584744,-0.5465038004321272,-0.04026572857641028,-0.08967574195001217,-0.004142681676077387,-0.03859052792869562
H1,2,5.0,50,5,3.0,long,43.206576917038426,0.6428571428571429,0.8796533257637899,-0.0218838632340838,-0.004682642613495602,0.08387887516997221,-0.05582624473691013,-0.24407467044214814,46.75102602029124,0.65625,1.3849668177873249,0.040057754177027026,0.009223183056367379,0.018378754806879716,0.5018393875582292,0.6392027808724225,-0.04501645077977572,-0.028123704847870294,0.004774317299602311,0.040057754177027026
H1,2,5.0,50,5,3.0,both,86.32974345392813,0.6328502415458938,0.8465992982759475,-0.026210002064569235,-0.011656309535556741,0.16025981991715718,-0.07273382399644662,-0.45358519519586266,84.73623466177787,0.6508620689655172,1.009489035296774,0.0017453685116674805,0.000595852916894124,0.05059018253896397,0.011778034531407452,0.03491986919245265,-0.03260075154387395,-0.04946478397422875,0.0008880458942742117,0.0017453685116674805
H1,2,5.0,50,5,5.0,long,42.62270425599736,0.649706457925636,0.8683123758784717,-0.0148885124222948,-0.0031067753204442328,0.06044684183443824,-0.05139681786773212,-0.24729814722883028,46.38578362950771,0.6535433070866141,1.3908913912403391,0.024102856164855083,0.005299080624962871,0.013794735000084952,0.3841379065948159,0.6118644452964805,-0.044348421421242894,-0.012724116214949704,0.01054470991342576,0.024102856164855083
H1,2,5.0,50,5,5.0,both,85.57905003258962,0.6384015594541911,0.8175542171491115,-0.01953343435601373,-0.008527918407931323,0.12388211235405702,-0.06883898123692304,-0.5026090075152649,84.00574988021083,0.6521739130434783,1.0159117285703951,0.0024159744663536883,0.0005972027130660695,0.03009821770666519,0.019841796577005293,0.044048034573563016,-0.03060684981230671,-0.037195494298455416,0.007196260844668897,0.0024159744663536883
H1,2,5.0,50,10,2.0,long,43.87385995822821,0.564638783269962,0.8186769626094977,-0.0677004300199063,-0.015542001172432873,0.19052074882768066,-0.08157642287292324,-0.4567812868700116,46.75102602029124,0.5625,0.7701522419056942,-0.07945618697751179,-0.022226654749451513,0.08232905997912,-0.26997338187862896,-0.6572996094620481,-0.08890023119394093,-0.09831204405906394,-0.022385429067597645,-0.07945618697751179
H1,2,5.0,50,10,2.0,both,87.49748877601024,0.5910390848427073,0.8856018427008308,-0.0381741024774546,-0.017606401360103496,0.24494066671181464,-0.07188027042001294,-0.3737578949919033,84.00574988021083,0.5826086956521739,0.8032742342338897,-0.06513134210999198,-0.03427030277583265,0.16099376538411295,-0.21286726659301108,-0.6720042860461349,-0.046642858986537195,-0.08012673225807916,0.00867650413287058,-0.06513134210999198
H1,2,5.0,50,10,3.0,long,42.455883495699915,0.6168958742632613,0.8654845690853771,-0.0336818528251453,-0.00718563588231913,0.1186447722239019,-0.06056428570454559,-0.29650780608997773,45.655298847940664,0.632,1.0796813782196235,0.016171866724668877,0.0035370379276067343,0.035111321748142764,0.10073781764691978,0.17595585592760055,-0.09457332236153372,-0.006306978766358954,-0.002803891917481765,0.016171866724668877
H1,2,5.0,50,10,3.0,both,84.91176699139983,0.6296660117878192,0.9223141114554205,-0.017416705738457047,-0.007398400194098764,0.14077269565508077,-0.0525556476678277,-0.22751154950316096,82.54478031707671,0.6327433628318584,0.9272558880583386,-0.013731200806282548,-0.00667615946256106,0.0860544872723028,-0.07758060821901876,-0.20348064625127424,-0.04720614546085816,-0.014344197962793457,0.007674752812191231,-0.013731200806282548
H1,2,5.0,50,10,5.0,long,41.78860045451014,0.6367265469061876,0.8406560676713006,-0.025972118425839224,-0.005397303272808296,0.08939147762559896,-0.06037827560490705,-0.32938621168089915,45.29005645715714,0.6290322580645161,1.14304579991059,0.01498605012343291,0.0034260250637541123,0.016780310932028697,0.20416934332336084,0.28101472982829634,-0.08165775430840579,-0.004910990926197594,0.0058954635934608335,0.01498605012343291
H1,2,5.0,50,10,5.0,both,84.07766318991261,0.6488095238095238,0.9285364705954509,-0.009861389368415317,-0.004150892251114202,0.09598729472371058,-0.043244184171062565,-0.19156320166845642,81.81429553550967,0.6383928571428571,0.947829283463854,-0.004683045256103968,-0.0027714399830861547,0.04324488250314729,-0.06408712020166672,-0.13410335482142768,-0.03207771486805748,-0.009725156546777063,0.010858596945990472,-0.004683045256103968
H1,2,5.0,100,5,2.0,long,64.22599271451658,0.6051948051948052,0.8776762324123275,-0.03429653174021102,-0.011190265576833003,0.183136499946044,-0.06110341510365164,-0.3357929818670355,71.22226620278744,0.6256410256410256,0.9352414567962496,-0.015273464900282271,-0.006181844846305573,0.08681115796175284,-0.07121025673945235,-0.17960996362179374,-0.01796318233451394,-0.055167897234946875,-0.028138871321901755,-0.015273464900282271
H1,2,5.0,100,5,2.0,both,126.11649478486892,0.5945767195767195,0.8152722005877411,-0.050787290178149855,-0.037734901404268384,0.4321910035019705,-0.0873107054485375,-0.7238891861582598,124.54765525718213,0.5865102639296188,0.7502278749037317,-0.06901267136189587,-0.0694355137794026,0.2306744279976826,-0.30101088526423125,-0.9861966209638814,-0.05227720702482758,-0.0737326040163005,-0.026857264612464907,-0.06901267136189587
H1,2,5.0,100,5,3.0,long,60.97298788871639,0.6265389876880985,0.8646768244580982,-0.025847162082380908,-0.007991064276212323,0.1332193628395593,-0.05998425533558691,-0.3402737615665202,65.74363034103456,0.6444444444444445,0.9831115109265035,-0.0016505089968418634,-0.0008807212029147138,0.05577592712625397,-0.01579034627109147,-0.03153576211384046,-0.024825201703663306,-0.026447872927060072,-0.026442672619805162,-0.0016505089968418634
H1,2,5.0,100,5,3.0,both,119.77730589356598,0.6142061281337048,0.8271958148650735,-0.031535098016993696,-0.020479596166806946,0.27024463277474486,-0.07578169437273213,-0.630394288680422,114.68611070602695,0.6146496815286624,0.7773548892109117,-0.03966325186701168,-0.028467657314996786,0.11711534310266321,-0.24307367899731175,-0.7953112890346062,-0.03502561732352439,-0.04038009783052052,-0.01981961674031665,-0.03966325186701168
H1,2,5.0,100,5,5.0,long,58.97113876514704,0.635077793493635,0.8493333045076878,-0.017683181579306075,-0.00521959594581789,0.08946686309536388,-0.05834110826322653,-0.340509191200915,64.64790316868398,0.655367231638418,1.034465457160059,0.0031553293020995586,0.0009622142290754976,0.03172554547205028,0.03032932026096111,0.08317668513548397,-0.02086392753997938,-0.020782386282814626,-0.011831473126257043,0.0031553293020995586
H1,2,5.0,100,5,5.0,both,116.77453220821195,0.6185714285714285,0.7893989515460473,-0.02413720075905223,-0.014844750813574503,0.20065532974025677,-0.07398134319577086,-0.694579754354694,112.85989875210932,0.6245954692556634,0.8377058611795111,-0.016896228456635392,-0.010908204640033614,0.056717729564791194,-0.19232442348688666,-0.5235956834070224,-0.027884880919402343,-0.03183055755524935,-0.01301833293652191,-0.016896228456635392
H1,2,5.0,100,10,2.0,long,63.2250681527319,0.5712401055408971,0.9179845696143042,-0.030042585153806374,-0.009599897555922166,0.16373688084364435,-0.05863002584670769,-0.23246458726321964,70.49178142122038,0.5906735751295337,0.9334009645120068,-0.02198420286937128,-0.008711329732112194,0.09246477695201612,-0.09421241276159538,-0.1975124093348494,-0.03467334541883641,-0.04896886897730852,-0.007119460995495792,-0.02198420286937128
H1,2,5.0,100,10,2.0,both,123.19713147966361,0.5748138117806364,0.8775952761775014,-0.04293692965801951,-0.029938251908705027,0.35695351531495817,-0.08387157045445817,-0.5005458310166205,121.99095852169745,0.5538922155688623,0.7718966084013678,-0.0834134172312465,-0.07571494151042413,0.25563139029441995,-0.29618796589581775,-0.9235912688407485,-0.04339479316815754,-0.06627745547018263,-0.019978480232921782,-0.0834134172312465
H1,2,5.0,100,10,3.0,long,59.388190665890654,0.6165730337078652,0.9201323092238916,-0.019989343907968082,-0.0059438490486826145,0.09608816556210857,-0.06185828414884958,-0.20470897747786482,63.91741838711693,0.6171428571428571,1.0170311515720711,0.003933697757572305,0.0011545564985733225,0.050926190014345035,0.022671173677985802,0.05378897554588631,-0.05050074377865198,0.005856261028138308,-0.015928192569687107,0.003933697757572305
H1,2,5.0,100,10,3.0,both,115.94042840672473,0.6122302158273382,0.8890942475843451,-0.026482416976731035,-0.016236421849834093,0.21830950932679707,-0.0743734063619239,-0.4135944247308469,111.0336867981917,0.5921052631578947,0.8184559378616869,-0.04327998043019451,-0.028863475560645946,0.14294046887654485,-0.2019265487758741,-0.6463624087098553,-0.04288948354548264,-0.021379674348954113,-0.015051940350174061,-0.04327998043019451
H1,2,5.0,100,10,5.0,long,56.80246888128024,0.6387665198237885,0.8840157047008873,-0.01865139086470038,-0.005311527250758008,0.08213876865076088,-0.06466528946083495,-0.27746881764178627,61.360721651632254,0.6309523809523809,1.0658244255461418,0.007252292318266917,0.002420728638190095,0.025815184184071315,0.09377150365960789,0.16095242358252793,-0.038832790603952595,-0.0028879288372577637,-0.01523186954725543,0.007252292318266917
H1,2,5.0,100,10,5.0,both,112.10355091988347,0.6302083333333334,0.873823758064707,-0.018789603331325844,-0.01086885995911746,0.16129424168108822,-0.06738529439015824,-0.42633975384503514,107.74650528113997,0.6101694915254238,0.8375635540514113,-0.02366450859491967,-0.01413730532221913,0.0719916833055384,-0.19637414591653993,-0.5454719142080056,-0.02281284534596965,-0.012598761039084092,-0.02085572367124337,-0.02366450859491967
H1,2,5.0,200,5,2.0,long,78.82280924054307,0.5904761904761905,0.8020296841013326,-0.05800721862100058,-0.02515725892752907,0.2711402721282544,-0.09278318831084309,-0.6209756446254394,93.13680964979895,0.6078431372549019,0.871171771378199,-0.034441832918496826,-0.02172468025058738,0.11047948295641044,-0.19663995222677524,-0.4246751631561346,-0.06736963872004327,-0.06835750564335814,-0.03908824476608789,-0.034441832918496826
H1,2,5.0,200,5,2.0,both,151.80689187067554,0.582967032967033,0.7774605982118123,-0.06299017957233477,-0.06473130501337121,0.5728296757643737,-0.11300270874932397,-0.9199190979293073,154.4975313014312,0.5697399527186762,0.7553192837332897,-0.07275019848625405,-0.13615564481110953,0.37536536066693055,-0.3627283150720006,-1.0432042301971527,-0.07905682424065794,-0.06870039041395744,-0.040772425292547675,-0.07275019848625405
H1,2,5.0,200,5,3.0,long,72.23338920879397,0.6096997690531177,0.8014506433489914,-0.040079732089952816,-0.015259992088687446,0.1766058704401177,-0.0864070489313757,-0.5662555374597192,85.10147705256139,0.630901287553648,0.9202190741728354,-0.013725780703018263,-0.006909924784917809,0.0673119186438496,-0.10265529380433402,-0.2075018405309931,-0.05691368573971553,-0.03752930556506024,-0.029077390169704915,-0.013725780703018263
H1,2,5.0,200,5,3.0,both,140.3796697903005,0.5989304812834224,0.7809812715680182,-0.04188333329117462,-0.03427566248950398,0.3652121651627261,-0.0938513712275491,-0.8662939369885364,141.71404762400783,0.6030927835051546,0.8309590794843579,-0.03313170299568419,-0.03414214944578897,0.12516409008877816,-0.2727791127756543,-0.6428749114293155,-0.06192481820701922,-0.03753819807947052,-0.026450024177183167,-0.03313170299568419
H1,2,5.0,200,5,5.0,long,68.73015324254762,0.6152912621359223,0.7682819722598284,-0.029086109463657972,-0.010306926772748137,0.12983888255826068,-0.0793824359056946,-0.5860675451296757,81.81429553550967,0.6383928571428571,0.9378886568320615,-0.0068943315650060654,-0.0027739173663601235,0.04002665440154348,-0.06930175423937399,-0.15173749048129262,-0.053912811837033656,-0.02411586323349637,-0.014123379999718924,-0.0068943315650060654
H1,2,5.0,200,5,5.0,both,134.95799508063354,0.603831891223733,0.7493612587680762,-0.030025051235019497,-0.022263562238506562,0.2581392283732024,-0.08624633450255466,-0.894753626765784,135.8701693714714,0.6102150537634409,0.8561648788564246,-0.016933120476867507,-0.013784016921089215,0.06165063065124846,-0.22358273995709857,-0.4982700428354504,-0.04984930662538209,-0.024790061720098563,-0.015823517640115862,-0.016933120476867507
H1,2,5.0,200,10,2.0,long,77.32142239786606,0.5555555555555556,0.8539245392301529,-0.05476700529062463,-0.02309521286050431,0.26183770258914396,-0.0882043060725429,-0.4771551068318996,92.04108247744838,0.5714285714285714,0.8547194436723873,-0.05261791029638089,-0.03231257751875671,0.15358441197895872,-0.21038969451654757,-0.516307552134126,-0.07883011374952921,-0.05708767126374796,-0.032298656552619404,-0.05261791029638089
H1,2,5.0,200,10,2.0,both,147.9700143838343,0.5648252536640361,0.8466348209397496,-0.0552908444719338,-0.051986928774453656,0.49915150578220835,-0.10415059991251792,-0.6966997177531775,151.21034978437947,0.5483091787439613,0.7902773695732063,-0.0785618279248803,-0.12220037959565411,0.37308279078474665,-0.32754225768124123,-0.8954649491314929,-0.07006124912543163,-0.039504908349877486,-0.055870351765948116,-0.0785618279248803
H1,2,5.0,200,10,3.0,long,70.1481297050759,0.6052318668252081,0.8765677788655326,-0.03170856451951898,-0.01145625498788816,0.14547716600229743,-0.07874950621259172,-0.35678282080912144,82.1795379262932,0.6,0.8802759891406401,-0.028908952992002915,-0.013381095572493673,0.0860359541899708,-0.15552911220055377,-0.3407171832103024,-0.06944845801094286,-0.014155663059547146,-0.01836001190909377,-0.028908952992002915
H1,2,5.0,200,10,3.0,both,135.37504698137715,0.6050523721503389,0.8643496263168506,-0.03367352751564276,-0.025271414721845242,0.29940514154878684,-0.08440541331761789,-0.5468952287319612,136.60065415303848,0.5935828877005348,0.8462478200024549,-0.03996850089732229,-0.03583416496339942,0.1514967887212536,-0.2365341553828739,-0.5855549482557977,-0.0633294144618224,-0.01252844117018021,-0.02496677709023861,-0.03996850089732229
H1,2,5.0,200,10,5.0,long,65.56055879689615,0.6272264631043257,0.8290149394301657,-0.028502235716280418,-0.009597696200530303,0.11961216239020402,-0.08024013619300921,-0.4497627693905264,76.70090206454032,0.6190476190476191,0.9110223335848329,-0.012566186485845463,-0.00521185619926845,0.046913428136152596,-0.11109518972142797,-0.23289455114931693,-0.05800222847774015,-0.014378728799622464,-0.01895389909954097,-0.012566186485845463
H1,2,5.0,200,10,5.0,both,127.5344712473972,0.6226291693917593,0.8414872909038473,-0.024584079589646705,-0.016715026564485203,0.2078714416744229,-0.0804104038046024,-0.5725780140050554,127.83483677423386,0.6114285714285714,0.8467747291020483,-0.023190706566398264,-0.018077956628921865,0.07780329357088683,-0.23235464463276198,-0.5581140193284925,-0.04196637310424451,-0.009217356975419581,-0.022824796390619444,-0.023190706566398264
H1,2,10.0,50,5,2.0,long,105.51413088813437,0.5905138339920949,0.7698843238709849,-0.06073325537308092,-0.037756930098021724,0.3809022974277024,-0.09912497339344147,-0.8426126324960673,112.12941397054227,0.6384364820846905,0.8998230200146524,-0.022364304531515066,-0.020237198539317602,0.10743327327963867,-0.18836993346225323,-0.37164834578338596,-0.0746097002097528,-0.08814750190219488,-0.02158552455479228,-0.022364304531515066
H1,2,10.0,50,5,2.0,both,204.6056625048171,0.5874439461883408,0.7748489789759819,-0.05762797080969047,-0.09037987827605987,0.7129311637758372,-0.12677223674357077,-0.9563170767301699,201.24855732172244,0.6442831215970962,0.9256129593254178,-0.01583357505850307,-0.052962701481837904,0.3275849460976109,-0.16167623730199293,-0.26803490390613344,-0.06073321931486253,-0.10677800649178973,-0.008783328860013163,-0.01583357505850307
H1,2,10.0,50,5,3.0,long,101.34361188069823,0.6106995884773663,0.7962515923678946,-0.03661618735196514,-0.019953161821032794,0.22781218402638748,-0.08758601699161807,-0.690162882755796,109.93795962584112,0.654485049833887,1.073457430673162,0.009751161262460938,0.006700175940550501,0.04394275794576843,0.15247508926998768,0.23875208798182124,-0.041317384785952385,-0.05007319187200378,-0.018233202760675773,0.009751161262460938
H1,2,10.0,50,5,3.0,both,197.18213867158076,0.6023688663282571,0.784641299514695,-0.037319488523666164,-0.0454395964678479,0.4518075574819757,-0.10057290037619757,-0.9949828101573815,196.86564863232013,0.6567717996289425,1.000061180151859,5.801893700099043e-05,1.4544737978017253e-05,0.09671773082110245,0.00015038336667472552,0.023126260060024523,-0.03771146808800084,-0.06541148316832293,-0.010653284731278995,5.801893700099043e-05
H1,2,10.0,50,5,5.0,long,100.509508079211,0.6190871369294606,0.8000201018472594,-0.021604578667324573,-0.011240791424065533,0.14100826102075384,-0.07971725445512085,-0.6184259985695626,108.84223245349054,0.6543624161073825,1.1775406330008522,0.014237121572822862,0.00809042246510705,0.02620417760698023,0.3087455209031989,0.48806338594371945,-0.023305558541403364,-0.037691821961955814,-0.004687936024352477,0.014237121572822862
H1,2,10.0,50,5,5.0,both,195.5139310686063,0.6083617747440273,0.7766268703496947,-0.023458309941855073,-0.025791833836569134,0.29445565779407445,-0.08759157161315771,-0.9709129474452182,195.03943667840252,0.6573033707865169,1.0355129111074786,0.0035027961203301507,0.003920927219545067,0.048063917151927586,0.08157735473684379,0.14824970064591075,-0.02248589765148068,-0.04773954254461565,-0.0021947992242780656,0.0035027961203301507
H1,2,10.0,50,10,2.0,long,101.42702226084695,0.5970394736842105,0.8004636992321223,-0.06763849984755041,-0.04116180339577047,0.4152564582624782,-0.09912381271082514,-0.7529805491210806,107.01602049957292,0.6040955631399317,0.8361599021170054,-0.052033415754196566,-0.047539694518389686,0.17894129033375272,-0.26567202253722955,-0.6720977556785535,-0.10742250887687811,-0.06831401084060505,-0.029517939774405685,-0.052033415754196566
H1,2,10.0,50,10,2.0,both,196.34803487009353,0.6019541206457094,0.8379029283067434,-0.0514673591561227,-0.07002054551014336,0.6340612476616486,-0.11043183252149819,-0.7255726148492765,188.46507364429905,0.5910852713178295,0.8587955115782796,-0.04284478094506508,-0.10482372280968288,0.4549804593194447,-0.23039170290187228,-0.5868850976723952,-0.07568680140183365,-0.076550412775735,-0.0035943982493220174,-0.04284478094506508
H1,2,10.0,50,10,3.0,long,97.08968249311337,0.6323024054982818,0.822301838619502,-0.0414778704258216,-0.021866534988772557,0.24343417450001598,-0.08982524755894995,-0.610941670976615,102.99835420095414,0.6418439716312057,0.916394205560058,-0.016107015902436118,-0.01119062107635782,0.09759894276386992,-0.11465924485916121,-0.2728839164133004,-0.083894767061957,-0.020028003297416292,-0.02089583087045305,-0.016107015902436118
H1,2,10.0,50,10,3.0,both,188.42404875596486,0.6321381142098274,0.8420428927023329,-0.03459193421983998,-0.03883888019072357,0.41150458533676876,-0.09438261826156433,-0.7279282616995935,182.25595300097913,0.6172344689378757,0.8771345944064398,-0.024524562243602208,-0.0373271855963303,0.19272625638523114,-0.19367981455375136,-0.5381966349908326,-0.055564389534938585,-0.041326204644565996,-0.0068270107599056875,-0.024524562243602208
H1,2,10.0,50,10,5.0,long,95.92193717103125,0.6530434782608696,0.8354694397850775,-0.023504105891191354,-0.01164957771813524,0.1459225549704334,-0.07983397577225576,-0.5163090150797773,102.26786941938708,0.6464285714285715,1.0394791431473864,0.003839216287263677,0.0024793837718595224,0.04314924313277694,0.05746065496977716,0.12379978796682728,-0.04031464254441004,-0.018173118712889205,-0.0130093456915798,0.003839216287263677
H1,2,10.0,50,10,5.0,both,186.25537887209808,0.6497984773846843,0.8623116814678489,-0.0180595136659981,-0.018144803788915476,0.23116077304115126,-0.07849430312159986,-0.5823155427527589,180.4297410470615,0.6214574898785425,0.9219047095832348,-0.00963395287072155,-0.010454447391424981,0.0885585903606673,-0.1180511946819363,-0.3148400571123614,-0.02475808029695626,-0.02457442300372212,-0.005410915165444174,-0.00963395287072155
H1,2,10.0,100,5,2.0,long,132.53909405632058,0.5796098174952801,0.776898271366902,-0.061058991252351556,-0.051111725296678956,0.4884059738436442,-0.10465008217332249,-0.9366288805181399,142.44453240557488,0.6384615384615384,1.0234648155954469,0.00629618167635415,0.006965773575273948,0.10609816401517157,0.06565404444018347,0.12293220086477101,-0.047275733841208936,-0.09764463977829771,-0.03611812768158222,0.00629618167635415
H1,2,10.0,100,5,2.0,both,259.65651340297416,0.5753292643752008,0.7646561194022339,-0.063682780903007,-0.22646987211540648,0.9815883982497684,-0.23071775554724971,-0.37307704202246506,253.47821920376657,0.6138328530259366,0.8772831099655918,-0.03047760940372059,,3.0630505742422276,,-0.48298970133305297,-0.060220712335547044,-0.10333023309678385,-0.028611869363278454,-0.03047760940372059
H1,2,10.0,100,5,3.0,long,123.61418338040723,0.6012145748987854,0.7653473936430722,-0.04481130467612468,-0.03183283981645568,0.3379335844254368,-0.09419850906674067,-0.9048855959816358,133.67871502677028,0.6475409836065574,1.0619297668499912,0.009320758945301497,0.008626813945060707,0.06349408380353914,0.1358679963278697,0.2274394260514184,-0.036037947839030776,-0.05794962495116885,-0.03835989923298488,0.009320758945301497
H1,2,10.0,100,5,3.0,both,244.1421826953117,0.5930987359070721,0.7595912334780163,-0.04448177875191428,-0.07986143537865997,0.6674566061416342,-0.11965037823254894,-1.1839618547464892,235.58134205537382,0.6248062015503876,0.8665995014295083,-0.022926655229731085,-0.07383439441056305,0.2659492036507192,-0.2776259277975972,-0.5771312731137874,-0.04087663749022533,-0.06544518465761524,-0.027309130128977916,-0.022926655229731085
H1,2,10.0,100,5,5.0,long,119.69389551341726,0.6090592334494773,0.7665438797577803,-0.02675541364309012,-0.017111853511710406,0.20297750587452923,-0.08430418650571121,-0.8147777555048304,128.93056394658444,0.6543909348441926,1.1024328468460638,0.009616793807848347,0.006803182501038618,0.027003428741261253,0.2519377285834577,0.3258062507754776,-0.014760614442147818,-0.04226288660421024,-0.021762063210506957,0.009616793807848347
H1,2,10.0,100,5,5.0,both,236.38501734148048,0.5988002822865208,0.7452921079159147,-0.028664641847091693,-0.04124321411797249,0.4256107745079288,-0.09690359499393775,-1.2330870959766744,228.64173663048683,0.6325878594249201,0.8909870914756284,-0.010869928504897547,-0.020628747105501888,0.0837048275050135,-0.2464463247865403,-0.48528740167434453,-0.021551565141208897,-0.047842518374042776,-0.01713400684610472,-0.010869928504897547
H1,2,10.0,100,10,2.0,long,126.70036744590998,0.5806451612903226,0.8337112088218698,-0.05765922398674237,-0.04451992300570162,0.42863393039607,-0.1038646729729584,-0.7078085520072016,137.69638132538904,0.6180371352785146,1.001390085397075,0.0008243855521059963,0.000491289467743794,0.10674014457069651,0.0046026681874915525,0.03928473531387868,-0.062276545854103076,-0.08477381731912192,-0.02619550638315457,0.0008243855521059963
H1,2,10.0,100,10,2.0,both,245.30992801739384,0.5838150289017341,0.8251699003914101,-0.05869854589183627,-0.13758137800921766,0.8742809170070174,-0.1573651847282781,-0.7494555687183883,239.23376596320907,0.583206106870229,0.8883864070545064,-0.03562617340647869,-0.33540255456617885,1.0566604744935046,-0.31741752688057095,-0.5538396094645227,-0.06336099002292435,-0.0860106110033652,-0.027870967759843615,-0.03562617340647869
H1,2,10.0,100,10,3.0,long,116.52430106776579,0.6141732283464567,0.8040547862630599,-0.048130416945799816,-0.03233002939813934,0.32990132807031664,-0.09799908835543812,-0.767400705806685,126.00862482031623,0.6376811594202898,0.9993294153478237,-0.0006468451818724439,-0.00012182390118031794,0.0700982381393311,-0.0017379024696480114,0.018126197763920483,-0.060191873088457415,-0.046409764026933635,-0.03815465785682039,-0.0006468451818724439
H1,2,10.0,100,10,3.0,both,227.62692742586458,0.6137779406375962,0.8019318045485778,-0.046868967172817494,-0.07765242575487774,0.657141974564199,-0.11816689354895492,-1.0132049300579522,217.68446490698108,0.6006711409395973,0.870774461134029,-0.028797995090774325,-0.08431498803554249,0.34357786906216803,-0.24540284933278483,-0.5187283888754474,-0.0514515930266483,-0.05865554177475501,-0.03058872320416743,-0.028797995090774325
H1,2,10.0,100,10,5.0,long,111.1026263580988,0.6328828828828829,0.7981864647965707,-0.030337321148215603,-0.01810445492850843,0.20718421057916586,-0.08738337191767154,-0.7158510629524985,117.24280744151163,0.6479750778816199,1.1378475908299301,0.015062802904142152,0.010372052205791737,0.026504206865908975,0.3913360719777955,0.42257574230846723,-0.025697044653425975,-0.03677659687059942,-0.028099444877556112,0.015062802904142152
H1,2,10.0,100,10,5.0,both,217.61768180801786,0.6305097738597164,0.7981691476824722,-0.029147510323950594,-0.03796068170012279,0.4010931182547913,-0.0946430640976706,-0.9830507041030266,205.26622362034124,0.6067615658362989,0.9058365197758161,-0.011895476195556696,-0.019601063121604256,0.10904481075418507,-0.17975236956291366,-0.4029157307715448,-0.023490574329096365,-0.0382115383225271,-0.025888794908493534,-0.011895476195556696
H1,2,10.0,200,5,2.0,long,153.80874099424489,0.5813449023861171,0.7954793070973111,-0.05690541955418134,-0.05696708462245914,0.5245963335810339,-0.10859222792044065,-0.8606037914157283,173.85537801295806,0.6239495798319328,0.9687468324921047,-0.0067070921774529555,-0.013341897589016716,0.12752252114268373,-0.10462385364925929,-0.09990996444197989,-0.05747862734944382,-0.08383200917611207,-0.029300809496105862,-0.0067070921774529555
H1,2,10.0,200,5,2.0,both,293.52112774335563,0.5734583688547883,0.7721270361493464,-0.06294024749941698,,1.0767235372744384,,0.39936145095260744,296.211578925439,0.6177558569667078,0.9068821220375437,-0.023067267731864616,,-0.0,,0.8660910685010794,-0.06765679742759358,-0.08935547508237318,-0.03240322237096751,-0.023067267731864616
H1,2,10.0,200,5,3.0,long,141.29718397193648,0.602125147579693,0.7964893023624036,-0.038911273412139055,-0.03144532475481987,0.3414699574553937,-0.09208811512774906,-0.8063142149327711,160.34140955396762,0.6355353075170843,1.0179992764409245,0.0028680217242498646,0.00324575424119522,0.0634748938893453,0.05113445714227562,0.08643429213617719,-0.039900572430800876,-0.054429114460617746,-0.02203115383602575,0.0028680217242498646
H1,2,10.0,200,5,3.0,both,271.1671458634979,0.592433097508459,0.7781625778238364,-0.041418742226439334,-0.08436510669980202,0.7036540467851303,-0.11989571734185446,-1.0277949452437891,274.2970354784275,0.6391478029294274,0.9477091555203181,-0.00900653111271118,-0.03404735628901645,0.20871231202886584,-0.16313055975493937,-0.20194648014237346,-0.047907050253084976,-0.056094072634627117,-0.020526628755550797,-0.00900653111271118
H1,2,10.0,200,5,5.0,long,134.1238912791463,0.6088308457711443,0.7739741725351396,-0.02632338837403512,-0.019065207294095887,0.2261514365026579,-0.08430283525469368,-0.8109754582015399,152.30607695673007,0.6426858513189448,1.0817294577304017,0.0075471598371701235,0.006650451475033181,0.03883229727274092,0.1712608303424169,0.2853747383366842,-0.025253018302211088,-0.03884786979390264,-0.014973906304017995,0.0075471598371701235
H1,2,10.0,200,5,5.0,both,258.8224096014869,0.5987753786658073,0.7653866913131571,-0.02657293648332695,-0.04203302307899204,0.4401544448111676,-0.09549607773931441,-1.134160878021872,261.5135518010041,0.6424581005586593,0.9627571123403563,-0.0035097982607179526,-0.007746085972144545,0.07210880524862871,-0.1074221926911187,-0.15877135085739927,-0.027472276817592626,-0.04033981251654678,-0.012465694649357146,-0.0035097982607179526
H1,2,10.0,200,10,2.0,long,146.71885868160345,0.5821489482660602,0.8563239110765454,-0.04958314032438837,-0.04426332760289331,0.4351192030359822,-0.10172689987950945,-0.6088170014733556,168.01149976042166,0.6021739130434782,0.9439221016252297,-0.01763944538510458,-0.02659053143389034,0.1592410159904334,-0.16698293004792059,-0.23695411204428626,-0.06839860097013953,-0.06761674195788864,-0.015988403625882296,-0.01763944538510458
H1,2,10.0,200,10,2.0,both,276.83905171361107,0.5805965652304911,0.8476879571274168,-0.05140870174637824,-0.13351102306356089,0.8472032663429268,-0.1575903072705092,-0.6176353934264032,278.67994416782983,0.581913499344692,0.9000644421630116,-0.03253251950056373,-0.34370495191796935,1.0347710464914748,-0.3321555556500595,-0.6430494466779153,-0.06671596272084837,-0.06558648256297415,-0.022785175873838024,-0.03253251950056373
H1,2,10.0,200,10,3.0,long,132.53909405632058,0.6205160478288232,0.8416909203827803,-0.03834549365336835,-0.02865574486198752,0.3245503122574949,-0.08829369062277266,-0.6231538315323808,150.47986500281243,0.6237864077669902,0.9503711831496879,-0.010874065157631592,-0.011241887771268111,0.09366514653878005,-0.12002210199514979,-0.17191588058739868,-0.05837427027904785,-0.048821786555857886,-0.010767853974704198,-0.010874065157631592
H1,2,10.0,200,10,3.0,both,252.06616880944037,0.6171409662475182,0.838364687107412,-0.038030377101204126,-0.06566963730146891,0.6191383833865749,-0.10606617044523695,-0.7648618462490752,251.65200724984894,0.6095791001451378,0.9239679188717879,-0.017500335717204392,-0.04825622192528589,0.24418488534259922,-0.19762165810378013,-0.3300138744327465,-0.053988770017290494,-0.04886898740394116,-0.01156558507598589,-0.017500335717204392
H1,2,10.0,200,10,5.0,long,123.36395223996107,0.6389452332657201,0.814301212319111,-0.027852969673368342,-0.01851299106731563,0.21546337492771306,-0.08592175386432452,-0.6652235998472167,138.79210849773963,0.631578947368421,0.9575514989071056,-0.00573627497755902,-0.004592833716121847,0.051118219260717336,-0.08984729481082077,-0.13859254951296782,-0.035016350688601816,-0.03754316147849858,-0.01261972638284454,-0.00573627497755902
H1,2,10.0,200,10,5.0,both,235.05045125910092,0.6334279630943932,0.8251864379468893,-0.024989261176425005,-0.03449914446667002,0.3775971112296892,-0.09136495868392508,-0.8308038148547492,233.38988771067267,0.6165884194053208,0.9092200648100528,-0.011944776275329513,-0.02148218869333196,0.10955169800809907,-0.19609179121754736,-0.4206254781958914,-0.02873970110603254,-0.034948337560665114,-0.01187157620215415,-0.011944776275329513
H1,2,20.0,50,5,2.0,long,213.7808043211766,0.5727662895044869,0.7423461214789152,-0.0678188131036364,-0.14029432286344645,0.8775126271363323,-0.15987726959699922,-0.9488786112910762,229.00697902127038,0.6028708133971292,0.8875327087694533,-0.02753793089257325,-0.2277567306443914,0.7128945087908877,-0.31948167342554035,-0.515359463667975,-0.058391680327141975,-0.11709156892841743,-0.02867610522271718,-0.02753793089257325
H1,2,20.0,50,5,2.0,both,409.5449665302291,0.5741344195519348,0.7449456594948818,-0.06550847221872834,,1.6212134813332981,,-0.2696677062413041,403.22759942501193,0.5969202898550725,0.9068413912128899,-0.022439096116104163,,-0.0,,0.7138405797983115,-0.05461712064663957,-0.1234442990256399,-0.019463339188617118,-0.022439096116104163
H1,2,20.0,50,5,3.0,long,204.6890728849658,0.5884270578647107,0.7752476508006407,-0.03915976378847411,-0.05091890390844411,0.5024869633383641,-0.10133378102021803,-1.035062506538997,220.60640403324928,0.6125827814569537,0.8955611056997179,-0.017643298678519607,-0.03507032340631222,0.1640118357660517,-0.21382800358589316,-0.486480175543522,-0.03457841033881104,-0.07863208504727318,-0.004621805122621897,-0.017643298678519607
H1,2,20.0,50,5,3.0,both,392.94630088063326,0.586924219910847,0.7665848626052549,-0.0395670345654445,-0.1780541464801606,0.9576648120286673,-0.18592533028647046,-0.5889121173037025,389.348388575238,0.6069418386491557,0.924328886325243,-0.01236199237260011,-0.31688759110249853,0.9749929697351957,-0.3250152574828965,0.26917538483360043,-0.03373331613173412,-0.08087293742077498,-0.004983022770884415,-0.01236199237260011
H1,2,20.0,50,5,5.0,long,201.60288881946306,0.5986760446834919,0.8173870134059181,-0.01839119472927519,-0.020080413194330182,0.2667248332150862,-0.07528512794358892,-0.7857559575741356,217.68446490698108,0.6174496644295302,1.0635462309650305,0.004482323145257615,0.0071273670103362274,0.04085592986603201,0.17445122491905354,0.2717016502647774,-0.014099737846802768,-0.04446108752736118,0.0029096624882096168,0.004482323145257615
H1,2,20.0,50,5,5.0,both,387.9416780717099,0.5951408299290475,0.787389349783837,-0.021327699883442096,-0.05345689212350058,0.5352806931019031,-0.09986702829448739,-1.200475164244553,384.9654798858357,0.611954459203036,1.0257128210197057,0.0017557549573927918,0.008043366090323634,0.06844163766896703,0.11752153169138259,0.16898370716376532,-0.01864333201044386,-0.047393536265157965,0.0013175036812848179,0.0017557549573927918
H1,2,20.0,50,10,2.0,long,204.85589364526325,0.6046416938110749,0.7465314599810758,-0.07593559966923581,-0.17390397436870486,0.9227977842242587,-0.18845296048786636,-0.8017797603535021,219.5106768608987,0.6472545757071547,0.8930107949088655,-0.02963165097521658,-0.49187796147946805,1.2339946164354119,-0.39860624586866933,0.2964595340360193,-0.08431548770683574,-0.09749689864083703,-0.04694310317376095,-0.02963165097521658
H1,2,20.0,50,10,2.0,both,391.0278621372126,0.60580204778157,0.7575969247811374,-0.07016398550378591,,1.6181172387290377,,-0.262343531241263,380.5825711964334,0.6372360844529751,0.9047145835246815,-0.026235962159309942,,-0.0,,0.8033414871863388,-0.06929711414573662,-0.10884511693507816,-0.03212540560816998,-0.026235962159309942
H1,2,20.0,50,10,3.0,long,194.51300650682163,0.6389365351629502,0.7621115763400188,-0.04855206022800171,-0.06426595724854478,0.5757844353443137,-0.11161461356647187,-1.1042044869879302,208.91864752817648,0.6730769230769231,0.871305202592221,-0.024723422692895878,-0.057223644727618206,0.21817551144520028,-0.2622826198438463,-0.601877656610578,-0.05585920751294425,-0.06448183619941238,-0.02587305483320817,-0.024723422692895878
H1,2,20.0,50,10,3.0,both,370.5089086206268,0.6364250337685727,0.7666311777001622,-0.04570219001639979,-0.2966918779558244,1.0334181179578823,-0.28709761596023836,-0.042335138415903646,362.32045165725714,0.6643145161290323,0.8936701138525737,-0.019483147361373705,,8.960368104673671,,-0.48842381699083987,-0.04481771557325046,-0.07471170597198516,-0.017616120781291447,-0.019483147361373705
H1,2,20.0,50,10,5.0,long,191.093180920724,0.6577913574858141,0.8212930643081163,-0.02115761196297332,-0.022016496617624393,0.27193330133177485,-0.08096285563334868,-0.7512340428301276,204.53573883877417,0.6857142857142857,1.0215767879298947,0.001959078696025453,0.0027133354446309266,0.044717015887182306,0.06067791847909685,0.10029681077042506,-0.026986142477114984,-0.03148856088118643,-0.0057688738153151165,0.001959078696025453
H1,2,20.0,50,10,5.0,both,363.2522055476879,0.6516647531572904,0.8020382520931707,-0.022957574914530522,-0.05386909119069727,0.5243202426885885,-0.10274081907360565,-1.083659918542421,353.189391887669,0.6742502585315409,0.9735627565150813,-0.0028756574442627436,-0.009280784092655092,0.1060129534743021,-0.08754386882452798,-0.12173607165874735,-0.024634235244834986,-0.03603634242322299,-0.008307527988147505,-0.0028756574442627436
H1,2,20.0,100,5,2.0,long,244.72605535635276,0.5705521472392638,0.7364976650020473,-0.07163500301640167,,1.0129407242337134,,0.2982537453976845,260.78306701943706,0.6176470588235294,0.953272910421439,-0.01147524037680473,,5.005721153575483,,0.7059320012948676,-0.05098744072920727,-0.12025727211430087,-0.04292257378229878,-0.01147524037680473
H1,2,20.0,100,5,2.0,both,473.8543696248944,0.5687378982573491,0.737079805767462,-0.07061272227247258,,1.935600676830796,,-0.09007391277078373,457.28347326097366,0.5902555910543131,0.8511372830141934,-0.03865473776256138,,-0.0,,1.2572982987206371,-0.056360563606119886,-0.1209512818573311,-0.034729592831361004,-0.03865473776256138
H1,2,20.0,100,5,3.0,long,227.7103378060133,0.5846153846153846,0.7446370677829036,-0.04610582020655233,-0.07565694893173436,0.6306010173637473,-0.11997593858636836,-1.2320513072718806,244.34715943417842,0.6233183856502242,0.9457994936179654,-0.009290732436103928,-0.02745343817553092,0.13701377314436056,-0.20036991570625098,-0.21902372664524625,-0.03893896431828476,-0.07941454124191107,-0.019705499018224288,-0.009290732436103928
H1,2,20.0,100,5,3.0,both,442.4920666889746,0.5815268614514609,0.7437373457473793,-0.04600127202369988,,1.2294276906332806,,-0.24374899894735413,422.5854461365388,0.5998271391529818,0.8692312205595927,-0.02313325181757592,,-0.0,,1.0422246182599821,-0.03882403983489914,-0.08240369135280348,-0.017228628986630422,-0.02313325181757592
H1,2,20.0,100,5,5.0,long,219.2858894109923,0.5926207683529859,0.7670290106713916,-0.024757422954937863,-0.03120096994307764,0.349808336155409,-0.0891944722815754,-1.0990907487779464,233.7551301014562,0.6265625,1.0270544853318717,0.0019925574317934463,0.0039855756550437604,0.04165652471654367,0.09567710417909418,0.13146992594588258,-0.013934742530753953,-0.04892181627404192,-0.011331066264003466,0.0019925574317934463
H1,2,20.0,100,5,5.0,both,427.39478788205577,0.5897736143637783,0.757239171922528,-0.025707391618515193,-0.0819388620084065,0.6862293975435616,-0.11940447655217955,-1.3630511083146664,407.97575050519777,0.6051924798567592,0.889820241097928,-0.011532366890342458,-0.06307372630691732,0.19507272781798596,-0.3233344148740706,-0.641561767605165,-0.018462717336071636,-0.05100058319371987,-0.008252952815085595,-0.011532366890342458
H1,2,20.0,100,10,2.0,long,229.04490388839287,0.5954115076474873,0.7708095062769645,-0.07194802162172627,-0.22369782086247347,0.9614902455217894,-0.23265740022258397,-0.5514179047798994,246.17337138809606,0.658753709198813,1.0301943589871085,0.007593103656389553,0.17221449574491832,0.9143112160973912,0.18835435102720458,0.7462040986750271,-0.08078118118899064,-0.10481782112207029,-0.03222872709995227,0.007593103656389553
H1,2,20.0,100,10,2.0,both,441.8247836477848,0.5975080234094771,0.7747490181059461,-0.06891837588823034,,1.8190375480494483,,-0.25969723328620525,426.23787004437406,0.62382176520994,0.8969381586767765,-0.030595516954435346,,-0.0,,0.8984294798324265,-0.06761117564354405,-0.10546701512505495,-0.033829404716080695,-0.030595516954435346
H1,2,20.0,100,10,3.0,long,210.19415797478152,0.6273809523809524,0.7536621194733849,-0.05281457296605138,-0.0830293526499718,0.6613941185818782,-0.12553687781197448,-1.1472583033148729,229.00697902127038,0.6810207336523126,0.990365949356035,-0.0026210221494250984,-0.005574975677302807,0.14312474747847811,-0.03895186384968906,0.007469456570390391,-0.06612430140558347,-0.07147020431307405,-0.022267731090999283,-0.0026210221494250984
H1,2,20.0,100,10,3.0,both,405.45785790294167,0.6262085990536926,0.7549099411653859,-0.05141006618505973,,1.2668937655447579,,-0.2527626851093282,387.88741901210386,0.6534839924670434,0.9157394643004378,-0.01716810397573273,,-0.0,,0.7033341123557217,-0.050699124625831246,-0.079446360229856,-0.02431698100049368,-0.01716810397573273
H1,2,20.0,100,10,5.0,long,199.1839877951501,0.644891122278057,0.7740798573511489,-0.02842660636388997,-0.03280796309258083,0.3500827710222359,-0.0937148749045322,-1.0004675338114701,214.03204099914583,0.6962457337883959,1.1166033494081984,0.011267672291490158,0.017086743074287147,0.046865950909752006,0.3645875682153648,0.46871806817171296,-0.03160624318842772,-0.04554701159400584,-0.009221051615267737,0.011267672291490158
H1,2,20.0,100,10,5.0,both,385.1057251466533,0.6445743989603638,0.7661661871682717,-0.029112382693938763,-0.08471125071292751,0.689982560815303,-0.12277303155724732,-1.2594770617916666,365.2423907835253,0.666,0.9476228059082991,-0.0064862112672499595,-0.030464218291474388,0.1575611077153292,-0.193348591750923,-0.24706840538344652,-0.025505900098626615,-0.04734156299000054,-0.014849375967617175,-0.0064862112672499595
H1,2,20.0,200,5,2.0,long,271.58419776424154,0.5749385749385749,0.7729364307353882,-0.06181602839594171,-0.2519775242778326,0.9937677583335789,-0.2535577574989619,-0.15279077594534887,297.6725484885731,0.6147239263803681,0.9287500519653099,-0.019125425168368695,,1.677485605414711,,0.5678960575119368,-0.05063300632020379,-0.10588005895579948,-0.028860343343884397,-0.019125425168368695
H1,2,20.0,200,5,2.0,both,514.3918143771737,0.5680233500891844,0.7516192050285454,-0.06738537842407678,,2.003391462828451,,0.3157224960630789,495.26868190246034,0.5988200589970502,0.8778506712659826,-0.03277114334230585,,-0.0,,1.0086684541920663,-0.06089016682765101,-0.11076412122427978,-0.03089028137240848,-0.03277114334230585
H1,2,20.0,200,5,3.0,long,247.7288290417068,0.5885521885521886,0.7846689867833875,-0.03881059468852388,-0.06586460554628737,0.5958804188911382,-0.11053326046332163,-1.0122232283629302,275.7580050415616,0.6304635761589404,0.9579960475799498,-0.008026477413229099,-0.02179538834631911,0.12145674779602489,-0.1794497937893282,-0.17740528350360316,-0.03013962107589173,-0.07602134473743763,-0.010140570579677665,-0.008026477413229099
H1,2,20.0,200,5,3.0,both,470.6013647990942,0.5815313718539525,0.7562266818287072,-0.04399130910690149,,1.2560637527432141,,0.20911949841898417,456.5529884794066,0.6184,0.9191203422252463,-0.01470874132209008,,-0.0,,0.6501324719049338,-0.038125425175525356,-0.07886763014630446,-0.015349206369355457,-0.01470874132209008
H1,2,20.0,200,5,5.0,long,235.63432392014198,0.5978761061946902,0.7924700940516445,-0.022257455365083962,-0.02991391747806882,0.3247562561107525,-0.09211190520643026,-0.978052764675622,260.78306701943706,0.6372549019607843,1.0317172983187768,0.002584761253309894,0.00533031700525477,0.04436301365336743,0.12015227475084227,0.15940258995110498,-0.01564655406015628,-0.04568397375569366,-0.005507679464972888,0.002584761253309894
H1,2,20.0,200,5,5.0,both,448.8312555802775,0.590039026203308,0.758949900020551,-0.025926196421034643,-0.09027912368638791,0.7075772523969809,-0.12758907014118862,-1.2983230423205494,433.90796025082807,0.6254208754208754,0.9490315873352987,-0.005437414889007877,-0.033677434786495763,0.1544269759348208,-0.21807999918816026,-0.27589285020742504,-0.021937434007823893,-0.04827744194312339,-0.008011943563554889,-0.005437414889007877
H1,2,20.0,200,10,2.0,long,252.23298956973784,0.5952380952380952,0.7956555158686589,-0.06483685069018115,-0.2138561034454749,0.971561321914781,-0.22011590892070626,-0.38203676416931237,279.7756713401804,0.6383812010443864,0.9588116994413425,-0.013298327665710666,-0.4571797291105,1.3076972849720918,-0.3496066974859987,-0.4087605176946857,-0.07648437789183285,-0.10058041018634326,-0.021956259989082485,-0.013298327665710666
H1,2,20.0,200,10,2.0,both,474.93870456682777,0.5932560590094836,0.7873515922962031,-0.06626197765898527,,1.8270541248574608,,-0.17568675343539134,461.30113955959246,0.618368962787015,0.8983150795487173,-0.03196869578996782,,-0.0,,0.8838417638294931,-0.06827700576214592,-0.10166718150695261,-0.02944657257242304,-0.03196869578996782
H1,2,20.0,200,10,3.0,long,226.70941324422864,0.6309786607799853,0.7970328396394372,-0.04329114875210442,-0.06796357899022376,0.6087167345770904,-0.1116505841381901,-0.936342678312559,254.93918876690066,0.670487106017192,0.9663922907645602,-0.007765020849381452,-0.019406527516162453,0.15767552469089716,-0.1230788833853985,-0.12380666533066004,-0.04749330120755986,-0.07751744665199194,-0.007656752194004478,-0.007765020849381452
H1,2,20.0,200,10,3.0,both,426.8109152210147,0.626343560680086,0.780848270512693,-0.046093518046513744,,1.2127720804294364,,-0.26030966949579704,416.37632549321887,0.6552631578947369,0.9450657276206387,-0.011731101183944631,,-0.0,,0.517806212531297,-0.04722814703273716,-0.07879405599888892,-0.012906948032841632,-0.011731101183944631
H1,2,20.0,200,10,5.0,long,211.1950825365662,0.6484992101105845,0.7846414751511462,-0.02759603712019275,-0.033964293365920106,0.3566198510864754,-0.09523949175135579,-0.9584952198905196,234.85085727380678,0.687402799377916,1.0121258166020246,0.0010572427757493692,0.0023046896187801647,0.07051324599679964,0.03268449191638074,0.07049303403287135,-0.033208028357255615,-0.04774574439385411,-0.004371820093689716,0.0010572427757493692
H1,2,20.0,200,10,5.0,both,397.11681988806936,0.643982356647763,0.7714736803254291,-0.028691068169080364,-0.0869431487599176,0.6948658417537688,-0.12512220854097847,-1.1724639498523861,386.06120705818626,0.67360454115421,0.9683938314075262,-0.0038811545903226813,-0.020569136469182903,0.18422959295676905,-0.11164947031072046,-0.1414298274359383,-0.030092732648316495,-0.04779590828570583,-0.008800632428545476,-0.0038811545903226813
H1,3,5.0,50,5,2.0,long,3.336415205948913,0.625,1.0081581940944808,0.0005076435088005815,3.7152505084847576e-05,0.022039942054043134,0.001685689780569641,0.00829492892016497,3.287181517051728,0.7777777777777778,1.0735649373797664,0.018598077913877464,0.0002637546885648767,0.012347365504446392,0.02136121170705576,0.050641054555113175,0.02577387577813563,-0.18043950489424077,0.07422142568157378,0.018598077913877464
H1,3,5.0,50,5,2.0,both,6.923061552343994,0.5421686746987951,0.7805711264624027,-0.06570494925221654,-0.002182962668029642,0.04271670269334122,-0.05110325775144455,-0.23223991670627586,6.20912064331993,0.7058823529411765,0.9974231973846673,0.001529718296657937,-2.005708280183871e-05,0.016055873285777088,-0.0012492053496464778,0.0004756519368970029,-0.09338236075148547,-0.1919165005038708,0.06663780669071119,0.001529718296657937
H1,3,5.0,50,5,3.0,long,3.336415205948913,0.675,1.1928684840198427,0.0298635148663589,0.0005123269222726545,0.020624848444335354,0.0248402757312559,0.11060366550649378,3.287181517051728,0.7777777777777778,3.975072050197985,0.12207456870220347,0.0018970143819985186,0.004321150626471249,0.4390067706451751,0.8820031049164279,0.12558677806844973,-0.2024632243710684,0.08999646099590372,0.12207456870220347
H1,3,5.0,50,5,3.0,both,6.923061552343994,0.5783132530120482,0.8878645969502531,-0.022015491933552397,-0.0007216551965344431,0.033144931010296426,-0.02177271680880138,-0.10063694143966828,5.843878252536405,0.6875,1.9040048418066917,0.0776955367136952,0.002136172259100011,0.0054468286215686,0.3921864276472916,0.5559169183209741,0.02872869263478273,-0.1595470431634775,0.040600222957189444,0.0776955367136952
H1,3,5.0,50,5,5.0,long,3.336415205948913,0.675,0.8642844209230292,-0.01826156440141741,-0.00029828667975073664,0.01758701334208775,-0.016960621678548584,-0.07806963103045897,3.287181517051728,0.7777777777777778,3.872445033013948,0.07324474122132212,0.0011278955400493285,0.0026452586055761527,0.4263838468086814,0.8665690611952851,0.07535206684106983,-0.21667674669985207,0.02542644802611451,0.07324474122132212
H1,3,5.0,50,5,5.0,both,6.923061552343994,0.5783132530120482,0.7111160728966656,-0.04058492129201235,-0.0013940149395565982,0.03033020792875481,-0.04596127210308342,-0.25952015866581474,5.843878252536405,0.6875,1.9083807831582043,0.04661732202821714,0.00130576596988341,0.003301054080924016,0.3955603082751998,0.5585421369272278,0.019581038905243268,-0.16677387716152345,0.005309951627084259,0.04661732202821714
H1,3,5.0,50,10,2.0,long,3.336415205948913,0.65,1.1315487305140544,0.04267596609964669,0.0007141494032947282,0.025075518324838533,0.028479945819796997,0.09567600805913463,3.287181517051728,0.6666666666666666,1.3797676845498896,0.13474851888613457,0.002031969671991485,0.017019316440618187,0.11939196730263499,0.24578323475119143,0.16842874703920988,-0.0657529189851395,-0.04968411316082214,0.13474851888613457
H1,3,5.0,50,10,2.0,both,6.923061552343994,0.6265060240963856,1.109032203485837,0.034615786318067734,0.0012015759117649516,0.0321690668535931,0.037351904462554916,0.11220508002802013,6.20912064331993,0.5294117647058824,0.7054870601209839,-0.1372509804462068,-0.004188531168654808,0.028111393294741924,-0.1489976368207352,-0.329544400649628,0.021227594654805566,-0.07652091220003024,0.13299731782427957,-0.1372509804462068
H1,3,5.0,50,10,3.0,long,3.336415205948913,0.725,1.43934271856411,0.08234158474970595,0.0013541614763044052,0.017009823959912088,0.07961055208424414,0.2440380806495246,3.287181517051728,0.6666666666666666,1.3350992217581223,0.08842424421891919,0.0011954521546253538,0.01132780863588058,0.10553251675163242,0.20028399546147027,0.2266814652575104,-0.10605506672658714,0.055342716049445365,0.08842424421891919
H1,3,5.0,50,10,3.0,both,6.923061552343994,0.6867469879518072,1.2676832226640526,0.056796183228742754,0.0019156078281650224,0.024892824467714292,0.07695421749546918,0.2303842795557967,5.843878252536405,0.5625,0.7370617356151217,-0.076630360005706,-0.0022933034166310318,0.01605676759620704,-0.14282472501954627,-0.27237391044882614,0.10102758653103018,-0.06560813705548575,0.11065909960823292,-0.076630360005706
H1,3,5.0,50,10,5.0,long,3.336415205948913,0.725,1.1059996523081288,0.016205979280675555,0.0002557850823781127,0.01608901037564602,0.01589812402416592,0.062199973686121866,3.287181517051728,0.6666666666666666,1.0899860916836113,0.021068719116975512,0.0002417253741400227,0.00885661420176297,0.027293203546328755,0.05679515932325239,0.1609436475824266,-0.1433644601047539,-0.023937227513189087,0.021068719116975512
H1,3,5.0,50,10,5.0,both,6.923061552343994,0.6867469879518072,0.9359844609575584,-0.010251752257383421,-0.0003765336896683902,0.028383447606585444,-0.013265960319106124,-0.05582530695066955,5.843878252536405,0.5625,0.6481367998254864,-0.07190136065199713,-0.002187617164904898,0.013927111423839839,-0.15707615874747924,-0.3555870902054973,0.04055272363788111,-0.11925125226240044,0.027919117727429412,-0.07190136065199713
H1,3,5.0,100,5,2.0,long,9.592193717103125,0.6260869565217392,1.0068131819663733,0.0007236191695992267,9.356713409935935e-05,0.05821339292305117,0.0016073128433355566,0.012461805589656736,9.861544551155184,0.7777777777777778,4.915085479853866,0.37107026453640024,0.017190328424854684,0.008370285350719774,2.05373266317336,1.4162195296476667,0.08113162055642234,-0.062263639743513365,-0.03567850704583218,0.37107026453640024
H1,3,5.0,100,5,2.0,both,18.183462872421575,0.5871559633027523,0.8661665342997352,-0.04140631473124145,-0.003644309146577318,0.10097216436026718,-0.03609221580686809,-0.20317073495422164,22.279785837795043,0.5901639344262295,1.3053376495871114,0.07247021359623508,0.007784796866763255,0.022865040639258795,0.34046722197365886,0.4346570326468646,-0.05973612297090941,-0.08564168811078297,0.006782705942102245,0.07247021359623508
H1,3,5.0,100,5,3.0,long,9.091731436210788,0.6422018348623854,0.940074294139284,-0.014291313152153214,-0.000586930847949807,0.04752198118618648,-0.01235072346100785,-0.05699187559792768,9.131059769588132,0.8,7.003028195032954,0.27855508142637014,0.012025028692531858,0.004929986141835085,2.4391607494571557,1.519910967763766,0.04346746330778179,-0.08021347091769722,-0.015947260129863066,0.27855508142637014
H1,3,5.0,100,5,3.0,both,17.182538310636904,0.6019417475728155,0.862075095261941,-0.030588961842500637,-0.002554302633654304,0.08288690632694637,-0.03081672059973971,-0.19721714615190242,20.453573883877418,0.5892857142857143,1.440933474108029,0.0637442148484667,0.006251632732190204,0.011401861725815539,0.5482992937930095,0.5286527674402217,-0.01572208927113217,-0.08788033819281425,-0.003948111764288668,0.0637442148484667
H1,3,5.0,100,5,5.0,long,8.924910675913342,0.6542056074766355,0.8789903445030509,-0.017571877842814825,-0.0007635946894127832,0.034347071679516165,-0.022231726085347014,-0.1138325462316396,9.131059769588132,0.8,6.652740905344466,0.1671330488558221,0.006886616052845351,0.0029818990947945508,2.3094732027878466,1.4821936142003582,0.04171250135146203,-0.09402987725126533,-0.004388422698124151,0.1671330488558221
H1,3,5.0,100,5,5.0,both,16.932307170190732,0.6059113300492611,0.8622665795591744,-0.017903298652157115,-0.001517918000159879,0.04980789789464252,-0.030475447957484487,-0.18028846769897827,20.453573883877418,0.6071428571428571,2.0463250770211117,0.08578675571644902,0.008059918645399566,0.009112570548112391,0.8844835387385973,0.7906692035175388,0.003137193347108146,-0.07682529854591492,0.007245541941058848,0.08578675571644902
H1,3,5.0,100,10,2.0,long,9.592193717103125,0.591304347826087,1.2070224676660324,0.07223398503699043,0.00336030615437255,0.04490869889644931,0.0748252841196927,0.22210263854258283,9.861544551155184,0.7777777777777778,3.028654420027675,0.34238425313064674,0.01516667051290943,0.0143926061786648,1.0537820825940531,1.0872267764550132,0.12981861134410208,0.09802096930066018,-0.033748926354490366,0.34238425313064674
H1,3,5.0,100,10,2.0,both,18.183462872421575,0.5642201834862385,1.0563183950884603,0.019663032226560316,0.001774120295892745,0.06490003573343434,0.027336199061270737,0.09490168540197724,22.279785837795043,0.5901639344262295,0.8112730452403376,-0.06602672881299473,-0.007542021724962766,0.0528109509456768,-0.1428117007913899,-0.3271463399189728,-0.011112542266082617,0.05133912665193387,0.014662924505278029,-0.06602672881299473
H1,3,5.0,100,10,3.0,long,9.091731436210788,0.6330275229357798,1.1755029356223214,0.04392825131152666,0.0019632816742101156,0.03298673061689488,0.0595173161296736,0.17731257098959768,9.131059769588132,0.84,2.5059432730573885,0.22212295401063656,0.009232661302427392,0.012804458150137078,0.7210505274156058,0.9189880772318447,0.0583764177632981,0.0341201508625435,0.02606434816800711,0.22212295401063656
H1,3,5.0,100,10,3.0,both,17.182538310636904,0.6067961165048543,1.0443157371435352,0.01117170534845002,0.0009542130909081514,0.057404329866049125,0.01662266754328066,0.06940229025623587,20.453573883877418,0.6428571428571429,0.7518853320907655,-0.07133036440081633,-0.0071413596535493395,0.04029981327493361,-0.17720577524341158,-0.4426282207171506,0.01696822071631815,0.0012656344422085001,0.006594757462134072,-0.07133036440081633
H1,3,5.0,100,10,5.0,long,8.924910675913342,0.6542056074766355,1.0879122004980057,0.014708122001099522,0.0006424580259289936,0.024681789228037387,0.026029637478598617,0.0866903992085813,9.131059769588132,0.84,2.572242874110915,0.13925963411403328,0.005504644892933452,0.009040827061962041,0.608865190674141,0.8952833625031591,0.047564179430588854,-0.015202751965224717,0.0035394565430234945,0.13925963411403328
H1,3,5.0,100,10,5.0,both,16.932307170190732,0.625615763546798,0.9676785237414305,-0.004995126381747118,-0.0004557470297663624,0.04729932460240103,-0.009635381342067357,-0.03987161294863289,20.453573883877418,0.6607142857142857,0.979004173664038,0.001943445532547859,-0.0003593436399024208,0.02341377718591474,-0.0153475296637996,-0.0223380080381413,0.014275100604967969,-0.03782400490041647,-0.0011362279491051348,0.001943445532547859
H1,3,5.0,200,5,2.0,long,16.01479298855478,0.5364583333333334,0.6487846937472906,-0.1320786753430016,-0.010777118139301378,0.1453611836578021,-0.07414027505906959,-0.5794535025044375,18.62736192995979,0.6274509803921569,1.391286161785825,0.09642228573375586,0.009710595718288362,0.0249880349836217,0.38860981764485003,0.4973485052003808,-0.08700177110860915,-0.1738810134456503,-0.1420965245661551,0.09642228573375586
H1,3,5.0,200,5,2.0,both,31.02866141532489,0.553763440860215,0.7196849288887631,-0.09342618397813048,-0.015099057796527537,0.1922680509818926,-0.07853128858080292,-0.6028999504088958,36.52423907835253,0.58,0.9302790990353699,-0.0197840451612825,-0.004310806998904959,0.05508357150835598,-0.07825939533080249,-0.1420903265453959,-0.11197287576708778,-0.14110647462968517,-0.03599579969920287,-0.0197840451612825
H1,3,5.0,200,5,3.0,long,14.76363728632394,0.5706214689265536,0.7020347273087244,-0.07655840693075622,-0.005633271877994783,0.09103377190749046,-0.06188112125815656,-0.4512031642159799,17.531634757609215,0.6666666666666666,1.3314072619347257,0.05991488753994468,0.005559858172361487,0.01949134748261408,0.2852475016065861,0.39897468850137147,-0.049989968079239326,-0.13273603672539358,-0.050420269822094785,0.05991488753994468
H1,3,5.0,200,5,3.0,both,28.60976039101193,0.5830903790087464,0.8212444056241965,-0.03998351248014045,-0.005711565971299848,0.11058534083035265,-0.051648490915824706,-0.3362728610178151,33.60229995208433,0.5978260869565217,0.966802291807671,-0.0074182484441825455,-0.0011311400589991694,0.02738708759750278,-0.04130194767779212,-0.05596296768967392,-0.060686548946285473,-0.11043435993349364,0.04065375055549596,-0.0074182484441825455
H1,3,5.0,200,5,5.0,long,14.012943864985434,0.5773809523809523,0.6324288243150488,-0.06281614423165156,-0.004410382781034006,0.06724827641825203,-0.06558358096203894,-0.5293330046886039,17.16639236682569,0.6808510638297872,1.407054460808644,0.04645929316967871,0.003656837495410903,0.008865992902093854,0.41245662339153,0.4689174715067989,-0.047004841413757846,-0.08639391222973367,-0.05880519921722931,0.04645929316967871
H1,3,5.0,200,5,5.0,both,27.525425449078533,0.5818181818181818,0.771837520750145,-0.032281738784016446,-0.004485468847111429,0.07543577498297675,-0.05946076444662555,-0.41031371560142743,32.50657277973375,0.6179775280898876,1.17128802670472,0.02166284281797559,0.0033166434277007717,0.015425317097740327,0.21501298201426478,0.25660555586503914,-0.05276217507231058,-0.05677162746028373,0.007629858886468712,0.02166284281797559
H1,3,5.0,200,10,2.0,long,16.01479298855478,0.4947916666666667,0.7252717049823484,-0.12650513285692902,-0.010281518039556015,0.14954041784289113,-0.06875410800548849,-0.46589687342897124,18.62736192995979,0.6470588235294118,1.313852514615816,0.09529269017480828,0.009442957226603044,0.03354428759749938,0.28150716270710086,0.4287334211620012,-0.10274197710943053,-0.10669446499906601,-0.18349740008675147,0.09529269017480828
H1,3,5.0,200,10,2.0,both,30.945251035176167,0.5202156334231806,0.8137873160739572,-0.0767492298983979,-0.012160394952669407,0.18602746914844034,-0.06536881358615936,-0.3997248943758973,36.52423907835253,0.52,0.7119254251085881,-0.11629944247219239,-0.024579330621161466,0.09386200841884611,-0.2618666597403247,-0.7219142254106226,-0.12943919314191094,-0.06045701078679112,-0.04722059793390154,-0.11629944247219239
H1,3,5.0,200,10,3.0,long,14.76363728632394,0.5875706214689266,0.9177192485583087,-0.023437489639843656,-0.0016810585916503529,0.05717153586383834,-0.029403768260730635,-0.11055223749852044,17.531634757609215,0.6875,1.1836379458727417,0.042911372981253415,0.0037719512984841774,0.028126435692159696,0.13410697820967116,0.24480309167195935,0.013613422670528789,-0.057560478796334476,-0.030445689846190994,0.042911372981253415
H1,3,5.0,200,10,3.0,both,28.442939630714484,0.6011730205278593,0.993388604752615,-0.0016451877038014854,-0.00023891222353411568,0.055813383420689575,-0.004280554392005428,-0.004340250138027867,33.2370575613008,0.5824175824175825,0.7168709545286758,-0.08455310118783399,-0.01357147887029364,0.049904739329589956,-0.2719476958022446,-0.6393266123565655,-0.030754953959662906,-0.03038653713795649,0.04776568248455112,-0.08455310118783399
H1,3,5.0,200,10,5.0,long,14.012943864985434,0.6011904761904762,0.8328241247584367,-0.03134848698492295,-0.002189764878785194,0.0501291327143088,-0.04368248082935914,-0.2199745052363791,17.16639236682569,0.7021276595744681,1.2654878816715054,0.03897422655138469,0.0029565408315748165,0.011555180730236472,0.25586279441207077,0.3213189350407761,-0.024599402310889504,-0.02822056880347388,-0.047020408067828846,0.03897422655138469
H1,3,5.0,200,10,5.0,both,27.358604688781085,0.6097560975609756,0.8768413140570477,-0.021644175608623868,-0.002993719851690946,0.06754664298301657,-0.04432077923463442,-0.21612654519992358,31.7760879981667,0.5862068965517241,0.8031581746043723,-0.03772100157218595,-0.005890325482904024,0.03397603768268479,-0.17336705174146633,-0.36505391622044797,-0.04979579450077727,-0.021737703117404288,0.0024738138048785324,-0.03772100157218595
H1,3,10.0,50,5,2.0,long,21.353057318073045,0.60546875,0.7914191590300381,-0.06356381816526682,-0.0067961649753134346,0.10478354901042644,-0.06485908369678513,-0.3862368119767154,21.914543447011518,0.7,1.3491433948184999,0.05757490931698692,0.006765614379109497,0.015527335829869817,0.4357228086800658,0.47842352798409193,-0.09043143950076045,-0.11233164119182708,-0.004923876071301801,0.05757490931698692
H1,3,10.0,50,5,2.0,both,42.03883159495631,0.6170634920634921,0.8314373296876075,-0.047365345442879105,-0.010109069471852528,0.16237923547400254,-0.06225592479446686,-0.4050482158635178,39.81142059540426,0.6330275229357798,0.9363568689866871,-0.014535556489013595,-0.003146339089528438,0.045434954199915174,-0.06924930694734391,-0.13661360234573233,-0.04016251786821223,-0.1538178558458817,0.03585661063355813,-0.014535556489013595
H1,3,10.0,50,5,3.0,long,20.93600541732943,0.6254980079681275,0.7738853694991945,-0.04816159065154356,-0.005017610422624386,0.07873921017633465,-0.06372441902055612,-0.3675345043431514,21.914543447011518,0.7333333333333333,1.9374562153611035,0.07929610850553061,0.008797438005569092,0.01145857650141201,0.7677601143985909,0.9636895350020113,-0.11409844782312026,-0.06370671521467308,0.025842776572472154,0.07929610850553061
H1,3,10.0,50,5,3.0,both,41.204727793469075,0.6356275303643725,0.8305808810526837,-0.03229312101013987,-0.0066794609476530376,0.1191760341472026,-0.05604701478321364,-0.36249651179262804,39.81142059540426,0.6605504587155964,1.0458806307361892,0.00804722316834827,0.0013907758710154372,0.030578721294873906,0.045481819125268046,0.09813680974951294,-0.06059332814728321,-0.08963766941552774,0.04314995749652378,0.00804722316834827
H1,3,10.0,50,5,5.0,long,20.68577427688326,0.6290322580645161,0.7212966749009774,-0.03822991849090681,-0.003936497920868809,0.056475045347940074,-0.0697033158028689,-0.42928031745118406,21.914543447011518,0.7333333333333333,1.880909115920409,0.046275000061016515,0.004988055133374525,0.009213183456710787,0.5414040821841312,0.8476737345313456,-0.08660133013700758,-0.030052052338949,-0.0006189974973140319,0.046275000061016515
H1,3,10.0,50,5,5.0,both,40.87108627287419,0.6428571428571429,0.7998471273796807,-0.02426543299258206,-0.004943339721504625,0.07966129341078358,-0.06205447476246294,-0.40744542672637096,39.446178204620736,0.6666666666666666,1.1204350938771277,0.013119579890569152,0.002246503661848198,0.0220789614821129,0.10174861094205838,0.1971260133087316,-0.040789673752787574,-0.06131649861246598,0.022422551673601365,0.013119579890569152
H1,3,10.0,50,10,2.0,long,21.186236557775597,0.547244094488189,0.8344422026132787,-0.06551906169673372,-0.007031025022453896,0.09743254546115339,-0.0721630025077933,-0.3140497870160207,21.549301056227993,0.5932203389830508,0.9435570117424467,-0.017720755068979046,-0.0022548618201295723,0.03817618681629548,-0.05906461614356638,-0.09509342915267052,-0.07257939934757718,-0.09466947456070854,-0.044074666280907414,-0.017720755068979046
H1,3,10.0,50,10,2.0,both,41.87201083465886,0.5876494023904383,0.9589644941312863,-0.014127851171396096,-0.002932709289896196,0.11842230349979756,-0.024764839082033304,-0.09137745554498751,39.446178204620736,0.5648148148148148,0.8319358057565155,-0.062108115102024714,-0.012756266250191328,0.09009596246766713,-0.1415853263654205,-0.4166434132033476,0.019617882826455314,-0.10761896397990205,0.030634287136045543,-0.062108115102024714
H1,3,10.0,50,10,3.0,long,20.602363896734538,0.6032388663967612,0.7966971721590204,-0.060804401485225354,-0.006302486804866225,0.0921747179770242,-0.0683754389835747,-0.35810210519170815,21.549301056227993,0.6610169491525424,1.3386430476555007,0.06353120585354523,0.006748867738701536,0.019238493358511743,0.35080022187473503,0.482160074421025,-0.13406312753432487,-0.04422667183657446,-0.008261726780124202,0.06353120585354523
H1,3,10.0,50,10,3.0,both,40.87108627287419,0.636734693877551,0.9588552201335143,-0.010220362004982964,-0.0020361258682800587,0.07675755390183658,-0.026526716456910703,-0.08358866540444929,39.446178204620736,0.6111111111111112,0.8861293186120477,-0.0259072075121332,-0.005661027589429546,0.060510378564770345,-0.09355465498154136,-0.25431236050776446,-0.04029684491492526,-0.041108218106126644,0.043364814738656575,-0.0259072075121332
H1,3,10.0,50,10,5.0,long,20.35213275628837,0.6311475409836066,0.772957871261695,-0.043987375728627286,-0.004433925540113237,0.06161046100410171,-0.07196708915744111,-0.3688351888270468,21.549301056227993,0.6610169491525424,1.4065780850642928,0.045446157389303174,0.0044594755418534415,0.011083488320784422,0.40235306906858603,0.5316024024072572,-0.0941316286192476,0.0029939287066021885,-0.03801807003803411,0.045446157389303174
H1,3,10.0,50,10,5.0,both,40.53744475227929,0.6604938271604939,0.9420569403287243,-0.009297710167251814,-0.0018191666054544475,0.05120075997772765,-0.03553007037875582,-0.11421195921560669,39.08093581383721,0.6261682242990654,0.9708540888736025,0.0013287549975438049,-0.0008472383018047758,0.03372488527041877,-0.02512205141726359,-0.05246132411592958,-0.030756237808782883,-0.01608465032497239,0.015471033006875386,0.0013287549975438049
H1,3,10.0,100,5,2.0,long,38.86923714930484,0.5965665236051502,0.8578210565753648,-0.04361117565920823,-0.00854415198424252,0.15087100452792934,-0.05663216740007071,-0.32419367141871697,42.368117330888936,0.6637931034482759,1.435876605660952,0.08381107044721434,0.018699974295543376,0.02810768751488742,0.6652975021740516,0.8231148699900035,-0.0570162588227169,-0.04217071197277908,-0.03568277612765901,0.08381107044721434
H1,3,10.0,100,5,2.0,both,76.737549736825,0.5891304347826087,0.7917639578486082,-0.0626707677998417,-0.026845767871270576,0.3417524121767057,-0.07855326521408652,-0.6758942395583177,74.8746901106227,0.6,1.0125651169930785,0.0034555474500832907,0.00156425249621428,0.09343385139532977,0.01674181758381918,0.05333830277155423,-0.05955440219021414,-0.10865946103486165,-0.02403300002889143,0.0034555474500832907
H1,3,10.0,100,5,3.0,long,36.783977645586766,0.6145124716553289,0.8073098950740152,-0.042399368199938475,-0.007898608356343928,0.1207717375716225,-0.06540113204597835,-0.40041838961383536,40.54190537697131,0.6936936936936937,1.4459304052744792,0.05920574020003473,0.01240039101096091,0.025121370650546197,0.49361920507674595,0.7656798072300248,-0.06783486519571104,-0.031652941004129936,-0.0302075499750984,0.05920574020003473
H1,3,10.0,100,5,3.0,both,72.23338920879397,0.6120092378752887,0.7766255348694541,-0.04621360253509448,-0.017874690098659274,0.23917824213436958,-0.0747337631514882,-0.6514836899440745,70.49178142122038,0.6321243523316062,1.00351767899489,0.001997673614882133,0.0002581643408925416,0.061606666018043994,0.00419052608392942,0.020435871147282833,-0.04814064346014874,-0.06920255566912932,-0.024116132719275048,0.001997673614882133
H1,3,10.0,100,5,5.0,long,35.19918042276103,0.6232227488151659,0.7851820453758979,-0.029237434144512287,-0.005165422974137357,0.08893050299147369,-0.05808381601791455,-0.4084661487122585,40.176662986187786,0.6909090909090909,1.5295052333904613,0.03805697319099029,0.007871553350351501,0.014027828233272751,0.5611384185387216,0.8307693730035284,-0.04612889996221305,-0.018472941444237705,-0.024642132859087767,0.03805697319099029
H1,3,10.0,100,5,5.0,both,69.81448818448101,0.6200716845878136,0.7592050741892008,-0.030993520707671748,-0.011166878416511428,0.16751209823149957,-0.06666311588479386,-0.6444464520295742,69.76129663965334,0.6335078534031413,1.1037460957859648,0.010340112515143818,0.003961144476574585,0.02914256892401635,0.13592296845561241,0.2527370668506543,-0.028491184033737543,-0.0463539555941765,-0.01984251282143737,0.010340112515143818
H1,3,10.0,100,10,2.0,long,38.285364488263774,0.5642701525054467,0.9334373975226266,-0.025841118245265613,-0.004918070683976095,0.11770298820218116,-0.04178373683706492,-0.14984177352854328,41.637632549321886,0.6228070175438597,1.1395243442559868,0.045153674922159624,0.009184710709635668,0.06414670045443403,0.14318290176374598,0.3201202871204465,-0.038471731493112206,-0.017561737642269894,-0.026408081497939075,0.045153674922159624
H1,3,10.0,100,10,2.0,both,75.73662517504033,0.5682819383259912,0.893422857588177,-0.03972797497803728,-0.015899467241196064,0.2425286145252306,-0.06555707775892984,-0.3462931022827395,74.14420532905564,0.5714285714285714,0.9138419003006112,-0.02904077952531213,-0.013450994599383703,0.13593047205433934,-0.09895496128349025,-0.24585291218210756,-0.022857646557897075,-0.09665261401043686,-0.005091673716443751,-0.02904077952531213
H1,3,10.0,100,10,3.0,long,35.53282194335593,0.6056338028169014,0.8951124178998644,-0.029674644823396826,-0.005244800988644882,0.09071691492965164,-0.057815028131325615,-0.22377784639266815,39.08093581383721,0.6635514018691588,1.3185940858293401,0.06060894068872539,0.011822077812057685,0.034338270616902075,0.34428285407706555,0.5932431963105002,-0.04710302939660827,-0.012978273669713786,-0.03178577989644321,0.06060894068872539
H1,3,10.0,100,10,3.0,both,70.64859198596824,0.6080283353010626,0.8882124453912764,-0.029326397050198225,-0.01063189339724202,0.17053183375260372,-0.06234550560610323,-0.3316781379057476,69.03081185808628,0.6084656084656085,0.9262893406011162,-0.016977192113065923,-0.006910506153263829,0.086959819841244,-0.07946780669371004,-0.2041490129793932,-0.01914118887255216,-0.06083728839660163,-0.012137942518299956,-0.016977192113065923
H1,3,10.0,100,10,5.0,long,33.697793580084024,0.6212871287128713,0.8344145263717225,-0.030514007637128204,-0.005135428426281896,0.08563624047435073,-0.059967934111026626,-0.32844525405143604,38.35045103227016,0.6666666666666666,1.3482359820414702,0.039135095791113274,0.007354541732867315,0.015968020580317238,0.4605794247242385,0.6182099026281406,-0.047417038753529116,-0.0003442545112645065,-0.04581125772615126,0.039135095791113274
H1,3,10.0,100,10,5.0,both,67.64581830061421,0.6300863131935882,0.8553938869572701,-0.024295194845831456,-0.008349686438356207,0.13797588939097027,-0.06051554713806865,-0.39623234462402035,67.9350846857357,0.6236559139784946,0.9655401777105601,-0.0038446550882247185,-0.0018449333504572119,0.044830089568801135,-0.04115390730205382,-0.08441623000761334,-0.01278277948759753,-0.03278343397920747,-0.02947319079324065,-0.0038446550882247185
H1,3,10.0,200,5,2.0,long,53.799695195926226,0.5767441860465117,0.8272950429628204,-0.05519961873648722,-0.015533583759500424,0.21879687626667282,-0.07099545489199702,-0.44789234109583215,60.630236870065204,0.6265060240963856,1.0926284244019315,0.0235984217083688,0.008057090087277619,0.06463176582610158,0.12466145685940329,0.2358507372340547,-0.10010112675512842,-0.07352516398940175,-0.0005334936658743011,0.0235984217083688
H1,3,10.0,200,5,2.0,both,104.26297518590353,0.5728,0.7658150322467582,-0.07257928162694965,-0.04674856406036476,0.487297786861788,-0.09593428355467584,-0.815172530305815,101.53738463782004,0.5899280575539568,0.9272747386361372,-0.019844924466871132,-0.017840731252960595,0.15001552039290408,-0.118925903174779,-0.21625322747556913,-0.09789148791725144,-0.10353119534324429,-0.018483375326396354,-0.019844924466871132
H1,3,10.0,200,5,3.0,long,48.795072387002854,0.5897435897435898,0.7875873778937587,-0.04884462195528989,-0.012363918107260674,0.17096153827966154,-0.07231988101929444,-0.5157377840780721,57.343055353013476,0.6624203821656051,1.1120947219324606,0.019949940767474066,0.006259034823338672,0.04966100735816413,0.1260351965516403,0.24748811276804367,-0.08929880549817716,-0.0589847590015356,-0.008208196247336347,0.019949940767474066
H1,3,10.0,200,5,3.0,both,94.83760222909785,0.5901495162708883,0.7522192697001789,-0.05293620268876728,-0.028385774253311014,0.32969330807846686,-0.08609751413745775,-0.8193427191545659,95.69350638528363,0.6183206106870229,0.9153108060405691,-0.01633225465725648,-0.011152893073685388,0.07474495905224934,-0.14921264544260604,-0.2541083653663297,-0.0768963855545934,-0.07077500764164192,-0.013936669330044416,-0.01633225465725648
H1,3,10.0,200,5,5.0,long,45.70888832150011,0.5912408759124088,0.73916130997631,-0.038130127462079846,-0.008885249492805003,0.12670062305513896,-0.0701279068607123,-0.5785761205550226,55.15160100831232,0.6688741721854304,1.180487933105812,0.016659691513186803,0.005216533868684481,0.030044458729801705,0.1736271541983246,0.35762116878145866,-0.08370294489477101,-0.03027383268480478,-0.01005030873670465,0.016659691513186803
H1,3,10.0,200,5,5.0,both,89.99980018047192,0.5959221501390176,0.7193270042031357,-0.03841677838623248,-0.01853085569105306,0.2318010671876642,-0.07994292656146676,-0.8634347110939753,91.31059769588133,0.624,0.9868540604320387,-0.002541348957718319,-0.0008341765312852578,0.04263997503078233,-0.0195632509325593,-0.027983266036196296,-0.059957777064602716,-0.042821387529229246,-0.014351248762241708,-0.002541348957718319
H1,3,10.0,200,10,2.0,long,52.882181014290275,0.5410094637223974,0.8848626648624868,-0.04589495078486495,-0.012529126088627551,0.1933598692741496,-0.06479693090226234,-0.3099551604576064,59.899752088498154,0.5792682926829268,0.9465761928133951,-0.01831218451444154,-0.006723840642674617,0.11149568693383764,-0.06030583628463219,-0.13271562053261232,-0.08722064667610747,-0.05126913828749079,-0.008292738459862994,-0.01831218451444154
H1,3,10.0,200,10,2.0,both,102.51135720278036,0.5459723352318958,0.8407177456405674,-0.06228661544866431,-0.037713120748338436,0.41867908959973904,-0.09007643726461839,-0.6112325754574044,100.07641507468594,0.5547445255474452,0.8997260794732663,-0.03780941653929982,-0.030290159539390404,0.23916468551822093,-0.12664979979698018,-0.32023185127607,-0.08085414788711524,-0.06242650142672213,-0.04586076390502392,-0.03780941653929982
H1,3,10.0,200,10,3.0,long,47.1268647840284,0.5858407079646017,0.8626704863238274,-0.03961929553342565,-0.009514204205734789,0.14612118308729838,-0.06511173811158262,-0.3435881275967249,55.51684339909585,0.618421052631579,1.0063208805242612,0.0020416992124414495,0.0004668507576408576,0.068233984157901,0.00684190969357019,0.027545040099825505,-0.068484630187215,-0.05109246245718567,-0.007496343115756084,0.0020416992124414495
H1,3,10.0,200,10,3.0,both,91.7514181635951,0.5863636363636363,0.8341999207520983,-0.04598032749173547,-0.02312292596319543,0.2913887297308693,-0.07935422205433987,-0.5834813938393296,93.13680964979895,0.592156862745098,0.8723698522008104,-0.03469774416249923,-0.021422524757454986,0.12872173197926912,-0.16642508167078676,-0.4061622340055053,-0.06042287702627138,-0.04886415597229396,-0.03068071317067661,-0.03469774416249923
H1,3,10.0,200,10,5.0,long,43.62362881778204,0.6042065009560229,0.8305380840393569,-0.03126004515233805,-0.006823737531232554,0.10951267263086835,-0.06231002647732977,-0.3801148508348485,52.22966188204412,0.6363636363636364,1.0593918255439732,0.009347671366311408,0.0023288170732431723,0.03675323264899493,0.06336359839375537,0.135413022057346,-0.05613918781070785,-0.013818276736613542,-0.029689517994549868,0.009347671366311408
H1,3,10.0,200,10,5.0,both,85.41222927229218,0.6103515625,0.805703656463508,-0.03424581194420498,-0.01534824026553594,0.2032486309149638,-0.07551460591120741,-0.6142047429578188,86.19720422491197,0.6101694915254238,0.9059463122195044,-0.01536412549992614,-0.007964317557962342,0.0707387992384762,-0.11258768375630548,-0.2755217340693879,-0.044602329274696303,-0.024552421591555865,-0.034669631363733557,-0.01536412549992614
H1,3,20.0,50,5,2.0,long,91.91823892389256,0.5789473684210527,0.7623178266066346,-0.06620292000170969,-0.03534342944875257,0.36421769084238187,-0.09703929912632313,-0.8196297151961708,97.15447594841774,0.650375939849624,0.9976688702475006,0.00021763119838136866,-0.0003796776376132627,0.07458995618828845,-0.00509019789011321,0.010174769354731382,-0.09132263686545732,-0.08797075003552442,-0.020675379147839623,0.00021763119838136866
H1,3,20.0,50,5,2.0,both,175.49543983291284,0.5855513307984791,0.7756100983127763,-0.06009363488789275,-0.0747697525545935,0.6416790998514097,-0.11652203191892575,-0.9168746847799873,177.5078019207933,0.6502057613168725,0.9323849511301759,-0.014622281344025538,-0.034419320528975894,0.21677918532331825,-0.1587759474122976,-0.2554918616820696,-0.07336295487729214,-0.10869941118175053,-0.00139621164544217,-0.014622281344025538
H1,3,20.0,50,5,3.0,long,88.74864447824109,0.6052631578947368,0.8280071230732223,-0.031216562302909093,-0.014430280278521113,0.1817322952621031,-0.07940405010407789,-0.5319356374556709,95.69350638528363,0.6755725190839694,1.1699635575214424,0.023240772089374508,0.01257644642030753,0.03930564461704982,0.31996540300606535,0.49951520169327884,-0.04171429782862008,-0.03877423512768517,-0.014242326617704052,0.023240772089374508
H1,3,20.0,50,5,3.0,both,169.65671322250222,0.6032448377581121,0.8091482717828039,-0.03370415734094396,-0.03298916794205253,0.3661811863464019,-0.0900897401944765,-0.8115533407438502,173.85537801295806,0.6722689075630253,1.0264157790882626,0.004047444549462451,0.0047451719096180955,0.06435666658844574,0.07373240662017164,0.12436781254387864,-0.037398900004405405,-0.06296868328829112,-0.00327375509718706,0.004047444549462451
H1,3,20.0,50,5,5.0,long,87.83113029660514,0.6134852801519468,0.8046204207440881,-0.022000177844338758,-0.009912136196914778,0.1297973037433214,-0.07636627195674546,-0.5616084448497802,94.59777921293306,0.6718146718146718,1.1993450561682473,0.01632653519082588,0.007942569698390356,0.026119066179743425,0.3040908753679025,0.537998549853307,-0.03270253250523701,-0.03326901515274898,-0.000968017851138155,0.01632653519082588
H1,3,20.0,50,5,5.0,both,168.0719159996765,0.6094292803970224,0.7941154218457805,-0.022128632376818367,-0.020302140896960363,0.24787435442813138,-0.08190496731216605,-0.821122627834748,171.6639236682569,0.6723404255319149,1.012922586042277,0.002086577729094375,0.0012155682322694261,0.04312988126809228,0.02818389934146909,0.05790447237267871,-0.024470919206164458,-0.047772371431534115,0.0038453425140664425,0.002086577729094375
H1,3,20.0,50,10,2.0,long,87.66430953630768,0.5784966698382493,0.79678816836826,-0.07271198064919454,-0.037551804920034404,0.3859791892473112,-0.09728971396945851,-0.7241073967866632,90.21487052353075,0.5991902834008097,0.8804323435455459,-0.03949082124303704,-0.028702067841546164,0.13258822219039534,-0.21647524468900628,-0.4367012270408467,-0.12181209696190648,-0.05531000116899072,-0.04341017001584054,-0.03949082124303704
H1,3,20.0,50,10,2.0,both,166.90417067759438,0.5847076461769115,0.8319577619917963,-0.05643878481962333,-0.06307640817607307,0.587049235890295,-0.10744653824549139,-0.7320547256047693,162.8981062894523,0.5874439461883408,0.8434852032914898,-0.050674913415137544,-0.09590651631137403,0.3447129206264236,-0.2782214143209067,-0.6694753042666425,-0.08557770333915067,-0.07355795756220385,-0.010760729505315975,-0.050674913415137544
H1,3,20.0,50,10,3.0,long,84.16107357006133,0.624380574826561,0.8321554907793458,-0.04130052189982504,-0.01856656174008009,0.21061792434999252,-0.08815280939350284,-0.5414757080953281,86.56244661569549,0.6371308016877637,0.9567169763257258,-0.00901353565853382,-0.004952013581890791,0.07761664691373465,-0.06380092130744322,-0.12670312617945376,-0.08524627813997798,-0.00988984980564003,-0.032436979392226645,-0.00901353565853382
H1,3,20.0,50,10,3.0,both,160.31475064584527,0.6207075962539021,0.8366721901885974,-0.038003690605878375,-0.03567838061540329,0.3804517013032818,-0.09377900136385992,-0.7098257964872989,156.68898564613235,0.62004662004662,0.8742887042488925,-0.027125986768920765,-0.033075470461064294,0.1514278236775721,-0.21842399671205923,-0.5269026482709493,-0.05827357365135265,-0.04310693271245184,-0.013446089615646835,-0.027125986768920765
H1,3,20.0,50,10,5.0,long,82.82650748768177,0.6435045317220544,0.8137935457691395,-0.02915347124454948,-0.012516289342899167,0.1506971379123011,-0.0830559194175478,-0.5585808264738349,85.46671944334493,0.6367521367521367,1.017732067048325,0.0021280213220091562,0.0010294341060754775,0.041554509007242064,0.024773102382128234,0.05808110660421761,-0.05160928168929182,-0.02081456561281576,-0.017252725640699577,0.0021280213220091562
H1,3,20.0,50,10,5.0,both,158.14608076197848,0.6392405063291139,0.8529655523295206,-0.020657019749405328,-0.017517091967167664,0.21725782953093964,-0.08062812744188379,-0.5839205110022222,154.4975313014312,0.624113475177305,0.8806558264442269,-0.01523128342635422,-0.014728158702814187,0.0840156263585903,-0.17530261144459447,-0.46375537732713906,-0.026429994662403998,-0.0296855410083801,-0.006616790110541968,-0.01523128342635422
H1,3,20.0,100,5,2.0,long,123.94782490100212,0.576043068640646,0.7625209457341259,-0.06791566060879596,-0.053947206593845,0.5062109855908747,-0.10657059631148685,-0.9832421001774395,133.67871502677028,0.6584699453551912,1.0785607586955104,0.019120861994623543,0.022428209035859403,0.08573571680167347,0.26159703181511895,0.32728509392692345,-0.05224881464524668,-0.10430554758864413,-0.044915864725205784,0.019120861994623543
H1,3,20.0,100,5,2.0,both,240.8891778695115,0.5744459833795014,0.7498862985821672,-0.07078047910582641,-0.2907814366882461,1.0159234730785367,-0.28622376034593994,0.17562145517250552,240.69473552634318,0.6282245827010622,0.8930070697289513,-0.02666055678827709,,8.360836697563103,,0.29101126587265075,-0.0690738685524157,-0.11070623452655604,-0.033375594018721144,-0.02666055678827709
H1,3,20.0,100,5,3.0,long,115.35655574568366,0.603759942154736,0.789097517722453,-0.04027686393202316,-0.02585883142317813,0.3053568327172468,-0.08468397839036665,-0.7890493903415493,124.54765525718213,0.6744868035190615,1.1035190384172264,0.016116652699603287,0.012770906582886488,0.0483342075716245,0.26422087429408664,0.35736442979291516,-0.02745585895566274,-0.0569497764435775,-0.03554590428776778,0.016116652699603287
H1,3,20.0,100,5,3.0,both,224.54074336036186,0.5958395245170877,0.7693796058742983,-0.04366492219758716,-0.06789065090244173,0.6134403874378697,-0.11067196143703176,-1.1007340463044795,221.70213120559987,0.6457990115321252,0.8829904429529637,-0.020174253859727678,-0.051549119548818134,0.2167107583584091,-0.23787060660626336,-0.5007698793673591,-0.04169433667091741,-0.0680672736764532,-0.022002922148097844,-0.020174253859727678
H1,3,20.0,100,5,5.0,long,111.01921597795008,0.608564988730278,0.7604755813681556,-0.02856047577207403,-0.016943818173919656,0.21280356264264394,-0.07962187269567951,-0.8085887946734479,120.16474656777983,0.6838905775075987,1.12058317675527,0.011174968794943056,0.0075147668783255295,0.028341025806205455,0.2651550769443258,0.37928283070027546,-0.01836523508169541,-0.04348383293426826,-0.02301719129002484,0.011174968794943056
H1,3,20.0,100,5,5.0,both,217.0338091469768,0.601076095311299,0.7474010121576034,-0.029412649537008805,-0.03827668653035787,0.4094897417663986,-0.09347410356421958,-1.1687182973120913,215.1277681714964,0.6553480475382003,0.8954906203211005,-0.010265484413647056,-0.017941525630083555,0.08523077561011082,-0.21050524885702407,-0.4492756483278504,-0.024592555853745594,-0.049514961546369876,-0.01464930679840396,-0.010265484413647056
H1,3,20.0,100,10,2.0,long,116.27406992731962,0.5645624103299857,0.8388319210686648,-0.058414164459638214,-0.040595646283059006,0.4027967216919361,-0.10078445055992054,-0.650721777150489,126.00862482031623,0.6260869565217392,1.0425196439702105,0.014077923738812073,0.013428190419051633,0.10013724714433446,0.13409785870882482,0.20682858812148933,-0.07596599900797397,-0.07594303979015087,-0.023896033942987657,0.014077923738812073
H1,3,20.0,100,10,2.0,both,223.70663955887463,0.5671140939597316,0.8193266616030694,-0.06391778250328668,-0.13533700569970952,0.8741204737433876,-0.15482649104434534,-0.7390615690837523,222.0673735963834,0.587171052631579,0.8906308073326962,-0.03645379923782124,-0.2972044730428912,0.9272925708501213,-0.32050776894548044,0.2903872269531678,-0.07770490870299036,-0.08373611944760422,-0.030789853864018845,-0.03645379923782124
H1,3,20.0,100,10,3.0,long,106.18141392932415,0.6048703849175177,0.8201271851267719,-0.04586527969449296,-0.027406216626228774,0.2947652761082439,-0.09297640817151287,-0.6754097699841182,113.22514114289285,0.6451612903225806,1.0236071673476266,0.0038767409261039392,0.003855587408190253,0.056771682287531273,0.06791391857410316,0.10091620872790136,-0.062266829303406206,-0.0396985088792609,-0.03759613280684758,0.0038767409261039392
H1,3,20.0,100,10,3.0,both,204.6056625048171,0.6017121891561353,0.7967143806105418,-0.050843878551978444,-0.07459803943251087,0.6416076884085367,-0.1162673714486591,-0.9829917220854176,197.96137580467072,0.6088560885608856,0.8839919903885128,-0.027354687779614136,-0.06783496206021189,0.29953828726812354,-0.22646507956924808,-0.45266748993882566,-0.06523243998847182,-0.05810266998044603,-0.02984423405279665,-0.027354687779614136
H1,3,20.0,100,10,5.0,long,100.17586655861611,0.6219816819317235,0.7960639497670648,-0.032756006323945014,-0.017555091696611957,0.20635626576161892,-0.0850717647550933,-0.6934382115157774,104.45932376408824,0.6573426573426573,1.1338818379984685,0.015653052001318092,0.009544285411750009,0.0271543765878145,0.35148239845922286,0.40137077956538675,-0.03589138595209162,-0.03509642502108837,-0.02776859505006952,0.015653052001318092
H1,3,20.0,100,10,5.0,both,194.59641688697036,0.6193741963137591,0.7992798204081467,-0.030585832789764268,-0.035032359965540216,0.38084516397291335,-0.0919858338230909,-0.9218951693550108,186.2736192995979,0.6196078431372549,0.8963906943191715,-0.013537675859089887,-0.0199449919864787,0.10608074193260807,-0.1880170860715655,-0.4307983666208318,-0.03140601595009535,-0.03693374839617833,-0.023656839192614538,-0.013537675859089887
H1,3,20.0,200,5,2.0,long,148.97093894561897,0.5823068309070548,0.7896819176102036,-0.06074611602696062,-0.0596712641225442,0.5434752264121225,-0.10979573901919662,-0.8882255533540885,167.28101497885459,0.6441048034934498,1.0460409393208956,0.012035919733046279,0.01880145220235052,0.10937356061915444,0.17190125379403484,0.23039654060957396,-0.05660963253451468,-0.08898633825289907,-0.03575282025827925,0.012035919733046279
H1,3,20.0,200,5,2.0,both,282.92800946446783,0.5725235849056604,0.758901798710535,-0.06935333059765698,,1.1413528110060989,,-0.28307361591299185,287.8110039374179,0.6281725888324873,0.9273587736307329,-0.018236648853580353,,-0.0,,0.6011566009690088,-0.07631117368655609,-0.09004666447323485,-0.04198555965348584,-0.018236648853580353
H1,3,20.0,200,5,3.0,long,135.12481584093098,0.6055555555555555,0.8127737476437458,-0.036295247460558316,-0.02746634088741806,0.3086033883520816,-0.08900207166903193,-0.7321098748843585,153.40180412908063,0.6619047619047619,1.1074040985498517,0.017344217769233575,0.017413535168143257,0.05395855007853684,0.3227205909498643,0.3983388541112511,-0.03633936377438886,-0.05423855423178009,-0.01876075200990257,0.017344217769233575
H1,3,20.0,200,5,3.0,both,257.6546642794048,0.5933959210100356,0.7810536451279848,-0.041764021383552286,-0.07853860887192188,0.6659973277658023,-0.11792631231027993,-1.0374080162999526,265.16597570883937,0.650137741046832,0.9673952804447558,-0.00586168615164142,-0.019095457398721538,0.15903095315919766,-0.12007384109435641,-0.11570810162238297,-0.05028392578717894,-0.05389974925665341,-0.021499552154032767,-0.00586168615164142
H1,3,20.0,200,5,5.0,long,127.45106086724847,0.6132198952879581,0.7815020237806616,-0.026332110571181087,-0.01805679085288503,0.2155338545768669,-0.08377705158353833,-0.774285861216225,146.46219870419364,0.6733167082294265,1.1672777432713213,0.015288240475073656,0.012985278561091551,0.03563172630929883,0.3644302397356138,0.5524967045748143,-0.027397969933204966,-0.03419883254554649,-0.01778479766603547,0.015288240475073656
H1,3,20.0,200,5,5.0,both,244.8094657365015,0.601022146507666,0.7643970546926949,-0.027581099521036736,-0.041100141009273394,0.4214666586295977,-0.09751694509575405,-1.1229395813400749,253.47821920376657,0.6570605187319885,0.9810333701193661,-0.001518407117815837,-0.003844377785774844,0.0641406654907897,-0.05993666820196742,-0.07142586456833593,-0.0316073382687644,-0.03608676578355306,-0.015253185829663526,-0.001518407117815837
H1,3,20.0,200,10,2.0,long,139.2119244682184,0.5704014379868184,0.8508633246895256,-0.053783376101463096,-0.04595780374848746,0.44960036262232217,-0.10221923194286521,-0.6281057372238877,158.14995520926647,0.6166281755196305,1.0396210148846405,0.013890668006923018,0.017372966050898997,0.1118161667490176,0.15537078900132867,0.22016204249414725,-0.07479399483042602,-0.06555103472975551,-0.024221509152643154,0.013890668006923018
H1,3,20.0,200,10,2.0,both,261.90859366698965,0.5665605095541402,0.8399173959846387,-0.05663698102422625,-0.14911230713632118,0.864983247044667,-0.17238750882838907,-0.674005424202453,264.80073331805585,0.5889655172413794,0.9320135595400347,-0.022524712858604957,-0.25987208920976745,1.090430252483407,-0.23832068912057436,0.005022410644301382,-0.07477709201759133,-0.058400290549229836,-0.03691572520136723,-0.022524712858604957
H1,3,20.0,200,10,3.0,long,123.44736262010979,0.6128378378378379,0.8489199817228594,-0.03808021516866364,-0.026201652294999933,0.3033616252334803,-0.08637101767513937,-0.5834634507388662,140.25307806087372,0.6302083333333334,1.0117432853974502,0.0021289866031207402,0.0025049529233096557,0.08352395618005845,0.029990831826853998,0.06735228984958476,-0.06694427224016891,-0.04026785959692046,-0.012631656323665294,0.0021289866031207402
H1,3,20.0,200,10,3.0,both,233.38224365612646,0.6075768406004288,0.8344412506600214,-0.04069382398282745,-0.06482989720847576,0.5967193791584429,-0.1086438608712621,-0.7925182112409977,237.04231161850794,0.6101694915254238,0.9338477021312622,-0.016590305736641026,-0.04094501829126218,0.2133974450679106,-0.19187211111282063,-0.2820145953164966,-0.06334094434906401,-0.03881162043085589,-0.02031564683394364,-0.016590305736641026
H1,3,20.0,200,10,5.0,long,113.43811700226304,0.6308823529411764,0.8103167822330735,-0.030036409412578274,-0.01832525969503629,0.21430970965686663,-0.08550830349393428,-0.6611869751366034,128.93056394658444,0.6430594900849859,1.0218749574536197,0.0032852757195000006,0.0023015045676306745,0.04982207116994993,0.04619447794090949,0.08818802211794398,-0.04764091274246143,-0.029805945926078287,-0.016313559169542604,0.0032852757195000006
H1,3,20.0,200,10,5.0,both,215.86606382489467,0.6240340030911901,0.8168871758458208,-0.027587367654313886,-0.035031837648600406,0.3688513157249037,-0.09497549867689184,-0.8488894976174082,219.5106768608987,0.6239600665557404,0.9254338665118065,-0.009612131914862616,-0.017547409320800234,0.105913598545648,-0.16567664173205698,-0.33758461480095925,-0.036510593408008135,-0.02911117460297858,-0.0174840007601166,-0.009612131914862616
H4,2,5.0,50,5,2.0,long,12.511557022308423,0.5266666666666666,0.47529603472844445,-0.17643900815768465,-0.011387782980520122,0.14558551854115345,-0.0782205750587829,-0.8709217290503349,13.513968458990437,0.5405405405405406,0.6465132031660155,-0.11062974139524885,-0.008024669267325368,0.03609438966075862,-0.22232455910037707,-0.5477730413376385,-0.1423540595376296,-0.2406981399109996,-0.14634463656497151,-0.11062974139524885
H4,2,5.0,50,5,2.0,both,22.854444160750056,0.5474452554744526,0.5975291393781071,-0.11803268813054847,-0.014151412866386437,0.16739169893538688,-0.08454070874714567,-0.809273760040687,23.740755400929146,0.5692307692307692,0.7738597727105931,-0.0632801164702317,-0.008777487373062498,0.046521347744234304,-0.18867654955568972,-0.43261129719399977,-0.10475507845164865,-0.12291509456171133,-0.1278251191911282,-0.0632801164702317
H4,2,5.0,50,5,3.0,long,12.344736262010978,0.5337837837837838,0.4495612104426431,-0.13123240851160797,-0.008230058803202156,0.10588746018343403,-0.07772458409092844,-0.8992812905315588,13.148726068206912,0.5555555555555556,0.5766681341187346,-0.09725378727228667,-0.006697949809418735,0.027071821680097245,-0.24741407831978138,-0.6872729368879452,-0.12398966420339519,-0.17955065382985677,-0.0876891679542975,-0.09725378727228667
H4,2,5.0,50,5,3.0,both,22.353981879857717,0.5634328358208955,0.6262597699911067,-0.07235870270169213,-0.008202969455197384,0.10317091889046302,-0.07950854313807663,-0.6915988903779645,22.64502822857857,0.5645161290322581,0.686563289157633,-0.06898065280284287,-0.008014970990888992,0.029191169899613557,-0.2745683375641309,-0.6087823963588337,-0.0820162591406886,-0.06623865974152694,-0.06751475708577795,-0.06898065280284287
H4,2,5.0,50,5,5.0,long,12.09450512156481,0.5310344827586206,0.43498462581753483,-0.08418817131449528,-0.00498863180285436,0.06532780322760176,-0.07636307293961792,-0.8590505843681936,13.148726068206912,0.5555555555555556,0.5993804461918363,-0.04698719966973358,-0.0032103364255925415,0.015830129957762555,-0.20279912004249226,-0.5698020855477928,-0.09055806253139485,-0.09825104231369088,-0.06304961027606194,-0.04698719966973358
H4,2,5.0,50,5,5.0,both,22.020340359262825,0.5606060606060606,0.5925864265158199,-0.05039559500058352,-0.005458708626150277,0.0690944149626511,-0.07900361598113212,-0.726504828756888,22.279785837795043,0.5573770491803278,0.7386810218601909,-0.03662805415594182,-0.0034298631071849606,0.013974172307999785,-0.2454430238577686,-0.4547685082108776,-0.062097394009999016,-0.037442193529871506,-0.04997072774680005,-0.03662805415594182
H4,2,5.0,50,10,2.0,long,12.344736262010978,0.5405405405405406,0.7212587611421682,-0.11288050816900275,-0.007043216104279937,0.11857303019453976,-0.05939981539414411,-0.4275347269152064,13.513968458990437,0.5405405405405406,0.6184405751244108,-0.14497188671058747,-0.010012116696087814,0.036529129213208604,-0.2740858299044129,-0.6178779223058932,-0.17447712201519597,-0.13076473493481644,-0.02917729113398761,-0.14497188671058747
H4,2,5.0,50,10,2.0,both,22.520802640155164,0.5481481481481482,0.7467431875254497,-0.09611155803059172,-0.011228771260941905,0.15752100410101827,-0.07128427935706207,-0.5150957263829048,23.37551301014562,0.578125,0.7556309775214801,-0.08686066875205879,-0.01123347291392085,0.05425085278054326,-0.2070653701862115,-0.499103509567,-0.09202055917096433,-0.07829946276244976,-0.1178258192484999,-0.08686066875205879
H4,2,5.0,50,10,3.0,long,12.177915501713533,0.5684931506849316,0.7173847533311012,-0.07927879497051693,-0.00480630504122348,0.0903495218217257,-0.05319679555921836,-0.4086410459686492,13.148726068206912,0.5833333333333334,0.6305066490034252,-0.09981313978999284,-0.006237984962316312,0.02676040608689256,-0.23310501873780318,-0.5681584624724995,-0.1255811879594272,-0.11101098013276993,0.005858142320457369,-0.09981313978999284
H4,2,5.0,50,10,3.0,both,22.020340359262825,0.5833333333333334,0.8556752622474946,-0.034627429367083344,-0.0037238101136598534,0.07686566959868914,-0.04844568626152135,-0.24067871649288475,22.279785837795043,0.5901639344262295,0.717546932682256,-0.07480917969764177,-0.0076637266951101735,0.02980305700965353,-0.25714565766283004,-0.5364256811100913,-0.05264976559540887,-0.005237240509523015,-0.04342066253512879,-0.07480917969764177
H4,2,5.0,50,10,5.0,long,11.927684361267364,0.5734265734265734,0.7239808189157312,-0.046499103341576954,-0.0026899497483332535,0.048681279483738786,-0.05525634857711143,-0.36418511164375955,13.148726068206912,0.5833333333333334,0.5648842399758348,-0.0641035383316229,-0.004206076098071887,0.017396184099291542,-0.24178153519559378,-0.6488606117764626,-0.07870833931002054,-0.062046099882888416,0.004395910481549551,-0.0641035383316229
H4,2,5.0,50,10,5.0,both,21.686698838667933,0.5846153846153846,0.8282819597105072,-0.02598097023078493,-0.002666421935904273,0.04585214266969354,-0.05815261361093759,-0.27662046130903883,21.914543447011518,0.5833333333333334,0.7380879584855009,-0.041927064348493664,-0.0037928804051980958,0.01745313182415095,-0.21731804030435722,-0.4480737281457439,-0.03726983197408212,-0.0012349734627754233,-0.03750500274396166,-0.041927064348493664
H4,2,5.0,100,5,2.0,long,17.68300059152924,0.5424528301886793,0.5762037789383496,-0.13679694873804352,-0.012585630173353679,0.161197355053654,-0.07807590992522546,-0.7933866704811464,17.16639236682569,0.574468085106383,0.6431117245321678,-0.12272067303140255,-0.01049998901526894,0.04368142161358139,-0.24037654058411626,-0.6377384585952001,-0.08998825696140796,-0.15117006749508521,-0.1676450749732795,-0.12272067303140255
H4,2,5.0,100,5,2.0,both,32.530048258001905,0.5666666666666667,0.6497955025538197,-0.10354484215388847,-0.018027839871253892,0.20607519057053303,-0.08748185466354588,-0.8515543228853107,31.410845607383177,0.5697674418604651,0.6759221007200209,-0.10494426309603673,-0.01833356855159962,0.06507669652816116,-0.2817224833111495,-0.7722763020313667,-0.059607866616590996,-0.12786624288961654,-0.12891991537115174,-0.10494426309603673
H4,2,5.0,100,5,3.0,long,16.682076029744564,0.54,0.5196529932149788,-0.11277814688358528,-0.009660657700058972,0.12222310016229541,-0.07904117705434531,-0.8504454961008167,16.070665194475115,0.6363636363636364,0.7189147298579376,-0.0558858119407944,-0.0044536503684730055,0.023274420636353772,-0.19135386603422344,-0.4563222689895867,-0.06738657787230105,-0.14006196149954345,-0.13089268922463182,-0.0558858119407944
H4,2,5.0,100,5,3.0,both,30.61160951458128,0.5667574931880109,0.6198879720291743,-0.07798528314945376,-0.012425956447115416,0.1463642910307604,-0.0848974593434401,-0.8492174988429244,30.315118435032602,0.6024096385542169,0.7346175444981073,-0.05373911805137668,-0.008404079913526097,0.03424714919701317,-0.2453950215003312,-0.570069398571241,-0.05360398981121835,-0.09356431011857792,-0.09034206774425999,-0.05373911805137668
H4,2,5.0,100,5,5.0,long,16.18161374885223,0.5463917525773195,0.5211042710062178,-0.06883166073864098,-0.005461676834207729,0.07124561613409323,-0.07665983018419217,-0.7812674231562686,14.609695631341012,0.625,0.8484668376897487,-0.012580781038232175,-0.0009495575078090068,0.01268528588713623,-0.07485503411254804,-0.18163986049009812,-0.053888359186358474,-0.07691138783292248,-0.07526327161380873,-0.012580781038232175
H4,2,5.0,100,5,5.0,both,29.86091609324277,0.5698324022346368,0.6198975818956799,-0.04713504783976404,-0.006971552729638009,0.0862649116553434,-0.08081562475240972,-0.7761773450841818,28.12366409033145,0.5844155844155844,0.8148695051603688,-0.02383974051357553,-0.0025954858435407457,0.016383444361202013,-0.15842125662459425,-0.3316452449435394,-0.03824778032501065,-0.05331825502527234,-0.05102335655125239,-0.02383974051357553
H4,2,5.0,100,10,2.0,long,17.516179831231792,0.5619047619047619,0.8002260051347251,-0.07561269334119092,-0.006683406999965724,0.11740010365197079,-0.05692845910748504,-0.34308176193853673,17.16639236682569,0.5106382978723404,0.6009978368931554,-0.1724957644137017,-0.014180509657156781,0.05277609976626748,-0.2686918836359415,-0.7163104951257235,-0.13930469653833932,-0.018233149502477414,-0.06653985103787613,-0.1724957644137017
H4,2,5.0,100,10,2.0,both,31.61253407636595,0.5514511873350924,0.7574922969209579,-0.09229622241549176,-0.015495558984759072,0.1898367143049311,-0.08162572261901273,-0.5990554908419301,31.045603216599652,0.5294117647058824,0.6138335277487664,-0.16182998440284146,-0.027675840513051386,0.09318586419125166,-0.29699612439339923,-0.9840215160402618,-0.0622070865955202,-0.07809473687306256,-0.13773929402960994,-0.16182998440284146
H4,2,5.0,100,10,3.0,long,16.51525526944712,0.5909090909090909,0.7555573560898847,-0.06686913984772815,-0.0055695267697707385,0.09712745423631187,-0.05734245598798497,-0.40376428916305157,16.070665194475115,0.5681818181818182,0.6739683481898974,-0.09591255070804428,-0.006702143614888856,0.029698642543269368,-0.2256717156389954,-0.5504117555666125,-0.05295438303151131,-0.06150622984699388,-0.0844115547761099,-0.09591255070804428
H4,2,5.0,100,10,3.0,both,29.777505713094047,0.5770308123249299,0.7748409598939535,-0.05829174772605011,-0.008822108091121939,0.11937720563426965,-0.07390111072083408,-0.48745188848959786,29.219391262682024,0.5625,0.6751085613100488,-0.0935182992664639,-0.012878213627082968,0.04619144936998449,-0.2788008127636566,-0.7463725693275899,-0.03132499356648377,-0.042489687616592726,-0.101199690754118,-0.0935182992664639
H4,2,5.0,100,10,5.0,long,15.847972228257337,0.6052631578947368,0.8152100858928986,-0.02851949657994389,-0.0021830290655442397,0.04265001960247628,-0.05118471423674309,-0.2533773857235872,14.609695631341012,0.575,0.7176741502696935,-0.041317426888637675,-0.002716042433307808,0.014536741265696254,-0.1868398414517506,-0.39260396657225116,-0.024993721224853153,-0.0295976268466009,-0.03068324816462632,-0.041317426888637675
H4,2,5.0,100,10,5.0,both,28.60976039101193,0.5889212827988338,0.8254343984947744,-0.025982008535538666,-0.003572593171652927,0.051822746407042715,-0.06893870779429419,-0.3200425982733831,27.027936917980874,0.5540540540540541,0.8022864766235968,-0.03292245588352279,-0.0033129378800849096,0.01955821022015456,-0.16938860165594072,-0.3464364140532179,-0.012849536822200497,-0.019322683168974012,-0.04542730690952332,-0.03292245588352279
H4,2,5.0,200,5,2.0,long,21.186236557775597,0.5275590551181102,0.5429485941200262,-0.15142852126232823,-0.01707940094591065,0.2018036384579265,-0.0846337611968849,-0.9290906392043595,22.64502822857857,0.5806451612903226,0.6139587755363135,-0.13233157048575864,-0.016480475293266128,0.04905612216937314,-0.33595144835062535,-0.8380670266873572,-0.11321606005724005,-0.14911882150516534,-0.18001730637024993,-0.13233157048575864
H4,2,5.0,200,5,2.0,both,40.87108627287419,0.5530612244897959,0.5816280231557263,-0.12656245251233095,-0.029393980305698286,0.31093278083908565,-0.09453483877246863,-1.1514128327911506,35.79375429678548,0.5918367346938775,0.6770311537231078,-0.10131926255687902,-0.023776392189598927,0.07800989575450566,-0.30478687299393886,-0.8284571212945024,-0.07871403096724043,-0.14911600796349747,-0.1520431207227552,-0.10131926255687902
H4,2,5.0,200,5,3.0,long,19.267797814354974,0.5324675324675324,0.5195180177116899,-0.11368215969347063,-0.011336413204643403,0.14221413559318022,-0.07971368779452774,-0.913715138289774,20.088331493093893,0.6,0.6167712489779402,-0.07889489138136896,-0.008232544876967118,0.028434800780750648,-0.289523564467533,-0.7257359894623229,-0.09794542912810335,-0.11123388507495807,-0.12735715129942066,-0.07889489138136896
H4,2,5.0,200,5,3.0,both,37.36785030662783,0.5580357142857143,0.5664018960272179,-0.09078067527741311,-0.01823318740033486,0.20741602260061168,-0.08790635926638915,-1.0972230056598142,32.87181517051728,0.6,0.6921420350426986,-0.05857816078483054,-0.011366103459118149,0.03711267111757107,-0.30625937494800376,-0.695628072197136,-0.07280308871742427,-0.0931120870328461,-0.10746162264616928,-0.05857816078483054
H4,2,5.0,200,5,5.0,long,18.517104393016467,0.536036036036036,0.5089594713998559,-0.0708063263801969,-0.006504870054152345,0.083575865495695,-0.07783191972433012,-0.8485931357524422,18.62736192995979,0.5882352941176471,0.6389738828091169,-0.039830925919166454,-0.0035274585389724056,0.016423190473237825,-0.21478521756905428,-0.5626240432144237,-0.07320956478326406,-0.058188685654769104,-0.08071673709551931,-0.039830925919166454
H4,2,5.0,200,5,5.0,both,36.11669460439698,0.558891454965358,0.5608741711915257,-0.05524252607827907,-0.0101233365802198,0.12128446048075732,-0.0834677133417759,-1.0040377045867876,30.680360825816127,0.5833333333333334,0.7344430964972032,-0.028459479489000666,-0.0043631787458627835,0.01482906343207927,-0.29423157880787326,-0.49565981541409027,-0.0500749878806069,-0.05159217620054625,-0.06395618557321293,-0.028459479489000666
H4,2,5.0,200,10,2.0,long,20.769184657031985,0.5542168674698795,0.757542664222247,-0.09521701777101607,-0.010140227285975079,0.15249341477716546,-0.0664961651019011,-0.4625314998312308,22.64502822857857,0.5161290322580645,0.6430392755810596,-0.14705433962376938,-0.016918705597259498,0.05836589487930396,-0.28987314650526713,-0.7438984592442008,-0.16371543094436372,-0.0479021320291019,-0.09055913018713639,-0.14705433962376938
H4,2,5.0,200,10,2.0,both,39.61993057064334,0.5494736842105263,0.7202248925231814,-0.10646804942632701,-0.02327546528603963,0.262724790112792,-0.08859257352930837,-0.7742523216052184,35.42851190600196,0.5360824742268041,0.65275756988776,-0.13806624388694133,-0.030031345880779714,0.1054484982751072,-0.2847963353866851,-0.9206754699419735,-0.06522196937154803,-0.08252987441134663,-0.16981319501926917,-0.13806624388694133
H4,2,5.0,200,10,3.0,long,18.767335533462635,0.5644444444444444,0.6974546285491894,-0.08716463265852473,-0.008360901827927925,0.1273964186281578,-0.06562901781667477,-0.5488947897175044,19.723089102310368,0.5740740740740741,0.7065796691326761,-0.07823313756069884,-0.007173565523100889,0.029418094134224373,-0.2438487513966895,-0.5106755731389406,-0.16141877803747856,-0.04571170966855325,-0.07343826281515868,-0.07823313756069884
H4,2,5.0,200,10,3.0,both,35.949873844099535,0.5661252900232019,0.6867998198026151,-0.08595321565994339,-0.01640373824608632,0.19248397236149498,-0.08522132022129739,-0.7913284783974306,31.410845607383177,0.5697674418604651,0.6887284789492547,-0.07922699966188083,-0.013759568630615004,0.0461658100314649,-0.29804672811409555,-0.7006950215173385,-0.07951501543894893,-0.037873967464570606,-0.14024529886935458,-0.07922699966188083
H4,2,5.0,200,10,5.0,long,17.849821351826684,0.5887850467289719,0.7038328053603563,-0.051953796993269206,-0.004554666750175129,0.07106947357024407,-0.06408752621015773,-0.48186498766012115,17.531634757609215,0.5625,0.683057741433228,-0.04571182334304826,-0.003897848733423248,0.016845021524283434,-0.23139470185919264,-0.4962202648361159,-0.10846193847088281,-0.027432834551135373,-0.0369615724671659,-0.04571182334304826
H4,2,5.0,200,10,5.0,both,34.03143510067891,0.5784313725490197,0.6965021608715913,-0.04944345616900291,-0.008447211838232715,0.10324836948454895,-0.08181448172406089,-0.6667762367246116,28.488906481114974,0.5641025641025641,0.7868810790818068,-0.02686049277028469,-0.003907863346504059,0.015430669175754674,-0.2532530055562503,-0.35909961681409774,-0.055388684165615355,-0.012801441930580363,-0.0796926651795177,-0.02686049277028469
H4,2,10.0,50,5,2.0,long,26.941552788037473,0.5386996904024768,0.6102424279381287,-0.12801480360482367,-0.01841969601147808,0.22984118848570761,-0.08014097095840368,-0.8715085044508398,26.297452136413824,0.6666666666666666,0.9330970485474693,-0.025393034207101334,-0.003175508829959983,0.03371967607824431,-0.09417376437992529,-0.12974815264845121,-0.09335681744352915,-0.17519340073048606,-0.11712900330844138,-0.025393034207101334
H4,2,10.0,50,5,2.0,both,51.29738379146454,0.5804878048780487,0.7657051223178615,-0.06547050045178045,-0.017899126227894024,0.23994366584635793,-0.0745972024923354,-0.6445662080393411,47.11626841107476,0.6434108527131783,0.9502670233438292,-0.01685701032276862,-0.004038588400229304,0.055366910644120984,-0.07294227460491572,-0.12343735760093351,-0.03548814244585547,-0.10965259161933624,-0.05574437761579839,-0.01685701032276862
H4,2,10.0,50,5,3.0,long,25.940628226252798,0.5498392282958199,0.5803193298319239,-0.0983671232630292,-0.013280876966416888,0.16854101463383614,-0.07879908042128655,-0.9200474625563704,24.83648257327972,0.6764705882352942,0.843082573488515,-0.034341473547337936,-0.00431365376307169,0.027704489296528433,-0.15570233823484417,-0.3004536757035429,-0.054626270449252466,-0.1444433843517685,-0.09682850192670692,-0.034341473547337936
H4,2,10.0,50,5,3.0,both,49.54576580834136,0.5875420875420876,0.7315664029320241,-0.053126408792610096,-0.013675691172384208,0.18717760800006714,-0.07306264525177233,-0.7115555255850123,45.29005645715714,0.6532258064516129,0.8935785979036606,-0.01930562012801656,-0.0051181214007659515,0.031632769141693634,-0.16179808279952326,-0.2674975952399237,-0.025459683927773147,-0.09484811271405189,-0.042749379391869326,-0.01930562012801656
H4,2,10.0,50,5,5.0,long,25.523576325509186,0.5490196078431373,0.5800069876704906,-0.05985839546784319,-0.00753227555882563,0.09962537501109164,-0.07560599453690423,-0.8513625459429877,24.471240182496196,0.6865671641791045,0.861318286165007,-0.012021285174234748,-0.0019867341459814947,0.017203590318669155,-0.11548369318150478,-0.2540253008785626,-0.05087048654325431,-0.07411916318243994,-0.05489232444691877,-0.012021285174234748
H4,2,10.0,50,5,5.0,both,48.9618931473003,0.5877342419080068,0.737973433522085,-0.031341246487443304,-0.007552711060789585,0.10781640352987153,-0.07005159524447536,-0.650693186449012,43.829086894023035,0.6583333333333333,0.9059620562338369,-0.012015539089050587,-0.0023708866509373205,0.015628945783188176,-0.15169843723481644,-0.22695491059168743,-0.02415979466079084,-0.045335567692061235,-0.025609105856752648,-0.012015539089050587
H4,2,10.0,50,10,2.0,long,26.27426974684769,0.5682539682539682,0.7558578289984408,-0.09096607841567678,-0.012343179331609333,0.16671342467440267,-0.07403830468791585,-0.5033560744898021,26.297452136413824,0.6527777777777778,1.0684386601507299,0.009278202515127478,0.002289130001305928,0.03184055426928391,0.0718935349537623,0.11569823357141999,-0.13410008107312685,-0.0999039734326763,-0.03791714909435716,0.009278202515127478
H4,2,10.0,50,10,2.0,both,49.712586568638805,0.5989932885906041,0.8700100911451574,-0.043354937193686494,-0.011047643872791335,0.19236668034624863,-0.057430132146098434,-0.34483866834674265,46.02054123872419,0.5952380952380952,1.039195696669227,0.005519026722517435,0.002350149927529799,0.05501917030089377,0.042715110291141944,0.095696940446691,-0.03126142195046947,-0.07226574880862467,-0.029322625110462443,0.005519026722517435
H4,2,10.0,50,10,3.0,long,25.189934804914294,0.5960264900662252,0.7193603654732112,-0.07599377333787405,-0.00977436798297504,0.13951401089668988,-0.07006011740435847,-0.5699116203908414,24.83648257327972,0.6764705882352942,1.0777647676375381,0.008933565125683237,0.0016053818722425728,0.022468583607328646,0.07145007003106954,0.11902884002781013,-0.0979082064523777,-0.09099577422299887,-0.038639050675955536,0.008933565125683237
H4,2,10.0,50,10,3.0,both,47.79414782521818,0.6212914485165794,0.851654038310405,-0.034693100403180986,-0.008355280894612016,0.1582703037872087,-0.05279121031981797,-0.3688915960941457,44.194329284806564,0.6115702479338843,1.0073868688159489,0.0016378261127154993,-3.3943221415810854e-05,0.03371608037686037,-0.0010067368755920505,0.012218096793488897,-0.02351716654881553,-0.05621078092637594,-0.02613149932415411,0.0016378261127154993
H4,2,10.0,50,10,5.0,long,24.77288290417068,0.6026936026936027,0.7608826370783698,-0.03646438524092289,-0.0044481145322082805,0.07298400029379072,-0.06094643366084051,-0.41711183799949036,24.471240182496196,0.6865671641791045,1.0101495738550081,0.007471246810408222,-8.516833986638161e-05,0.013735513466183964,-0.00620059381660985,0.0013576295986668803,-0.058730843174148825,-0.033714294796980064,-0.01644263293593938,0.007471246810408222
H4,2,10.0,50,10,5.0,both,47.21027516417712,0.6254416961130742,0.9120493307031459,-0.011617503639326078,-0.0026162269716581976,0.0747756899886974,-0.0349876674097377,-0.18696626441716635,42.733359721672464,0.6153846153846154,0.9765776941566345,-0.005606645610231139,-0.0008134018249528197,0.019546189154478914,-0.04161434326273429,-0.06201340237051529,-0.01174011318811869,-0.013790878029102914,-0.009391825910757566,-0.005606645610231139
H4,2,10.0,100,5,2.0,long,34.53189738157125,0.5579710144927537,0.6795269001122082,-0.09862662036651584,-0.018145462120059963,0.2084714457443288,-0.08704051557407874,-0.7978264107788017,37.61996625070311,0.6601941747572816,0.9673361616376048,-0.020309508572265902,-0.002354323204721065,0.031059653481090216,-0.07580004735578996,-0.08238274336101806,-0.05551353049784449,-0.08123356693039506,-0.1595136334545807,-0.020309508572265902
H4,2,10.0,100,5,2.0,both,65.31032765644997,0.5964240102171137,0.7979567423205282,-0.055211703423293956,-0.019312408842772744,0.21948800839877064,-0.08798844631040405,-0.6350421999611294,62.82169121476635,0.622093023255814,0.9233991386820507,-0.02763300449596663,-0.007942759754625106,0.05675510040545594,-0.13994794649084188,-0.22242389323060488,-0.018378065905037072,-0.07188051204104061,-0.07965506190975183,-0.02763300449596663
H4,2,10.0,100,5,3.0,long,31.445713316068506,0.5517241379310345,0.6106066948210337,-0.0892788969178868,-0.014701939906084371,0.17428245580832025,-0.08435697005700846,-0.9359212496112921,36.15899668756901,0.6868686868686869,1.0212998965480624,-0.0021140549078382527,0.00020721854996130773,0.020737277026354542,0.009992563136324904,0.02783351905167243,-0.02900734243119591,-0.08462715578322348,-0.15294174487694698,-0.0021140549078382527
H4,2,10.0,100,5,3.0,both,60.389115227675326,0.5925414364640884,0.75066500580922,-0.04859299654138319,-0.0154151656616488,0.18197950836089313,-0.08470824984908835,-0.7371377285818411,60.995479260848725,0.6407185628742516,0.9225203044025302,-0.015598834977974652,-0.004921746259722082,0.034015290204209576,-0.14469217314256483,-0.21308154935764867,-0.011021595194689779,-0.06475241439184189,-0.073728593157527,-0.015598834977974652
H4,2,10.0,100,5,5.0,long,30.277967993986387,0.5537190082644629,0.5888919881340556,-0.05823785130998878,-0.008773360086663629,0.10657076697161472,-0.08232426523683016,-0.9137183414168945,32.87181517051728,0.7111111111111111,1.2417550243940447,0.017520945427878652,0.0026833825880512308,0.009437945327031644,0.28431851373048683,0.3691505010251609,-0.03163692218867443,-0.04870329214403787,-0.09418504432751872,0.017520945427878652
H4,2,10.0,100,5,5.0,both,58.55408686440342,0.594017094017094,0.7468872793138059,-0.029923824834478828,-0.008710933415446043,0.10683566486492585,-0.08153581883408902,-0.693542187260529,56.97781296222995,0.6474358974358975,1.0000038786858259,-0.002479759959431149,-0.00023964582685165325,0.014321692455540724,-0.016733066122987438,-0.010996367484770111,-0.012266645686208433,-0.03490850677003816,-0.044089616282947344,-0.002479759959431149
H4,2,10.0,100,10,2.0,long,33.36415205948913,0.58,0.8429562978376597,-0.054872556036071114,-0.00927837988171587,0.12845469262192455,-0.0722307585058379,-0.3461342835507437,36.88948146913606,0.6534653465346535,1.0551708071768646,0.001843291330278486,0.0024443143822512337,0.030375126665712796,0.08047091981382111,0.11239660631891739,-0.07672093743843807,-0.006555261830921343,-0.08215066815005266,0.001843291330278486
H4,2,10.0,100,10,2.0,both,62.55778511154212,0.5933333333333334,0.8684417257241357,-0.04493833388450293,-0.014720783602248044,0.19089866230296954,-0.07711307886948485,-0.41198855555866015,60.264994479281675,0.593939393939394,0.9233419095314803,-0.034648590053639274,-0.009013768533149391,0.07059394184937715,-0.12768473181992912,-0.22662423942663942,-0.014754280686019182,-0.039063103652274105,-0.08375462274994365,-0.034648590053639274
H4,2,10.0,100,10,3.0,long,29.944326473391495,0.6100278551532033,0.7842907100654176,-0.05554157297864016,-0.008401179561479233,0.10832070803509483,-0.0775583885470665,-0.4629792892224119,34.69802712443491,0.6736842105263158,1.0981558088887655,0.01003259315578545,0.0027738797947807203,0.01968724812974573,0.14089728419634373,0.17757593342610312,-0.04400051651306653,-0.026507736764054334,-0.09531089045381577,0.01003259315578545
H4,2,10.0,100,10,3.0,both,56.46882736068535,0.6144756277695717,0.8546061257807717,-0.03434061433209722,-0.009895586872535223,0.14174192650920922,-0.06981411298859613,-0.4071246231535392,56.97781296222995,0.6153846153846154,0.9274949867787503,-0.019541617602166002,-0.005099140781341771,0.040314224860195286,-0.12648490201721493,-0.1993730370229638,-0.0015198167047662647,-0.04109463742333941,-0.06445632187581919,-0.019541617602166002
H4,2,10.0,100,10,5.0,long,28.276118870417037,0.6106194690265486,0.8106804305101476,-0.027737859541346905,-0.0038460067801119324,0.05981363181990301,-0.06429983706209547,-0.3407244190034903,31.410845607383177,0.7093023255813954,1.244535396097073,0.026058538378206902,0.0033537020425071784,0.010250981006647253,0.32715913143653946,0.38657097582079386,-0.028655989599384618,-0.0012175986680920293,-0.05343415754200381,0.026058538378206902
H4,2,10.0,100,10,5.0,both,53.7162848157775,0.6164596273291926,0.8918822345528316,-0.014618581672117815,-0.003815108484187646,0.06650540273977361,-0.05736539178802713,-0.2557586329556175,52.96014666361117,0.6275862068965518,1.0342428791657596,8.2328348796759e-05,0.000781288960176596,0.019104758831976293,0.04089499203041107,0.07245101268709846,-0.0035979636580131436,-0.00848224953245449,-0.03221767913605508,8.2328348796759e-05
H4,2,10.0,200,5,2.0,long,36.2001049845457,0.5276497695852534,0.5522621816562745,-0.15036935372781973,-0.03120481237607642,0.31885496946878406,-0.0978652220100693,-1.2145638555780176,44.194329284806564,0.6528925619834711,0.9840937983686588,-0.013913947789089965,-0.0018888493413652396,0.03432308525332721,-0.055031455576451664,-0.04514159026227117,-0.12403650128120312,-0.11567540391754208,-0.2039591796363714,-0.013913947789089965
H4,2,10.0,200,5,2.0,both,74.23523833236331,0.5741573033707865,0.6574253114912907,-0.10039439604017981,-0.04627606535529982,0.43665865985333907,-0.10597766541683293,-1.2093045082703369,66.10887273181808,0.6574585635359116,1.0443875523582657,0.0043496024824105734,0.004569724549116305,0.04663327252226912,0.09799279145451549,0.12528471145915596,-0.07032690938251583,-0.1074285062950185,-0.12397809346339679,0.0043496024824105734
H4,2,10.0,200,5,3.0,long,32.27981711755574,0.5322997416020672,0.5143492382744025,-0.11898093342758442,-0.02078897830668547,0.2278705991486875,-0.0912315076378962,-1.240129204789197,41.637632549321886,0.6578947368421053,0.9552119252948625,-0.013363390846904981,-0.002260778402694341,0.02189018099652008,-0.10327819596620699,-0.10984499798368566,-0.09335152285190843,-0.10113884946866225,-0.15525164974905065,-0.013363390846904981
H4,2,10.0,200,5,3.0,both,67.72922868076293,0.5763546798029556,0.6305621685866066,-0.07661702579542759,-0.0294876425762155,0.30643434592934127,-0.09622825563755463,-1.221138470883957,61.725964042415775,0.6568047337278107,0.9897779457566257,-0.004129694634421123,-0.00118722327420262,0.029851917218596327,-0.039770419618577676,-0.029926759373511892,-0.05678426585093344,-0.088331906901701,-0.08574757379213786,-0.004129694634421123
H4,2,10.0,200,5,5.0,long,30.61160951458128,0.5313351498637602,0.50532444686998,-0.07302520032009513,-0.011261587364767789,0.12914084701255535,-0.08720391437166981,-1.158856528193147,37.61996625070311,0.6699029126213593,0.977717809196539,-0.0017133379077599743,-0.0006426984110982081,0.014865894375447974,-0.043233080692384566,-0.0588465209184416,-0.06047743223596677,-0.05448002860065692,-0.10045290013771499,-0.0017133379077599743
H4,2,10.0,200,5,5.0,both,64.89327575570636,0.577120822622108,0.6240513351937612,-0.04737173339410446,-0.015970124423415832,0.17761391081006553,-0.08991482902763037,-1.1634168195221346,56.97781296222995,0.6602564102564102,1.0177173569658708,0.003936002304026627,0.00024107854837995824,0.017127912447719777,0.01407518570145732,0.030711486456702228,-0.03456053040073617,-0.05137490973782449,-0.05647505927742228,0.003936002304026627
H4,2,10.0,200,10,2.0,long,34.698718141868696,0.5552884615384616,0.7623943543765122,-0.08908927425589076,-0.016355320128822903,0.19480154883872927,-0.08395888136578941,-0.5725244090978674,43.829086894023035,0.6666666666666666,1.07199334598659,0.008291473476234082,0.0042499330135501445,0.034487703808886536,0.12323038486705669,0.16148337056699505,-0.11685945403345084,-0.02636334100711016,-0.12640168299040608,0.008291473476234082
H4,2,10.0,200,10,2.0,both,70.23154008522462,0.5712589073634204,0.7674131845577403,-0.08314992712819366,-0.03406364228506675,0.35452242724829486,-0.09608318026438929,-0.8154588592310149,64.28266077790046,0.6363636363636364,1.0404204809286424,0.004469135506218936,0.004414366130365721,0.06344874181154599,0.06957373786035302,0.11990683271777304,-0.04965891251064457,-0.08131503858732084,-0.11844558229417625,0.004469135506218936
H4,2,10.0,200,10,3.0,long,30.69501989473,0.5815217391304348,0.6850749567921472,-0.08771343822922492,-0.014067734872688864,0.16610492051660086,-0.08469186119795233,-0.7226084358642773,39.81142059540426,0.6972477064220184,1.1312166663418604,0.013945738277282084,0.004544503259590549,0.020306895566315892,0.22379113758425753,0.2474499207861444,-0.12346929820664086,-0.04932943098678693,-0.09547884447133637,0.013945738277282084
H4,2,10.0,200,10,3.0,both,62.808016251988285,0.5949535192563081,0.7309197442726579,-0.06838344185762014,-0.023649664792259162,0.25683912252396857,-0.09207968225343918,-0.8482712136033126,57.708297743797,0.6518987341772152,1.0369080977758511,0.003183299386323197,0.0020282941122804488,0.033769707271314474,0.06006253166438828,0.08984843191713582,-0.05239271816480234,-0.0714853249723822,-0.0821581476393099,0.003183299386323197
H4,2,10.0,200,10,5.0,long,28.442939630714484,0.5835777126099707,0.6854285108780452,-0.052460469565907365,-0.007430682218941942,0.09184032126512837,-0.0809087132599498,-0.6394275873044286,35.42851190600196,0.7216494845360825,1.1060076574627602,0.014236054869297715,0.001768728766025296,0.013746062272176335,0.1286716683661046,0.1818172756745057,-0.0693182110641141,-0.029909332179377888,-0.061173339805614985,0.014236054869297715
H4,2,10.0,200,10,5.0,both,58.637497244552144,0.5960170697012802,0.7220016118237607,-0.04256743993679613,-0.012865835504316081,0.1474623282650481,-0.08724828677051055,-0.7841018926937965,52.59490427282765,0.6736111111111112,1.1670128441150254,0.021727541494680615,0.004512256604834786,0.015919775557462497,0.2834371997612514,0.32368972505205124,-0.03485157747185477,-0.039754086267858015,-0.0527351140057357,0.021727541494680615
H4,2,20.0,50,5,2.0,long,54.63379899741345,0.5938931297709924,0.7509443295066156,-0.07046226924553597,-0.020915297352385176,0.2644675592322503,-0.07908454788595741,-0.6989642680542871,60.264994479281675,0.6909090909090909,0.9705416287167931,-0.012432079334394719,-0.0031395312985240675,0.030845554120012105,-0.1017822953126068,-0.0827283771952639,-0.09859821122117533,-0.08447983670509193,-0.03234477924983219,-0.012432079334394719
H4,2,20.0,50,5,2.0,both,105.76436202858055,0.6001577287066246,0.7856871945088664,-0.05666706435793262,-0.03535971166024565,0.40777880012124484,-0.0867129719586505,-0.7833266795913201,102.99835420095414,0.6595744680851063,0.9230924265190503,-0.020204070802999234,-0.014573138316571366,0.08115645514367036,-0.17956844333297584,-0.2748097489285265,-0.07362309344099228,-0.07026882519957785,-0.027007195028171817,-0.020204070802999234
H4,2,20.0,50,5,3.0,long,51.881256452505596,0.6028938906752411,0.7053846734690936,-0.06132669602576155,-0.01672939485288516,0.20944149095181147,-0.07987622116734396,-0.8099852278823078,55.882085789879376,0.6862745098039216,0.8631917245209337,-0.02740409547066193,-0.007813645784886192,0.03115320992424953,-0.25081350537827185,-0.36986993360205456,-0.0832666535014727,-0.07151484778097549,-0.031893914110063225,-0.02740409547066193
H4,2,20.0,50,5,3.0,both,100.8431495998059,0.6062861869313482,0.7458438718674497,-0.04855771099239173,-0.02723040562557788,0.3164106628885419,-0.08606032861531597,-0.9003602999759931,96.7892335576342,0.6566037735849056,0.8140416019435343,-0.033157426880667265,-0.0214301409440959,0.07819198334405943,-0.27407081938053995,-0.6810715607947627,-0.05571042898341875,-0.06947950661687997,-0.0209149036465645,-0.033157426880667265
H4,2,20.0,50,5,5.0,long,51.21397341131581,0.6026058631921825,0.7076240108255892,-0.03683201292232728,-0.009334733534458128,0.12187510927331366,-0.07659261673787976,-0.7437635452367861,54.7863586175288,0.6933333333333334,0.9514852143461557,-0.008752068370835234,-0.001457918528383062,0.014761627652732572,-0.09876407688099233,-0.12574873801066833,-0.05919094361276002,-0.04041086194447296,-0.013731943385748062,-0.008752068370835234
H4,2,20.0,50,5,5.0,both,99.59199389757505,0.6105527638190955,0.763525327124837,-0.026990427565864752,-0.013700121741352822,0.17725727934568056,-0.0772894731992098,-0.7871524136325981,94.59777921293306,0.6640926640926641,0.8781625402582276,-0.015121181208669789,-0.006269003262051487,0.026586844247285597,-0.23579343241127707,-0.40800891558499724,-0.035009944491606694,-0.038658665749786304,-0.007723198083603752,-0.015121181208669789
H4,2,20.0,50,10,2.0,long,52.46512911354666,0.6248012718600954,0.8293669498133028,-0.05319834335138947,-0.015066494974507072,0.19581576616254243,-0.07694219556356204,-0.4630865150493972,58.804024916147576,0.7018633540372671,1.0388993176158772,0.005164507600376772,0.0044146250727366,0.0287626912809327,0.1534844229150119,0.15758595871899647,-0.127434101581348,-0.04922906155896001,0.0071199031969720996,0.005164507600376772
H4,2,20.0,50,10,2.0,both,101.26020150054951,0.6375617792421746,0.84328740705096,-0.04641097953262478,-0.026850660315856922,0.33362878624043146,-0.08048064622489393,-0.5740555449543245,101.17214224703652,0.6678700361010831,0.9703968282020564,-0.00910250842974076,-0.003778068623950581,0.07700132000704614,-0.0490649851665512,-0.05269570640585644,-0.06604117842666568,-0.06194347997305572,-0.012014336740359443,-0.00910250842974076
H4,2,20.0,50,10,3.0,long,49.21212428774647,0.6542372881355932,0.7916164644250467,-0.04746104282247522,-0.012266000351758177,0.163010328793779,-0.07524676775099105,-0.5384957786822037,53.69063144517822,0.7074829931972789,0.947934293096158,-0.011709515599720416,-0.001983083584125578,0.036177177018303586,-0.05481587419389442,-0.07711443860889061,-0.10810566140220007,-0.043559682074884656,0.0013803942790877428,-0.011709515599720416
H4,2,20.0,50,10,3.0,both,95.08783336954401,0.6649122807017543,0.8235725994323202,-0.03741352814795951,-0.019166628071651814,0.2533504521162962,-0.07565263022642525,-0.5964987412810294,93.50205204058248,0.6796875,0.8477931494274572,-0.028658630979286222,-0.015805164037461128,0.08290641014565103,-0.19063862504352094,-0.4927314963917893,-0.055894121677229326,-0.04892857650895773,-0.008243584685645646,-0.028658630979286222
H4,2,20.0,50,10,5.0,long,48.37802048625924,0.6551724137931034,0.8171075492103288,-0.024101404382305857,-0.005867895750565233,0.0910270162801005,-0.06446323289900055,-0.4118899626500595,52.59490427282765,0.7152777777777778,0.992898190641297,-0.00039637447232770034,0.00022866666645482425,0.01769456963944719,0.01292298547601004,0.030973047861923488,-0.07236533642083347,-0.012094472936272157,0.005433437549370253,-0.00039637447232770034
H4,2,20.0,50,10,5.0,both,92.50211158493362,0.6654643823264202,0.8585090774973025,-0.017602690363060138,-0.008140096796483642,0.13588864846970353,-0.05990269892410095,-0.425850764813363,90.21487052353075,0.6842105263157895,0.9107630398285596,-0.01171322786774405,-0.0039005855733761363,0.03420144709487138,-0.11404738409331933,-0.23472144497366812,-0.03456615470614246,-0.024233762066507705,0.004929443960174597,-0.01171322786774405
H4,2,20.0,100,5,2.0,long,62.55778511154212,0.5906666666666667,0.7453163737582431,-0.07175899637218784,-0.024964311434505726,0.28010953021664636,-0.08912339189315503,-0.78991645239664,72.68323576592154,0.6733668341708543,0.9505793660851651,-0.016738950082154445,-0.005890363475790195,0.0574313769811676,-0.10256350770976137,-0.14664828737545155,-0.0755841608691336,-0.06870538919794926,-0.07144472509058421,-0.016738950082154445
H4,2,20.0,100,5,2.0,both,120.1943577943096,0.5975017349063151,0.7813557042758257,-0.05773063103862097,-0.04247625047711456,0.43390495691923125,-0.0978929827829122,-0.8771233051708,119.43426178621277,0.6269113149847095,0.8534671403561098,-0.03834108954800122,-0.035816054335987,0.11866324112431893,-0.3018293954946325,-0.5666444735392802,-0.06054310987365279,-0.06485742075258287,-0.04773212405112703,-0.03834108954800122
H4,2,20.0,100,5,3.0,long,57.63657268276747,0.5933429811866859,0.7067730646793229,-0.06001794150131964,-0.018350729942011146,0.2102152285649297,-0.08729495987177309,-0.8643397593602207,67.9350846857357,0.6827956989247311,0.9044614631359891,-0.0179185384203846,-0.0064402612067240295,0.03760452687294648,-0.1712629234369465,-0.2703313177179146,-0.06265759503828974,-0.049519411189460114,-0.06836000371003664,-0.0179185384203846
H4,2,20.0,100,5,3.0,both,111.85331977943731,0.5995525727069351,0.749253445356017,-0.04702339904397966,-0.029682856670206426,0.3221177234687141,-0.09214909490408525,-0.951782461737642,111.39892918897522,0.6327868852459017,0.7687712418365307,-0.04244593742038517,-0.03274080120447265,0.1003487175519102,-0.32627025041486846,-0.9104957608505149,-0.046163226023478686,-0.052966743912288165,-0.041809949312104217,-0.04244593742038517
H4,2,20.0,100,5,5.0,long,55.384492418751954,0.5978915662650602,0.7118726321664673,-0.03591566086271348,-0.009837288492195118,0.12007057644949506,-0.08192921849036802,-0.7735651966095011,63.18693360554988,0.6936416184971098,1.032737991604448,-0.0007343198271843916,0.0006329607803181592,0.020088183793408078,0.03150910937632225,0.06849769233310353,-0.04531001060964544,-0.029050290337710342,-0.03477722408007831,-0.0007343198271843916
H4,2,20.0,100,5,5.0,both,107.93303191244733,0.6012364760432767,0.7575305036239163,-0.027599718190177695,-0.015213390375587221,0.18136511295567403,-0.08388267251434074,-0.8589916346164178,104.82456615487176,0.6411149825783972,0.8178189847862932,-0.021141281370854036,-0.010978616277520614,0.03929302140076428,-0.2794037181703485,-0.6565231551316772,-0.0317208122499785,-0.029706289100705097,-0.02132283427334183,-0.021141281370854036
H4,2,20.0,100,10,2.0,long,58.55408686440342,0.6111111111111112,0.8399657189077143,-0.05103314976364498,-0.016194781530711744,0.2002253197416335,-0.08088278521222564,-0.4697244598972554,69.39605424886982,0.6684210526315789,0.9797078555040963,-0.010979050948822377,-0.0008894815746568474,0.04438699138678693,-0.02003924003106972,-0.0037214152101156645,-0.09240238625837935,-0.03497500896130425,-0.03272813444535957,-0.010979050948822377
H4,2,20.0,100,10,2.0,both,112.52060282062709,0.625648628613788,0.8404658492042347,-0.04908525638794505,-0.032375033370277695,0.3664795438300305,-0.0883406288709334,-0.6402162089236472,113.22514114289285,0.635483870967742,0.8413585025847967,-0.04793057717095634,-0.03579117672823273,0.1558265845816434,-0.2296859475186687,-0.5619864072877593,-0.055997274571755344,-0.053478365027382506,-0.03790389252027205,-0.04793057717095634
H4,2,20.0,100,10,3.0,long,53.38264329518261,0.6421875,0.8052604551473365,-0.04453063135579597,-0.012447445658067546,0.15384918746400764,-0.08090680141537682,-0.5313315501964457,64.28266077790046,0.6931818181818182,0.9758956354822244,-0.007296710848562396,-0.0007453666150716298,0.03392611338166356,-0.02197029193077232,-0.01608870491193116,-0.0689558574571704,-0.026892767382632438,-0.0419695739856547,-0.007296710848562396
H4,2,20.0,100,10,3.0,both,102.92840910352396,0.6515397082658023,0.8206320601361704,-0.038866577804535715,-0.021909039277764886,0.2628655735285517,-0.08334693274463796,-0.6600907627703724,104.09408137330472,0.656140350877193,0.7703335764605552,-0.048604622886108936,-0.030819642134921943,0.11036364786774186,-0.2792553773852758,-0.8298608207524805,-0.038290742900353864,-0.04586366236566106,-0.03236103259905432,-0.048604622886108936
H4,2,20.0,100,10,5.0,long,50.37986960982859,0.6456953642384106,0.8068882805590083,-0.02635943298582803,-0.006665090751568403,0.08322851437923266,-0.08008181812784453,-0.46375328200024196,59.534509697714626,0.7116564417177914,1.0884880505091232,0.00868180429361206,0.002881739169883879,0.01493860845614446,0.1929054622687148,0.24508051512128368,-0.05643923349617421,-0.0009782534766389298,-0.02817579181870905,0.00868180429361206
H4,2,20.0,100,10,5.0,both,97.08968249311337,0.6563573883161512,0.8333202483045299,-0.02146504478293566,-0.010511152588722594,0.13077616350407553,-0.08037514105844697,-0.5368592446993614,96.42399116685068,0.6704545454545454,0.8314803100913487,-0.02169264948159149,-0.009535811570009045,0.04902454158355802,-0.1945109788279426,-0.5139297111030517,-0.03337048293697015,-0.01643355549028352,-0.015347177510452347,-0.02169264948159149
H4,2,20.0,200,5,2.0,long,62.30755397109595,0.5769745649263721,0.6512104597912359,-0.10524049424754331,-0.0393153963104087,0.3911460173524915,-0.10051334940470223,-1.1285775327311915,84.73623466177787,0.6724137931034483,1.0353021926746324,0.0029025834728868883,0.004074561667724685,0.07269178213740574,0.05605257634243634,0.11336377311999381,-0.1290556522590808,-0.09808617933895114,-0.09433816175720397,0.0029025834728868883
H4,2,20.0,200,5,2.0,both,128.86903732977677,0.596116504854369,0.7347695218389242,-0.07189134979890446,-0.06291833811296921,0.5713065896017743,-0.11013060107853131,-1.065558125053497,127.1043519926668,0.646551724137931,0.929277619539384,-0.01931487956916164,-0.023057411746643663,0.12344126193101697,-0.18678852910243984,-0.24848440972243785,-0.08518114682252362,-0.07873458136315556,-0.05171598262817381,-0.01931487956916164
H4,2,20.0,200,5,3.0,long,55.5513131790494,0.5885885885885885,0.618599992081299,-0.08240354313300469,-0.025303349997566893,0.2713981879205095,-0.09323330487740049,-1.1617655822825375,77.7966292368909,0.676056338028169,0.9958902824122152,-0.0037426185559461898,-0.0007923118103504434,0.042709603813841444,-0.018551139312925888,-0.01439705399812935,-0.10150313834406201,-0.07187240241889595,-0.07869296652278591,-0.0037426185559461898
H4,2,20.0,200,5,3.0,both,117.27499448910429,0.6017069701280228,0.704799474325536,-0.05655747712939011,-0.039547490631111626,0.3985541047418956,-0.09922740767335128,-1.1500105268814622,116.51232265994457,0.6551724137931034,0.9188056944816309,-0.014252841190241432,-0.012284294631088377,0.07246948020748592,-0.16950990397499,-0.29062743219781967,-0.06878403258409643,-0.06273137941391563,-0.03818236727073877,-0.014252841190241432
H4,2,20.0,200,5,5.0,long,52.6319498738441,0.5863708399366085,0.5986319792382984,-0.053913497617474895,-0.014469799606300238,0.16579063167703154,-0.08727754674635738,-1.1264939964292324,71.22226620278744,0.6820512820512821,1.081579986530998,0.004574451486856584,0.00237287481398174,0.02404748051773903,0.09867457059509203,0.19623073008440514,-0.0699619687052696,-0.04188800946013126,-0.05404378935933849,0.004574451486856584
H4,2,20.0,200,5,5.0,both,111.7699093992886,0.6007462686567164,0.6976356089798862,-0.0357900898837837,-0.0211277151878273,0.23286870606969964,-0.09072801384271698,-1.1285563404447685,108.1117476719235,0.6587837837837838,0.9742730792319977,-0.003802623151244819,-0.0017448636901482573,0.027755313713174662,-0.06286593292296386,-0.08703774719324149,-0.04443433668371069,-0.035979814820423714,-0.026971741395798176,-0.003802623151244819
H4,2,20.0,200,10,2.0,long,57.469751922470024,0.5965166908563135,0.7707957091915489,-0.07816537117290251,-0.02537088040221258,0.2786730730198513,-0.09104173620823884,-0.6886947883051578,80.7185683631591,0.6923076923076923,1.0477312687436438,0.007383093607950031,0.007448913323949258,0.05828135636994522,0.1278095395835802,0.19466992738528974,-0.14580674562719473,-0.05733489860684331,-0.049952760427287,0.007383093607950031
H4,2,20.0,200,10,2.0,both,118.77638133178131,0.6165730337078652,0.7983172904866233,-0.0642734608753053,-0.04854003350229896,0.47886893704101935,-0.10136392183262678,-0.8120341143692361,119.43426178621277,0.6666666666666666,0.9233345457765465,-0.022953314470162866,-0.01934671399747001,0.1420948232557475,-0.13615354559855486,-0.22536529965189034,-0.0782329317034235,-0.0749044591369444,-0.040497441487518625,-0.022953314470162866
H4,2,20.0,200,10,3.0,long,50.37986960982859,0.6324503311258278,0.7137606375082193,-0.07096049525114663,-0.019441890179639487,0.2169959814032513,-0.0895956231719791,-0.7986906384696868,72.68323576592154,0.7236180904522613,1.0695217602608114,0.008042254698850207,0.005739090866410557,0.032934812993098625,0.17425606356450735,0.23015389458580746,-0.14086489209296513,-0.048118966959597095,-0.04250911863306876,0.008042254698850207
H4,2,20.0,200,10,3.0,both,105.84777240872927,0.6398739164696612,0.7559538793831804,-0.05561106413648054,-0.034546541976398504,0.36291230038973415,-0.0951925353296064,-0.9141379788524475,107.38126289035644,0.6972789115646258,0.9318115613347249,-0.013530850678668644,-0.008571796133391874,0.07945114312019153,-0.1078876375689736,-0.1896334307436223,-0.07932234334000272,-0.06063499778816544,-0.027990385043417908,-0.013530850678668644
H4,2,20.0,200,10,5.0,long,47.04345440387967,0.6365248226950354,0.687121942379605,-0.0479869427039353,-0.011621310682663144,0.1336806077833769,-0.08693340698671065,-0.7961967960357003,66.10887273181808,0.7348066298342542,1.1229814935293922,0.013456397617458316,0.0044118838032845,0.01986624679228246,0.2220793816473883,0.3276885563596002,-0.09664681213471295,-0.0252350821646967,-0.03622106909949362,0.013456397617458316
H4,2,20.0,200,10,5.0,both,98.50765895564166,0.6477561388653683,0.749424175582501,-0.03462934223326137,-0.018032144123555027,0.20485878045324143,-0.08802231509754997,-0.8612651794234519,97.51971833920126,0.7116104868913857,0.9614290802737049,-0.002748403867054144,-0.0017352018105829536,0.034772636356067144,-0.04990135901157218,-0.07861444812862084,-0.05362255679003208,-0.03139247084341358,-0.020082303869555146,-0.002748403867054144
H4,3,5.0,50,5,2.0,long,1.501386842677011,0.4444444444444444,0.3223762166489563,-0.27001573134268164,-0.002003161811480192,0.03073392208195767,-0.06517755222188668,-0.4392252517517701,0.7304847815670507,0.5,0.15141569525337234,-0.4258332143792906,-0.0015650413640100336,0.00562098249138689,-0.27842843602664985,-0.44317438589341657,-0.4014556495729076,-0.3417434235285738,-0.12317951445380328,-0.4258332143792906
H4,3,5.0,50,5,2.0,both,2.5857217846104077,0.5806451612903226,0.5897509585792987,-0.11137061373674742,-0.0014251007096013346,0.03076357397566367,-0.046324289587701926,-0.27446573402135116,1.4609695631341013,0.25,0.06257953510067037,-0.5851336202422361,-0.004163614979652119,0.014939142473002567,-0.27870508546099226,-0.8986049573103825,-0.18217886671349257,-0.20934855239881184,0.021119717740421835,-0.5851336202422361
H4,3,5.0,50,5,3.0,long,1.501386842677011,0.5,0.40983409959990214,-0.12807467689130506,-0.0009567413292227434,0.019682167180855015,-0.048609552008753006,-0.27891358661488685,0.7304847815670507,0.5,0.21848105090090647,-0.17519672998656968,-0.0006406713952756826,0.0042631527853992995,-0.1502811246807509,-0.27296059991564003,-0.3509704330486051,-0.2374725998978188,0.10869224963366582,-0.17519672998656968
H4,3,5.0,50,5,3.0,both,2.5857217846104077,0.6129032258064516,0.7118564958192887,-0.044090798660992206,-0.0005652233934111406,0.01912903955417213,-0.02954792329277519,-0.14811327738449884,1.4609695631341013,0.25,0.09867877413404672,-0.2315352121327598,-0.0016296665913634323,0.006803458643380131,-0.23953501840554622,-0.5134802384224906,-0.1547859111423284,-0.14706631894936203,0.1253867686230653,-0.2315352121327598
H4,3,5.0,50,5,5.0,long,1.501386842677011,0.5,0.35335553949874554,-0.09973336447910777,-0.0007338286426598062,0.013744526615015884,-0.05339060872843005,-0.29021325949229043,0.7304847815670507,0.5,0.2304855042471101,-0.1051180379919418,-0.0003669141530467934,0.0024930413508984376,-0.14717531777584258,-0.2679936724325317,-0.31058225982916304,-0.14419699568124061,0.0652153497801995,-0.1051180379919418
H4,3,5.0,50,5,5.0,both,2.5857217846104077,0.6129032258064516,0.6272024972376192,-0.03974460984813872,-0.0004999471520079624,0.013353554124158753,-0.03743925754593502,-0.18393335235097413,1.4609695631341013,0.25,0.10800493213384357,-0.1389211272796559,-0.0009055135214468546,0.0037506334933922595,-0.24142948732318367,-0.4937063105092287,-0.13287154668539705,-0.08957246361382225,0.0752320611738392,-0.1389211272796559
H4,3,5.0,50,10,2.0,long,1.501386842677011,0.3888888888888889,0.6230473835797409,-0.16856036195216084,-0.001256101096524298,0.024150171127851457,-0.05201209920519716,-0.21513816665215452,0.7304847815670507,0.5,0.5649954585158106,-0.21572093433966522,-0.0007945800264099745,0.005035918801625807,-0.15778253337870551,-0.19383622196090608,-0.6573702179140524,0.005154378780135678,-0.062955184991948,-0.21572093433966522
H4,3,5.0,50,10,2.0,both,2.5857217846104077,0.5161290322580645,0.8239539620970417,-0.05885800650148338,-0.0007706139567837944,0.026839824086873812,-0.02871158746381904,-0.1101245040624674,1.4609695631341013,0.5,0.5531699832784466,-0.2214970020715167,-0.0015975175640958739,0.014276460791281137,-0.1118987112738406,-0.2568844335823119,-0.08606705896299546,0.029998066035384734,-0.10282585051954111,-0.2214970020715167
H4,3,5.0,50,10,3.0,long,1.501386842677011,0.4444444444444444,0.569390691770117,-0.1442133663556514,-0.001076237406787528,0.021470387717956032,-0.05012659393604957,-0.24437006186061594,0.7304847815670507,0.5,0.36464937068636305,-0.3149812917024973,-0.0011666565833339249,0.0050471850705151875,-0.23114995131629665,-0.33599270195897335,-0.6049134786093681,-0.14306001044615538,0.11789048473697651,-0.3149812917024973
H4,3,5.0,50,10,3.0,both,2.5857217846104077,0.5483870967741935,0.7475145928959518,-0.06630420130474883,-0.0008330655591614056,0.020581822399587498,-0.04047579184135327,-0.1589386690426399,1.4609695631341013,0.5,0.5717168962233513,-0.1290405075567857,-0.0009750735851815628,0.009240486068900334,-0.1055218933193632,-0.20552255093934094,-0.12404470597533027,-0.09394282717237915,0.002541855321458451,-0.1290405075567857
H4,3,5.0,50,10,5.0,long,1.501386842677011,0.4444444444444444,0.5746515690349109,-0.0867547680655214,-0.0006333743222085575,0.012761938660091805,-0.04962994565936906,-0.20273427227559893,0.7304847815670507,0.5,0.703774707413298,-0.05124510141604029,-0.00017236814147114643,0.0030067618729858795,-0.0573268348982939,-0.09462937305162278,-0.44795080438209006,-0.03784609193518942,0.07073429084218591,-0.05124510141604029
H4,3,5.0,50,10,5.0,both,2.5857217846104077,0.5483870967741935,0.6886206611202499,-0.05256475639966252,-0.0006645897716057725,0.014177295450900122,-0.04687704886361647,-0.18567793914674147,1.4609695631341013,0.5,0.8549147757086599,-0.008552467731342384,-0.00012317848186615965,0.0038355225626620034,-0.032115175925511684,-0.04868138202773212,-0.10842791047178586,-0.019040207378146753,-0.03115553977236322,-0.008552467731342384
H4,3,5.0,100,5,2.0,long,3.5032359662463586,0.5238095238095238,0.3808738679197725,-0.24119045560729593,-0.004219466213906342,0.05272985389258252,-0.08002044197774445,-0.611480375532495,2.5566967354846772,0.7142857142857143,0.9725160966670494,-0.03639091916250222,-8.824304124521731e-05,0.006578597191802674,-0.01341365623588771,-0.016925474011190194,-0.3581103135543026,-0.16135577058839973,-0.24626697045759327,-0.03639091916250222
H4,3,5.0,100,5,2.0,both,6.088957750856767,0.6301369863013698,0.7132447206384838,-0.08202028169733365,-0.0024746085576836663,0.041251653919263116,-0.05998810526547418,-0.29454979375281903,3.652423907835253,0.6,0.601806899472331,-0.1458805163764965,-0.0023034540698274597,0.009927009018043354,-0.23203908303505077,-0.3697141204952334,-0.08822252152494435,-0.07570367923114459,-0.08135459924751996,-0.1458805163764965
H4,3,5.0,100,5,3.0,long,3.4198255860976357,0.5609756097560976,0.3722962007615585,-0.17179044697343054,-0.0029379584564852568,0.037513562976344124,-0.07831723311213919,-0.5687101324316228,1.8262119539176265,0.8,1.959808719767082,0.10867056501012899,0.0008047682238268017,0.004365737492895102,0.1843372912678555,0.3045415842545052,-0.38516452526492384,-0.11789347505817216,-0.06573592479040968,0.10867056501012899
H4,3,5.0,100,5,3.0,both,6.005547370708044,0.6527777777777778,0.6766118163565707,-0.06592234854113142,-0.001960920978379521,0.0330869363161948,-0.05926571622225794,-0.3143025614290457,2.9219391262682026,0.625,1.035632528419787,0.019683956443502695,6.541873149590316e-05,0.00450421262812254,0.014523899490768757,0.018447762859300276,-0.11299503852819916,-0.07053272496089848,-0.010700756003688224,0.019683956443502695
H4,3,5.0,100,5,5.0,long,3.4198255860976357,0.5609756097560976,0.3456619007357022,-0.11904740847029652,-0.0019662071512337453,0.024905991500029503,-0.07894514664198035,-0.552632619129372,1.8262119539176265,0.8,2.0838694977979513,0.0652023390060774,0.0005240994884347927,0.002530179702238414,0.2071392351978515,0.3380345686230633,-0.26040993143725605,-0.06631630821727341,-0.06824096928542615,0.0652023390060774
H4,3,5.0,100,5,5.0,both,6.005547370708044,0.6527777777777778,0.6254937214513484,-0.05127332860493117,-0.001468062994701369,0.023315995096879726,-0.06296377180564056,-0.34013089952789516,2.9219391262682026,0.625,1.110306302152658,0.011810373866101617,0.00011318633289936209,0.0027420609934805,0.04127783195504145,0.05278666125177531,-0.08019792231158562,-0.0575287850350005,-0.014204183695158629,0.011810373866101617
H4,3,5.0,100,10,2.0,long,3.5032359662463586,0.4523809523809524,0.6247126568301858,-0.1655169157908205,-0.0028855524607844796,0.04367270829054533,-0.06607221245789263,-0.3392822794272549,2.5566967354846772,0.7142857142857143,0.9522104376184918,-0.04455965520494901,-0.00015100409230028866,0.008062198771695476,-0.018729889522251582,-0.02400202228165662,-0.39684324080877736,-0.07228234488937231,-0.09697392508561291,-0.04455965520494901
H4,3,5.0,100,10,2.0,both,6.088957750856767,0.5342465753424658,0.7853755352802289,-0.0795777629957198,-0.0024218115236993576,0.051944166884820835,-0.04662335867412018,-0.22334413235260647,3.652423907835253,0.7,0.8873859216263628,-0.04816644034584648,-0.0005557345753472998,0.011635619975926801,-0.04776149242559242,-0.06692059103981447,-0.10274990366366878,-0.026453008056442618,-0.10538583408891568,-0.04816644034584648
H4,3,5.0,100,10,3.0,long,3.4198255860976357,0.4878048780487805,0.5562191121582926,-0.14903553049116913,-0.002564172159217337,0.041239533976853385,-0.06217752510628603,-0.40292038712046613,1.8262119539176265,0.8,0.9420176660656504,0.008721755822570476,-0.00010828969938825317,0.006719888506561637,-0.016114805964788502,-0.02645604198073362,-0.44128950707093734,-0.1374457658085954,0.06734714861285018,0.008721755822570476
H4,3,5.0,100,10,3.0,both,6.005547370708044,0.5555555555555556,0.6981969554325838,-0.08572066239408226,-0.0025622694296711934,0.05054202488779628,-0.050695820663288683,-0.32195130104121455,2.9219391262682026,0.75,1.1557642272989281,0.043409443418247554,0.0003616499878713597,0.007792671463499428,0.04640898690074569,0.06933184172946356,-0.1582207516904051,-0.09631265762379176,0.0025304299708345684,0.043409443418247554
H4,3,5.0,100,10,5.0,long,3.4198255860976357,0.4878048780487805,0.5354823479298105,-0.1000796580057553,-0.0016577846178823519,0.02611339316999389,-0.06348407528238276,-0.38338916288442487,1.8262119539176265,0.8,1.8611615309531493,0.06033052293572551,0.0005069942750257628,0.0030439172440831926,0.16655980907866832,0.2487165969716158,-0.33410458729335873,-0.03691498528752732,0.011608874756529745,0.06033052293572551
H4,3,5.0,100,10,5.0,both,5.922136990559321,0.5633802816901409,0.6729036792517072,-0.059380766657054426,-0.0017094472744060285,0.031219727009717237,-0.054755356248757645,-0.3194452444474305,2.9219391262682026,0.75,1.808616467938948,0.06048158445231305,0.0006946921212644952,0.0032492653418701944,0.213799751073776,0.24715191498076,-0.11149167948527133,-0.043082055629100086,-0.016062849660591648,0.06048158445231305
H4,3,5.0,200,5,2.0,long,4.670981288328479,0.5535714285714286,0.4540992372965439,-0.18076992419002552,-0.004188227696234281,0.05050830914875097,-0.08292155819153674,-0.5336684024503167,6.20912064331993,0.8823529411764706,2.391219236378555,0.13985025794202,0.00444758195917605,0.006170937988038683,0.7207302954262276,0.7472590946651857,-0.14972547765296784,-0.14245212441819466,-0.2282236472684133,0.13985025794202
H4,3,5.0,200,5,2.0,both,9.258552196508234,0.6216216216216216,0.6778001611097457,-0.09177231816735539,-0.004218996679850928,0.056970974859065805,-0.07405519547959005,-0.3884278804066634,7.670090206454032,0.8571428571428571,1.708147564703009,0.09298566964815833,0.003558241748339963,0.010860170090906828,0.32764143826064596,0.4983063712607486,-0.03465302688562356,-0.12855616037144857,-0.10566771665930631,0.09298566964815833
H4,3,5.0,200,5,3.0,long,4.587570908179756,0.6,0.533496038744215,-0.09070748979728245,-0.0020725859538163194,0.02731670298930608,-0.07587247826458755,-0.37198676597750074,5.478635861752879,0.9333333333333333,5.249332899985409,0.1532097802990144,0.00351776492052025,0.004067591068795894,0.8648275750987904,1.0047552767631345,-0.09021066129500975,-0.10299781718446423,-0.08122606153356657,0.1532097802990144
H4,3,5.0,200,5,3.0,both,9.091731436210788,0.6513761467889908,0.7208244657764047,-0.051047606617707374,-0.002290436740876256,0.032414945493625995,-0.07065989795746047,-0.2987028755951181,6.939605424886981,0.8947368421052632,3.8475433844745757,0.12798988434029201,0.003650797980801812,0.0047925986061336055,0.7617575100342207,0.8269979867972842,-0.023589005734898007,-0.09631173767072686,-0.03738289741731355,0.12798988434029201
H4,3,5.0,200,5,5.0,long,4.42075014788231,0.5849056603773585,0.4945989947883369,-0.06560017304138947,-0.0013814170466504017,0.019145229719033645,-0.07215463417903187,-0.38496892321589615,5.478635861752879,0.9333333333333333,5.542805956688559,0.09192586817940862,0.0021781465416166323,0.0023542626125948405,0.9251926823982924,1.0601383437094163,-0.0874597301103392,-0.06305171250882065,-0.056189634117860855,0.09192586817940862
H4,3,5.0,200,5,5.0,both,8.924910675913342,0.6448598130841121,0.7019624993509072,-0.03468167207831743,-0.0014711993667093637,0.021064819162191762,-0.06984153793971083,-0.2993973229386729,6.939605424886981,0.8947368421052632,3.9915828322590743,0.07679393060417519,0.0022405141588088817,0.002869710939100294,0.7807455894882999,0.883747531335805,-0.012178499095146372,-0.06369517718036971,-0.030257208868292935,0.07679393060417519
H4,3,5.0,200,10,2.0,long,4.670981288328479,0.5535714285714286,0.7461526008687941,-0.09815154147797468,-0.002253097362581724,0.037289602141221456,-0.060421598333200176,-0.23515625375533547,6.20912064331993,0.8235294117647058,3.0518138692803327,0.21206662986238922,0.006534758495295945,0.00908645453303559,0.7191758316225043,0.8600554980948221,-0.1949156482778073,0.07678807802488896,-0.19555250433044472,0.21206662986238922
H4,3,5.0,200,10,2.0,both,9.258552196508234,0.5675675675675675,0.7808623003642791,-0.07922948007246576,-0.003645875773767404,0.0600659410536183,-0.06069788818446857,-0.27475277116339464,7.670090206454032,0.8095238095238095,2.3416175212269805,0.178816828932204,0.0067679172953081235,0.01287633187826524,0.5256091066379014,0.756187491430784,0.00457699448932983,-0.011002861531513667,-0.19907937099043274,0.178816828932204
H4,3,5.0,200,10,3.0,long,4.504160528031033,0.5925925925925926,0.7210837814205783,-0.0747366951213449,-0.0016880148652256288,0.024053998124482275,-0.07017606206211345,-0.2410518368405351,5.478635861752879,0.8666666666666667,3.0920065513415693,0.17699837612286842,0.003938707936212094,0.006917418216991499,0.5693898811173952,0.8021963386714099,-0.2438302328093136,0.0004355730591558226,-0.04861281004194875,0.17699837612286842
H4,3,5.0,200,10,3.0,both,9.008321056062066,0.6018518518518519,0.7866332870765821,-0.052482344308674746,-0.002331915063124912,0.03648478712253029,-0.06391472301300327,-0.2448908319659781,6.939605424886981,0.8421052631578947,3.0054417802860964,0.16693793445802527,0.0047089339543964215,0.00814633136802052,0.5780435071524285,0.8130015453018292,-0.03364627367745165,-0.058750305787871,-0.06235728721383867,0.16693793445802527
H4,3,5.0,200,10,5.0,long,4.253929387584864,0.5686274509803921,0.6899053875302105,-0.05354931975554388,-0.0010696460012130649,0.017004879855554142,-0.06290229688766055,-0.23813955271965304,5.478635861752879,0.8666666666666667,5.800597879438283,0.12456484882111546,0.0029231594034928587,0.003443963196020161,0.848777770584441,1.0798161797793924,-0.19871246431031986,0.034011793469631235,-0.05260865829875374,0.12456484882111546
H4,3,5.0,200,10,5.0,both,8.674679535467174,0.5961538461538461,0.7630892092082379,-0.036129971121382276,-0.0015157496159591277,0.024288576997214484,-0.06240586330491738,-0.24852572629892097,6.939605424886981,0.8421052631578947,4.828703786979834,0.11466209473854758,0.0033723336932240944,0.003748316534536649,0.8996928786968008,1.0513817315249534,-0.014800402744654545,-0.025727338593602673,-0.06151573184498813,0.11466209473854758
H4,3,10.0,50,5,2.0,long,7.08988231264144,0.4470588235294118,0.472147632160677,-0.19756171088657487,-0.0070570625076280535,0.09469389212283469,-0.07452500208222299,-0.6782924418410232,5.843878252536405,0.625,0.6351613671840347,-0.10367790473106979,-0.0030134409148011576,0.01850095880518252,-0.1628802564522779,-0.3743265835383977,-0.1734613408495448,-0.30401854000590717,-0.10160809002095557,-0.10367790473106979
H4,3,10.0,50,5,2.0,both,12.344736262010978,0.5067567567567568,0.6051118824299148,-0.12745969184163508,-0.00797773877825636,0.10094393438889356,-0.0790313833768512,-0.591217566634406,10.957271723505759,0.6666666666666666,1.1248827455775012,0.033521343836654935,0.0017701093145137126,0.015380819358191697,0.11508550183777869,0.14483359755489048,-0.10634870572922069,-0.19273549673017204,-0.0837257095167862,0.033521343836654935
H4,3,10.0,50,5,3.0,long,7.006471932492717,0.4642857142857143,0.48196638205845793,-0.1279433603022686,-0.0044547254664503155,0.06091699022872889,-0.07312779980960772,-0.6134657644333209,5.843878252536405,0.625,0.42767359904791413,-0.15327328648429914,-0.004486115435112126,0.017253592848957253,-0.2600105076307774,-0.6680816450816945,-0.10983237267073562,-0.22400946624609677,-0.04099342064624702,-0.15327328648429914
H4,3,10.0,50,5,3.0,both,12.09450512156481,0.5379310344827586,0.6768035743331893,-0.06686278089125348,-0.004007473388229488,0.054533459266584296,-0.07348650612166632,-0.43157582613475953,10.592029332722234,0.6551724137931034,0.8170009986570318,-0.0384702571243854,-0.0021633785579411313,0.013607994326612284,-0.15897850234331376,-0.23205276880934822,-0.08120058243205977,-0.09558276297127122,-0.023506293071662677,-0.0384702571243854
H4,3,10.0,50,5,5.0,long,6.923061552343994,0.4578313253012048,0.4597644812372933,-0.08418250284985611,-0.0027911406619837154,0.038842985505686975,-0.07185700650057052,-0.6000116351655836,5.843878252536405,0.625,0.4361385136184908,-0.08539457575690902,-0.0024215781327969754,0.011630525491140808,-0.20820883240757587,-0.5715398033533109,-0.07008353733408962,-0.12347508352908072,-0.05759318519366141,-0.08539457575690902
H4,3,10.0,50,5,5.0,both,12.011094741416088,0.5347222222222222,0.6385315634466362,-0.04773030735994518,-0.002764899492857409,0.037223594073477556,-0.07427814432425929,-0.4701345793761111,10.592029332722234,0.6551724137931034,0.8963207635468577,-0.013448898966213263,-0.0006440077662787091,0.006281801459781544,-0.10251959894019083,-0.11200270008232158,-0.05468865463810663,-0.048053478492494674,-0.0403105561128673,-0.013448898966213263
H4,3,10.0,50,10,2.0,long,7.006471932492717,0.4880952380952381,0.5762656357997238,-0.18671966165211512,-0.006629983385740945,0.09933217186202198,-0.0667455796189614,-0.5518401529508774,5.843878252536405,0.6875,1.0113637271269191,-0.002628808934950655,9.241382535263298e-05,0.01642235540764066,0.005627318558069724,0.014203340245664733,-0.27207966363023717,-0.19386826973666713,-0.07912372965603122,-0.002628808934950655
H4,3,10.0,50,10,2.0,both,12.177915501713533,0.5068493150684932,0.6851335540620445,-0.12608469611388629,-0.007817752587686688,0.11100418812164589,-0.07042754620320692,-0.4847230628049658,10.957271723505759,0.6333333333333333,1.1384377704389226,0.039782062062386485,0.0024474659536650734,0.02073519955439598,0.11803435733736146,0.17541226231600024,-0.1247886589705689,-0.13854377637479381,-0.11447420514327784,0.039782062062386485
H4,3,10.0,50,10,3.0,long,6.923061552343994,0.5301204819277109,0.5996777035755595,-0.11912629773309454,-0.004094126584060054,0.06311883731216765,-0.0648637832761665,-0.4685242291072364,5.843878252536405,0.6875,0.6782343525256721,-0.08590722262021974,-0.002493779239834515,0.015896110233133955,-0.15687984061889967,-0.3534107183570335,-0.1696727058108041,-0.145877284987697,-0.02946131914761256,-0.08590722262021974
H4,3,10.0,50,10,3.0,both,11.927684361267364,0.5454545454545454,0.7867688678351613,-0.0540084243858455,-0.0031678910136944127,0.055509672109543336,-0.05706917179123064,-0.27925861440091077,10.592029332722234,0.6206896551724138,0.927265151586073,-0.01844940353424421,-0.0009558051739817497,0.012777760148785535,-0.0748022472524337,-0.08918066731488324,-0.07683881022955265,-0.03902171423969195,-0.045327406574404615,-0.01844940353424421
H4,3,10.0,50,10,5.0,long,6.839651172195271,0.5365853658536586,0.6226553938688529,-0.06532227163474125,-0.0021365478122792325,0.03500482465605392,-0.06103580958545743,-0.38048446935494057,5.843878252536405,0.6875,0.6697462397744126,-0.05126810747996574,-0.0014438134790947244,0.01140268324656575,-0.12662050219886364,-0.3232160971778041,-0.06572974383399474,-0.09511373112964495,-0.03148316924931504,-0.05126810747996574
H4,3,10.0,50,10,5.0,both,11.844273981118642,0.5492957746478874,0.7729091927908036,-0.034365730531523676,-0.0019928589455553425,0.034726731775250236,-0.05738688450306902,-0.27848837531886195,10.592029332722234,0.6206896551724138,0.9599503771118125,-0.008128082005434136,-0.00029066116239562234,0.00752501621439117,-0.03862598486362717,-0.04413600074458276,-0.025916018608795766,-0.03522909664717889,-0.04248437567886874,-0.008128082005434136
H4,3,10.0,100,5,2.0,long,12.011094741416088,0.4861111111111111,0.5568764691752958,-0.1639763753334132,-0.010110222820412185,0.1360665733484475,-0.0743035013788531,-0.7096063575602558,10.957271723505759,0.6333333333333333,0.6987200050797516,-0.09901078372471948,-0.004710064731514585,0.02579673194993067,-0.1825837761409636,-0.38030522012021567,-0.1515906303852139,-0.1466779963285862,-0.1957032168063461,-0.09901078372471948
H4,3,10.0,100,5,2.0,both,21.353057318073045,0.546875,0.6593338689803377,-0.1067646720834331,-0.01179363394017141,0.15082993570106326,-0.07819159960092904,-0.6643953073070623,19.357846711526843,0.6415094339622641,0.8498253227964798,-0.05282226116245974,-0.004368491825373688,0.03090481957446744,-0.14135309267370047,-0.24626297543126588,-0.08450111437772757,-0.14228503638939327,-0.09663174639815246,-0.05282226116245974
H4,3,10.0,100,5,3.0,long,11.176990939928858,0.48507462686567165,0.545843894536384,-0.11354920130457435,-0.006391367282375104,0.09078011886852459,-0.07040492303861841,-0.6444808603588627,10.592029332722234,0.6896551724137931,0.8372759668076066,-0.02934090625675044,-0.0013825698629263972,0.013051435100942555,-0.10593240147411452,-0.18937525765286561,-0.08481155557316934,-0.1351369633363275,-0.1200604706546395,-0.02934090625675044
H4,3,10.0,100,5,3.0,both,20.185311995990922,0.5578512396694215,0.6783195795301118,-0.06663146460170517,-0.006767704962288512,0.09604210644333636,-0.07046601967524914,-0.551875710863784,18.992604320743315,0.6730769230769231,0.9575590041589056,-0.007617714574211274,-0.0007105080805318575,0.014961508935955773,-0.04748906568002319,-0.06121799224756277,-0.050014795992795874,-0.10740000701527568,-0.04652520311217933,-0.007617714574211274
H4,3,10.0,100,5,5.0,long,10.92675979948269,0.48854961832061067,0.5313014452918728,-0.07428681873546168,-0.003912517350013189,0.05619866859697132,-0.0696193957560063,-0.6262834694918337,9.496302160371657,0.6923076923076923,1.181601319109275,0.01032633742828783,0.0005362542158671157,0.007400693642984549,0.07245999385144868,0.1380297272942697,-0.07404459634215457,-0.07736260529203766,-0.071523158812115,0.01032633742828783
H4,3,10.0,100,5,5.0,both,19.76826009524731,0.5569620253164557,0.6500955430408994,-0.04548085288593369,-0.004376955789523573,0.059910294322453934,-0.07305849251825697,-0.565966926647233,17.531634757609215,0.6666666666666666,1.191783129470121,0.013778446146170423,0.0013328207039338125,0.006223308205753094,0.21416594837801795,0.22383694180941585,-0.04405835357395166,-0.06272480647088809,-0.031472700178455645,0.013778446146170423
H4,3,10.0,100,10,2.0,long,11.927684361267364,0.4965034965034965,0.6739987397930598,-0.13897190474333376,-0.008478932751868284,0.12881284821623917,-0.0658236571062743,-0.5193359196915907,10.957271723505759,0.5666666666666667,0.772774671252227,-0.09767961417642637,-0.0045023892228116535,0.026316830490221762,-0.1710840226175623,-0.2822163720563246,-0.22468631666960945,-0.06090083687098589,-0.1342888296579152,-0.09767961417642637
H4,3,10.0,100,10,2.0,both,20.93600541732943,0.5139442231075697,0.7193994647980487,-0.1132988227738821,-0.012349281433294834,0.1658589934437626,-0.07445650776532703,-0.5741609210178,19.357846711526843,0.5471698113207547,0.8066052479836254,-0.08644070201888869,-0.007658831225267448,0.0501649709432419,-0.15267289268308104,-0.34746023627653655,-0.09759553281862196,-0.09574528954763321,-0.1493853490682471,-0.08644070201888869
H4,3,10.0,100,10,3.0,long,11.093580559780136,0.5488721804511278,0.683581818660822,-0.09328163503686941,-0.005191152449218639,0.08312105723131458,-0.06245291653079398,-0.4534607810529327,10.592029332722234,0.6551724137931034,0.7291655980386953,-0.0786799325046319,-0.0036475038696311968,0.020658841084582203,-0.17655897805193668,-0.36968968055797086,-0.09011243934424439,-0.06751982282530387,-0.12279813867314099,-0.0786799325046319
H4,3,10.0,100,10,3.0,both,19.76826009524731,0.5611814345991561,0.7745674031154075,-0.0592020780793575,-0.005865623503375383,0.09352493189946055,-0.06271721758301774,-0.39588319693731894,18.62736192995979,0.5882352941176471,0.8238263774332962,-0.051572166886594585,-0.004251361954824673,0.028629165228004804,-0.1484975870224126,-0.3054760827894478,-0.030283940553407586,-0.04790207949046683,-0.1021311895582217,-0.051572166886594585
H4,3,10.0,100,10,5.0,long,10.676528659036522,0.5703125,0.7367092324558838,-0.044364599784765806,-0.0022642936021670668,0.04246580176055659,-0.053320401553567404,-0.3072366063307016,9.496302160371657,0.6538461538461539,1.002811066987732,-0.002240364575304301,1.448445798302167e-05,0.0077231098409129735,0.0018754696335264625,0.004845968024143134,-0.054706131484232895,-0.03989682844084572,-0.03873134016641568,-0.002240364575304301
H4,3,10.0,100,10,5.0,both,19.100977054057527,0.5764192139737991,0.8072442245048478,-0.029274577141855208,-0.002736173421913124,0.04746523001550143,-0.05764584772937013,-0.2898856180027987,16.801149976042165,0.5869565217391305,1.1160806714315357,0.009117842052943586,0.0010924704648063166,0.008475115976286274,0.12890330561411717,0.1451532041514626,-0.016967657905982085,-0.03215925716228715,-0.03996084935346183,0.009117842052943586
H4,3,10.0,200,5,2.0,long,15.097278806918832,0.5027624309392266,0.50719603631227,-0.1806891100004887,-0.014297118312187496,0.18176699868222956,-0.07865629303360035,-0.8843532660203136,16.801149976042165,0.5869565217391305,0.6401453840568341,-0.1110982140994545,-0.009831151484574918,0.0339019718624131,-0.289987600853231,-0.6397001346646574,-0.19543690275031989,-0.15565537702632998,-0.1953773764187957,-0.1110982140994545
H4,3,10.0,200,5,2.0,both,28.02588772997087,0.5416666666666666,0.5792418506099009,-0.13324025598915615,-0.020192906632018448,0.24483294418600074,-0.08247626437346521,-0.9543008663629172,25.56696735484677,0.5857142857142857,0.6686423773704562,-0.106143919296505,-0.01595424357464459,0.05798984912386678,-0.27512131546619817,-0.7308293010055344,-0.10246563548499818,-0.16681304288733803,-0.13204082291986416,-0.106143919296505
H4,3,10.0,200,5,3.0,long,13.429071203944375,0.5031055900621118,0.5400577583761806,-0.1099030299269731,-0.007466367108828087,0.10747325260083478,-0.06947186326032989,-0.7088226994060468,14.609695631341012,0.575,0.6035736541318152,-0.07213123864933486,-0.005285586274653142,0.02199357244874745,-0.24032413501582645,-0.6038718583342229,-0.12918651081237445,-0.09388798409108295,-0.1124622935365757,-0.07213123864933486
H4,3,10.0,200,5,3.0,both,25.857217846104078,0.5548387096774193,0.6150872788795796,-0.07937020596094746,-0.010550304507027986,0.14206943965565727,-0.07426160427323025,-0.7676162506647536,23.010270619362096,0.5714285714285714,0.6662240626562721,-0.0647747342270997,-0.008216197271490477,0.029207470502676885,-0.2813046501489219,-0.6330966862380961,-0.07086104055881325,-0.10279035075112578,-0.06656850024112436,-0.0647747342270997
H4,3,10.0,200,5,5.0,long,12.928608923052039,0.5032258064516129,0.5109241040970898,-0.07336300204658382,-0.004631734017960465,0.06682030360674895,-0.06931626718159138,-0.6976819459934704,13.513968458990437,0.5675675675675675,0.6279554810588308,-0.036544140150840405,-0.0023616063596041403,0.013979346508005707,-0.1689353903812094,-0.4564742862640115,-0.09704438610103468,-0.052414001414308097,-0.07727802467478084,-0.036544140150840405
H4,3,10.0,200,5,5.0,both,25.10652442476557,0.5514950166112956,0.5898376485085975,-0.05197592483121068,-0.006472302374746719,0.08834712358895838,-0.0732599105870112,-0.7538617316218383,21.549301056227993,0.559322033898305,0.7116033948674011,-0.031502847707978454,-0.0033390940547963766,0.011325653868076326,-0.2948257198825665,-0.44298475357018074,-0.05213434883542339,-0.05703816796106109,-0.04733681736921074,-0.031502847707978454
H4,3,10.0,200,10,2.0,long,14.847047666472664,0.5112359550561798,0.7178801681688854,-0.115629811955026,-0.008744679654349885,0.13742873114426618,-0.06363065118581451,-0.46798877046570464,16.801149976042165,0.5434782608695652,0.7292006495754559,-0.1017189570316796,-0.008312391387706008,0.03076840384892422,-0.27015998062560015,-0.4360600079660051,-0.27734519904642163,-0.007043978285410163,-0.1156003943300481,-0.1017189570316796
H4,3,10.0,200,10,2.0,both,27.358604688781085,0.5091463414634146,0.6997093175798031,-0.11785488462513229,-0.017155561880038972,0.22432003843446754,-0.07647806232456031,-0.6899986482203231,25.56696735484677,0.5,0.6720196242977351,-0.13472607534021483,-0.01935282872873878,0.07504715898741264,-0.2578755677078296,-0.7402723572764925,-0.09263046411437967,-0.09044241911126953,-0.16790075347594188,-0.13472607534021483
H4,3,10.0,200,10,3.0,long,13.095429683349483,0.535031847133758,0.7386387952949333,-0.07245162069707706,-0.004735386420135268,0.08316406667941416,-0.05694029415840762,-0.3791297960452263,14.609695631341012,0.6,0.7112819331996157,-0.06963421879459161,-0.0048024571001568095,0.02153250577644581,-0.22303289501076873,-0.4244092151931564,-0.20611552469491165,0.020952189382822523,-0.07919879912601542,-0.06963421879459161
H4,3,10.0,200,10,3.0,both,24.856293284319403,0.5436241610738255,0.7228081523262354,-0.07288478517611442,-0.009272020614232934,0.1337567650034903,-0.06932001244192013,-0.5551232028382987,22.64502822857857,0.5161290322580645,0.665889544169325,-0.08678900724500918,-0.01035226295775482,0.03850286195834022,-0.26886996008130215,-0.6578993467452386,-0.08017154616260076,-0.02634748918399534,-0.11066633369211874,-0.08678900724500918
H4,3,10.0,200,10,5.0,long,12.428146642159701,0.5704697986577181,0.7690060881310556,-0.03865762531555191,-0.0023055596873446937,0.04395236801548309,-0.05245586964808164,-0.2897173191549822,12.783483677423385,0.5714285714285714,0.7794643109716337,-0.025692800888401514,-0.0016832371335253615,0.012855851769896067,-0.13093159159371434,-0.2570193657997923,-0.13186010799643838,0.016351118864011444,-0.032966835479957594,-0.025692800888401514
H4,3,10.0,200,10,5.0,both,23.688547962237283,0.5598591549295775,0.7314608845171955,-0.04234286169023273,-0.00496844475624969,0.07341698466537341,-0.06767432330400544,-0.4713225893221014,20.088331493093893,0.509090909090909,0.8395854239906811,-0.02024005994935995,-0.0019913596074363493,0.01186503262635513,-0.16783431366324725,-0.21266085243741034,-0.05444694780092907,-0.011392700249799657,-0.060409943241110924,-0.02024005994935995
H4,3,20.0,50,5,2.0,long,24.18901024312962,0.5413793103448276,0.6203239172372677,-0.12705889020934133,-0.016231614759491864,0.2043722365080513,-0.07942181891644766,-0.8117980066860097,25.932209745630296,0.647887323943662,0.9997829008783293,-0.006055767156909727,-0.0006522704679092772,0.03212349037770948,-0.020305093258542302,-0.015130541949730365,-0.08502584541437931,-0.20900549620514156,-0.0881512423124859,-0.006055767156909727
H4,3,20.0,50,5,2.0,both,44.2075014788231,0.5566037735849056,0.6991638871153565,-0.08967238433325367,-0.02154691967326705,0.2700128511815537,-0.07979960797784079,-0.8168376342369243,45.29005645715714,0.6451612903225806,1.067866234679112,0.01279283161053426,0.0036634346485160396,0.06527178649803066,0.05612585230261118,0.14850884234995673,-0.047615427582208686,-0.1478910809660963,-0.07864102523187108,0.01279283161053426
H4,3,20.0,50,5,3.0,long,23.188085681344944,0.5539568345323741,0.6225429147037315,-0.08559591921240443,-0.010151926004474454,0.13537821047645932,-0.07498936474891398,-0.7500116557010778,24.471240182496196,0.6417910447761194,0.9259219305356085,-0.013323930033238252,-0.002016527152704839,0.022380425646692546,-0.090102269927241,-0.14699757622542733,-0.0587653098943354,-0.1514034506190549,-0.04785338387718616,-0.013323930033238252
H4,3,20.0,50,5,3.0,both,42.53929387584864,0.5686274509803921,0.7115109824800336,-0.058042671066539674,-0.012774052335735253,0.17704414504705485,-0.07215179204226246,-0.7149248732085428,43.463844503239514,0.6470588235294118,1.0412060665190586,0.008041772808121232,0.0011411057026897709,0.02824815064891651,0.04039576667768654,0.08178219819764324,-0.03516452051034428,-0.10447832173962807,-0.03743266273909515,0.008041772808121232
H4,3,20.0,50,5,5.0,long,22.937854540898776,0.5527272727272727,0.59809973609914,-0.057707884208093974,-0.006495640844456196,0.08733468174720978,-0.07437641856024423,-0.7548707054261433,24.10599779171267,0.6515151515151515,1.0809438068677413,0.010133926292488509,0.0005745504614729224,0.012011307704377404,0.0478341306054072,0.09632735588620792,-0.05125939013108938,-0.09324410360666113,-0.02919979880356552,0.010133926292488509
H4,3,20.0,50,5,5.0,both,42.12224197510503,0.5663366336633663,0.6926469186221594,-0.03866336022601408,-0.008024102581398629,0.10935384867633578,-0.07337741358466744,-0.7215368942725787,42.002874940105414,0.6521739130434783,1.1237689005921028,0.01032635854708321,0.002057465902646216,0.014929764573249831,0.13780966823366042,0.23076526860238727,-0.029494841505399237,-0.062962231717626,-0.024843627577435985,0.01032635854708321
H4,3,20.0,50,10,2.0,long,23.188085681344944,0.5467625899280576,0.7788819888677616,-0.08475665047738552,-0.01021920592662906,0.15177264361025092,-0.06733233133153939,-0.44265970532123156,25.932209745630296,0.6619718309859155,1.196691605493129,0.047985706883278884,0.00758506105914325,0.036565194268776975,0.20743937536303847,0.3719847120350942,-0.09954776652492796,-0.13224331880387502,-0.020283384880860164,0.047985706883278884
H4,3,20.0,50,10,2.0,both,42.20565235525375,0.5573122529644269,0.8290792402903153,-0.062194179718915124,-0.013866789038769811,0.21723053724451752,-0.06383443697495059,-0.45868377752306505,44.194329284806564,0.6528925619834711,1.2483189872319018,0.0650005867620113,0.016619639101919326,0.05186226672522652,0.32045724476279597,0.5872054719078892,-0.031159732326064955,-0.09349476631797896,-0.06674870712156772,0.0650005867620113
H4,3,20.0,50,10,3.0,long,22.020340359262825,0.571969696969697,0.7611259649672372,-0.06410332105061718,-0.007180602581196238,0.11778396624506653,-0.060964177129643936,-0.44365823402347765,24.471240182496196,0.6716417910447762,1.221472816192568,0.03766644289349604,0.0051123468529683525,0.0207487568905893,0.24639292271466548,0.3793649032325915,-0.08942173257587986,-0.11066330262465764,0.009047482851639697,0.03766644289349604
H4,3,20.0,50,10,3.0,both,40.12039285153568,0.5841995841995842,0.8570406345726922,-0.03496611909564111,-0.0070894313538663045,0.13843745619897513,-0.051210355553461755,-0.3335740293042054,42.368117330888936,0.6637931034482759,1.276965944049166,0.05231171454584536,0.010735151626359407,0.02880369316903701,0.37270052709418977,0.6038088625186568,-0.0275077889359172,-0.05245560191939808,-0.026341146379563894,0.05231171454584536
H4,3,20.0,50,10,5.0,long,21.770109218816657,0.578544061302682,0.7925438407104145,-0.0320878826732961,-0.0034578990670554033,0.06571972529631186,-0.05261584785183906,-0.33741159172620355,24.10599779171267,0.6818181818181818,1.2910607180088964,0.034745111803081395,0.0033304871727335428,0.01118212664988836,0.29784022995006887,0.4348997482458,-0.0494895800669356,-0.053233741607745425,0.006892562561975058,0.034745111803081395
H4,3,20.0,50,10,5.0,both,39.70334095079207,0.5861344537815126,0.8929776316112021,-0.015520746620939148,-0.0029313623785459653,0.07726289434573377,-0.03794010570492984,-0.22051482960373753,40.907147767754836,0.6696428571428571,1.3187542119619853,0.03360790965058526,0.006253754157074631,0.01600342269515916,0.3907760406132568,0.6104081948712248,-0.010280571375861917,-0.023518063424582777,-0.0136697733329876,0.03360790965058526
H4,3,20.0,100,5,2.0,long,32.27981711755574,0.5633074935400517,0.710529709673561,-0.08881767630626827,-0.015032077231060481,0.18863500642462816,-0.07968869360982986,-0.6883846335402632,36.15899668756901,0.6666666666666666,1.0398590368298006,-0.0010862426240304602,0.001265696584857423,0.027166283961092934,0.04659071467669745,0.07528995265262187,-0.03816646968102885,-0.10899068508802368,-0.12199605807666059,-0.0010862426240304602
H4,3,20.0,100,5,2.0,both,59.72183218648554,0.5810055865921788,0.7481167222412376,-0.07211020132946697,-0.02365599893914927,0.26690341955810776,-0.08863130707847339,-0.7901966490303739,60.995479260848725,0.6287425149700598,0.9489192238375169,-0.019625730022748346,-0.005759434882565584,0.05642580744290406,-0.10207093426874608,-0.15071734755860966,-0.04034977543806674,-0.10275204626121814,-0.0779529816831344,-0.019625730022748346
H4,3,20.0,100,5,3.0,long,29.360453812350435,0.5596590909090909,0.6448916758241994,-0.07898984195434161,-0.011975880432356312,0.15544953091197136,-0.07704031245445228,-0.7838022667014893,33.60229995208433,0.6956521739130435,1.2446975917019643,0.02915183527440191,0.005249130052322304,0.016892467838167575,0.310737904171834,0.3997591607033812,-0.02430512711405099,-0.10337177896912202,-0.11055864628695465,0.02915183527440191
H4,3,20.0,100,5,3.0,both,54.967440518008345,0.5796661608497724,0.7076367326033675,-0.05833830923398656,-0.017026860269156452,0.2012448635535935,-0.08460767628298761,-0.8343793879666058,58.073540134580526,0.6415094339622641,0.9668276748899713,-0.007056037285759418,-0.002296868344255021,0.03489401566032775,-0.06582413347359192,-0.09271132660310656,-0.029480236273094575,-0.08787397817158184,-0.06189444657099011,-0.007056037285759418
H4,3,20.0,100,5,5.0,long,28.35952925056576,0.5588235294117647,0.6225413772202927,-0.052819405451098644,-0.007367495172345806,0.09653919111538369,-0.07631610631106461,-0.7818586317665709,31.410845607383177,0.6976744186046512,1.5599360494564543,0.034342723918830344,0.005006863187166255,0.007904955776167283,0.6333828207188064,0.7289108002437906,-0.02655032118615069,-0.06108243633437264,-0.0709265670680296,0.034342723918830344
H4,3,20.0,100,5,5.0,both,53.21582253488516,0.5768025078369906,0.697303275780929,-0.037186197069355297,-0.009863355494858728,0.1185355351135796,-0.0832101148858674,-0.8053118912992625,55.15160100831232,0.6357615894039735,0.9739293312401195,-0.00381640901661167,-0.0009620707744552037,0.021886413977846114,-0.043957442065613486,-0.07340029902279104,-0.021144183859879,-0.05468157780721547,-0.03755034961884914,-0.00381640901661167
H4,3,20.0,100,10,2.0,long,30.44478875428383,0.5643835616438356,0.8632489789841904,-0.0486837996981174,-0.007627099915478608,0.13909574590479235,-0.054833452064732245,-0.2966121240738139,35.42851190600196,0.6701030927835051,1.1625648283301144,0.03411019021866772,0.008254363384646135,0.031892832690013355,0.2588156237131873,0.35811330063781355,-0.03933774528628355,-0.036392402424669,-0.07131729640745257,0.03411019021866772
H4,3,20.0,100,10,2.0,both,56.38541698053663,0.5636094674556213,0.8370186869128239,-0.05904680622100243,-0.017955434178870355,0.22988615332723694,-0.07810576634996917,-0.5176873130352316,58.804024916147576,0.6273291925465838,0.9668711741857422,-0.017469796078120707,-0.0033964704890288022,0.06877624664747818,-0.04938435367719126,-0.07086822676036937,-0.02079760220544914,-0.0640670090760056,-0.09599888683189388,-0.017469796078120707
H4,3,20.0,100,10,3.0,long,27.024963168186197,0.5925925925925926,0.8030096186684573,-0.05125314255169402,-0.007037423845854596,0.11302939193127728,-0.062261892465398753,-0.39917854853070345,32.14133038895023,0.6931818181818182,1.3271203954994641,0.04723024889821306,0.008673007420114232,0.018538799648357095,0.46783004210754453,0.5760029345891488,-0.024473514324469554,-0.054406008601971485,-0.0751570574534327,0.04723024889821306
H4,3,20.0,100,10,3.0,both,49.96281770908497,0.5809682804674458,0.8157656788331329,-0.0456128380978768,-0.011876578443028696,0.15760022245368496,-0.07535889390333154,-0.5028269339075756,54.05587383596175,0.6418918918918919,0.9215290394095518,-0.020797570406168385,-0.005099561867063063,0.04043207979012764,-0.1261266275079975,-0.1997662580332147,-0.0111551477934646,-0.06466245700250671,-0.06566427887495084,-0.020797570406168385
H4,3,20.0,100,10,5.0,long,25.773807465955354,0.5954692556634305,0.847746607233369,-0.022573644382280503,-0.002859623642349707,0.05987867806983777,-0.04775696014889419,-0.25951761069769075,29.949876044249077,0.7073170731707317,1.5377015981703535,0.04721022750320279,0.006410379043766401,0.00977983054930143,0.6554693367590394,0.7728961712989626,-0.0067171298693208216,-0.01627633321498347,-0.044178155188647386,0.04721022750320279
H4,3,20.0,100,10,5.0,both,47.627327064920735,0.5831873905429071,0.8580631862656181,-0.020484547662975975,-0.004731647189648802,0.07890595088793051,-0.0599656570436509,-0.3278368957337103,51.13393470969354,0.6428571428571429,1.0380648037564837,0.0024162333999360485,0.0012162518202456507,0.023916528024242472,0.05085402943992637,0.10421964964902,-0.002000860206635271,-0.028393618824901323,-0.032207501371925,0.0024162333999360485
H4,3,20.0,200,5,2.0,long,35.69964270365337,0.5327102803738317,0.5716745673451199,-0.1451341579459199,-0.02943057965521023,0.30773483766645954,-0.0956361648176758,-1.1385770101529287,45.29005645715714,0.6532258064516129,1.0462502816155352,0.00270585441223638,0.0024179498784540066,0.03957033324627221,0.061105117902483005,0.10352155571914769,-0.13088880064067523,-0.1498752786052099,-0.15172786356970744,0.00270585441223638
H4,3,20.0,200,5,2.0,both,71.14905426686057,0.5627198124267292,0.6310610620204096,-0.1127669265578596,-0.05112560115704923,0.4724729392522801,-0.10820852774755502,-1.279037834563079,66.83935751338514,0.6557377049180327,1.1065559836305103,0.019622071518678813,0.012790297488319169,0.05061756282994011,0.2526849728283195,0.2935844354472889,-0.09977216586317314,-0.1311529393148834,-0.10865356131161344,0.019622071518678813
H4,3,20.0,200,5,3.0,long,31.946175596960842,0.5430809399477807,0.5268110141865808,-0.11650687661535496,-0.02002580143383048,0.22430715784668123,-0.08927847700481563,-1.1735722098894432,40.907147767754836,0.6607142857142857,1.1107335061296553,0.013245706794874258,0.003419973707799784,0.022404429006461116,0.15264721572745785,0.21911360656203444,-0.10679967259873692,-0.11962000594525998,-0.12117649262214505,0.013245706794874258
H4,3,20.0,200,5,3.0,both,64.89327575570636,0.570694087403599,0.601685802451346,-0.08649602295504726,-0.03229754570320009,0.3297120966546827,-0.09795681150584619,-1.296377106025452,60.995479260848725,0.6526946107784432,1.1033117738719844,0.01485287832373016,0.0059592877874106165,0.026565239144888904,0.224326525159747,0.2517603644887968,-0.08327225790966823,-0.10370126239129934,-0.0738976056816855,0.01485287832373016
H4,3,20.0,200,5,5.0,long,30.277967993986387,0.5344352617079889,0.5072826299498219,-0.07527386242567621,-0.011503029153763333,0.13300435955693568,-0.08648610611022256,-1.1330404805991368,37.98520864148663,0.6538461538461539,1.1309375213579833,0.012286030053887663,0.0017883957275535156,0.013519401644585344,0.13228364498437592,0.21379705244042713,-0.06582505999090994,-0.07582028202796443,-0.08187376792432173,0.012286030053887663
H4,3,20.0,200,5,5.0,both,61.72368131005489,0.5635135135135135,0.5862059235313398,-0.05551661772814678,-0.01794785223335249,0.1983811962312541,-0.090471539512397,-1.2680222367390035,57.343055353013476,0.643312101910828,1.087442265635497,0.011227036415006058,0.0021382045743123523,0.0174605695716494,0.12245903923914025,0.18183871148152134,-0.04846591991017863,-0.06758392695560028,-0.05135350847441105,0.011227036415006058
H4,3,20.0,200,10,2.0,long,33.28074167934041,0.5413533834586466,0.7619647696829747,-0.09234136249266284,-0.016470860483751237,0.2058968721233168,-0.07999568091489231,-0.5719057237472399,44.194329284806564,0.6694214876033058,1.1702204171501105,0.036657669070702316,0.011407957330947571,0.035105793520630854,0.3249593923647782,0.40501876633484674,-0.10769564926281686,-0.06455356381185065,-0.10680178344483651,0.036657669070702316
H4,3,20.0,200,10,2.0,both,66.1444314579372,0.5485498108448928,0.7482131306424916,-0.09509282092773666,-0.03764168041779381,0.37917488686230777,-0.09927260934731386,-0.8825943228125206,63.91741838711693,0.6571428571428571,1.1071934079169585,0.025050173521081607,0.014252923385750682,0.07430755282062296,0.1918098880225133,0.32298923399370005,-0.06707935543577452,-0.09498396790903828,-0.12404797118235417,0.025050173521081607
H4,3,20.0,200,10,3.0,long,29.360453812350435,0.5738636363636364,0.6882998403941726,-0.08992771403385948,-0.013825637760781717,0.17519483522467885,-0.07891578392166075,-0.7056676023508439,38.715693423053686,0.7075471698113207,1.3568672251545495,0.049463202775182395,0.011729427907827938,0.019420543224196667,0.6039701244409,0.6544817382973088,-0.11735578609557257,-0.07248360424144099,-0.08355916666196422,0.049463202775182395
H4,3,20.0,200,10,3.0,both,58.4706764842547,0.572039942938659,0.7030585699096972,-0.08045837381563478,-0.026297207488250707,0.28066936644838,-0.09369461235124577,-0.9275836395336821,56.612570571446426,0.6774193548387096,1.097973561799541,0.01795110369103116,0.006932947018684299,0.04136769297239087,0.1675932719601116,0.267107160657173,-0.07444954268210015,-0.08387713657781759,-0.08382895250716658,0.01795110369103116
H4,3,20.0,200,10,5.0,long,27.108373548334917,0.5723076923076923,0.6626491337411755,-0.05985263873916067,-0.008165949364420277,0.10569127835392428,-0.0772622821069046,-0.6849201032702498,35.42851190600196,0.711340206185567,1.318215507427885,0.03434259028868222,0.005344558058470783,0.011660791607128192,0.458335783584682,0.5369216736245311,-0.06704345834143695,-0.04857105419704214,-0.06482769713013474,0.03434259028868222
H4,3,20.0,200,10,5.0,both,54.216747096669835,0.5723076923076923,0.6873685595451837,-0.05168567947288911,-0.014563165914835863,0.1637217211250753,-0.08895072574829778,-0.8784633958818497,52.22966188204412,0.6783216783216783,1.2033853786149218,0.02706682954530599,0.005998810581470337,0.023604734491877086,0.2541359058088394,0.4268503226900848,-0.043244862822795355,-0.05202468645422048,-0.059970117097629005,0.02706682954530599
D1,2,5.0,50,5,2.0,long,0.5838726610410598,0.5714285714285714,0.7180668583355271,-0.09983197466215459,-0.0002925310909138723,0.010731028382081696,-0.02726030353272858,-0.11884036696566656,2.191454344701152,1.0,inf,0.4337202323829996,0.003940650559315362,0.004143072504366711,0.9511420703263096,0.950606862559147,-1.0161386847072496,-0.011562166535798649,0.1173337872265211,0.4337202323829996
D1,2,5.0,50,5,2.0,both,2.835952925056576,0.5,0.5229446928972864,-0.15603509211503885,-0.002222178626528848,0.037101433360967016,-0.05989468398454697,-0.3815824545989966,2.5566967354846772,1.0,inf,0.4121066604429137,0.004442535073071019,0.0042394281298383275,1.0479090426850655,1.0228287516478607,-0.2720849143508295,-0.2694967364069287,0.007716799837311413,0.4121066604429137
D1,2,5.0,50,5,3.0,long,0.5838726610410598,0.5714285714285714,0.7780791743855017,-0.05337992299701312,-0.0001381929238010171,0.009205500276706708,-0.015011994964651285,-0.07457888993790217,2.191454344701152,1.0,inf,0.2891468215886664,0.002592706849557036,0.003108793291100288,0.8339913936958495,0.9012123489815617,-1.0254967300688433,0.13905656487890314,0.07822252481768073,0.2891468215886664
D1,2,5.0,50,5,3.0,both,2.835952925056576,0.5,0.5212337097298075,-0.10601369494222532,-0.0014550573128415678,0.023657861417113523,-0.06150417771020565,-0.34274582273434834,2.191454344701152,1.0,inf,0.2891468215886664,0.0026339037146272393,0.003158049034052263,0.8340287583336017,0.9012117714885102,-0.16537083498155417,-0.18660924598081904,-0.00453045767233312,0.2891468215886664
D1,2,5.0,50,5,5.0,long,0.5838726610410598,0.5714285714285714,0.6839533891829198,-0.05902305499451737,-0.00013739201728923955,0.00645662621323787,-0.02127922737846399,-0.1139576534909855,1.4609695631341013,1.0,inf,0.16345270475495235,0.0007272938892546321,0.0010393706902589452,0.6997444665997236,0.7120754616180887,-0.8042637464154725,0.08343393892734191,0.04693351489060841,0.16345270475495235
D1,2,5.0,50,5,5.0,both,2.835952925056576,0.5,0.4405060777008921,-0.09487923498287264,-0.001199066310007102,0.017082156039915784,-0.07019408482191886,-0.4533260427576601,1.4609695631341013,1.0,inf,0.16345270475495235,0.0007366105948252155,0.001052665760182815,0.699757342442001,0.7120788987889377,-0.12021869080828435,-0.15493293570120112,-0.03140453424499272,0.16345270475495235
D1,2,5.0,50,10,2.0,long,0.5838726610410598,0.5714285714285714,0.9309398398752244,-0.022907768230443572,-7.381452810961697e-05,0.010731028382081696,-0.006878607108417488,-0.02519079305883715,2.191454344701152,1.0,inf,0.38418072547503396,0.0034997120660749115,0.005587914435948179,0.6263002245633109,0.7310679489826161,-1.0161386847072496,-0.009883550946555833,0.295144986644604,0.38418072547503396
D1,2,5.0,50,10,2.0,both,2.835952925056576,0.5294117647058824,0.668114167524,-0.11911864671884531,-0.0017245006716553046,0.04506111605800822,-0.038270260981448284,-0.265443516597589,2.5566967354846772,1.0,inf,0.3480540544158782,0.0037590975735259935,0.005695354446388627,0.6600287319974621,0.700353756556352,-0.38371117869213595,-0.2441337632946193,0.14920271543066385,0.3480540544158782
D1,2,5.0,50,10,3.0,long,0.5838726610410598,0.5714285714285714,0.9948957978501061,-0.0020971187092057347,-3.2866430985656336e-06,0.009205500276706708,-0.0003570303622587516,-0.0007693859624323118,2.191454344701152,1.0,inf,0.25612048365002266,0.0023842980368518063,0.0031016188440056796,0.7687269638111085,0.7493922036975708,-1.0254967300688433,0.14017564193839835,0.19676332442973601,0.25612048365002266
D1,2,5.0,50,10,3.0,both,2.752542544907853,0.5454545454545454,0.6185265979786722,-0.09983717722156898,-0.0013833802844283039,0.03280745634466044,-0.042166642542936894,-0.2871358916890021,2.191454344701152,1.0,inf,0.25612048365002266,0.002424020631316637,0.003153098216420074,0.7687742229827498,0.7494148124547292,-0.3310565625300865,-0.19617072345268471,0.10797882927917477,0.25612048365002266
D1,2,5.0,50,10,5.0,long,0.5838726610410598,0.5714285714285714,0.7207028183920111,-0.06486414673046809,-0.00015188827049095188,0.007633133387498351,-0.019898547920008385,-0.11349079640139016,1.4609695631341013,1.0,inf,0.19044602611494815,0.0008991345375790605,0.001039062813147893,0.8653322265042738,0.8405635746501828,-1.0605391665759185,0.08410538516303905,0.11805799465784161,0.19044602611494815
D1,2,5.0,50,10,5.0,both,2.752542544907853,0.5454545454545454,0.4846570821338992,-0.11291370242975532,-0.0014228438915246944,0.02574134380307972,-0.055274654750326745,-0.44930077427630655,1.4609695631341013,1.0,inf,0.19044602611494815,0.0009129399187941534,0.0010549882054659465,0.8653555689667108,0.8405684854634665,-0.26327447649500524,-0.19321553628951385,0.03610103792591203,0.19044602611494815
D1,2,5.0,100,5,2.0,long,1.8350283632719022,0.36363636363636365,0.3880223547796115,-0.20481160094094653,-0.0018453632073549553,0.027608910944944803,-0.0668394059814533,-0.40897507789563187,3.652423907835253,0.8,2.2932383498236732,0.12769650058807047,0.0029556181048584484,0.006682454475031834,0.4422952847493014,0.5638403197253404,-0.2762740773910505,-0.22847731346833527,-0.15469553931603547,0.12769650058807047
D1,2,5.0,100,5,2.0,both,4.337339767733587,0.4423076923076923,0.4677424557428934,-0.15484655498370392,-0.0033529955888160767,0.04590610627020666,-0.07304029597021587,-0.48494752206122316,4.017666298618779,0.7272727272727273,1.4559682131837488,0.0249150294403504,0.0016732291388534826,0.010421507681222008,0.16055538123993232,0.2998736291625514,-0.07552168078540315,-0.25984602944923435,-0.11011783821311694,0.0249150294403504
D1,2,5.0,100,5,3.0,long,1.8350283632719022,0.36363636363636365,0.42896593360728646,-0.11381310139740797,-0.0009938592164738802,0.01590754796983428,-0.06247721008659224,-0.2968172501523838,3.287181517051728,0.8888888888888888,2.201604295291908,0.1314591071362898,0.0019250772731009835,0.004847790965151093,0.3971040184982448,0.534012529195222,-0.3002063650153704,-0.14162213954139263,-0.020783082253659727,0.1314591071362898
D1,2,5.0,100,5,3.0,both,4.170519007436141,0.42,0.41530174300666167,-0.11629197090249947,-0.002340402693062127,0.03194248897276595,-0.0732692651176164,-0.47314552828544826,3.652423907835253,0.8,1.7539568758089545,0.07632106258714817,0.0015414201354528867,0.006994652984725787,0.22037120909627447,0.40662354128533745,-0.0783592684179087,-0.2043835711744173,-0.04907534911531316,0.07632106258714817
D1,2,5.0,100,5,5.0,long,1.8350283632719022,0.36363636363636365,0.36410239689105,-0.09560658214937988,-0.0007766661058337121,0.0122372224014677,-0.06346751577715551,-0.362496516515647,2.5566967354846772,1.0,inf,0.1698875752711803,0.0015660667114538729,0.001045622042760009,1.497736894796236,1.193255524502684,-0.24311238846727776,-0.12617789977147614,-0.012469849352195837,0.1698875752711803
D1,2,5.0,100,5,5.0,both,4.087108627287418,0.42857142857142855,0.34138774926940424,-0.10041804218537381,-0.001856618095671947,0.024384194146373883,-0.07614022774453837,-0.6045469885368656,2.9219391262682026,0.875,3.838865180619005,0.11715752798564828,0.001173628399700366,0.0022993208879299,0.5104239281525401,0.7086686066197735,-0.060513111648899956,-0.17617357266890132,-0.053069187997558484,0.11715752798564828
D1,2,5.0,100,10,2.0,long,1.8350283632719022,0.5,0.5749954492607424,-0.1504730563281578,-0.0013313285079349368,0.025934980118425842,-0.051333315154117945,-0.2536351094630829,3.652423907835253,0.8,2.863750649914085,0.20302410033319057,0.004228604881376219,0.006618734142369149,0.6388842323046695,0.7678946706245589,-0.08254167809846817,-0.15276867412048958,-0.1705661626354635,0.20302410033319057
D1,2,5.0,100,10,2.0,both,4.253929387584864,0.5294117647058824,0.704004781367381,-0.09606615844916767,-0.0020319226293225023,0.04038152222482729,-0.05031812862352275,-0.25016013187177194,4.017666298618779,0.7272727272727273,1.81818427948399,0.09339466557227775,0.0029518402485408934,0.010223592707257345,0.2887282712705772,0.5098765088189237,-0.07962411267433911,-0.1652690225585547,-0.035806948603014754,0.09339466557227775
D1,2,5.0,100,10,3.0,long,1.8350283632719022,0.5,0.5796628969702413,-0.09644829364541599,-0.0008356405146213719,0.01661067413347067,-0.05030744134204331,-0.21462789698964088,3.287181517051728,0.8888888888888888,2.6884817889612096,0.1872573291697121,0.0026981558355270163,0.0048284822717118625,0.5587999880075003,0.7080839377270287,-0.1710514321536489,-0.09114971330949549,-0.07746789229369451,0.1872573291697121
D1,2,5.0,100,10,3.0,both,4.087108627287418,0.5306122448979592,0.6321329165242554,-0.08348365803151798,-0.0016782129863299744,0.030086745284903217,-0.05577914694455369,-0.2864931791701409,3.652423907835253,0.8,2.225841272446196,0.13433363286419717,0.0023907065450115006,0.006925010187697275,0.3452278740699536,0.5921647138418307,-0.09810674316705172,-0.1288563396421105,-0.021590654657212355,0.13433363286419717
D1,2,5.0,100,10,5.0,long,1.8350283632719022,0.5,0.49642070251700476,-0.09073618090703958,-0.0006984277985002674,0.012630543589160636,-0.055296733158788886,-0.2870466974456771,2.5566967354846772,1.0,inf,0.2165980872475846,0.0020737746802514945,0.0010435356907372185,1.9872580292739688,1.4375318157653698,-0.25104456880372683,-0.09589444403233785,-0.031568648135590155,0.2165980872475846
D1,2,5.0,100,10,5.0,both,3.920287866989973,0.5319148936170213,0.48155322987548427,-0.09497606143115893,-0.0016554213954527164,0.025533352158498245,-0.06483368831388416,-0.45384297813864194,2.9219391262682026,0.875,6.250589879711,0.16387485380022876,0.001762603689971387,0.002290907021002497,0.7693911947592158,0.9237378098919806,-0.1391464379149235,-0.12813856138695334,-0.028683736901189825,0.16387485380022876
D1,2,5.0,200,5,2.0,long,2.2520802640155164,0.48148148148148145,0.7294195334267015,-0.05297841936546545,-0.0005810720676072689,0.01703737493013676,-0.034105727554274386,-0.12352275250329268,5.1133934709693545,0.7857142857142857,2.7772342604847156,0.14666906916888406,0.00405518303878849,0.007650021643944269,0.5300877863526777,0.7189873359175217,-0.4706805843124262,-0.058405076322687766,0.01629267397150295,0.14666906916888406
D1,2,5.0,200,5,2.0,both,4.837802048625924,0.4482758620689655,0.4782548289791686,-0.13775623719404317,-0.003339531585374811,0.049454525844130307,-0.06752731986351003,-0.4685954913282117,5.478635861752879,0.7333333333333333,1.772577539955147,0.0700311524218351,0.0028579662783907445,0.009101295616457969,0.31401752001359606,0.4717416826629323,-0.1764315173893416,-0.23290313200393323,-0.007764213224440902,0.0700311524218351
D1,2,5.0,200,5,3.0,long,2.1686698838667935,0.46153846153846156,0.6645999293703877,-0.0424928605938879,-0.00044209471915179765,0.012550027997878816,-0.03522659226150888,-0.138785618601968,4.382908689402304,0.8333333333333334,2.5093647473725023,0.12661421210025597,0.0024259357971043727,0.005667812822243076,0.42801974468597426,0.6412180256932657,-0.3137870562082841,-0.0667144953262361,0.026944473407526325,0.12661421210025597
D1,2,5.0,200,5,3.0,both,4.670981288328479,0.42857142857142855,0.3875172079294308,-0.1171391060186,-0.00262782490518898,0.036842097824220765,-0.07132669039984453,-0.5218093888948931,4.748151080185829,0.7692307692307693,2.0033047753153164,0.08457301591138039,0.002074270211866347,0.006842688608551093,0.30313672454336105,0.517880303074574,-0.1519270247327588,-0.18792131809619853,-0.013127414965158523,0.08457301591138039
D1,2,5.0,200,5,5.0,long,2.0852595037180706,0.48,0.6167783518670544,-0.035770508560255584,-0.00032116914928825846,0.008332645402084806,-0.03854347974628835,-0.16223983904283532,3.287181517051728,1.0,inf,0.155470785093814,0.0018604672536306488,0.001039301073038762,1.7901138581440303,1.2796505394792825,-0.18827223372497048,-0.06470167773551255,0.016166684044515794,0.155470785093814
D1,2,5.0,200,5,5.0,both,4.504160528031033,0.4444444444444444,0.33048960863057364,-0.09647805874727092,-0.0019620593281257648,0.02546661899113743,-0.07704435868807617,-0.6263499096447694,3.652423907835253,0.9,4.586681773399187,0.114728426283125,0.0014842654249422882,0.002437764624345422,0.6088633045697908,0.8329022469455455,-0.07648365366124402,-0.17411386000915513,-0.027956830728210102,0.114728426283125
D1,2,5.0,200,10,2.0,long,2.2520802640155164,0.6666666666666666,1.2154711927434438,0.0369467889422009,0.00042148822789189744,0.014119050733062901,0.02985244800522523,0.07931702791218226,5.1133934709693545,0.7857142857142857,3.7441319135469158,0.26361753298102075,0.006446488645320159,0.007530393512872282,0.8560626525427495,0.9771043167692105,-0.12898078918301786,0.03920103996254758,0.06039326155806841,0.26361753298102075
D1,2,5.0,200,10,2.0,both,4.754391668477201,0.543859649122807,0.7139078036727082,-0.0856954510424867,-0.00200183853157343,0.04354630206823138,-0.04597034504644757,-0.2348274909404093,5.478635861752879,0.7333333333333333,2.426843932671823,0.17918305197982934,0.005329081049965323,0.007748002082405512,0.687800673423517,0.7629994328959131,-0.19963456194227014,-0.10448370622348192,0.005415897093707368,0.17918305197982934
D1,2,5.0,200,10,3.0,long,2.1686698838667935,0.6538461538461539,1.031303191440305,0.006375795394123202,4.197791553517405e-05,0.010841158113092645,0.0038720877508905786,0.012645781709805633,4.382908689402304,0.8333333333333334,3.1350945866914173,0.19188609061899964,0.003515412210193025,0.005746934606094343,0.6117021422977569,0.8370911349823466,-0.08598719278867858,-0.0016437511360792,0.02978917328812589,0.19188609061899964
D1,2,5.0,200,10,3.0,both,4.587570908179756,0.5454545454545454,0.5534397107951999,-0.10718269176519842,-0.002427978310734935,0.03660989164874347,-0.06632028125159088,-0.39794843270099567,4.748151080185829,0.7692307692307693,2.6137292055861625,0.15081949642635065,0.003283545069328264,0.006227439977167997,0.5272704484293553,0.7303324324689905,-0.1874116407449584,-0.12527416613441988,-0.038240126852737664,0.15081949642635065
D1,2,5.0,200,10,5.0,long,2.0852595037180706,0.68,1.0392893381067276,-0.0019079965544955323,3.1124274538107954e-05,0.007436225922501691,0.004185493402496994,0.014490302179475471,3.287181517051728,1.0,inf,0.21336152340876902,0.002679338367326478,0.001549133535736849,1.7295722450757252,1.4148455407620697,-0.05159231567320717,-0.026655101396010853,0.029057569403345435,0.21336152340876902
D1,2,5.0,200,10,5.0,both,4.337339767733587,0.5576923076923077,0.43582105882697586,-0.10666605381500684,-0.0021015239430806076,0.030907238988838927,-0.06799455440971287,-0.5417715758455233,3.652423907835253,0.9,8.151080180728453,0.1715065930347659,0.0024121282878342143,0.0023601831644333854,1.0220089373501229,1.047995032420232,-0.1684432604729647,-0.15444606051888685,-0.022519583114056056,0.1715065930347659
D1,2,10.0,50,5,2.0,long,3.002773685354022,0.5,0.8759437466485631,-0.03668789532615488,-0.0005644452010691303,0.026781195876179345,-0.02107617612293328,-0.09013434992900124,5.478635861752879,0.8666666666666667,2.754899652920246,0.15939996680483776,0.004661114273718292,0.009271399452477994,0.5027411770584971,0.600810741597051,-0.15529859720257255,-0.058912735267519015,0.09268426430562555,0.15939996680483776
D1,2,10.0,50,5,2.0,both,7.6737549736825,0.5760869565217391,0.8986967821146276,-0.02563109411382452,-0.0010445898993811653,0.05212335791368265,-0.020040725332988476,-0.11379548766284626,8.035332597237558,0.8636363636363636,2.148312269147419,0.133725432615196,0.005064537632964106,0.011639640252887027,0.4351111823845181,0.5532902770103431,0.020421863001375495,-0.09840382043081908,0.009149559382233318,0.133725432615196
D1,2,10.0,50,5,3.0,long,2.919363305205299,0.5142857142857142,0.764119590569977,-0.054796901061538145,-0.0008051315775643442,0.02244791153249976,-0.035866658526281445,-0.19313279554332016,5.1133934709693545,0.8571428571428571,1.2491538737637613,0.035023111964832175,0.0007997234530943143,0.007578066167333723,0.105531336812765,0.16279863162549157,-0.17307401454353,-0.06547782104195829,0.04675870144233976,0.035023111964832175
D1,2,10.0,50,5,3.0,both,7.590344593533777,0.5824175824175825,0.8259194811769626,-0.03302390579081224,-0.00127283181706217,0.040350760667633594,-0.0315441839509891,-0.2007665002077028,7.304847815670506,0.85,1.0863828940322455,0.025261887444416504,0.0004225008534455288,0.009027205823761434,0.04680305973897493,0.0720986207832597,0.026657149481921844,-0.11081976025499111,-0.005279922250245132,0.025261887444416504
D1,2,10.0,50,5,5.0,long,2.919363305205299,0.5142857142857142,0.7223251189161275,-0.03771725714978818,-0.0005628599050407912,0.013316072749772005,-0.042269212223283205,-0.22626222277139363,4.017666298618779,0.9090909090909091,5.40817918184439,0.104634603835585,0.001769053967510148,0.0035247519671626868,0.5018945968371726,0.7202559562959193,-0.155241587759223,-0.018240084841848,0.019424550845524184,0.104634603835585
D1,2,10.0,50,5,5.0,both,7.506934213385055,0.5888888888888889,0.7571085878333618,-0.03336993773008108,-0.0011264128778515348,0.024893786267166877,-0.04524875668821793,-0.2889428770898912,5.478635861752879,0.8666666666666667,1.3559898280023017,0.029249675387643566,0.0007042746252301502,0.005386728564362132,0.13074254936280544,0.21270159255723037,0.0022883752803251204,-0.06516179573473953,-0.0352417210930495,0.029249675387643566
D1,2,10.0,50,10,2.0,long,2.919363305205299,0.5428571428571428,0.8964567917638596,-0.03621669128352233,-0.0005342850038474456,0.030045464190741864,-0.017782551151666975,-0.07583668573442748,5.478635861752879,0.8,1.7386733955941933,0.0916704928219702,0.003157217130726142,0.009272422944218628,0.34049537534250124,0.38084800161866633,-0.29407512905774313,-0.04517461156356226,0.16434642023233276,0.0916704928219702
D1,2,10.0,50,10,2.0,both,7.590344593533777,0.5934065934065934,0.9205799588808486,-0.022956416262051513,-0.0009381998225570509,0.06408809843762953,-0.014639220782468777,-0.09129377255002447,7.670090206454032,0.7142857142857143,1.528248173827027,0.080660613529005,0.0033338584978028774,0.011630392506573306,0.28665055765905023,0.3329835520882015,-0.005578828973633354,-0.10377105370452355,0.05367056291469963,0.080660613529005
D1,2,10.0,50,10,3.0,long,2.835952925056576,0.5294117647058824,0.7656212666321683,-0.06159822186508235,-0.0009171710269076927,0.027121391816839712,-0.03381725514316046,-0.193933381080501,5.1133934709693545,0.7857142857142857,1.1335542447700488,0.014568792250195941,0.00047797700197849124,0.007594404576114629,0.06293804829437055,0.09149156166712152,-0.30312531881805665,-0.07077512215362022,0.10544905843377457,0.014568792250195941
D1,2,10.0,50,10,3.0,both,7.340113453087609,0.5909090909090909,0.8073537528551354,-0.04148495156650888,-0.0016397778603814972,0.05634399228397182,-0.029102976092234858,-0.2302778619019622,7.304847815670506,0.75,1.0557561400513225,0.021970035173798558,0.00029781637053982735,0.009069821241942186,0.032835969154785,0.04807261733937931,-0.0238654459989148,-0.14068235485776376,0.05426400377018834,0.021970035173798558
D1,2,10.0,50,10,5.0,long,2.835952925056576,0.5294117647058824,0.7845919731311358,-0.02932875791679558,-0.0004602005145186716,0.014899072197333508,-0.030887863916857442,-0.16434904821127022,4.017666298618779,0.9090909090909091,9.272530055996752,0.12114354515279359,0.0020358929255985814,0.0035209854897840275,0.5782167894487575,0.7885898315639706,-0.22169691887819382,-5.212490859654931e-05,0.05050315104671377,0.12114354515279359
D1,2,10.0,50,10,5.0,both,7.256703072938886,0.5977011494252874,0.7611911817179591,-0.03676377479496579,-0.0012533971222239426,0.03356257309776925,-0.037345084316769805,-0.27858517484232487,5.478635861752879,0.8,1.606518560215961,0.0471797745758192,0.0011311172580690254,0.0053949387114790425,0.20966267061798102,0.31752457430713465,-0.026616344424284313,-0.07810544438353466,-0.0011400709783031518,0.0471797745758192
D1,2,10.0,100,5,2.0,long,5.0046228089233695,0.4666666666666667,0.6699746334761266,-0.11331501581967732,-0.0028400080329243904,0.04528782183590587,-0.0627101926697814,-0.3541183536278722,7.304847815670506,0.8,2.1351291247745547,0.1106871144597609,0.004951050061829498,0.011211541927207693,0.44160295648669884,0.5298131289719223,-0.16479424085134736,-0.10035810211760553,-0.0941235461102016,0.1106871144597609
D1,2,10.0,100,5,2.0,both,10.092655997995461,0.5289256198347108,0.6583588963098745,-0.10353686285715971,-0.005333503458077482,0.07572512831928607,-0.07043241228445851,-0.512934707656073,8.765817378804607,0.7916666666666666,1.9074136568085078,0.0942008155841793,0.00531829071351364,0.011549140230432532,0.4604923489888617,0.535853954548556,-0.06937942479718863,-0.15255447411192738,-0.08578193592635458,0.0942008155841793
D1,2,10.0,100,5,3.0,long,4.587570908179756,0.4909090909090909,0.7353932023750986,-0.05733422955256796,-0.0013047830470882538,0.024790536822106527,-0.052632303061898054,-0.23762843985504778,6.939605424886981,0.7894736842105263,1.0350812590757184,0.015458227200454361,0.00018617646771557084,0.011292364781245193,0.016486933545113606,0.03267772972860269,-0.1393756097689583,-0.056312739675674496,0.0005558918789671858,0.015458227200454361
D1,2,10.0,100,5,3.0,both,9.42537295680568,0.5398230088495575,0.677008000401075,-0.0651891472912576,-0.003003008141546859,0.04605551403864785,-0.06520409562743912,-0.41876333958574335,8.400574988021082,0.782608695652174,1.093370964201481,0.024946505349049127,0.0005447349574558835,0.010560780610690797,0.0515809368205644,0.08732047770654507,-0.05561573484612512,-0.09819654285627372,-0.014223678037430446,0.024946505349049127
D1,2,10.0,100,5,5.0,long,4.504160528031033,0.48148148148148145,0.6709075518329467,-0.04609090311408419,-0.001005977287935833,0.01650505380459527,-0.060949652139622404,-0.30200731826507904,5.1133934709693545,0.8571428571428571,5.099460256276066,0.10185824559430914,0.0022021591193186474,0.0035447576128259796,0.6212439212629336,0.75902228155912,-0.12613552381615173,-0.036931197685037255,-0.004940763218101718,0.10185824559430914
D1,2,10.0,100,5,5.0,both,9.341962576656957,0.5357142857142857,0.5894800584889499,-0.05703645587019564,-0.0025009117624577026,0.035485245536539534,-0.0704775104312717,-0.559820050586812,6.20912064331993,0.8235294117647058,3.3626055204640357,0.08463567652309273,0.002275445699024159,0.003608719225633716,0.6305410747561208,0.712254591017779,-0.04171460993825543,-0.07203046306203541,-0.05695905117267881,0.08463567652309273
D1,2,10.0,100,10,2.0,long,4.837802048625924,0.5344827586206896,0.8154855269934316,-0.06727164813875892,-0.0016330353247790974,0.033479609182710604,-0.048777012774164116,-0.18564140337316373,7.304847815670506,0.75,1.7608736844671526,0.08822650340908021,0.004376135542157655,0.01121038084798204,0.3903645738267131,0.4467944519761767,-0.18163397213114882,-0.04397737535151004,-0.02090011553704329,0.08822650340908021
D1,2,10.0,100,10,2.0,both,9.508783336954401,0.5614035087719298,0.7583297564491643,-0.0846620816891781,-0.004054779999498548,0.06700029913879343,-0.060518834268171416,-0.3474111151996331,8.765817378804607,0.75,1.7452119090961384,0.09506410492395585,0.0054123587467589385,0.01137434173113212,0.47583929467716385,0.5186747258313079,-0.08818331051108307,-0.1134103380545142,-0.04760122044104771,0.09506410492395585
D1,2,10.0,100,10,3.0,long,4.42075014788231,0.5283018867924528,0.8546274554647584,-0.03334843465797306,-0.0007614831931328503,0.02573984807526316,-0.029583826248945917,-0.12481789392369864,6.939605424886981,0.7368421052631579,1.0835274554629186,0.019796622962680633,0.00046041423019738126,0.011876897047302321,0.03876553180209289,0.07348873225966145,-0.1477708288183391,-0.029428389318502144,0.0418861325053852,0.019796622962680633
D1,2,10.0,100,10,3.0,both,8.758089915615896,0.5619047619047619,0.7706412560968021,-0.05128134017427754,-0.0022923868418552873,0.05608531883167386,-0.04087320692132136,-0.2791270537994921,8.400574988021082,0.7391304347826086,1.2083402852253091,0.04554036045328779,0.0012394208690509334,0.010046927436529879,0.12336317514790557,0.1847086177255913,-0.09332444649991234,-0.0805396218150774,0.05387609550694537,0.04554036045328779
D1,2,10.0,100,10,5.0,long,4.337339767733587,0.5192307692307693,0.7646996084305107,-0.034582492829187225,-0.0007650410665204221,0.016386225667799452,-0.046688058740934055,-0.20414306288421294,5.1133934709693545,0.8571428571428571,9.292469875754987,0.12367001283829726,0.002647307880209837,0.0035345311147651636,0.7489841776044814,0.8727988017240605,-0.13608687679597126,-0.006556360403901433,-0.008469490156965739,0.12367001283829726
D1,2,10.0,100,10,5.0,both,8.591269155318452,0.5631067961165048,0.6495533651430124,-0.055638374073780396,-0.002280833734112253,0.03575039447393616,-0.06379884103866591,-0.4390074698461186,6.20912064331993,0.8235294117647058,5.608893144666872,0.11376163564913737,0.0030549563438795335,0.003599191180959724,0.8487896836491274,0.8862140350809175,-0.08495463768821743,-0.048713914941314926,-0.0355820373749344,0.11376163564913737
D1,2,10.0,200,5,2.0,long,5.755316230261875,0.463768115942029,0.7509894342678066,-0.07963316128359607,-0.0022574748277617296,0.03899325231841798,-0.05789398661407475,-0.26180329942693636,8.400574988021082,0.782608695652174,2.3757852221144584,0.12776174953311556,0.00599948636142833,0.011134207169707732,0.5388337283458158,0.6453585988421396,-0.1254036183331553,-0.048408009556223576,-0.09455171175976712,0.12776174953311556
D1,2,10.0,200,5,2.0,both,10.509707898739077,0.47619047619047616,0.6358274266935917,-0.11383076321343424,-0.005993009666279581,0.07782264227076206,-0.07700856063751452,-0.5470141236476993,9.496302160371657,0.7692307692307693,2.038677850830799,0.10672767720868383,0.006168070143638182,0.011640243744090313,0.5298918372538098,0.6181497107696878,-0.08375562884770543,-0.14846432219995137,-0.10003828557985757,0.10672767720868383
D1,2,10.0,200,5,3.0,long,5.171443569220815,0.43548387096774194,0.7025269664389593,-0.06325571102289813,-0.0015966808310904357,0.028579695751382608,-0.0558676637071335,-0.2762517037613001,7.670090206454032,0.7619047619047619,1.1252552513392293,0.028358518547949612,0.0006688742190179564,0.010382152604996404,0.064425388882847,0.1102811106949424,-0.06083105499591432,-0.07400473869789913,-0.051902325157627605,0.028358518547949612
D1,2,10.0,200,5,3.0,both,9.508783336954401,0.4473684210526316,0.562388486946758,-0.09560226769128635,-0.0044251012938490986,0.057008008396028625,-0.07762245021977239,-0.5914422233319725,8.765817378804607,0.75,1.1499055095738135,0.030630843803574836,0.0008919766400141693,0.010737200040882067,0.08307348625507148,0.13896979652500474,-0.06229123465555155,-0.15481172711082303,-0.059765437025619164,0.030630843803574836
D1,2,10.0,200,5,5.0,long,5.0046228089233695,0.43333333333333335,0.6855147373514832,-0.04112257849518814,-0.0009756272315488701,0.017040336038556016,-0.057253990140885974,-0.28566651223614653,5.843878252536405,0.875,5.668621899286351,0.1022524673291495,0.0025063276878580787,0.003543471814541477,0.7073084869965012,0.8436773644915396,-0.040476769997749816,-0.046573876243927066,-0.03526910684321467,0.1022524673291495
D1,2,10.0,200,5,5.0,both,9.341962576656957,0.44642857142857145,0.5217216302898013,-0.06827913077092528,-0.0029498447552428475,0.037903939596740585,-0.07782422583578909,-0.6551711226465715,6.574363034103456,0.8333333333333334,3.5229503731072263,0.08691996517634751,0.002442669864801683,0.0036281695504422067,0.6732512995441371,0.751239889772945,-0.030886558724815643,-0.11663919165636583,-0.05008970498112201,0.08691996517634751
D1,2,10.0,200,10,2.0,long,5.588495469964429,0.5373134328358209,0.8388194243579504,-0.055409186403471776,-0.001534150778076615,0.0314045219809193,-0.048851269858803496,-0.16125513635752128,8.400574988021082,0.782608695652174,2.9727968356824177,0.19464199332944618,0.008348519976405955,0.011038667905238286,0.7562977750643491,0.8243668208708329,-0.17863882700302847,0.020414516940396865,-0.08795481578893667,0.19464199332944618
D1,2,10.0,200,10,2.0,both,10.009245617846739,0.5416666666666666,0.6921817266168829,-0.10967116445030307,-0.005462161626437534,0.07502096261656621,-0.07280847160486012,-0.44370094144048144,9.496302160371657,0.7692307692307693,2.5610932210347874,0.17658582872158754,0.009053386451677303,0.011566513176003644,0.7827239128953594,0.8303129840258816,-0.14767563772494915,-0.061545272413381716,-0.1379570979337856,0.17658582872158754
D1,2,10.0,200,10,3.0,long,5.0046228089233695,0.48333333333333334,0.8113810917152289,-0.04053906955312724,-0.00102190485131326,0.023651246978573744,-0.043207229294887885,-0.15661005845152498,7.670090206454032,0.7619047619047619,1.3223776771236664,0.062246738665348744,0.001685013079718356,0.010528098770038914,0.16004913294635892,0.25817765493315903,-0.06579888247249789,-0.034098544325000785,-0.034385566035363704,0.062246738665348744
D1,2,10.0,200,10,3.0,both,9.008321056062066,0.5,0.6027391459464794,-0.10026397082923734,-0.004479309136733889,0.05963895122465815,-0.07510710776687647,-0.5208545580764179,8.765817378804607,0.75,1.386563365639585,0.07125467220419984,0.0022394335466089377,0.010968699637875027,0.20416581915290594,0.3204216490726169,-0.11446980536182588,-0.10785630048014941,-0.07520533897153989,0.07125467220419984
D1,2,10.0,200,10,5.0,long,4.754391668477201,0.49122807017543857,0.788992922264934,-0.027252760964910118,-0.0006505132237363265,0.014230289497841848,-0.045713281085039255,-0.169534805824321,5.843878252536405,0.875,11.268149464148056,0.1334654549801244,0.003271753706377556,0.0035296968548188877,0.9269220108550746,0.9986217802538213,-0.044320179588576904,-0.010256470609236666,-0.03996085818426888,0.1334654549801244
D1,2,10.0,200,10,5.0,both,8.591269155318452,0.5048543689320388,0.5261655637294219,-0.08022641691510957,-0.003247765923918622,0.04220206518350593,-0.0769575116714422,-0.6129389089538604,6.574363034103456,0.8333333333333334,6.126981864288932,0.12094432255874639,0.003436961488428425,0.0036411046850259505,0.9439337195008249,0.9329633713486556,-0.08364400072811579,-0.09048241959318087,-0.0632444424633639,0.12094432255874639
D1,2,20.0,50,5,2.0,long,7.757165353831223,0.6344086021505376,1.0539575387757958,0.014652139221919184,0.0005498854706720291,0.030688137417339355,0.017918502618582965,0.06458013427700032,11.322514114289286,0.7741935483870968,2.7925767437922744,0.14465025222644157,0.007504829650439415,0.009166419358435615,0.8187307777417927,0.7708397589561138,-0.05180168922824759,-0.0006299630554305414,0.07500160547252954,0.14465025222644157
D1,2,20.0,50,5,2.0,both,17.182538310636904,0.6262135922330098,1.0346981237057036,0.008945027868139596,0.0007223842519976653,0.06226672898028128,0.011601448539659616,0.06032125868225892,15.705422803691588,0.7441860465116279,1.7593631678189459,0.08499435906164195,0.005908786813342282,0.015382748154468868,0.38411776322462315,0.5369757355896949,0.03300200615419363,-0.03477542284971381,0.030793697421121265,0.08499435906164195
D1,2,20.0,50,5,3.0,long,7.506934213385055,0.6444444444444445,1.014155208251596,0.0020959558464851685,9.735112877318208e-05,0.022118491726929458,0.004401345714484511,0.018117673014780993,10.957271723505759,0.7666666666666667,1.7076659316627993,0.06010460616033544,0.00284938267696333,0.0075054365776347194,0.3796424961412826,0.4784549685798948,-0.02116972605425767,-0.018737597616883272,0.04137685177219945,0.06010460616033544
D1,2,20.0,50,5,3.0,both,16.59866564959584,0.628140703517588,0.979348389763487,-0.0036630369383145833,-0.0002932989797675978,0.05036207993098047,-0.005823805930365746,-0.02716813440483759,14.974938022124539,0.7317073170731707,1.3940900343997784,0.04040689631907985,0.002376164989803531,0.009581156157200118,0.24800399354913685,0.32924036813748353,0.032560806248529084,-0.05858805056475989,0.01819715509126419,0.04040689631907985
D1,2,20.0,50,5,5.0,long,7.506934213385055,0.6444444444444445,1.0384068519951388,0.007438200963868645,0.0001494443865126538,0.011947247256281645,0.012508687843057626,0.040242056942702296,8.765817378804607,0.8333333333333334,5.595502544412098,0.08427921454441493,0.0029886372233669523,0.0034967701986366416,0.8546850532334651,0.9722390492813058,-0.03435060630551023,0.00854683241952205,0.03223970565364201,0.08427921454441493
D1,2,20.0,50,5,5.0,both,16.51525526944712,0.6313131313131313,0.9265177363604873,-0.007333020137456086,-0.0006408529104076077,0.030015259268477402,-0.02135090370785648,-0.10702643342846198,11.68775650507281,0.78125,1.7963779247762373,0.042235723156685175,0.0019398354886530633,0.005908188242225156,0.3283300072921302,0.4829426933777444,0.011448916044396816,-0.017486039286787075,-0.015938489445104013,0.042235723156685175
D1,2,20.0,50,10,2.0,long,7.423523833236332,0.6629213483146067,0.9495520869654176,-0.014948401646028647,-0.0005258291746714772,0.04197919310415544,-0.012525947637126602,-0.05158987407015427,9.861544551155184,0.7407407407407407,1.639011610087552,0.08323946180239376,0.0038944026817091526,0.009327169308774601,0.4175331821247702,0.38192581166008394,-0.1589299014878462,-0.03857281154392737,0.10301935587050631,0.08323946180239376
D1,2,20.0,50,10,2.0,both,16.848896790042012,0.6534653465346535,0.9940461978335675,-0.0030880194920377677,-0.000130746621952893,0.07644939503387474,-0.001710237496254341,-0.0038893549284214914,13.879210849773962,0.7105263157894737,1.0487886978757142,0.011643789861768518,0.0005597041722937846,0.018591698775505417,0.03010505812579082,0.052021155241344166,0.028204509308678793,-0.03380935541160807,-0.001765903544514627,0.011643789861768518
D1,2,20.0,50,10,3.0,long,7.173292692790163,0.6744186046511628,0.9265702120729324,-0.018016213570906516,-0.0005129302919285594,0.032107862861172634,-0.015975223705992445,-0.0759747580633565,9.496302160371657,0.7307692307692307,1.228087076030915,0.02705743873741811,0.0010412473036738312,0.007580727445809245,0.13735453637097195,0.16980539439428138,-0.1610004070197332,-0.023303357128407077,0.07447135100455686,0.02705743873741811
D1,2,20.0,50,10,3.0,both,16.265024129000953,0.6666666666666666,0.9823634124942356,-0.004422558911731824,-0.00025945659150383715,0.05529725693628361,-0.004692033671811182,-0.022271009085516456,13.513968458990437,0.7297297297297297,0.882784809743757,-0.009276330979115894,-0.0009480939614632256,0.01367708669271101,-0.06931987657638358,-0.12025837238222149,0.0221592931603886,-0.04099623425610706,0.009859708726375921,-0.009276330979115894
D1,2,20.0,50,10,5.0,long,7.173292692790163,0.6744186046511628,1.0501011932926696,0.007087395477251702,0.0001775964395003271,0.013528341084802595,0.013127732246478807,0.04509719053833352,8.035332597237558,0.8181818181818182,5.805984058790125,0.07913783472489991,0.0026676304484443136,0.003501089475986465,0.7619429513987739,0.8356109993960322,-0.06531443443010161,0.009124472325495975,0.04794819608055426,0.07913783472489991
D1,2,20.0,50,10,5.0,both,15.931382608406059,0.675392670157068,0.9636770129754971,-0.004377216152403229,-0.00031034218021730453,0.03403119144220336,-0.009119345137955925,-0.046868765253328,10.957271723505759,0.7666666666666667,1.1612044409278273,0.00616157789722697,0.0005620483190156289,0.008765205553248398,0.0641226626804357,0.13129238795911954,0.007945403670098402,-0.010498373789311575,-0.010384355873332736,0.00616157789722697
D1,2,20.0,100,5,2.0,long,9.925835237698017,0.6050420168067226,0.9706006965384694,-0.008513952332251246,-0.00040179637911930133,0.03428278938300556,-0.011720060892083571,-0.0347646641074308,15.705422803691588,0.7209302325581395,1.9428669505137546,0.08378961611895576,0.007328582518448812,0.012818660140245968,0.5717120540109888,0.6326962557917093,-0.07112872262703308,-0.021458203630606403,0.04241769735563351,0.08378961611895576
D1,2,20.0,100,5,2.0,both,19.684849715098586,0.5932203389830508,0.8760068885832218,-0.033441730988437085,-0.00335937844400247,0.07506276155891908,-0.04475426129060799,-0.23063985229960315,17.89687714839274,0.7142857142857143,1.7725402582673286,0.06663996190197474,0.007270540112999768,0.01413265702124453,0.5144496255778745,0.5882276739975032,-0.03161126716305189,-0.06761726775806966,0.0029929742444886505,0.06663996190197474
D1,2,20.0,100,5,3.0,long,9.175141816359512,0.6,0.9618463276561222,-0.007307340597289669,-0.00032338461708592003,0.025245731116860144,-0.012809477197907348,-0.04393366641093156,14.974938022124539,0.7317073170731707,1.4067734947065846,0.044005762214112835,0.002716633396516732,0.011369302977553298,0.23894458630227816,0.37509692304593206,-0.005092019281225566,-0.0321634411555721,0.025636552903223697,0.044005762214112835
D1,2,20.0,100,5,3.0,both,18.10005249227285,0.5852534562211982,0.8239959896595052,-0.03438770337066501,-0.003056953571545562,0.060242724439590965,-0.05074394626044768,-0.3099177375932713,17.16639236682569,0.723404255319149,1.394645825786287,0.03889044951423779,0.002893125316359324,0.011509457203247057,0.25136939694628807,0.37812717707395327,-0.023752175201349073,-0.06996450733998397,-0.005101277615090725,0.03889044951423779
D1,2,20.0,100,5,5.0,long,8.924910675913342,0.6074766355140186,0.9393865619537527,-0.005640215699852883,-0.00030368398909019767,0.015702282120361035,-0.01934011800083587,-0.06849007387553249,12.052998895856335,0.7878787878787878,4.334991714199405,0.07322318591501209,0.003693135045139906,0.003510285487806825,1.0520896542370184,1.00396389566914,-0.022155574078599905,-0.011114337256643693,0.01098287841464543,0.07322318591501209
D1,2,20.0,100,5,5.0,both,17.68300059152924,0.5849056603773585,0.7301588823130506,-0.03439072279492794,-0.0030039952224165667,0.04338341925195271,-0.06924293368788251,-0.49180735318708446,13.513968458990437,0.7837837837837838,3.449668144126268,0.06522036538557385,0.0038262506837638544,0.0036253523692371618,1.0554148380806816,0.9490097730133957,-0.020968937224571837,-0.04846069611265265,-0.031617456455858485,0.06522036538557385
D1,2,20.0,100,10,2.0,long,9.341962576656957,0.6517857142857143,0.8735377982462679,-0.039487749663989755,-0.001759287495171069,0.04102872083602101,-0.042879413720997836,-0.15962213588066487,14.244453240557487,0.717948717948718,1.541527923415752,0.05584638322804046,0.005093045485372816,0.013829792425121468,0.3682662276348723,0.4145760505808212,-0.14481740218383052,-0.03372877804454775,0.005690413490656026,0.05584638322804046
D1,2,20.0,100,10,2.0,both,18.60051477316519,0.6322869955156951,0.8718900339320249,-0.0382938877013627,-0.003546157045793641,0.08566235797069287,-0.0413969114299523,-0.23070700299756375,16.43590758525864,0.7333333333333333,1.5088658976858498,0.0508001154404485,0.005568808252847113,0.01313938795170883,0.42382554448610116,0.4296455512617367,-0.05599114143142435,-0.048815257529892124,-0.009990249624874955,0.0508001154404485
D1,2,20.0,100,10,3.0,long,8.674679535467174,0.6442307692307693,0.9337338730389769,-0.015983487272971685,-0.0005217945902822319,0.028069402871297798,-0.01858944391067862,-0.07042423562731438,13.513968458990437,0.7297297297297297,1.2468275343879658,0.03342504715940716,0.001718060189275894,0.01193798956411917,0.1439153703434033,0.22817990892779738,-0.07433504998491823,-0.01677943571322896,0.01683014454245259,0.03342504715940716
D1,2,20.0,100,10,3.0,both,17.09912793048818,0.6292682926829268,0.8475623668181856,-0.0316557837102339,-0.002604716811145491,0.06400156097264266,-0.04069770754902169,-0.251444881570262,15.705422803691588,0.7441860465116279,1.3033654906334031,0.03803126507724646,0.0022670058703142537,0.010868423004135505,0.2085864590890181,0.2849256088094506,-0.029760756691203084,-0.051704464158107255,-0.010340086003885121,0.03803126507724646
D1,2,20.0,100,10,5.0,long,8.341038014872282,0.65,0.8961422466696497,-0.011173098461175139,-0.00048212754264642665,0.01540178294895872,-0.0313033591139539,-0.10307252112476216,11.322514114289286,0.8064516129032258,5.201952953100946,0.07601515815372364,0.0037159713837069397,0.0035218539733908095,1.0551179611030936,0.960516573362394,-0.03831037063363,-0.001028234348170146,-0.01083989029566222,0.07601515815372364
D1,2,20.0,100,10,5.0,both,16.51525526944712,0.6313131313131313,0.7622589526546175,-0.030392550072337366,-0.002511282271913551,0.04178840931691062,-0.060095186989979635,-0.37991898669167457,12.783483677423385,0.8,4.331329276100448,0.0726217041211361,0.004145114187444676,0.0036083474765116986,1.1487569349756435,0.9668001347160141,-0.023793280065443668,-0.0351518368393062,-0.031199937241911096,0.0726217041211361
D1,2,20.0,200,5,2.0,long,10.843349419333967,0.5923076923076923,0.8749726349223439,-0.035416631186587465,-0.0019333104236582965,0.04649135697305462,-0.04158429758844856,-0.173337223521908,17.531634757609215,0.7083333333333334,1.5342982938668932,0.06153441540729726,0.006228861064164315,0.012950562464090763,0.48097224205015504,0.5136412352258886,-0.20110621220963876,-0.033194128565655415,0.018381195299826306,0.06153441540729726
D1,2,20.0,200,5,2.0,both,19.76826009524731,0.5822784810126582,0.7958354141232283,-0.05807762991824513,-0.005857585842266588,0.0886825548744452,-0.06605116249255143,-0.4039554810431696,20.088331493093893,0.7272727272727273,1.530958538762053,0.05943908768069885,0.007213411898162603,0.015436998399025476,0.4672807311179082,0.5512385872554405,-0.06903949409796449,-0.07263716867751088,-0.032968475298548884,0.05943908768069885
D1,2,20.0,200,5,3.0,long,9.759014477400571,0.5726495726495726,0.8138321294892478,-0.042251216560196064,-0.0018840061989893186,0.03835646066793593,-0.04911835362756118,-0.25611102383882983,16.070665194475115,0.7045454545454546,1.193582890561402,0.021087368557440842,0.0016949012578220124,0.012748596660843386,0.13294806502332987,0.22576109041383624,-0.1467544545587314,-0.05647348163837436,0.011585700357219862,0.021087368557440842
D1,2,20.0,200,5,3.0,both,17.849821351826684,0.5560747663551402,0.7112936237749521,-0.06438105890307794,-0.005538248428422543,0.07591146935922823,-0.07295667539004476,-0.5602373107058624,18.262119539176265,0.72,1.2305749831665265,0.024729425281346046,0.002208148577590441,0.01409345650092763,0.15667899336441,0.27537351091573603,-0.06400855447264614,-0.09415042834140962,-0.03209266480700514,0.024729425281346046
D1,2,20.0,200,5,5.0,long,9.42537295680568,0.5663716814159292,0.7754138303881503,-0.03084957920750907,-0.0013237597871466056,0.02653015637055865,-0.04989641857579187,-0.2973270619556395,12.783483677423385,0.7714285714285715,3.6833996970792833,0.06895265073275762,0.0037326460810043205,0.003553283711533407,1.050477919589908,0.9719431083431538,-0.10800359366048914,-0.04950525596975121,0.01667006744731765,0.06895265073275762
D1,2,20.0,200,5,5.0,both,17.265948690785624,0.5507246376811594,0.6611336970814368,-0.04784739255984212,-0.003838579413419363,0.052612103686717725,-0.07296000624260227,-0.6468234876072201,13.879210849773962,0.7631578947368421,2.993363694847895,0.06120684192244645,0.003700082942918792,0.003661733936885801,1.0104729089262028,0.8885182648904663,-0.043472539153202844,-0.07787311253534461,-0.01843521424288274,0.06120684192244645
D1,2,20.0,200,10,2.0,long,10.34288713844163,0.6370967741935484,0.8638043363265406,-0.041113776401461695,-0.002071048895444183,0.047134824219249534,-0.04393882717819453,-0.1803339985963422,15.705422803691588,0.6976744186046512,1.4387389445787213,0.0500931630675717,0.004889900354452914,0.01447692091196073,0.33777212600594597,0.38315663002435324,-0.2557366343769357,-0.0175431209981609,0.010888586727019298,0.0500931630675717
D1,2,20.0,200,10,2.0,both,18.60051477316519,0.600896860986547,0.7781631575714901,-0.07073608762243139,-0.006650615386108116,0.10263175482425914,-0.06480075681738325,-0.43132000486527183,18.262119539176265,0.72,1.4894839706255685,0.057005370815302187,0.006436608973466873,0.01684141976989285,0.3821892133449165,0.45996531653927336,-0.09923134897508626,-0.07271885810070497,-0.044530584440344835,0.057005370815302187
D1,2,20.0,200,10,3.0,long,9.42537295680568,0.6106194690265486,0.8228203289202031,-0.04057905683834619,-0.001638021349305685,0.03500428076019078,-0.046794886617654866,-0.21136990026335897,14.244453240557487,0.6923076923076923,1.0372872341720862,-0.00019663968457475715,0.0003165622703367177,0.014565949051596186,0.021733034299061187,0.04311567472302167,-0.1541126311337943,-0.04615274658887511,0.009873275662792919,-0.00019663968457475715
D1,2,20.0,200,10,3.0,both,16.682076029744564,0.585,0.6928695221008347,-0.0706575543356302,-0.005770525052817388,0.08596086317078418,-0.06712967785528981,-0.5443429955516781,16.43590758525864,0.7111111111111111,1.1144029470056656,0.012412322225539686,0.0010605014451161576,0.016082390130835338,0.06594178082291516,0.12751793454501978,-0.0777357175081293,-0.10512329498077463,-0.025502428135097607,0.012412322225539686
D1,2,20.0,200,10,5.0,long,8.924910675913342,0.6074766355140186,0.781051232200463,-0.028756683530279114,-0.0011604868369498034,0.023290082958721602,-0.049827509803490315,-0.2467315579568158,12.052998895856335,0.7878787878787878,5.454155779420273,0.07572644382767042,0.004001902504322752,0.00355051760130428,1.1271321406356798,0.9648414706452232,-0.10295548718338926,-0.03862561141765392,0.011023276587128698,0.07572644382767042
D1,2,20.0,200,10,5.0,both,15.764561848108615,0.5767195767195767,0.6405669681885429,-0.05393418031223106,-0.003960871274174882,0.05738637991622825,-0.06902110361303328,-0.6058077213128642,13.148726068206912,0.7777777777777778,4.2812734466510625,0.07009014688510348,0.00417866049039417,0.0036715399573484402,1.138122024800724,0.9138008765024398,-0.05824280012059338,-0.08273885726623238,-0.017578092067278887,0.07009014688510348
D1,3,5.0,50,5,2.0,long,0.0,,inf,,0.0,0.0,,,0.0,,inf,,0.0,0.0,,,,,,
D1,3,5.0,50,5,2.0,both,0.3336415205948913,1.0,inf,0.3523129727028613,0.0005634070800852875,0.0025213986858909775,0.2234502156433854,0.5209859435308476,0.0,,inf,,0.0,0.0,,,0.3209041282128679,,0.44653950617284177,
D1,3,5.0,50,5,3.0,long,0.0,,inf,,0.0,0.0,,,0.0,,inf,,0.0,0.0,,,,,,
D1,3,5.0,50,5,3.0,both,0.3336415205948913,1.0,inf,0.2348753151352409,0.0003745522454026151,0.0016461638519045568,0.22753035487279752,0.5209760939063313,0.0,,inf,,0.0,0.0,,,0.21393608547524526,,0.29769300411522787,
D1,3,5.0,50,5,5.0,long,0.0,,inf,,0.0,0.0,,,0.0,,inf,,0.0,0.0,,,,,,
D1,3,5.0,50,5,5.0,both,0.3336415205948913,1.0,inf,0.14092518908114454,0.00022865856353093683,0.0010105205576371307,0.22627799286498648,0.5196718187583548,0.0,,inf,,0.0,0.0,,,0.12836165128514715,,0.17861580246913675,
D1,3,5.0,50,10,2.0,long,0.0,,inf,,0.0,0.0,,,0.0,,inf,,0.0,0.0,,,,,,
D1,3,5.0,50,10,2.0,both,0.3336415205948913,0.5,0.5315817795167689,-0.2346550621551876,-0.0003843529844280713,0.010349898563881205,-0.03713591800497214,-0.16787785104620417,0.0,,inf,,0.0,0.0,,,-0.46903210788880406,,0.46847607504566174,
D1,3,5.0,50,10,3.0,long,0.0,,inf,,0.0,0.0,,,0.0,,inf,,0.0,0.0,,,,,,
D1,3,5.0,50,10,3.0,both,0.3336415205948913,0.5,0.7403855013864871,-0.07249520320194565,-0.00010180575187968,0.009312812111784438,-0.010931794892635592,-0.04970474970334688,0.0,,inf,,0.0,0.0,,,-0.20076606539051903,,0.3123173833637745,
D1,3,5.0,50,10,5.0,long,0.0,,inf,,0.0,0.0,,,0.0,,inf,,0.0,0.0,,,,,,
D1,3,5.0,50,10,5.0,both,0.3336415205948913,0.5,0.6031917803285267,-0.07665124929700742,-0.00011659941177233346,0.006325081031081364,-0.01843445344010069,-0.08745018191565784,0.0,,inf,,0.0,0.0,,,-0.16466514240209815,,0.18739043001826472,
D1,3,5.0,100,5,2.0,long,0.3336415205948913,0.75,6.2591341190107,0.2471511552230346,0.0004031030762352561,0.004656808293969241,0.08656209377510585,0.18831099266111712,0.7304847815670507,0.0,0.0,-1.0015458640694828,-0.002234665938196101,0.0065982169311170746,-0.33867724591737136,-0.8618043625346753,,0.21789165854550777,0.334929645255615,-1.0015458640694828
D1,3,5.0,100,5,2.0,both,1.0009245617846738,0.8333333333333334,3.3545575513753096,0.23176295349644294,0.0011324686553773056,0.008400294683016979,0.1348129676530083,0.3910831114929665,0.7304847815670507,0.0,0.0,-1.0015458640694828,-0.0022151878647505008,0.0065408436855654145,-0.33867005102706593,-0.8617968665646415,0.3487018874379768,0.14560074962780908,0.2563716972192768,-1.0015458640694828
D1,3,5.0,100,5,3.0,long,0.3336415205948913,0.75,6.495247498215726,0.1647674368153564,0.00026622174365353857,0.0029949098956323136,0.08889140339139696,0.19268000325052964,0.36524239078352533,0.0,0.0,-1.0035725251198384,-0.0015828770073238463,0.004821283045665132,-0.3283103257642233,-0.900301301419292,,0.14526110569700523,0.22328643017040997,-1.0035725251198384
D1,3,5.0,100,5,3.0,both,1.0009245617846738,0.8333333333333334,2.3256988691802007,0.12663003894709152,0.000600149882426404,0.0071480946950859894,0.08395941968130073,0.3085195631378139,0.36524239078352533,0.0,0.0,-1.0035725251198384,-0.0015765467836286184,0.004802037760356335,-0.3283078689309663,-0.9002994012512214,0.23246792495865123,0.04130997298413184,0.17091446481285116,-1.0035725251198384
D1,3,5.0,100,5,5.0,long,0.3336415205948913,0.75,6.084461703366669,0.09886046208921384,0.00014378390465963342,0.001664393656178677,0.0863881595113445,0.18516789254637636,0.0,,inf,,0.0,0.0,,,,0.08715666341820312,0.133971858102246,
D1,3,5.0,100,5,5.0,both,1.0009245617846738,0.8333333333333334,2.406334442050553,0.07680288248656691,0.00035479324462617257,0.004796046008807217,0.07397619705370802,0.27921893226150785,0.0,,inf,,0.0,0.0,,,0.13948075497519072,0.026435702027103086,0.10254867888771069,
D1,3,5.0,100,10,2.0,long,0.3336415205948913,1.0,inf,0.39860112036018563,0.0006483449920691164,0.004656808293969241,0.1392251841049051,0.2868021502565723,0.7304847815670507,0.0,0.0,-1.0015458640694828,-0.0022280959685905266,0.006578865162686972,-0.33867481905960156,-0.8618018341429806,,0.3340784778512367,0.5921690478870325,-1.0015458640694828
D1,3,5.0,100,10,2.0,both,1.0009245617846738,0.75,1.7782493922216258,0.19482823218401732,0.0009491355492077247,0.010889049053132201,0.08716422752588379,0.24975929864808621,0.7304847815670507,0.0,0.0,-1.0015458640694828,-0.0022200664711014007,0.006555213994971028,-0.3386718530935179,-0.8617987440587368,-0.03988242133258402,0.22187774802653168,0.583100991689677,-1.0015458640694828
D1,3,5.0,100,10,3.0,long,0.3336415205948913,1.0,inf,0.2657340802401238,0.0004269948120336764,0.0029949098956323136,0.1425735086909936,0.2918726564537202,0.36524239078352533,0.0,0.0,-1.0035725251198384,-0.0015798258226543682,0.004812006802907496,-0.328309141562271,-0.9003003855342512,,0.22271898523415787,0.3947793652580216,-1.0035725251198384
D1,3,5.0,100,10,3.0,both,0.9175141816359511,0.7272727272727273,1.379700787741442,0.06619432947706305,0.00030234895991143595,0.009312812111784438,0.032465914299811056,0.10995131025728018,0.36524239078352533,0.0,0.0,-1.0035725251198384,-0.001582190821156626,0.004819196901316274,-0.32831005944672653,-0.9003010954444947,-0.20076606539051903,0.09216130524994692,0.38873399445978474,-1.0035725251198384
D1,3,5.0,100,10,5.0,long,0.3336415205948913,1.0,inf,0.15944044814407426,0.00023193413743993752,0.001664393656178677,0.13935052959312577,0.28236169198376915,0.0,,inf,,0.0,0.0,,,,0.1336313911404947,0.23686761915481297,
D1,3,5.0,100,10,5.0,both,0.9175141816359511,0.7272727272727273,0.9243988392138494,-0.009499436984989819,-5.109270971503932e-05,0.006325081031081364,-0.008077795282617001,-0.026811161247904246,0.0,,inf,,0.0,0.0,,,-0.16466514240209815,-0.012829862163389175,0.2332403966758708,
D1,3,5.0,200,5,2.0,long,0.41705190074361415,0.8,3.2399337104211487,0.19455919402316274,0.00039929107314229384,0.005701414925540178,0.0700336808243198,0.18885309719315288,1.095727172350576,0.3333333333333333,0.15344082209978815,-0.5770158790399962,-0.0018912985534468296,0.007681904237687465,-0.24620178733394102,-0.7130220538422536,,0.1594665812150497,0.334929645255615,-0.5770158790399962
D1,3,5.0,200,5,2.0,both,0.9175141816359511,0.8181818181818182,4.129031114809312,0.22032081282847393,0.000983883312270839,0.005672213165558382,0.17345668851886034,0.366881381404151,1.095727172350576,0.3333333333333333,0.15344082209978815,-0.5770158790399962,-0.001878076994235034,0.0076283161598456484,-0.24619810648658733,-0.7130220701095414,0.21065194427010597,0.2070679149014137,0.334929645255615,-0.5770158790399962
D1,3,5.0,200,5,3.0,long,0.41705190074361415,0.8,3.0976640051678186,0.12970612934877518,0.000257277654196697,0.003924965084723272,0.06554903002782668,0.1861762647682954,0.36524239078352533,0.0,0.0,-1.0035725251198384,-0.0015830469376938439,0.004821799667741071,-0.3283103917163514,-0.9003013524278295,,0.1063110541433665,0.22328643017040997,-1.0035725251198384
D1,3,5.0,200,5,3.0,both,0.9175141816359511,0.8181818181818182,4.1426338090670365,0.14688054188564933,0.0006495618511810353,0.0039116037271586055,0.1660602393517193,0.37282086808854276,0.36524239078352533,0.0,0.0,-1.0035725251198384,-0.001575612423167061,0.004799197072717318,-0.3283075062960365,-0.9002991207798903,0.14043462951340402,0.1380452766009425,0.22328643017040997,-1.0035725251198384
D1,3,5.0,200,5,5.0,long,0.41705190074361415,0.8,3.139245344338841,0.07782367760926509,0.00014320479752294446,0.002143340205877562,0.06681384370537255,0.18621218019303123,0.0,,inf,,0.0,0.0,,,,0.06378663248601987,0.133971858102246,
D1,3,5.0,200,5,5.0,both,0.9175141816359511,0.8181818181818182,4.108995308028442,0.08812832513138959,0.0003719311842520501,0.002138983307332403,0.17388222852281057,0.37196007512918416,0.0,,inf,,0.0,0.0,,,0.0842607777080424,0.08282716596056548,0.133971858102246,
D1,3,5.0,200,10,2.0,long,0.41705190074361415,0.8,6.361586032420814,0.34011363581909787,0.0006901680351756312,0.005701414925540178,0.12105206237208592,0.3008773501007204,1.095727172350576,0.3333333333333333,0.4142393020990818,-0.42288765236248677,-0.0013034288265068028,0.007655189508397538,-0.17026734936829144,-0.4285205976774109,,0.2770997828021142,0.5921690478870325,-0.42288765236248677
D1,3,5.0,200,10,2.0,both,0.9175141816359511,0.6363636363636364,1.3067543520182532,0.09415217332999055,0.00041482037344375833,0.01261456626120516,0.03288423595819517,0.11257708663577393,1.095727172350576,0.3333333333333333,0.4142393020990818,-0.42288765236248677,-0.0013077412301937263,0.0076804754470159225,-0.1702682651894708,-0.4285160341633625,-0.23429381091752233,0.3229947826660951,0.5921690478870325,-0.42288765236248677
D1,3,5.0,200,10,3.0,long,0.41705190074361415,0.8,6.107851757403062,0.22674242387939864,0.00045262626454745103,0.003924965084723272,0.11531981935563212,0.300584678856816,0.36524239078352533,0.0,0.0,-1.0035725251198384,-0.0015793399735093416,0.0048105297131997935,-0.32830895299861285,-0.9003002396949775,,0.18473318853474288,0.3947793652580216,-1.0035725251198384
D1,3,5.0,200,10,3.0,both,0.8341038014872283,0.6,1.1882352583294988,0.023751521466045283,0.00013457462614452353,0.010068713596006112,0.013365622615177408,0.05096320211479479,0.36524239078352533,0.0,0.0,-1.0035725251198384,-0.0015853801935866718,0.004828893208071119,-0.3283112972837818,-0.9003020528082503,-0.3084783565378048,0.2153298551107301,0.3947793652580216,-1.0035725251198384
D1,3,5.0,200,10,5.0,long,0.41705190074361415,0.8,6.172179338687554,0.13604545432763918,0.00025027453249215625,0.002143340205877562,0.11676845878495742,0.29878080131496243,0.0,,inf,,0.0,0.0,,,,0.1108399131208457,0.23686761915481297,
D1,3,5.0,200,10,5.0,both,0.8341038014872283,0.6,0.9739215073583466,0.0009892619292911492,-1.27479924221241e-05,0.006813798554584426,-0.0018709083222818582,-0.0069677744450922854,0.0,,inf,,0.0,0.0,,,-0.2182411412985229,0.12919791306643802,0.23686761915481297,
D1,3,10.0,50,5,2.0,long,0.3336415205948913,0.25,0.03174615911375483,-0.5271679679361596,-0.0008493786841530238,0.01605427061667963,-0.052906712764051664,-0.37954646249156765,1.095727172350576,1.0,inf,0.4827404236832477,0.002334140970075449,0.00418584661352358,0.5576269714552693,0.7724082082102346,-1.0368439938000873,0.06852377328725849,-0.10350765743172252,0.4827404236832477
D1,3,10.0,50,5,2.0,both,1.417976462528288,0.47058823529411764,0.3515888815938901,-0.2193818692700346,-0.00154572531216024,0.02836649945485018,-0.05449122527862519,-0.3395136026807141,1.095727172350576,1.0,inf,0.4827404236832477,0.0023536925833276268,0.004220845710999402,0.5576353045063865,0.7724112170692103,-0.2872424690376582,-0.42884889953383665,0.05676871456920485,0.4827404236832477
D1,3,10.0,50,5,3.0,long,0.3336415205948913,0.25,0.02761996392244677,-0.4095148712107196,-0.0006365347983935399,0.01147798360716675,-0.055457022781953906,-0.42071270273004036,1.095727172350576,1.0,inf,0.3218269491221651,0.0014462982287841708,0.003134698385792975,0.46138353703790397,0.6948730677880307,-0.8073684477066179,0.04568251552483899,-0.06900510495448169,0.3218269491221651
D1,3,10.0,50,5,3.0,both,1.417976462528288,0.47058823529411764,0.3473898146930292,-0.15221447396027143,-0.001029701869129096,0.01869156641541531,-0.05508911592769883,-0.340807218587485,1.095727172350576,1.0,inf,0.3218269491221651,0.0014531287514445435,0.0031494806001178973,0.46138679228255836,0.6948746064527205,-0.15899939504320382,-0.3762199863857499,0.03784580971280319,0.3218269491221651
D1,3,10.0,50,5,5.0,long,0.3336415205948913,0.25,0.02374594827520328,-0.29295034981997337,-0.0004569840238699552,0.007899186978654042,-0.05785203276044259,-0.44163359858029566,0.7304847815670507,1.0,inf,0.15749021821505682,0.0005029448081093069,0.001157341642506957,0.43456900679721594,0.5756067181159914,-0.578903922811054,0.027409509314903397,-0.041403062972689,0.15749021821505682
D1,3,10.0,50,5,5.0,both,1.417976462528288,0.47058823529411764,0.3153892889343159,-0.10652629290215589,-0.0007211933454855934,0.012700899620766303,-0.05678285531100675,-0.3731453214398402,0.7304847815670507,1.0,inf,0.15749021821505682,0.0005045406959764964,0.0011610098202804197,0.43457056707292474,0.5756076790181988,-0.11902035057269308,-0.2430804009733788,0.022707485827681926,0.15749021821505682
D1,3,10.0,50,10,2.0,long,0.3336415205948913,0.25,0.030607379306020074,-0.5481926417168124,-0.0008821756442608519,0.01605427061667963,-0.054949593495970665,-0.3736554777949161,1.095727172350576,1.0,inf,0.3150696593792888,0.001530074214971977,0.00567254361935755,0.2697333537904583,0.40859587447377305,-1.0368439938000873,0.06852377328725849,-0.18760635255433347,0.3150696593792888
D1,3,10.0,50,10,2.0,both,1.3345660823795653,0.4375,0.38204067975564115,-0.2581033112716311,-0.0017143749356333116,0.03340704149117589,-0.05131777191602391,-0.3495496542001267,1.095727172350576,1.0,inf,0.3150696593792888,0.0015454158841150534,0.005729089656739722,0.2697489438478276,0.40861396590752835,-0.40305901181490167,-0.42884889953383665,0.08143114009871208,0.3150696593792888
D1,3,10.0,50,10,3.0,long,0.3336415205948913,0.25,0.030562880989553398,-0.37011044233562734,-0.0005733024514990026,0.010466456027234066,-0.05477522190961779,-0.3569497559512569,1.095727172350576,1.0,inf,0.21004643958619254,0.0010437208018174715,0.003132327997443549,0.33320929438721125,0.44317305693972825,-0.7005266915822297,0.04568251552483899,-0.12507090170288898,0.21004643958619254
D1,3,10.0,50,10,3.0,both,1.3345660823795653,0.4375,0.3956976824991491,-0.1600107246047856,-0.0010420696146778985,0.02078631548266696,-0.050132483342074104,-0.2948922331690017,1.095727172350576,1.0,inf,0.21004643958619254,0.001049602442743769,0.0031499468207151003,0.33321275008239293,0.44317882647319917,-0.22339582289921392,-0.31695949176111127,0.054287426732474685,0.21004643958619254
D1,3,10.0,50,10,5.0,long,0.3336415205948913,0.25,0.02119560172063078,-0.33337654753502954,-0.0005134670171874633,0.008442531666072733,-0.06081908099331016,-0.46516648158236945,0.7304847815670507,1.0,inf,0.15749021821505682,0.00050328551897727,0.0011581247749488854,0.4345693399050917,0.5756069232621995,-0.642936579216644,0.027409509314903397,-0.07504254102173338,0.15749021821505682
D1,3,10.0,50,10,5.0,both,1.3345660823795653,0.4375,0.3036649085532605,-0.15062050305066704,-0.0009481340316666031,0.01661564446179775,-0.057062729877648,-0.40498907124908856,0.7304847815670507,1.0,inf,0.15749021821505682,0.0005059158511242501,0.0011641706186862066,0.43457191154264635,0.5756085070109354,-0.2556886728579503,-0.19574240475061108,0.03257245603948482,0.15749021821505682
D1,3,10.0,100,5,2.0,long,1.2511557022308424,0.26666666666666666,0.19732982566116924,-0.2875611890274399,-0.0017550232995848791,0.025809020866815927,-0.06800038283673941,-0.4220343569560534,2.191454344701152,0.6666666666666666,1.2650467826366474,-0.04516066117630827,0.0006063271872251974,0.006828367372014848,0.08879533777139005,0.14758483634836927,-0.7155393299556349,-0.20381534834559192,-0.14801848142511004,-0.04516066117630827
D1,3,10.0,100,5,2.0,both,2.6691321647591306,0.40625,0.35446549543149086,-0.20138648991399588,-0.0026650085936714696,0.03783934147204547,-0.07042957118163103,-0.4509791033762119,2.5566967354846772,0.5714285714285714,1.2040966471154972,-0.050371729826411284,0.000495970431867665,0.009112598233218071,0.054426895510405415,0.11333338785040165,-0.1904221819441733,-0.3393028321392893,-0.01435655999948601,-0.050371729826411284
D1,3,10.0,100,5,3.0,long,1.2511557022308424,0.26666666666666666,0.17771126982913146,-0.2159049354929908,-0.0012989019376575817,0.018729090872940474,-0.06935210825071156,-0.42895857603640775,1.8262119539176265,0.8,1.186359694215407,0.030235863120181117,0.00030008325707053807,0.0048870514522824735,0.061403744159555684,0.10590913062134355,-0.5544522989747964,-0.18349594651610854,-0.058149101971542626,0.030235863120181117
D1,3,10.0,100,5,3.0,both,2.5857217846104077,0.3870967741935484,0.25792494626047957,-0.17277953550131625,-0.0021726742656072995,0.029652702541188996,-0.07327069978155795,-0.5287055959884015,2.191454344701152,0.6666666666666666,1.1453894762910637,0.01612564796381434,0.0002450553034705205,0.0060397976840787125,0.04057342915914249,0.08332369019015717,-0.1661668288563283,-0.30593647762022463,0.012945563136563419,0.01612564796381434
D1,3,10.0,100,5,5.0,long,1.2511557022308424,0.26666666666666666,0.1389907132835007,-0.16963871642056835,-0.0010122738500863981,0.013931127304872561,-0.07266273776224445,-0.5074729635342285,1.4609695631341013,1.0,inf,0.1732127761081116,0.0011135009557923237,0.0010492264418888203,1.0612589535846964,1.005471748525149,-0.3956599488429333,-0.16902194198072837,-0.03488946118292556,0.1732127761081116
D1,3,10.0,100,5,5.0,both,2.5023114044616848,0.4,0.21764583710010096,-0.12897798713009204,-0.0015685664281053224,0.021222188715859604,-0.0739116237776697,-0.587780564949034,1.8262119539176265,0.8,19.412735575679342,0.13203916954832692,0.0010632645249577521,0.0013619366198960917,0.780700444811355,0.8018724131771279,-0.1206962871331488,-0.23774825588682205,0.007767337881938057,0.13203916954832692
D1,3,10.0,100,10,2.0,long,1.2511557022308424,0.4666666666666667,0.2778936537299742,-0.27554574422121275,-0.001661434519349969,0.024471587268846188,-0.06789238887928924,-0.35230141579978347,2.191454344701152,0.6666666666666666,1.511313970475124,0.011245245574521593,0.0011678100739356267,0.006810352438903975,0.17147571794736197,0.27885391102145723,-0.6226361448528753,-0.12127373050070207,-0.28327232305093025,0.011245245574521593
D1,3,10.0,100,10,2.0,both,2.5857217846104077,0.5161290322580645,0.5839764061080762,-0.1469725720231196,-0.001889127626617304,0.0339360412912815,-0.0556672951450775,-0.2775950100263191,2.5566967354846772,0.7142857142857143,1.5277324300113464,0.013421588616346158,0.0012085666618832924,0.009014935789680899,0.13406270328255682,0.2588200402306238,-0.17073356146278565,-0.23894663103720426,0.00963983599244645,0.013421588616346158
D1,3,10.0,100,10,3.0,long,1.2511557022308424,0.4666666666666667,0.23954673802625617,-0.22131170816850396,-0.001321013646401581,0.018880247049448594,-0.0699680275868086,-0.3788378939254484,1.8262119539176265,0.8,1.3990132571900997,0.07536058852084496,0.0006424852892401578,0.004883786529193472,0.13155474454086352,0.2228227126070695,-0.42128900482336457,-0.12846820128618194,-0.2313062398108384,0.07536058852084496
D1,3,10.0,100,10,3.0,both,2.5023114044616848,0.5,0.4283585254156156,-0.15212569200339207,-0.0018649297971838896,0.030910816967658673,-0.06033259486914001,-0.37886010716428087,2.191454344701152,0.8333333333333334,1.410615291993287,0.0657426734192923,0.0006654858747823234,0.006011994161290213,0.11069303411291168,0.2162358624866754,-0.1923676457698818,-0.22079834520612526,-0.01716123402923102,0.0657426734192923
D1,3,10.0,100,10,5.0,long,1.2511557022308424,0.4666666666666667,0.19056711024993048,-0.1810205556921968,-0.0010410643131804065,0.014675742112386378,-0.07093776282030362,-0.4648140387379663,1.4609695631341013,1.0,inf,0.2070563201586095,0.0013308233688538174,0.0010489654881379706,1.2687008141861518,1.1615393498277147,-0.4011871124055562,-0.1360052948427724,-0.11194198685337528,0.2070563201586095
D1,3,10.0,100,10,5.0,both,2.418901024312962,0.5172413793103449,0.3186586811238096,-0.14807415179726655,-0.0017178679125214869,0.025512041365194957,-0.06733557256084981,-0.5373379194743442,1.8262119539176265,1.0,inf,0.16776342787627108,0.0013604053102989067,0.001363556983171276,0.9976886386771754,0.879142028728397,-0.22186536919054828,-0.21339713083367776,0.004615346823087911,0.16776342787627108
D1,3,10.0,200,5,2.0,long,1.501386842677011,0.3333333333333333,0.2758008556210828,-0.2254904734920803,-0.0016630334574182504,0.027423501645482885,-0.06064263706790997,-0.3738159381238316,2.9219391262682026,0.75,1.6459064779092352,0.04524142441446502,0.0014748461724269912,0.007922559282996995,0.18615779570021435,0.34564381067365035,-0.8401151285192204,-0.20126336116513918,-0.016204951142976175,0.04524142441446502
D1,3,10.0,200,5,2.0,both,3.4198255860976357,0.4634146341463415,0.47879560443814223,-0.13232830480013938,-0.0022638930342696595,0.03851132388123612,-0.05878512619434245,-0.35794855442480134,3.287181517051728,0.6666666666666666,1.566606467616635,0.03114369484318787,0.0013692361241373074,0.007979460457247935,0.17159507606727942,0.30240386349166803,-0.2847211115717927,-0.1824191107855223,0.0519628217027594,0.03114369484318787
D1,3,10.0,200,5,3.0,long,1.417976462528288,0.35294117647058826,0.2502354935836593,-0.13075855749601428,-0.0009102244731895581,0.016279219669772697,-0.05591327420193645,-0.3048756614100771,2.191454344701152,0.8333333333333334,1.3470642764955776,0.06529113830621684,0.0005561310007586862,0.004952634902814823,0.1122899247918739,0.19374988105581845,-0.4131809232492231,-0.18179462172914004,0.0413156634884867,0.06529113830621684
D1,3,10.0,200,5,3.0,both,3.2530048258001902,0.46153846153846156,0.4269885639718515,-0.08970475193322579,-0.0014189672311875068,0.025711662853728577,-0.05518768814214345,-0.3404360838744332,2.5566967354846772,0.7142857142857143,1.300544222556438,0.04818877171704022,0.000501893075238069,0.0052800326976290175,0.09505491802417106,0.16891186287859433,-0.13911115899657175,-0.18859233085608113,0.0662017220313616,0.04818877171704022
D1,3,10.0,200,5,5.0,long,1.3345660823795653,0.375,0.21737026762105313,-0.09784598957700755,-0.0006395999420599763,0.01124239608988135,-0.05689178151583222,-0.33585674154753753,1.8262119539176265,1.0,inf,0.16743832259485672,0.0013647867548138848,0.001044559690538519,1.3065665535210094,1.1459239082117405,-0.2479085539495339,-0.16588932633919387,0.02478939809309202,0.16743832259485672
D1,3,10.0,200,5,5.0,both,3.0861840655027444,0.4864864864864865,0.3545902919315713,-0.07457688894759858,-0.0011122568216648254,0.018529913164527637,-0.06002493437443904,-0.4222685680798747,2.191454344701152,0.8333333333333334,23.905495113238207,0.134089392713912,0.0013151902987393882,0.0014548802128813885,0.9039852814649636,0.9432868339850844,-0.08346669539794305,-0.1813526671944918,0.03972103321881696,0.134089392713912
D1,3,10.0,200,10,2.0,long,1.501386842677011,0.5,0.45684522503085984,-0.17474451014108816,-0.0012614074715354695,0.021137965659033208,-0.0596749702351992,-0.25215007957866187,2.9219391262682026,0.75,2.384634679574778,0.19129203884710272,0.003141879415399007,0.007872792702722738,0.3990806736613826,0.6238088809186098,-0.7376545828535478,-0.06016928750156659,-0.06390655268349713,0.19129203884710272
D1,3,10.0,200,10,2.0,both,3.336415205948913,0.55,0.7401364567049086,-0.07907421760468064,-0.0012945301679408994,0.03060520329140204,-0.042297715052413115,-0.17505390654190475,3.287181517051728,0.7777777777777778,2.401053139111,0.17297955084934616,0.003180292885271996,0.007875892544758494,0.40380094918746967,0.5854407444788908,-0.24869632428583677,-0.016016252242394908,-0.013361810957649841,0.17297955084934616
D1,3,10.0,200,10,3.0,long,1.417976462528288,0.5294117647058824,0.48515787605962124,-0.08749318218057243,-0.0006076460039211584,0.010861800972653702,-0.05594339331488426,-0.17413880355664396,2.191454344701152,0.8333333333333334,1.7234211865555855,0.14373783113161379,0.0011543993510858552,0.005343452728902069,0.21603996697525799,0.3741269408924467,-0.18666438813867084,-0.08773190595342495,-0.0447525129971063,0.14373783113161379
D1,3,10.0,200,10,3.0,both,3.1695944456514673,0.5526315789473685,0.6049644509361949,-0.08101848572853358,-0.001277951489833562,0.024519952297838713,-0.05211884078364238,-0.2483090287709358,2.5566967354846772,0.8571428571428571,1.735023221358773,0.1257257263858874,0.001182357336610096,0.00538632176854715,0.21951108519256038,0.36123627832270194,-0.14780378556156104,-0.07765709182732952,-0.03352370958913252,0.1257257263858874
D1,3,10.0,200,10,5.0,long,1.3345660823795653,0.5625,0.445531590643428,-0.06500107739272412,-0.000413330824438618,0.007895189237532718,-0.0523522377999119,-0.19215676712184607,1.8262119539176265,1.0,inf,0.22391994142914254,0.0018364212656618584,0.0015610061792524373,1.1764343345144967,1.1390134446330153,-0.1119986328832025,-0.1083782617019618,-0.0076788242031725325,0.22391994142914254
D1,3,10.0,200,10,5.0,both,3.002773685354022,0.5833333333333334,0.5264046703748556,-0.07054154407129767,-0.0010103257345286387,0.01968172858948724,-0.05133318092132884,-0.31092109872878554,2.191454344701152,1.0,inf,0.18836526098210502,0.0018681628106924641,0.0015721741913704318,1.1882670641374828,0.974322973309633,-0.12931398386637077,-0.10811882900749809,0.01224530993803588,0.18836526098210502
D1,3,20.0,50,5,2.0,long,2.5857217846104077,0.5161290322580645,0.8603775630249096,-0.045581971983538166,-0.0005598793902014121,0.021985647250463106,-0.025465676940196462,-0.10083376561366894,5.843878252536405,0.875,2.9909754793096157,0.1840114024880684,0.0052849950771445275,0.009267975715825133,0.5702426548356575,0.703682971680865,-0.21417429613268293,-0.09216205910658061,0.11675324634769496,0.1840114024880684
D1,3,20.0,50,5,2.0,both,6.672830411897826,0.5625,0.7768338290548505,-0.06570349465662677,-0.002193293147321085,0.054418612342812145,-0.04030409914726142,-0.26126798786366945,8.400574988021082,0.8695652173913043,2.438137138324683,0.171224995541799,0.006429834015986513,0.010981619648724293,0.5855087156231504,0.7107176304264506,-0.06571071023563996,-0.13474243235032995,0.011308412366170199,0.171224995541799
D1,3,20.0,50,5,3.0,long,2.5857217846104077,0.5161290322580645,0.7375666680011986,-0.059831279527127544,-0.0008022837830136131,0.01939334010332345,-0.041369035903006994,-0.21174349912989107,5.478635861752879,0.8666666666666667,1.4198682387778618,0.0572741461776891,0.0013469886245827123,0.007576365355009541,0.17778823505285088,0.2731436169084893,-0.16850484883725106,-0.10508363905034178,0.06280468947038607,0.0572741461776891
D1,3,20.0,50,5,3.0,both,6.589420031749103,0.569620253164557,0.73126434399036,-0.05355801529009812,-0.0018148917964653233,0.03925922120419716,-0.046228420758160506,-0.3096100816711897,7.670090206454032,0.8571428571428571,1.2143058434078018,0.047626524376123316,0.001072798849428347,0.008597368070274265,0.12478224040885148,0.17702737910564198,-0.017790768597608114,-0.13084631699461716,-0.004716042966471872,0.047626524376123316
D1,3,20.0,50,5,5.0,long,2.5857217846104077,0.5161290322580645,0.7044981238417177,-0.04168790283597022,-0.0005399881222385439,0.011596203870424085,-0.04656593901524741,-0.23486052825303824,4.382908689402304,0.9166666666666666,5.6142367012088625,0.11435448477383721,0.0018511073909888154,0.0035233413234816323,0.5253840661567303,0.8442647289503871,-0.1612845583059306,-0.03714666615841804,0.02905214366235196,0.11435448477383721
D1,3,20.0,50,5,5.0,both,6.589420031749103,0.569620253164557,0.6681819866174035,-0.0476696688622389,-0.0014361144909655899,0.024288804266811504,-0.05912660315386183,-0.38778193114622894,5.843878252536405,0.875,1.3017930442743777,0.04597516329305168,0.0006711881572514233,0.006058849891830724,0.11077814589141755,0.20408110174182795,-0.027525322879567257,-0.07521910718033789,-0.03737060642608574,0.04597516329305168
D1,3,20.0,50,10,2.0,long,2.5023114044616848,0.5,0.8366144315682061,-0.06661611951899835,-0.0007757384073963092,0.02995879398509877,-0.02589351252864699,-0.1232113694881714,5.843878252536405,0.8125,2.003250213071903,0.1459418064028268,0.0042962545922720086,0.009296063314315768,0.4621584908587977,0.5267989883770564,-0.4706305645378661,-0.07312906447859423,0.16145251271627015,0.1459418064028268
D1,3,20.0,50,10,2.0,both,6.589420031749103,0.5443037974683544,0.7792013855498249,-0.07713831420995634,-0.0025394954136059855,0.0700551485610354,-0.03624994687426086,-0.26728698605529255,8.035332597237558,0.8181818181818182,1.848544419299115,0.14052791009568627,0.005215445300414734,0.011032340733962073,0.47274149939545035,0.5178208722422165,-0.11472391406699778,-0.13989759604452762,0.02755682308894983,0.14052791009568627
D1,3,20.0,50,10,3.0,long,2.5023114044616848,0.5,0.7436768213932788,-0.06777510903123227,-0.000893690581742157,0.025045808165435984,-0.035682241748360856,-0.20383289622060405,5.478635861752879,0.8,1.357701907191568,0.05626471766087959,0.0012789278057832032,0.007586998686002984,0.16856834417839786,0.2405116196377513,-0.2838559241650229,-0.11298733694363264,0.1035197867563995,0.05626471766087959
D1,3,20.0,50,10,3.0,both,6.339188891302935,0.5526315789473685,0.7061127162725486,-0.07009506727639869,-0.002336558742992212,0.057941030323371084,-0.04032649626614834,-0.34907537385719223,7.670090206454032,0.8095238095238095,1.223685004838759,0.057247199130644036,0.0012094074571629143,0.008654018896612591,0.13975096098256823,0.18408295243701284,-0.07214675117344137,-0.1705202783206333,0.03600760302461343,0.057247199130644036
D1,3,20.0,50,10,5.0,long,2.5023114044616848,0.5,0.760254715935038,-0.03676818185330306,-0.00046639728750186293,0.013920905176642675,-0.03350337363725544,-0.17742855305955146,4.382908689402304,0.9166666666666666,10.630522846484594,0.14304863339391669,0.00236958831274503,0.0035207989307988984,0.6730257419748054,0.9934521925361943,-0.2405254783365237,-0.015591850309471177,0.049345588040288726,0.14304863339391669
D1,3,20.0,50,10,5.0,both,6.339188891302935,0.5526315789473685,0.6660993850962909,-0.056186785253737555,-0.0016536864401857088,0.03429212510672256,-0.048223504231340954,-0.3787338883892883,5.843878252536405,0.875,1.6545622362251438,0.07282980185411485,0.0013559569296561769,0.006074686354810784,0.2232143110701248,0.37795390553513836,-0.06445490292196628,-0.08910719513078325,-0.014686101674910877,0.07282980185411485
D1,3,20.0,100,5,2.0,long,4.587570908179756,0.4909090909090909,0.6739865819092232,-0.10654367886837698,-0.0024203744691139173,0.04061276140383398,-0.05959640234868211,-0.33106065900155657,8.035332597237558,0.8181818181818182,2.41871974310142,0.14128479714004955,0.006150441678014262,0.011134334161762472,0.5523852247165446,0.6738399966034125,-0.11734243785888011,-0.142607865231705,-0.06259143087412682,0.14128479714004955
D1,3,20.0,100,5,2.0,both,9.508783336954401,0.543859649122807,0.6619754129538193,-0.10068641479459012,-0.004865924171691183,0.07434612529687101,-0.06544960012725738,-0.4941851255929317,9.861544551155184,0.8148148148148148,2.149072306059315,0.12047855618751155,0.006688843489583762,0.011462288645519353,0.5835521767459986,0.6861290089605782,-0.060663359567649296,-0.1583449976662075,-0.08048031772626728,0.12047855618751155
D1,3,20.0,100,5,3.0,long,3.920287866989973,0.46808510638297873,0.704623102534412,-0.06636542618822924,-0.001275480581326205,0.02291844063190218,-0.05565302639092958,-0.2537307267705254,7.670090206454032,0.8095238095238095,1.2124038645119657,0.04238357851107369,0.00112591267934814,0.011259713933319416,0.09999478548174942,0.18454163917592953,-0.12277129445310528,-0.10114786137593239,0.007735008306054503,0.04238357851107369
D1,3,20.0,100,5,3.0,both,8.591269155318452,0.5242718446601942,0.6558977661598138,-0.06968329062457387,-0.0029408684457421508,0.046631741003443396,-0.06306580844847698,-0.43298093544039185,9.131059769588132,0.8,1.2579468841405128,0.04680473819808178,0.0015025117339477756,0.010525588712510615,0.14274847469214755,0.23578207752841093,-0.05220037925997656,-0.10900980204116205,-0.01750812988417507,0.04680473819808178
D1,3,20.0,100,5,5.0,long,3.920287866989973,0.46808510638297873,0.6384885478547442,-0.05240456101457394,-0.0009866883480603716,0.016449648729182857,-0.05998233544707345,-0.3189029900947563,5.843878252536405,0.875,5.61478134416401,0.11148904609216728,0.002477813851801791,0.003541613419214098,0.6996285473617927,0.9192646863371468,-0.11578993097436915,-0.06445373862221812,-0.0009435462057012185,0.11148904609216728
D1,3,20.0,100,5,5.0,both,8.507858775169728,0.5294117647058824,0.5721818655636033,-0.06024417063502788,-0.002410070864076963,0.03568033350477764,-0.06754619778860116,-0.5625843490589629,6.939605424886981,0.8421052631578947,3.655219057771914,0.09455872631825919,0.0025538565492431164,0.0036023896710055976,0.7089340083884412,0.8514857407060223,-0.03926660481048335,-0.07832136534497429,-0.06314454174962603,0.09455872631825919
D1,3,20.0,100,10,2.0,long,4.42075014788231,0.5094339622641509,0.8060817778144815,-0.07446291768207296,-0.001590060055426723,0.03317425965826242,-0.04793053625932842,-0.1912736479530808,8.035332597237558,0.7727272727272727,2.0664390402481225,0.14011106692846836,0.006121148009631927,0.011152127919545996,0.5488771339237938,0.6265490265264729,-0.13651111555743844,-0.07223563894016075,-0.04278641546672538,0.14011106692846836
D1,3,20.0,100,10,2.0,both,8.84150029576462,0.5377358490566038,0.7449582493596735,-0.09361209670101825,-0.0041177628212988315,0.07092104361674356,-0.058061227123943224,-0.36049976144140233,9.861544551155184,0.7777777777777778,2.035001144757048,0.14098136742752884,0.007509094213399292,0.011359646382649476,0.6610323913663854,0.710683882164956,-0.061954256548685985,-0.12570610583299974,-0.08861599321563732,0.14098136742752884
D1,3,20.0,100,10,3.0,long,3.7534671066925274,0.4888888888888889,0.8117560473591373,-0.04703345432035854,-0.0008774055306012274,0.025237983736822005,-0.03476527838953712,-0.1555057440730762,7.670090206454032,0.7619047619047619,1.3023857262640903,0.0597497510692412,0.0016673606453696532,0.011854470665576534,0.14065247554337446,0.255505880160973,-0.1501004880443634,-0.07505551017002195,0.04596932196147344,0.0597497510692412
D1,3,20.0,100,10,3.0,both,7.840575733979946,0.5319148936170213,0.7341998593375387,-0.06240781747276705,-0.0024757342897926415,0.053452600491099164,-0.04631644236289115,-0.3122413057469432,9.131059769588132,0.76,1.4147481252062428,0.07704148906355009,0.002470146849520738,0.010035380108709937,0.24614382542190313,0.3601373377550141,-0.08567864656989088,-0.10331378241128726,0.037427801870085355,0.07704148906355009
D1,3,20.0,100,10,5.0,long,3.7534671066925274,0.4888888888888889,0.7267092808352167,-0.044351859560606305,-0.0008175046764209437,0.015798230294744624,-0.051746598268851134,-0.23165699795731487,5.843878252536405,0.875,10.97678695569227,0.1411590963396276,0.0031855302663372775,0.003534339988885543,0.9013083846927095,1.093691353247522,-0.13686824205162468,-0.03170525541847299,-0.0081196495870751,0.1411590963396276
D1,3,20.0,100,10,5.0,both,7.6737549736825,0.532608695652174,0.6217981980128484,-0.06388977192902565,-0.0023167775510386512,0.036191750946528836,-0.06401396700760768,-0.4566952987337829,6.939605424886981,0.8421052631578947,6.434715635833699,0.12953227198595865,0.0036021891861601762,0.0035982439599926276,1.0010964309845063,1.0796056925793531,-0.08086935177393792,-0.06030663399695021,-0.05170437187495972,0.12953227198595865
D1,3,20.0,200,5,2.0,long,5.505085089815706,0.5,0.7771053363328618,-0.06468629490775704,-0.0017595569952723045,0.03769073904429968,-0.04668406722415857,-0.21707180594275377,9.496302160371657,0.8076923076923077,2.7512369497986633,0.15896292240898913,0.007580805784001665,0.011047451716163727,0.6862040205081911,0.8339733423602514,-0.06278323311801898,-0.06729166814054496,-0.06275974783994435,0.15896292240898913
D1,3,20.0,200,5,2.0,both,10.34288713844163,0.5,0.6517570722740653,-0.10271649441895661,-0.0053253776360103755,0.07060227933204452,-0.07542784293074978,-0.5036489775526724,10.957271723505759,0.8,2.351133195615705,0.13556711819848252,0.007946961384694973,0.011525048684735,0.6895382051809268,0.8112515212492128,-0.06806191856572813,-0.14551202842648725,-0.08448722462434448,0.13556711819848252
D1,3,20.0,200,5,3.0,long,4.921212428774647,0.4576271186440678,0.738337312060764,-0.0505715167266632,-0.001214241815362338,0.027237062775569233,-0.044580497734560194,-0.2241484788915364,8.400574988021082,0.782608695652174,1.3020238463586742,0.05182077049699377,0.0016041422994097498,0.010308879118482193,0.15560782903485365,0.2613400760160272,-0.0004151159040602814,-0.08664838134950942,-0.03159610490196867,0.05182077049699377
D1,3,20.0,200,5,3.0,both,9.341962576656957,0.45535714285714285,0.577890516567216,-0.08510616747609204,-0.0038926173904173522,0.05159513196037085,-0.07544543918226997,-0.5416916394510843,9.496302160371657,0.7692307692307693,1.3140040982778907,0.051211118584988884,0.0018549146093405078,0.010641411344086924,0.17431095832708524,0.28712056593219215,-0.048759699198510434,-0.14370662456796857,-0.05113208724342182,0.051211118584988884
D1,3,20.0,200,5,5.0,long,4.837802048625924,0.46551724137931033,0.7151946006876351,-0.03270807276897731,-0.0007735822795597036,0.01659345292912134,-0.04661972905000831,-0.23943435910519772,6.574363034103456,0.8888888888888888,6.183942987174295,0.11076937646781893,0.0027755876120831857,0.0035326097572432806,0.7857045648453264,1.0042143963009997,-0.00024906954243615885,-0.05454455629241911,-0.02308537468981932,0.11076937646781893
D1,3,20.0,200,5,5.0,both,9.175141816359512,0.4636363636363636,0.5360500230141562,-0.06086713887526166,-0.0026201432510724043,0.03446759532018457,-0.07601758192681408,-0.6000638085870591,7.304847815670506,0.85,3.815563910415105,0.09611843361643017,0.0027145478200720774,0.0036114543469049484,0.7516494905711522,0.8903619190680325,-0.02130695754011921,-0.10944506083653711,-0.0449096951118036,0.09611843361643017
D1,3,20.0,200,10,2.0,long,5.254853949369538,0.5555555555555556,0.9052705320517692,-0.031161196806910513,-0.0007899830997794011,0.027128789051581535,-0.029119733220578353,-0.0860614694591088,9.131059769588132,0.8,3.3861716297820514,0.23178717003287844,0.009993804924621985,0.01092015253271118,0.9151708178695919,0.9994087393888232,-0.12780866112698816,0.0171010399319819,-0.04317038518891609,0.23178717003287844
D1,3,20.0,200,10,2.0,both,9.675604097251847,0.5431034482758621,0.7371656145611066,-0.09052807172950948,-0.004357998837145938,0.06357295743605093,-0.06855114207215732,-0.36109632048525436,10.592029332722234,0.7931034482758621,2.9290521787624817,0.21090310169412463,0.011020698923555061,0.01139209877866816,0.9673984695595733,1.0142149325952425,-0.10855376645251408,-0.05804993994135744,-0.11500363955375509,0.21090310169412463
D1,3,20.0,200,10,3.0,long,4.670981288328479,0.5,0.8606326427200802,-0.02747345819508295,-0.0006523548138069879,0.02358587630073547,-0.02765870580719724,-0.10459195433630927,8.400574988021082,0.782608695652174,1.5536583454558324,0.09503436731023725,0.0028780911938621756,0.01044811842326926,0.27546502415710644,0.435360308850843,-0.009217616765364001,-0.0509357983512871,-0.008235358689944175,0.09503436731023725
D1,3,20.0,200,10,3.0,both,8.674679535467174,0.5,0.6319045362912666,-0.08855493297886613,-0.003817250577867526,0.05391933374064148,-0.0707955813443275,-0.4553369222775586,9.496302160371657,0.7692307692307693,1.6039848692847145,0.09956619496399727,0.0034675207802288277,0.01084615909942705,0.31970034262285535,0.4925020550079067,-0.08505747959080057,-0.10945965535230373,-0.0659214834001347,0.09956619496399727
D1,3,20.0,200,10,5.0,long,4.504160528031033,0.5185185185185185,0.8392306828837913,-0.018577670140587317,-0.0004401125251187743,0.013967254990229277,-0.03151030932181397,-0.11948697859537588,6.574363034103456,0.8888888888888888,12.95246654408534,0.1479229245211039,0.003797098570385682,0.003518447957924485,1.0791970254479966,1.2035551938209916,-0.005530570059218381,-0.01992349732776834,-0.02348622755665457,0.1479229245211039
D1,3,20.0,200,10,5.0,both,8.25762763472356,0.5050505050505051,0.5495337064517238,-0.0739405911259149,-0.0028989079551549057,0.039268590369523675,-0.07382256220240455,-0.5552723590563869,7.304847815670506,0.85,6.9528043554557595,0.13520815838776573,0.003972014735426299,0.0036233913840598452,1.096214654839698,1.1152757838771152,-0.06257045265537836,-0.09180516598160324,-0.0630454398226871,0.13520815838776573
