tf,sl_buf_atr,tp_r,sess,min_sweep_atr,max_sweep_atr,dev_trades_per_year,dev_winrate,dev_pf,dev_avg_r,dev_cagr,dev_maxdd,dev_mar,dev_sharpe,hold_trades_per_year,hold_winrate,hold_pf,hold_avg_r,hold_cagr,hold_maxdd,hold_mar,hold_sharpe,r_12-15,r_16-19,r_20-23,r_24-26
M15,0.2,0.7,"(7, 17)",0.05,1.0,291.3524578594888,0.4703693100486688,0.5478871746052728,-0.2687387927762553,,4.162614259504496,,0.21513410392471255,261.5135518010041,0.5251396648044693,0.7359094700123868,-0.13007873646852836,,-0.0,,2.1302903140101064,-0.23628560907371035,-0.3248792269398596,-0.24626629059741267,-0.13007873646852836
M15,0.2,0.7,"(7, 17)",0.05,2.0,314.37372278053635,0.48235606261607855,0.5818735435429313,-0.24103981636930585,,4.062239469697289,,0.2741441339800294,284.1585800295827,0.5424164524421594,0.7903996197859006,-0.09936003606485173,,-0.0,,1.7428055988805247,-0.2134620785192144,-0.2782547679213948,-0.23284636708003228,-0.09936003606485173
M15,0.2,0.7,"(7, 17)",0.3,1.0,195.59734144875503,0.4750533049040512,0.5623108554302635,-0.2539753599118278,,2.666749329984684,,0.2973116664778119,179.69925626549445,0.5487804878048781,0.8117234084063243,-0.08721056588524025,,-0.0,,1.223473590437276,-0.2306703607424508,-0.30826332584702854,-0.22583797183335597,-0.08721056588524025
M15,0.2,0.7,"(7, 17)",0.3,2.0,233.5490644164239,0.48928571428571427,0.6023062709471587,-0.22325855748482118,,2.8347427125209173,,-0.007452935392502716,212.93631382679527,0.5643224699828473,0.8666062159400258,-0.059763407070948585,,-0.0,,0.9142755458759694,-0.2019582666995598,-0.2609400889291411,-0.20930663487913273,-0.059763407070948585
M15,0.2,0.7,"(0, 24)",0.05,1.0,519.3130268059483,0.4452296819787986,0.4843563583243724,-0.3292891072259522,,8.858204434327078,,-0.2648917793697951,502.2082873273473,0.5381818181818182,0.7691532337160975,-0.11212632496391102,,-0.0,,2.4969825350341917,-0.3058584922153534,-0.39212585388767535,-0.2892871055126738,-0.11212632496391102
M15,0.2,0.7,"(0, 24)",0.05,2.0,549.0071221388937,0.46004254026131874,0.519606602125718,-0.29696761526118454,,8.51327454541496,,0.03846981389260333,524.1228307743588,0.5519163763066202,0.8153433906701982,-0.08714064742685032,,-0.0,,2.0500848223087713,-0.27552208036888354,-0.3587923213544493,-0.257784354220512,-0.08714064742685032
M15,0.2,0.7,"(0, 24)",0.3,1.0,338.6461434038147,0.4603448275862069,0.5185231020749064,-0.2925427065992836,,5.24008293063215,,0.0035695246086729577,331.640090831441,0.5462555066079295,0.8024515501373408,-0.0925875611364685,,-0.0,,1.7180621537089553,-0.2672892886381679,-0.3454372452916663,-0.26429098193963635,-0.0925875611364685
M15,0.2,0.7,"(0, 24)",0.3,2.0,393.69699430197176,0.4764830508474576,0.5597701737874263,-0.2581126617085023,,5.41239056954969,,0.25944275645623766,377.2953896793816,0.5634075508228461,0.863240305961151,-0.06186221190996795,,-0.0,,1.2384638290116565,-0.23719958272851402,-0.30564183820414287,-0.23231107936159404,-0.06186221190996795
M15,0.2,0.7,"(12, 20)",0.05,1.0,215.36560154400235,0.4728892331525949,0.5610250342524024,-0.25838917401023254,,3.007733251357032,,0.14106175809691118,213.6667986083623,0.5282051282051282,0.7420793111999513,-0.12895660798071815,,-0.0,,1.8757656172467814,-0.20936006800420232,-0.33071029482201286,-0.23247628968693565,-0.12895660798071815
M15,0.2,0.7,"(12, 20)",0.05,2.0,234.29975783776243,0.4884300462798149,0.6030547932335425,-0.2257784839696335,,2.8671484329616104,,0.08438445069195531,226.81552467656923,0.5458937198067633,0.7974972772197789,-0.09745847402300216,,-0.0,,1.44738438146094,-0.18318894803741692,-0.28212836368917,-0.21116893688381114,-0.09745847402300216
M15,0.2,0.7,"(12, 20)",0.3,1.0,144.21654727714176,0.48120300751879697,0.581301979552382,-0.23908521694235096,,1.88688546056649,,-0.18324864247576797,144.63598675027603,0.5454545454545454,0.8033708921187309,-0.09295067936462363,,-0.0,,1.1155471015175633,-0.21437647085654232,-0.2917782518924852,-0.21083964509353956,-0.09295067936462363
M15,0.2,0.7,"(12, 20)",0.3,2.0,172.74289728800497,0.5016900048285853,0.6386580497414901,-0.19758859464166906,,1.8722369212730672,,0.05480881334780484,169.47246932355574,0.5646551724137931,0.8690211589008316,-0.05925309903182334,,-0.0,,0.779063515756379,-0.1711001777257031,-0.23057384286196544,-0.19123305553941228,-0.05925309903182334
M15,0.2,1.0,"(7, 17)",0.05,1.0,277.92338665554445,0.4021608643457383,0.6016744469724169,-0.26790638303803177,,3.8755209249750133,,0.12111802818722792,247.63434095123017,0.4410029498525074,0.7532476897251871,-0.14294989695839838,,-0.0,,1.9557212970288318,-0.23429370396764504,-0.32256189384188033,-0.2477150940826023,-0.14294989695839838
M15,0.2,1.0,"(7, 17)",0.05,2.0,294.9391042058839,0.41600678733031676,0.6423008980424014,-0.23331971781754837,,3.6358792662386774,,-0.24252922478541025,265.16597570883937,0.4628099173553719,0.8247463479839817,-0.09773983895325959,,-0.0,,1.4015301993749973,-0.2078445447768696,-0.2606528671940553,-0.23125325709255506,-0.09773983895325959
M15,0.2,1.0,"(7, 17)",0.3,1.0,192.1775158626574,0.4088541666666667,0.6218471829468879,-0.24764068064335654,,2.5152893660435125,,0.21550375862515764,175.31634757609214,0.45416666666666666,0.7944024648029999,-0.11493138564184999,,-0.0,,1.3206786622179472,-0.21810836600618594,-0.30363808786066576,-0.22294723628444302,-0.11493138564184999
M15,0.2,1.0,"(7, 17)",0.3,2.0,225.4582575419978,0.42175360710321863,0.6610825406839731,-0.21619988334817497,,2.596153732313295,,-0.25780613532039665,206.3619507926918,0.4761061946902655,0.8709272518992249,-0.0695282079836898,,-0.0,,0.8800184479289304,-0.19761104188246692,-0.24410773720891163,-0.20720312175298797,-0.0695282079836898
M15,0.2,1.0,"(0, 24)",0.05,1.0,488.36777577077214,0.3861656703672075,0.5512033150810393,-0.3172908038604979,,7.935217697572991,,0.2989806986319529,464.5883210766442,0.45361635220125784,0.787501599606781,-0.1220304739599485,,-0.0,,2.2138425420009025,-0.29211319631563054,-0.3739975337050513,-0.2847416975855331,-0.1220304739599485
M15,0.2,1.0,"(0, 24)",0.05,2.0,508.05262548587075,0.40026268264652765,0.5901100513497017,-0.28200363837260944,,7.372450894830928,,0.4648839736969844,477.7370471448511,0.4694189602446483,0.8415794879689027,-0.08876190475993245,,-0.0,,1.684760803313626,-0.25885146453755753,-0.3332858770312825,-0.2537477167798768,-0.08876190475993245
M15,0.2,1.0,"(0, 24)",0.3,1.0,329.47100158745513,0.3979746835443038,0.5826180998892376,-0.28323371776232376,,4.849614879305088,,-0.18315151250824324,316.66515280931645,0.4532871972318339,0.7927030808455543,-0.11716735764958844,,-0.0,,1.75201253571692,-0.25465930269463527,-0.3321353776090492,-0.2615485492008434,-0.11716735764958844
M15,0.2,1.0,"(0, 24)",0.3,2.0,376.4310456111861,0.41147795258143144,0.6228834545360284,-0.2493222170310454,,4.900022865499326,,-0.08251331374706067,355.0156038415866,0.47016460905349794,0.851501577603512,-0.0818229037153478,,-0.0,,1.3039956071916767,-0.22886714060205235,-0.28320115735754997,-0.2349786283234483,-0.0818229037153478
M15,0.2,1.0,"(12, 20)",0.05,1.0,203.68814832318114,0.4045864045864046,0.612138833164066,-0.25839966487388316,,2.8399950642603113,,0.2860845104417293,200.88331493093892,0.4381818181818182,0.7411436283131261,-0.15418103900965022,,-0.0,,1.8642427450022188,-0.2352075321637556,-0.32283090068186554,-0.21775845403434307,-0.15418103900965022
M15,0.2,1.0,"(12, 20)",0.05,2.0,218.70201674995124,0.41990846681922195,0.6565126949634693,-0.2224718036497793,,2.6250682875534546,,-0.0024963905126053837,210.01437470052704,0.4608695652173913,0.8142100138185916,-0.10672417828468109,,-0.0,,1.3015552974829185,-0.20168014321956093,-0.26338021726163324,-0.20313313893752366,-0.10672417828468109
M15,0.2,1.0,"(12, 20)",0.3,1.0,140.79672169104413,0.41113744075829384,0.6300915615749464,-0.2403632844771727,,1.8521506036439068,,0.3518969551294326,138.42686610695608,0.44063324538258575,0.7541635161818998,-0.14282951756841955,,-0.0,,1.4250604544465093,-0.2391184228048946,-0.3006904787256928,-0.18388268340373765,-0.14282951756841955
M15,0.2,1.0,"(12, 20)",0.3,2.0,166.32029801655332,0.4312938816449348,0.6900927363979862,-0.19447513972864763,,1.7665106178258132,,0.21954730911102946,161.8023791171017,0.4650112866817156,0.8347126433909635,-0.09204716277627849,,-0.0,,1.011665736990764,-0.19242685233988294,-0.22512500033784819,-0.1683055892494654,-0.09204716277627849
M15,0.2,1.5,"(7, 17)",0.05,1.0,263.66021165011284,0.33090794052515027,0.6728849822335918,-0.24827407680799682,,3.3288568163062826,,0.3166419118994483,233.38988771067267,0.350547730829421,0.774607623690344,-0.15122760317253897,,-0.0,,1.6626867655419517,-0.21196695024240628,-0.29683403048000784,-0.23473040133286202,-0.15122760317253897
M15,0.2,1.5,"(7, 17)",0.05,2.0,275.0874337304879,0.3444511825348696,0.7199017810776306,-0.20707374845222154,,2.9375735942992547,,0.37153116414240384,242.88618987104434,0.37142857142857144,0.850946121689699,-0.09678458405445983,,-0.0,,1.0957398943151604,-0.19072812136567666,-0.2118091646760851,-0.21657967232170433,-0.09678458405445983
M15,0.2,1.5,"(7, 17)",0.3,1.0,185.5880958309083,0.33168539325842694,0.6801481498315203,-0.2380787096294307,,2.306213391040931,,-0.033514995841857874,169.10722693277222,0.367170626349892,0.8322926581950884,-0.10854427351523957,,-0.0,,0.9813782804446711,-0.20143157592720565,-0.2899211525929499,-0.22220762043544465,-0.10854427351523957
M15,0.2,1.5,"(7, 17)",0.3,2.0,213.53057318073044,0.346484375,0.7308757273876745,-0.19569796122324118,,2.2044875399988832,,0.24772539633040297,195.03943667840252,0.3838951310861423,0.8979584356262514,-0.06451675402853008,,-0.0,,0.6480260947713361,-0.16835206569657746,-0.2146378194447239,-0.20080822774018126,-0.06451675402853008
M15,0.2,1.5,"(0, 24)",0.05,1.0,453.8358783892009,0.31666972982907554,0.6175057653704613,-0.30239174048811807,,6.867035991671647,,0.03770283685184529,422.22020374575527,0.3685121107266436,0.8340696081272214,-0.11031976465727071,,-0.0,,1.612285841924138,-0.2619235411209417,-0.3702089482038883,-0.2714289963595513,-0.11031976465727071
M15,0.2,1.5,"(0, 24)",0.05,2.0,460.92576070184236,0.3300760043431053,0.660018631752414,-0.26272100654580754,,6.026133443200819,,-0.08479684640303634,421.1244765734047,0.39028620988725066,0.9182067166571533,-0.05310892224246378,,-0.0,,0.7807119091396604,-0.23381850830393636,-0.32113680866482414,-0.2316182182043656,-0.05310892224246378
M15,0.2,1.5,"(0, 24)",0.3,1.0,314.79077468127997,0.3240593534711182,0.642914439154643,-0.27294920827718333,,4.386017297468423,,0.11687408647121808,296.211578925439,0.3797780517879161,0.8781301131286793,-0.07783699461589508,,-0.0,,0.9265502870467738,-0.22310475483660866,-0.3289414921475126,-0.26200767923425855,-0.07783699461589508
M15,0.2,1.5,"(0, 24)",0.3,2.0,348.82220978195886,0.3397895743663319,0.6938693956738555,-0.2283243121604737,,4.068694943106422,,-0.19229101125421513,322.50903106185285,0.39637599093997733,0.946085362610107,-0.03388079407810956,,-0.0,,0.4258476057007016,-0.19220001434174605,-0.2749903553113669,-0.21428214628505024,-0.03388079407810956
M15,0.2,1.5,"(12, 20)",0.05,1.0,192.76138852369846,0.3297273907399394,0.6690598220364832,-0.24921058921572273,,2.5631430902203984,,-0.2272471120693313,187.734588862732,0.3540856031128405,0.7793673277180129,-0.1512852200011621,,-0.0,,1.5002347452866713,-0.20817103657157696,-0.3038876362665975,-0.23226012630266463,-0.1512852200011621
M15,0.2,1.5,"(12, 20)",0.05,2.0,202.7706341415452,0.3397778691896339,0.7053028763910247,-0.21826890074479824,,2.3285961619339397,,-0.2592690893719523,191.38701277056725,0.37786259541984735,0.8665740904054133,-0.08846308519180274,,-0.0,,0.8877152932648646,-0.19196547828229582,-0.24788628288433548,-0.21310807270258075,-0.08846308519180274
M15,0.2,1.5,"(12, 20)",0.3,1.0,136.45938192331053,0.33007334963325186,0.6742656679569968,-0.241457140366728,,1.7943175271457121,,0.3545670070339913,132.21774546363616,0.3701657458563536,0.8396298205715508,-0.10557972723271206,,-0.0,,0.8880235276978576,-0.21891558854387422,-0.2733791810039575,-0.23038727789062635,-0.10557972723271206
M15,0.2,1.5,"(12, 20)",0.3,2.0,157.06174582004508,0.348380244291025,0.7368395063255114,-0.1902605576041139,,1.6133525738426633,,0.19142435090010568,151.94083456594652,0.3870192307692308,0.9069269319101868,-0.06019267417605872,,-0.0,,0.5664525335213341,-0.177579793360173,-0.1998794024471365,-0.19182578464580624,-0.06019267417605872
M15,0.2,2.5,"(7, 17)",0.05,1.0,237.8864041841575,0.23948106591865356,0.7166752320678886,-0.24552802605426954,,3.0238008007342794,,-0.388599701189225,216.5887377346305,0.23777403035413153,0.7493399369951284,-0.19824390090480853,,-0.0,,1.7264890105383566,-0.17123217026710888,-0.32247140018991466,-0.23283740856720578,-0.19824390090480853
M15,0.2,2.5,"(7, 17)",0.05,2.0,238.72050798564473,0.246680642907058,0.7473717187597463,-0.21607244198223846,,2.667993031228739,,-0.28019734921501427,218.0497072977646,0.23953098827470687,0.7601016107260543,-0.18841319544017618,,-0.0,,1.5917907622772876,-0.15982298188213606,-0.24749772366794195,-0.23135268986786753,-0.18841319544017618
M15,0.2,2.5,"(7, 17)",0.3,1.0,173.66041146964093,0.23919308357348704,0.7202552828820952,-0.23777961359182015,,2.223567602639764,,0.29873753363431355,161.4371367263182,0.23076923076923078,0.7214562858467553,-0.2215739063543962,,-0.0,,1.6237274109753994,-0.17951772028438753,-0.3192437539387993,-0.2107152142152212,-0.2215739063543962
M15,0.2,2.5,"(7, 17)",0.3,2.0,191.00977054057526,0.25109170305676853,0.7692408758270222,-0.19393795093077845,,1.9888684121900675,,0.2511998017435108,177.5078019207933,0.2345679012345679,0.7416033982216969,-0.20411484997679466,,-0.0,,1.5004373488865699,-0.1383983349397582,-0.2413699538475963,-0.19301023616930577,-0.20411484997679466
M15,0.2,2.5,"(0, 24)",0.05,1.0,400.78687661461316,0.23246618106139438,0.6780559045367491,-0.28744286062431984,,5.844502862850429,,-0.10984813425290728,378.0258744609487,0.2618357487922705,0.8459760301168384,-0.11983859640538717,,-0.0,,1.3133395927052047,-0.21873517520841504,-0.3798921654496147,-0.2519543029513972,-0.11983859640538717
M15,0.2,2.5,"(0, 24)",0.05,2.0,385.6895978076943,0.24372837370242215,0.7245465162064015,-0.24268148462497507,,4.579752938040776,,-0.1675405186029366,358.66802774942187,0.26476578411405294,0.8613222527954586,-0.10770070727028495,,-0.0,,1.1493861544862396,-0.20218267498741582,-0.3157429775725653,-0.2039997048819959,-0.10770070727028495
M15,0.2,2.5,"(0, 24)",0.3,1.0,291.8529201403812,0.23721063160903116,0.7000614515491517,-0.25960555781286115,,3.959520198128184,,-0.2335249336887299,275.3927626507781,0.25596816976127323,0.8233591223559806,-0.13679549518507025,,-0.0,,1.2666464101523234,-0.19463204700677594,-0.33002680618817287,-0.24603047184107465,-0.13679549518507025
M15,0.2,2.5,"(0, 24)",0.3,2.0,304.19765640239217,0.2519879352892789,0.7616811113678192,-0.2034778723453604,,3.1233158847459084,,0.28968366193973577,281.9671256848815,0.25777202072538863,0.8342865740049134,-0.12819160584702144,,-0.0,,1.2067571848508063,-0.16248448418764097,-0.2554785608347872,-0.18621091222220654,-0.12819160584702144
M15,0.2,2.5,"(12, 20)",0.05,1.0,174.7447464115743,0.23484486873508353,0.6976039180117233,-0.2614615350676549,,2.410864558679465,,0.1417338219414525,176.41207474844273,0.2650103519668737,0.8556395169820941,-0.11316865240317676,,-0.0,,0.8452651813545021,-0.16380951425332355,-0.3142243992550353,-0.288512489226488,-0.11316865240317676
M15,0.2,2.5,"(12, 20)",0.05,2.0,176.91341629544112,0.24375294672324374,0.7351137175703594,-0.22719562468454016,,2.058077431970604,,-0.22824772830250034,173.12489323139098,0.2679324894514768,0.8732540707628584,-0.0984991913715954,,-0.0,,0.7389205585835388,-0.16426603523753366,-0.2599324268542178,-0.2441956176502256,-0.0984991913715954
M15,0.2,2.5,"(12, 20)",0.3,1.0,129.3694996106691,0.23726627981947132,0.710520101172874,-0.24626051596831572,,1.7260527987713563,,-0.00798000036435875,127.46959438345033,0.2664756446991404,0.8667877100271564,-0.10256383031123528,,-0.0,,0.6594026962393387,-0.18102873493426722,-0.2747520568836091,-0.2751862691879944,-0.10256383031123528
M15,0.2,2.5,"(12, 20)",0.3,2.0,142.2146981535724,0.25513196480938416,0.783467146270814,-0.181827622710853,,1.3752374351029888,,-0.13426894451969,138.79210849773963,0.2657894736842105,0.8709354596333796,-0.09886938386532612,,-0.0,,0.7123942390498873,-0.14120271046592558,-0.20722545676936033,-0.18955315379083995,-0.09886938386532612
M15,0.5,0.7,"(7, 17)",0.05,1.0,258.3219473205946,0.49983855343881173,0.6304663800798327,-0.2011581122215462,,2.8501987501253434,,0.1807579473111878,233.02464531988915,0.5407523510971787,0.7965388090001161,-0.0964518260750138,,-0.0,,1.4961758551081066,-0.1618180879161339,-0.23532328656650553,-0.20441063109781082,-0.0964518260750138
M15,0.5,0.7,"(7, 17)",0.05,2.0,278.7574904570317,0.5101735487731897,0.6621454803203439,-0.17948962055170806,,2.7571020926120506,,0.10760526325211729,254.2087039853336,0.5574712643678161,0.8517294709359198,-0.0674498315347806,,-0.0,,1.14394268797828,-0.1553205790095008,-0.20990543864728348,-0.1737098130528451,-0.0674498315347806
M15,0.5,0.7,"(7, 17)",0.3,1.0,181.2507560631747,0.5020708697653015,0.6383999344945528,-0.19468577168643608,,1.9449122672552788,,-0.06633401257979336,166.18528780650402,0.5428571428571428,0.8056578716697403,-0.09082687356071892,,-0.0,,1.215097145006075,-0.16329654561360643,-0.2400278541325716,-0.18171681672702628,-0.09082687356071892
M15,0.5,0.7,"(7, 17)",0.3,2.0,215.53242230429979,0.5139318885448917,0.6747926318119629,-0.17072559533473952,,2.037849737098225,,0.35861554358333775,197.23089102310368,0.562962962962963,0.8729700219816438,-0.056490083184218026,,-0.0,,0.856102927659549,-0.15841071130252934,-0.21015536891495484,-0.147275791024845,-0.056490083184218026
M15,0.5,0.7,"(0, 24)",0.05,1.0,442.99252896986695,0.48465449067972133,0.5832272164251693,-0.2372795435706362,,5.655603783977417,,0.11676972936162693,432.446990687694,0.549831081081081,0.8167304474356674,-0.0858594090259768,,-0.0,,1.7972761805142303,-0.1989197742932817,-0.28254116271021085,-0.22788332707419015,-0.0858594090259768
M15,0.5,0.7,"(0, 24)",0.05,2.0,469.9340817579044,0.4971600993965211,0.6181917643429962,-0.21152512939356866,,5.3676806176000325,,0.38898089566366556,452.17007979000437,0.5621970920840065,0.8593811276959399,-0.06382693344099151,,-0.0,,1.416955689957759,-0.18193078161647752,-0.25738506794208743,-0.19455279922680602,-0.06382693344099151
M15,0.5,0.7,"(0, 24)",0.3,1.0,304.86493944358193,0.4883720930232558,0.5939827088884678,-0.22699416373119913,,3.765430246647951,,-0.15083976029626814,301.6902147871919,0.5435835351089588,0.8010569298201509,-0.09347362451912361,,-0.0,,1.6386968784510538,-0.1795317999641963,-0.2773773630179183,-0.22050714676222422,-0.09347362451912361
M15,0.5,0.7,"(0, 24)",0.3,2.0,354.4107052519233,0.5017651212049894,0.6330890408862552,-0.19947272624704987,,3.8570833078917093,,-0.15122132018239073,341.5016353825962,0.558288770053476,0.8510047911210333,-0.06746156970326314,,-0.0,,1.2804459194399693,-0.1681304270612194,-0.24421571412039933,-0.18460903490900088,-0.06746156970326314
M15,0.5,0.7,"(12, 20)",0.05,1.0,187.4231241941802,0.511793502447708,0.6641063305730542,-0.17800316434547278,,1.8643104798862369,,0.17450277926357308,186.63886169038145,0.5420743639921722,0.7984700900906825,-0.09733242265397199,,-0.0,,1.3808836482841196,-0.14533112580767726,-0.21795781755532775,-0.17036982923439087,-0.09733242265397199
M15,0.5,0.7,"(12, 20)",0.05,2.0,204.2720209842222,0.5259289505920784,0.7071616299527679,-0.15050039830206727,,1.718498483901599,,0.08436290633898699,198.69186058623777,0.5588235294117647,0.853782686711667,-0.06761324907455053,,-0.0,,1.0107416159807474,-0.12784855671267567,-0.18482715910433548,-0.13953876520775113,-0.06761324907455053
M15,0.5,0.7,"(12, 20)",0.3,1.0,131.45475911438717,0.5158629441624365,0.674270732806689,-0.1697668916679809,,1.2593122503352947,,0.3071270255902819,134.77444219912084,0.5338753387533876,0.7778847591127841,-0.10735153321240147,,-0.0,,1.2550532362000884,-0.1544635698999034,-0.2020856998755134,-0.15390918700292683,-0.10735153321240147
M15,0.5,0.7,"(12, 20)",0.3,2.0,157.72902886123487,0.5335801163405606,0.7307918222804181,-0.13527325737709855,,1.2012543714923318,,-0.010632270242811435,157.05422803691587,0.5558139534883721,0.848591068500777,-0.06905571341434483,,-0.0,,0.9313336916822074,-0.1285423633981988,-0.15505116130236035,-0.12352245745703631,-0.06905571341434483
M15,0.5,1.0,"(7, 17)",0.05,1.0,243.3914892739732,0.43043180260452363,0.6887503916502291,-0.19348708586151428,,2.5417169223816063,,0.08946819195126818,218.41494968854815,0.46153846153846156,0.8279767171693903,-0.09546087889425117,,-0.0,,1.2486590711027175,-0.14452838394168444,-0.224427927676964,-0.20734544056174203,-0.09546087889425117
M15,0.5,1.0,"(7, 17)",0.05,2.0,259.65651340297416,0.4433022807581111,0.7299475845247597,-0.16356560744390766,,2.3211182836416815,,-0.021375781940664158,235.94658444615735,0.48606811145510836,0.9138090873087584,-0.04552033810858375,,-0.0,,0.6515604324745138,-0.1368108367483405,-0.18254454306200593,-0.16948910261141556,-0.04552033810858375
M15,0.5,1.0,"(7, 17)",0.3,1.0,175.66226059321028,0.43209876543209874,0.6951284719537025,-0.1876051935444518,,1.7973656285416377,,0.1817588995202277,160.70665194475114,0.4636363636363636,0.8364540499163331,-0.0896764317740323,,-0.0,,1.0015543942784357,-0.14292360578299163,-0.22808408091393576,-0.18929228537839368,-0.0896764317740323
M15,0.5,1.0,"(7, 17)",0.3,2.0,206.1070493474941,0.4475920679886686,0.7444086831608303,-0.153121722926303,,1.7270018983133406,,0.007394267638620022,188.83031603508257,0.48936170212765956,0.9273462103728431,-0.03767718709022942,,-0.0,,0.5045591829389237,-0.13360508815055266,-0.1794648446186513,-0.14611889160800645,-0.03767718709022942
M15,0.5,1.0,"(0, 24)",0.05,1.0,410.04542881112144,0.41680227827502037,0.6413153882903417,-0.23118763684571983,,5.065479549312517,,0.2575551614705642,393.36605487385674,0.46518105849582175,0.8336528881301779,-0.09242386520763343,,-0.0,,1.6054024063307222,-0.18367196808366343,-0.2633619693118072,-0.24115400091615016,-0.09242386520763343
M15,0.5,1.0,"(0, 24)",0.05,2.0,429.3132266254764,0.43248494268505927,0.6884628177849152,-0.19499418523510018,,4.463846844601025,,0.09333457957629723,408.7062352867648,0.47989276139410186,0.8850821636539424,-0.06172103428860766,,-0.0,,1.1070737562348534,-0.1639887734029981,-0.2240288468031394,-0.19436490762180145,-0.06172103428860766
M15,0.5,1.0,"(0, 24)",0.3,1.0,292.52020318157093,0.41916167664670656,0.6483196226946154,-0.2234511903285932,,3.502248671098736,,0.4729593476009679,286.35003437428384,0.4604591836734694,0.8203786440903786,-0.09976751710514799,,-0.0,,1.4251660919240674,-0.16901492956721714,-0.25540150540265627,-0.23919475114338976,-0.09976751710514799
M15,0.5,1.0,"(0, 24)",0.3,2.0,333.97516211548617,0.43781218781218784,0.705390892637031,-0.18117770401820593,,3.210602838667398,,0.26138501483238713,320.3175767171517,0.47434435575826683,0.8683908427434885,-0.0707162314263639,,-0.0,,1.092522537152771,-0.15059527511611814,-0.20560334156814034,-0.18388249760649567,-0.0707162314263639
M15,0.5,1.0,"(12, 20)",0.05,1.0,176.66318515499495,0.437204910292729,0.7055122534096601,-0.17982525703122665,,1.7759353398571727,,-0.2922878039371014,174.22062040374158,0.4549266247379455,0.8016166907421424,-0.1134388609022115,,-0.0,,1.3352105253025015,-0.15526187121655124,-0.1947725108138581,-0.18734431835114748,-0.1134388609022115
M15,0.5,1.0,"(12, 20)",0.05,2.0,191.26000168102144,0.4518098560837331,0.7529850216656279,-0.14699038099532707,,1.5630626707896758,,0.3243506574929889,185.54313451803085,0.4763779527559055,0.8739182885927489,-0.06888306592723002,,-0.0,,0.8582612111852594,-0.13943541004862267,-0.15630552648719825,-0.14518412055504626,-0.06888306592723002
M15,0.5,1.0,"(12, 20)",0.3,1.0,126.7837778260587,0.4368421052631579,0.7043390733195791,-0.17945232537633707,,1.2803049432555993,,-0.41139000873011633,128.20007916501737,0.452991452991453,0.7987773018717744,-0.11406414179608161,,-0.0,,1.1432059885536165,-0.16966655589673357,-0.1951791570748552,-0.17354580318599452,-0.11406414179608161
M15,0.5,1.0,"(12, 20)",0.3,2.0,150.8893776890396,0.46047540077390825,0.7808504514263916,-0.1279633059080041,,1.0826124228014498,,-0.1910875283793349,149.7493802212454,0.47560975609756095,0.8748845394704355,-0.06720648607500516,,-0.0,,0.8343966503333504,-0.1349507016002702,-0.13262515978851813,-0.11785540023977867,-0.06720648607500516
M15,0.5,1.5,"(7, 17)",0.05,1.0,226.04213020303885,0.3501845018450184,0.7433871421628677,-0.18256761423432163,,2.1950021599517804,,-0.2776067843659368,200.88331493093892,0.34,0.7502972866136205,-0.17036011232137582,,-0.0,,1.7576264825220576,-0.12798551386317128,-0.19962343766668345,-0.2130359961826051,-0.17036011232137582
M15,0.5,1.5,"(7, 17)",0.05,2.0,235.46750315984454,0.3620262132483174,0.7863314790519502,-0.14899523808060122,,1.8821125279003568,,0.20401505413577223,209.28388991896,0.35951134380453753,0.8172065789921455,-0.12024965037698654,,-0.0,,1.3041174501995045,-0.12427430911357072,-0.1425642294152796,-0.1754048760331513,-0.12024965037698654
M15,0.5,1.5,"(7, 17)",0.3,1.0,165.5696045952148,0.35113350125944587,0.7493288767800076,-0.17644391025675343,,1.587014660184098,,-0.24442404101842197,153.0365617382971,0.3436754176610978,0.7635273295694148,-0.15972656500678592,,-0.0,,1.3793502744475086,-0.12550114820501376,-0.20129533492540833,-0.19588296423826781,-0.15972656500678592
M15,0.5,1.5,"(7, 17)",0.3,2.0,188.75769027655974,0.3672116659301812,0.8072859618261231,-0.1328699855277377,,1.3732563079977218,,0.23897078908445082,173.85537801295806,0.36554621848739494,0.8397596058166463,-0.10396504019266616,,-0.0,,1.0437627814463506,-0.09661906998981111,-0.1449641478845966,-0.15007023682162077,-0.10396504019266616
M15,0.5,1.5,"(0, 24)",0.05,1.0,373.0112200250885,0.3369856887298748,0.6924413230100227,-0.22550622132414544,,4.438757400782883,,0.23860925357344123,353.91987666923603,0.3735810113519092,0.8613228596802366,-0.09036375672634289,,-0.0,,1.2325429784810766,-0.17388343617866622,-0.2609445122436691,-0.23546109839852783,-0.09036375672634289
M15,0.5,1.5,"(0, 24)",0.05,2.0,378.43289473475545,0.3528763500110205,0.7450244054604719,-0.18225500872974418,,3.631279514006403,,0.47189394884134667,355.0156038415866,0.38580246913580246,0.9075123333884104,-0.05805134297760772,,-0.0,,0.8201845481135557,-0.1521311251635438,-0.20980422447735658,-0.18178136481446047,-0.05805134297760772
M15,0.5,1.5,"(0, 24)",0.3,1.0,273.50263650766215,0.34309240622140896,0.713714022551615,-0.2060290144919164,,2.963292398029775,,0.10678337431215747,266.62694527197345,0.3684931506849315,0.8440879202739924,-0.10131137088056043,,-0.0,,1.159406051860212,-0.14787441586445832,-0.24142279976262498,-0.22111432924920923,-0.10131137088056043
M15,0.5,1.5,"(0, 24)",0.3,2.0,299.7769062545098,0.36199220923761827,0.7781151172662273,-0.15533655158864132,,2.462394497898138,,0.26965336154845626,287.8110039374179,0.38071065989847713,0.8899673066642222,-0.0689004369371668,,-0.0,,0.8640799198744821,-0.11849302824059424,-0.1847663347596784,-0.15733180655227796,-0.0689004369371668
M15,0.5,1.5,"(12, 20)",0.05,1.0,164.31844889298398,0.34365482233502537,0.7201515727722729,-0.19947221248268598,,1.8124449392413773,,-0.20639256494187733,165.8200454157205,0.3590308370044053,0.8089561506997534,-0.1289064823907271,,-0.0,,1.2310574376301882,-0.16395499900919036,-0.19560220076190857,-0.233494191954552,-0.1289064823907271
M15,0.5,1.5,"(12, 20)",0.05,2.0,172.99312842845114,0.3601735776277724,0.7780115211269449,-0.15453293529604467,,1.4760308516899099,,-0.048637238009129204,169.47246932355574,0.36853448275862066,0.8428611297983697,-0.10311620255967818,,-0.0,,1.0329171352657063,-0.16116359370756098,-0.14105185396504705,-0.16106266074530956,-0.10311620255967818
M15,0.5,1.5,"(12, 20)",0.3,1.0,120.86164083549937,0.347135955831608,0.7327937293682053,-0.18821585537751037,,1.2725862798358207,,-0.012027690184381885,124.91289764796566,0.3654970760233918,0.8344945240815567,-0.10950417975157788,,-0.0,,0.8822206698390482,-0.1771708537786,-0.15766455548604055,-0.22638798277360947,-0.10950417975157788
M15,0.5,1.5,"(12, 20)",0.3,2.0,138.87828294762352,0.3717717717717718,0.8203987548798117,-0.12254461959470957,-0.22904666338301516,0.9576517878055439,-0.23917531016975896,-0.6388343486234385,140.25307806087372,0.3723958333333333,0.8599151075532748,-0.0900365381065044,,2.75452774978453,,0.5724333891107946,-0.1438890798992324,-0.09208597091428397,-0.13338928410268455,-0.0900365381065044
M15,0.5,2.5,"(7, 17)",0.05,1.0,200.76878501797583,0.2575820523473203,0.8018818949093752,-0.16270743992932407,,1.7826563594909208,,-0.18335795075221345,185.54313451803085,0.24606299212598426,0.7912545796497238,-0.16359472096109084,,-0.0,,1.2893563507145838,-0.08756168796370872,-0.1909444775598303,-0.19815910123884736,-0.16359472096109084
M15,0.5,2.5,"(7, 17)",0.05,2.0,200.9356057782733,0.26567040265670405,0.8367005014749441,-0.132665734117349,,1.4788546246051075,,-0.06796313423702943,186.2736192995979,0.2529411764705882,0.8212070848626607,-0.1378440869493789,,-0.0,,1.0982195046789642,-0.08584429584841248,-0.14400691048361805,-0.16006266007090522,-0.1378440869493789
M15,0.5,2.5,"(7, 17)",0.3,1.0,153.30827871335256,0.25571273122959737,0.7960871816637879,-0.16539242893547715,,1.4152400677890309,,-0.24614207117186518,142.44453240557488,0.24358974358974358,0.7814453332804264,-0.171175783179474,,-0.0,,1.13870588137002,-0.09825123641546754,-0.21363414475149345,-0.1778219147263343,-0.171175783179474
M15,0.5,2.5,"(7, 17)",0.3,2.0,166.6539395371482,0.26576576576576577,0.8379839211784514,-0.1305948418705218,,1.241089817594419,,-0.1829127207337901,154.4975313014312,0.25059101654846333,0.8112771128433698,-0.14546450666789287,,-0.0,,1.04748021720119,-0.10104779688125305,-0.1688176221098958,-0.11771826518664329,-0.14546450666789287
M15,0.5,2.5,"(0, 24)",0.05,1.0,319.12811444901354,0.24986931521170935,0.7613954323067843,-0.19918848728313115,,3.280148226053343,,0.3220519186733253,315.20418324618237,0.2630359212050985,0.8599689135317304,-0.10874585876958416,,-0.0,,1.0894512178189857,-0.13141282040346705,-0.24720301973521885,-0.20802183673462737,-0.10874585876958416
M15,0.5,2.5,"(0, 24)",0.05,2.0,305.9492743855153,0.2611777535441658,0.8099519874475297,-0.1568798705782309,,2.4484998458575005,,0.3088000491181442,299.4987604424908,0.2731707317073171,0.903666136701236,-0.07268112956777391,,-0.0,,0.7247577289222478,-0.13385318574303748,-0.1966853134160069,-0.13702378797177814,-0.07268112956777391
M15,0.5,2.5,"(0, 24)",0.3,1.0,247.3951875211119,0.25151719487525287,0.7681241010949766,-0.19060156643031553,,2.483291147140794,,-0.3841638562932358,243.25143226182786,0.25825825825825827,0.840245817165379,-0.1234830439436229,,-0.0,,1.1091903794247617,-0.13447247255745862,-0.23035206150075893,-0.19973784457660765,-0.1234830439436229
M15,0.5,2.5,"(0, 24)",0.3,2.0,252.9002726109276,0.26649076517150394,0.832817965754585,-0.13589137200318294,,1.8271741274055713,,0.05638473660696693,246.9038561696631,0.26479289940828404,0.867040117197367,-0.10020327230982597,,-0.0,,0.9162805594638884,-0.12157255931625797,-0.17039546129575472,-0.11351457758723682,-0.10020327230982597
M15,0.5,2.5,"(12, 20)",0.05,1.0,147.13591058234707,0.2534013605442177,0.7810047561429887,-0.17915930737539812,,1.4557053710461658,,0.36978800569638653,155.22801608299827,0.2635294117647059,0.8566980354268504,-0.11185032149986157,,-0.0,,0.829348625939328,-0.10122211675191778,-0.19719362151553346,-0.22712097856055224,-0.11185032149986157
M15,0.5,2.5,"(12, 20)",0.05,2.0,148.55388704487535,0.26558113419427287,0.8330505871474647,-0.1350595413303687,,1.1032265880099417,,-0.4527807367109983,152.6713193475136,0.2727272727272727,0.9005646093082585,-0.07504315108384038,,-0.0,,0.7367532914111015,-0.08816015130647702,-0.13886732389348813,-0.17001270044492475,-0.07504315108384038
M15,0.5,2.5,"(12, 20)",0.3,1.0,113.68834814270922,0.2545854732208364,0.7850559670324513,-0.17409299715630272,,1.1151800441527786,,0.1989058491038846,119.43426178621277,0.2691131498470948,0.883988361789376,-0.0893866261837362,,-0.0,,0.6946714918702906,-0.14951085431843608,-0.14872289039696718,-0.22127327785973963,-0.0893866261837362
M15,0.5,2.5,"(12, 20)",0.3,2.0,124.36487680174574,0.27230046948356806,0.8601804723051912,-0.11199452858449402,-0.1166931383488613,0.8298891728818922,-0.14061291816066238,-0.5102303243387813,127.1043519926668,0.27586206896551724,0.9179386347536346,-0.06037327319757976,-0.19563883049465747,0.6279432414607006,-0.31155495843791386,-0.18589141361535827,-0.11572278897754197,-0.0934398508241793,-0.1274644844599365,-0.06037327319757976
M15,1.0,0.7,"(7, 17)",0.05,1.0,218.78542713009998,0.5245901639344263,0.7108961175664416,-0.14622051341486172,,1.7994900480826599,,-0.30625741623627034,200.5180725401554,0.5519125683060109,0.834887867612976,-0.07558213698571736,,-0.0,,1.13780520326945,-0.11638747844718687,-0.1527360040396344,-0.16676868865435918,-0.07558213698571736
M15,1.0,0.7,"(7, 17)",0.05,2.0,236.4684277216292,0.5312169312169313,0.7337229409288579,-0.13262677919634813,,1.7685191845226815,,-0.2535048424489289,219.1454344701152,0.5666666666666667,0.8871249718207557,-0.0501297836662625,,-0.0,,0.8413582065378112,-0.11684837531754975,-0.1314143832756624,-0.1472722304711673,-0.0501297836662625
M15,1.0,0.7,"(7, 17)",0.3,1.0,163.06729319075313,0.5258312020460358,0.7150696045344253,-0.14309061647999782,,1.319545206171014,,0.37168787865517633,150.84510739359595,0.5544794188861986,0.8446104491480071,-0.07030696140351873,,-0.0,,0.9027371068215732,-0.1095199373092677,-0.16274546097607162,-0.15448876169483441,-0.07030696140351873
M15,1.0,0.7,"(7, 17)",0.3,2.0,191.42682244131888,0.5342047930283225,0.7431758395763969,-0.12671304764414412,,1.3747224557580906,,0.21423437302054613,178.23828670236034,0.5717213114754098,0.9066567509914907,-0.040902157005652785,,-0.0,,0.6376783551915506,-0.1156690136828629,-0.12685043232852408,-0.1356602138122716,-0.040902157005652785
M15,1.0,0.7,"(0, 24)",0.05,1.0,358.66463463950817,0.5188372093023256,0.6858465312188675,-0.1622294472170716,,3.2347265558112777,,0.24566940903110698,354.6503614508031,0.5561277033985582,0.8458462513010228,-0.0702072803301378,,-0.0,,1.3934533944989953,-0.14004450608002708,-0.16848351417165244,-0.17576397958757764,-0.0702072803301378
M15,1.0,0.7,"(0, 24)",0.05,2.0,381.93613070100184,0.5269709543568465,0.7128894339575124,-0.145696014853938,,3.1017921042737444,,0.18678826285880212,371.0862690360617,0.5659448818897638,0.8816744054670144,-0.052956787217583165,,-0.0,,1.0857862852847866,-0.13062053691448589,-0.15857666349018434,-0.14662916525472092,-0.052956787217583165
M15,1.0,0.7,"(0, 24)",0.3,1.0,263.8270324104103,0.5229212772684161,0.6971291474731807,-0.154120357436205,,2.269590234719832,,0.2829354871797706,263.33976375492176,0.5561719833564494,0.8474358652911156,-0.06923827619964883,,-0.0,,1.142516233711268,-0.12657359515514607,-0.15722890905009113,-0.17457787426964713,-0.06923827619964883
M15,1.0,0.7,"(0, 24)",0.3,2.0,304.19765640239217,0.5316698656429942,0.7276068435208284,-0.13614743809839072,,2.3197333530145774,,0.3227777869695066,297.6725484885731,0.5680981595092025,0.8910078168598653,-0.04837722167555794,,-0.0,,0.871853632090247,-0.12027776056824742,-0.13890916797270536,-0.14705291106623944,-0.04837722167555794
M15,1.0,0.7,"(12, 20)",0.05,1.0,161.0654440671838,0.5406525116519938,0.7519939525218512,-0.12136662599579223,,1.1186975655573599,,-0.05641900290911574,162.53286389866875,0.5528089887640449,0.8355177577559342,-0.0760413555802639,,-0.0,,1.2287173657329526,-0.11019332014158804,-0.13235732271944753,-0.12120914491922771,-0.0760413555802639
M15,1.0,0.7,"(12, 20)",0.05,2.0,177.247057816036,0.5487058823529412,0.7806108137996827,-0.1055192870089077,,1.0686553491021598,,0.28455985418227553,174.22062040374158,0.5681341719077568,0.8913361002871145,-0.04906086216573013,,-0.0,,0.9375769415244379,-0.10198268599350747,-0.10423240346583305,-0.1098022039290405,-0.04906086216573013
M15,1.0,0.7,"(12, 20)",0.3,1.0,119.77730589356598,0.5376044568245125,0.7428506990928306,-0.12609485507572257,-0.15523776797334066,0.8727218080984477,-0.17787772292706247,-1.1909180771532897,123.08668569404803,0.5459940652818991,0.8126071478757391,-0.08663210137125901,,1.1688975183295904,,0.8442854352191628,-0.1156400826029523,-0.14126113033368676,-0.12149745262798022,-0.08663210137125901
M15,1.0,0.7,"(12, 20)",0.3,2.0,143.549264235952,0.5496804183614178,0.7850147923927291,-0.1028403287982632,-0.14434199313560947,0.8498385087633893,-0.16984637863215132,-1.139652653433712,143.17501718714192,0.5637755102040817,0.8757494775317363,-0.05560492623001054,-0.3334236599574032,0.7894907152276739,-0.4223275252341001,-0.2619827453066039,-0.10237828553359378,-0.0891979641708353,-0.1153763649258032,-0.05560492623001054
M15,1.0,1.0,"(7, 17)",0.05,1.0,204.35543136437093,0.4546938775510204,0.7738899630875727,-0.13144703328281523,,1.5027905230820355,,-0.0812679864738413,182.62119539176265,0.452,0.7963360411446381,-0.11397068642173244,,-0.0,,1.4117744120752942,-0.09244335633256927,-0.11987075792234267,-0.1758124542600524,-0.11397068642173244
M15,1.0,1.0,"(7, 17)",0.05,2.0,217.4508610477204,0.46490218642117376,0.8088685511146985,-0.1091006880442699,,1.3366962248459282,,0.24582258722261124,197.96137580467072,0.474169741697417,0.8713461348826733,-0.06907095379151278,,-0.0,,0.9405489265659249,-0.09099658694630511,-0.08624665985484925,-0.14498164017946358,-0.06907095379151278
M15,1.0,1.0,"(7, 17)",0.3,1.0,154.2257928949885,0.45159545700378584,0.7655500935616315,-0.13614996455163594,,1.190171053651151,,-0.2878658155955917,143.54025957792544,0.4529262086513995,0.7981317856372417,-0.11178742335382386,,-0.0,,1.0871120304415145,-0.08989328521318904,-0.12448046066323877,-0.184597869161894,-0.11178742335382386
M15,1.0,1.0,"(7, 17)",0.3,2.0,178.58162389841556,0.4642690331620738,0.8081219194847208,-0.10912273485600957,,1.1085719401783611,,-0.20553737647134204,167.6462573696381,0.48366013071895425,0.9049400255419983,-0.04966547347139113,,-0.0,,0.6757624817654931,-0.09493983500044337,-0.08121407169098997,-0.14520361498487666,-0.04966547347139113
M15,1.0,1.0,"(0, 24)",0.05,1.0,324.96684105942415,0.44840862422997946,0.7455486261139611,-0.151035881901385,,2.705712314835471,,0.20319277252172122,314.47369846461527,0.4796747967479675,0.8914063823580723,-0.0581651849888477,,-0.0,,0.9505938814591721,-0.11818640994981446,-0.1525026180919508,-0.1784384491784939,-0.0581651849888477
M15,1.0,1.0,"(0, 24)",0.05,2.0,340.06411986634293,0.4616139318126073,0.789289368854424,-0.12230174262690212,,2.3138777364252627,,0.3659590734057251,325.7962125789046,0.4910313901345291,0.933966249274003,-0.03483457680190748,,-0.0,,0.5913280461128129,-0.10436612706130217,-0.1278424790480298,-0.1329380837629085,-0.03483457680190748
M15,1.0,1.0,"(0, 24)",0.3,1.0,246.31085257917852,0.45309854385370807,0.7591745003254488,-0.14069470615077398,,1.9079819858269211,,0.216135451487554,240.32949313555966,0.47720364741641336,0.8828017717172707,-0.06239218258171952,,-0.0,,0.8396146178663487,-0.09982096322063369,-0.12705101484296258,-0.18812325649241235,-0.06239218258171952
M15,1.0,1.0,"(0, 24)",0.3,2.0,278.4238489364368,0.4652486518873577,0.8011368941436923,-0.1139439171855987,,1.7644498776723616,,-0.05794754294519069,267.7226724443241,0.4924965893587995,0.9398942037832952,-0.031136899775853672,,-0.0,,0.4706876266305481,-0.0947759222398892,-0.10098941204351689,-0.14253249489521505,-0.031136899775853672
M15,1.0,1.0,"(12, 20)",0.05,1.0,149.38799084636258,0.4556113902847571,0.7686843127192143,-0.13489645553606586,,1.1519084089746403,,-0.17657255308995354,152.6713193475136,0.47607655502392343,0.8720781311697724,-0.06912520284033824,,-0.0,,0.9661691926825712,-0.10465180963497159,-0.12170681089897566,-0.17386476891571478,-0.06912520284033824
M15,1.0,1.0,"(12, 20)",0.05,2.0,161.64931672822485,0.47007223942208465,0.8191462692826907,-0.10292937707288163,-0.21808106191810872,0.9498854860733098,-0.2295866871485999,-1.0740543648375176,163.26334868023582,0.5011185682326622,0.9662532840354786,-0.01808399544130351,-0.3418505117587035,1.910218487064773,-0.1789588542219526,-0.9262560963075332,-0.09105386418943459,-0.0757527761969549,-0.13783797629761987,-0.01808399544130351
M15,1.0,1.0,"(12, 20)",0.3,1.0,113.85516890300666,0.44981684981684983,0.7507086049056978,-0.14637779821691327,-0.2317870853645574,0.9612829236364869,-0.2411226493941222,-1.1490400303971964,117.97329222307867,0.47368421052631576,0.8618180293548672,-0.07341729717495261,,2.544185018185626,,-0.5193501674321791,-0.13043947302096834,-0.1182884161595586,-0.1862010271669475,-0.07341729717495261
M15,1.0,1.0,"(12, 20)",0.3,2.0,133.79024975855143,0.4682044887780549,0.813909184874669,-0.10606048619175525,-0.129762590467978,0.8182430252231664,-0.1585868580212911,-1.0744415949031558,136.23541176225496,0.5040214477211796,0.9770248179915803,-0.011453492869792461,-0.04136445603654659,0.45304849765252847,-0.09130249024304592,0.04545852171388163,-0.1067977518018179,-0.058319285427425316,-0.14854501238086257,-0.011453492869792461
M15,1.0,1.5,"(7, 17)",0.05,1.0,186.08855811180064,0.3733751680860601,0.8339485655194958,-0.11131865454125675,,1.1792118386714385,,0.2600971594002802,170.20295410512279,0.3497854077253219,0.7871383246598759,-0.14130973402497765,,-0.0,,1.3396403622530408,-0.0625764778689186,-0.09526468058627577,-0.16770863699979782,-0.14130973402497765
M15,1.0,1.5,"(7, 17)",0.05,2.0,194.26277536637545,0.38342636324602836,0.8736750523206706,-0.08376183688155332,-0.18601167411400654,0.9292124900370993,-0.2001820639610429,-0.6888250736565985,177.87304431157682,0.3490759753593429,0.7859014483799289,-0.14191054308358503,,3.462628747007422,,-0.18345637950398833,-0.057352948537194234,-0.0579703215226741,-0.13009835169230125,-0.14191054308358503
M15,1.0,1.5,"(7, 17)",0.3,1.0,142.54833967416732,0.36746635459332944,0.8127698893978148,-0.12576701532163787,,1.0332019241791297,,-0.25415374480419234,135.8701693714714,0.34408602150537637,0.7675249837478514,-0.1546806260323321,,25.5480781361057,,0.388260646432342,-0.06847214615471131,-0.11960179228633407,-0.17873379865689928,-0.1546806260323321
M15,1.0,1.5,"(7, 17)",0.3,2.0,160.81521292673762,0.3822614107883817,0.8684084162223397,-0.08696450775299042,-0.12255446637623213,0.8111500993423348,-0.15108728517150768,-0.7409557503460815,151.21034978437947,0.3502415458937198,0.7899993378902757,-0.1381607269660102,,1.2896681215471595,,-0.17361595064325494,-0.05487756552774907,-0.06706312957845953,-0.13086674545131938,-0.1381607269660102
M15,1.0,1.5,"(0, 24)",0.05,1.0,287.76581151309375,0.36869565217391304,0.8109551395642768,-0.12882026994841705,,2.0254232135904076,,0.22224718699042048,283.42809524801567,0.38788659793814434,0.9220399322562524,-0.04855672415022575,,-0.0,,0.6291006026190423,-0.08449016962213675,-0.13707026304705863,-0.15903300768879686,-0.04855672415022575
M15,1.0,1.5,"(0, 24)",0.05,2.0,292.93725508231455,0.3778473804100228,0.8464925452541362,-0.10358575939967532,,1.6511132570831848,,0.2510650419558726,284.88906481114975,0.38461538461538464,0.9109329286884791,-0.0556940406593716,,-0.0,,0.7376692285951275,-0.07568097869745646,-0.12026064536785155,-0.1117251287689685,-0.0556940406593716
M15,1.0,1.5,"(0, 24)",0.3,1.0,223.95687069932077,0.37206703910614525,0.8211628854192141,-0.12023250942346674,,1.4946699851931184,,0.3152459285170559,224.25882794108455,0.38599348534201955,0.9153548285425719,-0.05208779109991517,,-0.0,,0.6043743297380263,-0.0761315408423802,-0.11094993340325494,-0.16627921316014807,-0.05208779109991517
M15,1.0,1.5,"(0, 24)",0.3,2.0,242.80761661293215,0.38199931295087597,0.8597836625068973,-0.09324718690471685,,1.2693852847747253,,-0.2583714418790075,238.50328118164202,0.38591117917304746,0.9136968847002208,-0.052962172304601145,,-0.0,,0.6459678897505803,-0.06738203584922349,-0.08916648952930419,-0.11867626806085788,-0.052962172304601145
M15,1.0,1.5,"(12, 20)",0.05,1.0,138.4612310468799,0.36927710843373496,0.8130316177263095,-0.12643011939109589,-0.4614321375067587,1.0008337467715995,-0.46104774044161223,-0.6163228901114188,143.90550196870896,0.3730964467005076,0.8606260963337504,-0.08941449737921106,,6.576823811917007,,1.1514156181726725,-0.07528305145309316,-0.1418370899095841,-0.1571464609887109,-0.08941449737921106
M15,1.0,1.5,"(12, 20)",0.05,2.0,146.552037921306,0.38076266363118955,0.8591325183095755,-0.09395108560383653,-0.11906545100593224,0.7926755019784048,-0.15020705283405617,-0.7577851595829981,148.6536530488948,0.3783783783783784,0.8841116798848448,-0.07372750568985177,-0.3238045809699641,0.7528437176967536,-0.4301086312583045,-0.4072473046784308,-0.07410354062411974,-0.08916489810949751,-0.11596489932661641,-0.07372750568985177
M15,1.0,1.5,"(12, 20)",0.3,1.0,107.18233849110884,0.3657587548638132,0.7981159831914145,-0.13652446617908628,-0.14185681266786587,0.8525959389511378,-0.16638222889306498,-1.0053836158541496,113.9556259244599,0.3685897435897436,0.8430015651688821,-0.09994872218063111,-0.6655183752818472,1.0747240776576774,-0.619245803753016,0.4457494251966933,-0.10035839302526893,-0.12501242740666896,-0.17912303064137458,-0.09994872218063111
M15,1.0,1.5,"(12, 20)",0.3,2.0,122.44643805832511,0.38283378746594005,0.8634907228082742,-0.09043424531382006,-0.07991974350782394,0.6567287617580251,-0.12169368567608245,-0.6634423719898058,126.00862482031623,0.37681159420289856,0.8773069202768058,-0.07707518575695654,-0.1467634055834569,0.42642022332973256,-0.34417552816197233,-0.5721751520119384,-0.09870585575945669,-0.05742944175109495,-0.11416074836195714,-0.07707518575695654
M15,1.0,2.5,"(7, 17)",0.05,1.0,160.398161025994,0.26365054602184085,0.8336460561223398,-0.13202813776793576,,1.228159086695951,,0.2065911924403831,151.94083456594652,0.2620192307692308,0.8587835903004434,-0.1079100558185042,,-0.0,,0.8010595064555154,-0.1473698743718628,-0.12697733185131427,-0.12394413948373532,-0.1079100558185042
M15,1.0,2.5,"(7, 17)",0.05,2.0,162.3165997694146,0.2697841726618705,0.8607198219438137,-0.11054635342036986,,1.1011520356831046,,-0.3110818402625188,151.21034978437947,0.2608695652173913,0.8539305926516478,-0.11115052370306105,,9.917960179870567,,-0.47433669142110296,-0.1515493433679512,-0.11369236745535605,-0.07457785563779593,-0.11115052370306105
M15,1.0,2.5,"(7, 17)",0.3,1.0,127.78470238784337,0.2506527415143603,0.7787409745352755,-0.17642354115956238,,1.3219773425118084,,-0.09995026756050977,123.81717047561509,0.25663716814159293,0.8344005439631241,-0.1267249707528776,,-0.0,,0.8008944015349754,-0.15121665847118115,-0.20992798540738372,-0.16824528540613204,-0.1267249707528776
M15,1.0,2.5,"(7, 17)",0.3,2.0,138.87828294762352,0.26306306306306304,0.8309155027550494,-0.1339693505289748,,1.127662225977505,,0.27610787976515444,129.29580633736796,0.2711864406779661,0.8990771910729828,-0.07542861906712592,,-0.0,,0.8930984806554154,-0.18669856071294336,-0.12660218983506774,-0.0991903553831384,-0.07542861906712592
M15,1.0,2.5,"(0, 24)",0.05,1.0,237.71958342386006,0.2649122807017544,0.8350212816516095,-0.13230279257502053,,1.768680061508639,,-0.17948978571836724,236.31182683694087,0.2797527047913447,0.9374934830712125,-0.04612516946694078,,-0.0,,0.4591614847875405,-0.11443547847285242,-0.15166409720916332,-0.12883741417227518,-0.04612516946694078
M15,1.0,2.5,"(0, 24)",0.05,2.0,230.46288035092118,0.2692725298588491,0.8560675532433025,-0.11550471938975523,,1.500301631111155,,-0.057833854964657296,226.81552467656923,0.2882447665056361,0.9791727188709974,-0.015675867298619865,,-0.0,,0.23082847760383313,-0.13772126366718893,-0.1477245082607872,-0.06578483273451194,-0.015675867298619865
M15,1.0,2.5,"(0, 24)",0.3,1.0,193.17844042444207,0.2599309153713299,0.811411456547523,-0.15007232389129777,,1.6733784479776483,,0.2658646531863455,192.11749755213432,0.26425855513307983,0.8667642611242151,-0.09978227583340517,,-0.0,,0.8151464608053246,-0.11876403839176183,-0.1616955615658061,-0.16626221285393228,-0.09978227583340517
M15,1.0,2.5,"(0, 24)",0.3,2.0,197.3489594318782,0.2692307692307692,0.8541583592920085,-0.1160930429251582,,1.3320166821033497,,0.2756176908657814,193.5784671152684,0.2849056603773585,0.9666684558927331,-0.024712789581067787,,-0.0,,0.34406815202946295,-0.12451016886358687,-0.12445161619590539,-0.10119137847058728,-0.024712789581067787
M15,1.0,2.5,"(12, 20)",0.05,1.0,119.8607162737147,0.26791927627000695,0.845884836181521,-0.12203284410117793,-0.13816452907979848,0.8562907814517742,-0.1613523490765033,-0.6255851987778526,128.93056394658444,0.26345609065155806,0.8579931746359485,-0.1085098773130818,,1.0817414617275543,,-0.36585654718034255,-0.08582172414973546,-0.16183840658831808,-0.11538758845287436,-0.1085098773130818
M15,1.0,2.5,"(12, 20)",0.05,2.0,121.94597577743278,0.26812585499316005,0.8485714469484044,-0.12012813059056184,-0.13708910838136323,0.8553518932301336,-0.16027217507365618,-0.5475657388925583,125.27814003874919,0.27696793002915454,0.9229108279120194,-0.05826461124360462,-0.25165768903519636,0.7004219500731304,-0.35929440676283925,-0.04478849481500637,-0.13488413450979375,-0.10806156649704862,-0.11926960254140263,-0.05826461124360462
M15,1.0,2.5,"(12, 20)",0.3,1.0,97.33991363355953,0.26135389888603255,0.8148096164326503,-0.14708982543840618,-0.1332407321690965,0.8653827889803904,-0.15396739323425085,-0.6872662732299823,103.72883898252118,0.2535211267605634,0.8134749128614186,-0.14275673241091014,,1.1078629616085878,,-0.5956713402705348,-0.07351145255272054,-0.21710497743042267,-0.14722256454767044,-0.14275673241091014
M15,1.0,2.5,"(12, 20)",0.3,2.0,105.43072050798565,0.2713607594936709,0.8590532618815743,-0.11144734025605894,-0.08735964022707399,0.7417553044476372,-0.1177742035726028,-0.5211709488284724,106.28553571800586,0.2920962199312715,0.9930829315813872,-0.005039732795022339,-0.007526540404338422,0.2945545468993979,-0.025552280498012597,0.08795109048752475,-0.104071804228776,-0.11919708462849501,-0.11024871096687688,-0.005039732795022339
H1,0.2,0.7,"(7, 17)",0.05,1.0,151.13960882948575,0.5535320088300221,0.8052741925524495,-0.0945636514450368,-0.12183638896328886,0.8059446076448336,-0.15117216221512353,-0.8672259002846365,139.15735088852315,0.5774278215223098,0.9268919135923824,-0.03218701199394231,-0.11123183036178985,0.48710012152763027,-0.22835516856975438,-0.21639736613665508,-0.10602181249571378,-0.1255949539752805,-0.0548121493591087,-0.03218701199394231
H1,0.2,0.7,"(7, 17)",0.05,2.0,173.74382184978964,0.556889102256361,0.8187103303062129,-0.08697192894822045,-0.14140525382320868,0.8541579636812184,-0.1655493009908677,-0.7453378118063057,155.9585008645653,0.5620608899297423,0.8728170773368324,-0.05778358593762751,-0.379589045715358,0.8599982933889135,-0.44138348719222165,-0.09477128606985478,-0.1207871838367777,-0.09723798467659799,-0.048164691686213935,-0.05778358593762751
H1,0.2,0.7,"(7, 17)",0.3,1.0,104.09615442560609,0.5600961538461539,0.8261898395014357,-0.08241435385254882,-0.05282676185448698,0.4973464132684506,-0.10621723701056009,-0.7496731884544124,91.67584008666485,0.5816733067729084,0.9449266646653514,-0.024420397937072742,-0.020329784326112765,0.19749307237224023,-0.10293922759880227,-0.18769654887622228,-0.08836905274905216,-0.11659986557870172,-0.04457620140575152,-0.024420397937072742
H1,0.2,0.7,"(7, 17)",0.3,2.0,131.1211175937923,0.5604325699745547,0.8300138808904239,-0.0799813375260835,-0.07155158518449134,0.6079347290271699,-0.11769616336771828,-0.7823255282731642,111.0336867981917,0.5625,0.8762551523802766,-0.056571479570996175,-0.07712911697157199,0.33327418189633046,-0.23142841888533708,-0.518402578395056,-0.10738007597447376,-0.08525356628003575,-0.05126527687981403,-0.056571479570996175
H1,0.2,0.7,"(0, 24)",0.05,1.0,250.56478196676338,0.5376165113182424,0.7467230258474942,-0.12723471352354393,,1.7655886813506652,,0.14645773595927408,248.36482573279721,0.575,0.9188325293230929,-0.03553669790810279,,-0.0,,0.6315592679344607,-0.13600378548107572,-0.14686676905892074,-0.09974163876612668,-0.03553669790810279
H1,0.2,0.7,"(0, 24)",0.05,2.0,267.0800372362105,0.5437226733291692,0.7695428133243478,-0.11396097757990943,,1.6863712673322835,,-0.33622053393278645,262.2440365825712,0.5654596100278552,0.8861654836811234,-0.05118941618941659,,-0.0,,0.8978102760545634,-0.13394311659088912,-0.1241644150043458,-0.08642975867580693,-0.05118941618941659
H1,0.2,0.7,"(0, 24)",0.3,1.0,156.47787315900402,0.5373134328358209,0.7484421571851729,-0.1251398591263245,,1.1071762443560458,,0.14623001062894198,155.5932584737818,0.5845070422535211,0.9609024862001837,-0.01691382918890169,,-0.0,,0.42005243531117964,-0.14449630840059455,-0.15013928779491978,-0.08317863163418396,-0.01691382918890169
H1,0.2,0.7,"(0, 24)",0.3,2.0,181.91803910436448,0.5433287482806052,0.7698672681262493,-0.11262245750804778,,1.158810518768405,,0.2642187475576373,175.68158996687566,0.5675675675675675,0.899338339729128,-0.045393916382433695,,-0.0,,0.7478697186746771,-0.13750666632045283,-0.12000458136111765,-0.08422198222648075,-0.045393916382433695
H1,0.2,0.7,"(12, 20)",0.05,1.0,113.93857928315538,0.5490483162518301,0.7875134230519751,-0.10359368237395919,-0.08612892684327145,0.6757327031010676,-0.1274600540243342,-0.9808964673004036,112.12941397054227,0.5700325732899023,0.8987901842719498,-0.045289949117620555,-0.07593327760144564,0.35810892903283315,-0.2120396098654209,-0.3842071744659164,-0.08878155951738777,-0.1376875629629446,-0.08364848610484281,-0.045289949117620555
H1,0.2,0.7,"(12, 20)",0.05,2.0,131.204527973941,0.5537190082644629,0.8052872628601015,-0.09338024931974756,-0.09300707266103758,0.6987598967534425,-0.1331030488343196,-0.976787525478216,123.45192808483155,0.5591715976331361,0.8614810183907067,-0.06313944578730114,-0.13555847776518049,0.4173425940098331,-0.32481342597392915,-0.5766211766218405,-0.09127677583538359,-0.1095803475445896,-0.07976691257830193,-0.06313944578730114
H1,0.2,0.7,"(12, 20)",0.3,1.0,77.8218846787584,0.5562700964630225,0.8057420705603204,-0.09287991127727545,-0.04252429001891722,0.42379889555053024,-0.10034072874040083,-0.7922381766740231,77.06614445532384,0.5639810426540285,0.879979272102939,-0.05475514365224979,-0.034585657275287174,0.18874663505954728,-0.1832385370174987,-0.4332957551488965,-0.089929009791147,-0.11543066818324813,-0.07214170847892816,-0.05475514365224979
H1,0.2,0.7,"(12, 20)",0.3,2.0,99.7588146578725,0.5576923076923077,0.8139608320130473,-0.08796828692387604,-0.0557350336813085,0.5148025491481263,-0.10826487509344408,-0.8742096627919954,92.04108247744838,0.5515873015873016,0.8377983338802123,-0.07547145295222649,-0.0700224464508431,0.26038996367211437,-0.2689137686543713,-0.6516636952885361,-0.09377514939423386,-0.08759480952216017,-0.08300819769810268,-0.07547145295222649
H1,0.2,1.0,"(7, 17)",0.05,1.0,142.29810853372115,0.4683470105509965,0.8182527744957473,-0.1047450880369301,-0.1369688066724124,0.8516133716768731,-0.16083449512155187,-0.6865479601253154,128.56532155580092,0.48295454545454547,0.9054083656004197,-0.05102140975811405,-0.22244652660205677,0.7682078489378708,-0.28956554780013355,-0.028674103352279018,-0.13497279992434372,-0.11884754933589399,-0.06344436556060318,-0.05102140975811405
H1,0.2,1.0,"(7, 17)",0.05,2.0,158.06267038182975,0.47071240105540896,0.8297438504686392,-0.09713367077817556,-0.1504128402960293,0.8701768097368973,-0.17285319329701218,-0.644026319990762,143.54025957792544,0.46564885496183206,0.8467808139932714,-0.08514282802374064,,1.251602692980185,,0.04983851626494787,-0.1394429626338782,-0.09533759869162131,-0.0618781192213383,-0.08514282802374064
H1,0.2,1.0,"(7, 17)",0.3,1.0,100.67632883950846,0.4747307373653687,0.8376243755800986,-0.09173285213269723,-0.05912067332848214,0.5395581228854623,-0.10957239048189125,-0.6497970864163296,86.56244661569549,0.4767932489451477,0.8831821183182833,-0.06334379266792092,-0.05708403317761768,0.30408488915007265,-0.18772400475791298,-0.4203949064394842,-0.1347883901338059,-0.0953993713428776,-0.047318760059006836,-0.06334379266792092
H1,0.2,1.0,"(7, 17)",0.3,2.0,121.86256539728404,0.47775496235455167,0.8525622134479581,-0.08226106118959535,-0.06722799795580325,0.5809930262785908,-0.11571222874466464,-0.6471789744838629,105.55505093643882,0.45674740484429066,0.8171170292504606,-0.10301322912872297,-0.134256960939664,0.37343287996692937,-0.3595209959860888,-0.8022995001046562,-0.11695918043162876,-0.07481721913384186,-0.05857704937520424,-0.10301322912872297
H1,0.2,1.0,"(0, 24)",0.05,1.0,230.87993225166477,0.4570086705202312,0.7747258847992833,-0.13298872280783,,1.7066610509195563,,0.06341278038031573,225.3545551134351,0.4829821717990275,0.9043677043411608,-0.050258350469298683,,-0.0,,0.7263953455368164,-0.14704534022136484,-0.12404217473900417,-0.12882755374384472,-0.050258350469298683
H1,0.2,1.0,"(0, 24)",0.05,2.0,238.5536872253473,0.4646853146853147,0.8032618478247335,-0.11427050636843492,,1.5180918788149296,,0.15819015990544408,237.04231161850794,0.4714946070878274,0.8662923908073243,-0.07260038752495739,,-0.0,,1.0321547582653037,-0.13989360547115173,-0.10176830280843864,-0.10322788803103478,-0.07260038752495739
H1,0.2,1.0,"(0, 24)",0.3,1.0,148.97093894561897,0.4563269876819709,0.772121059140219,-0.1336943481564451,,1.1231873590887154,,0.2630438854584665,145.00122914105955,0.491183879093199,0.9370442483054666,-0.0325424135815722,,-0.0,,0.5217919847950253,-0.18279061463044416,-0.12521724221848574,-0.0955296811733222,-0.0325424135815722
H1,0.2,1.0,"(0, 24)",0.3,2.0,167.15440181804055,0.46357285429141715,0.7997137007242454,-0.1154551246074911,,1.090959681902685,,-0.17280865065625287,164.3590758525864,0.47555555555555556,0.8833777906251993,-0.06326075858702705,,-0.0,,0.8228130817334051,-0.15303010745746723,-0.10370238789685304,-0.09345529967751631,-0.06326075858702705
H1,0.2,1.0,"(12, 20)",0.05,1.0,108.68372533378584,0.46508058326937834,0.7978561493581197,-0.11803245050391369,-0.10049566103187235,0.719696116812542,-0.13963624185851803,-0.8464008004627638,104.45932376408824,0.4825174825174825,0.8997822913347765,-0.054405612125482554,-0.10476471092600592,0.453192659267316,-0.23117036161923,-0.3176510186236473,-0.1401757492255831,-0.1333309912879402,-0.08150837261189714,-0.054405612125482554
H1,0.2,1.0,"(12, 20)",0.05,2.0,120.86164083549937,0.4699792960662526,0.8195640965169912,-0.10334543246611338,-0.096943413640185,0.7067082173339072,-0.13717601021523276,-0.8431177597874022,114.68611070602695,0.4681528662420382,0.8512265572410065,-0.08220264408919524,-0.1791969605320789,0.5162745933172139,-0.34709622137453344,-0.5865803575046149,-0.12430351978310598,-0.11215682777838204,-0.07566519109650188,-0.08220264408919524
H1,0.2,1.0,"(12, 20)",0.3,1.0,75.82003555518905,0.46424642464246424,0.7882788950067896,-0.12335970272243829,-0.060792254561591985,0.5480983615115974,-0.11091486278837501,-0.8125212545265348,73.77896293827212,0.46534653465346537,0.8389407804711754,-0.0894786838571291,-0.07103424833468963,0.27803180866702126,-0.25548964586193174,-0.5618338204874357,-0.17227843460400655,-0.12064198927377139,-0.07645409376908183,-0.0894786838571291
H1,0.2,1.0,"(12, 20)",0.3,2.0,93.58644652686701,0.4679144385026738,0.8080501242109787,-0.10989614517671391,-0.0707253315473324,0.5889678531898689,-0.12008351757108937,-0.8388935976857534,87.65817378804607,0.45416666666666666,0.8041509545086476,-0.11062555284771292,-0.12497857083268049,0.38017285214572033,-0.3287414399194821,-0.7555921974815645,-0.14265687992733994,-0.10290918706038336,-0.08641422771757655,-0.11062555284771292
H1,0.2,1.5,"(7, 17)",0.05,1.0,128.6188061893306,0.38067444876783396,0.862780848192327,-0.09248663309849758,-0.08610058665580889,0.7064716169173726,-0.12187409174554145,-0.5633283355802298,119.43426178621277,0.3853211009174312,0.9098202557833927,-0.05745279069565045,-0.10606055676138526,0.4396040800085419,-0.24126381347353376,-0.302942401524872,-0.12672075606409222,-0.08130452793848804,-0.07275484061474456,-0.05745279069565045
H1,0.2,1.5,"(7, 17)",0.05,2.0,140.04602826970563,0.38594401429422276,0.8842401139648096,-0.07734518174948256,-0.0737771435981377,0.6350752108197554,-0.11617071858765535,-0.5288711558837288,129.29580633736796,0.3870056497175141,0.9197891335173307,-0.05196646736894559,-0.08491607384775224,0.39014803656105596,-0.21765090655393662,-0.27602075100317264,-0.1024068844680204,-0.05283333326165159,-0.07921081719711542,-0.05196646736894559
H1,0.2,1.5,"(7, 17)",0.3,1.0,95.42147489013891,0.38461538461538464,0.8782084297187639,-0.08111605441697388,-0.0461267415841351,0.4653866405682716,-0.0991148811831189,-0.46914851964409804,81.08381075394261,0.36936936936936937,0.8485011065249823,-0.09822047513095226,-0.07202960523696489,0.27794189942701625,-0.2591534611566504,-0.5492884845493329,-0.1219774140850854,-0.0948472000640177,-0.030540983197910303,-0.09822047513095226
H1,0.2,1.5,"(7, 17)",0.3,2.0,113.02106510151943,0.3896678966789668,0.9020019304276807,-0.06447995680667823,-0.04285032208663464,0.4355122674262441,-0.098390620176713,-0.433946076676476,96.42399116685068,0.3787878787878788,0.8873513379229314,-0.07299374729269445,-0.05938481954710895,0.2673717122377309,-0.22210584302316744,-0.42886304129308095,-0.0571083409653951,-0.05863288894304614,-0.07621309953412884,-0.07299374729269445
H1,0.2,1.5,"(0, 24)",0.05,1.0,201.35265767901691,0.371996685998343,0.8226740495697549,-0.12151092038291357,,1.3598928669582862,,0.06295365402133561,202.70952688485656,0.3891891891891892,0.9232950331275458,-0.04714107089165021,,-0.0,,0.5357565125277075,-0.11083699059055235,-0.11568018567785496,-0.13731363883187292,-0.04714107089165021
H1,0.2,1.5,"(0, 24)",0.05,2.0,203.35450680258626,0.3785890073831009,0.8488174070128774,-0.10252963523923356,,1.1918073169354197,,0.23751940877957337,205.99670840190828,0.3882978723404255,0.9232143199183521,-0.04827317548306361,,-0.0,,0.6089001505576491,-0.09660472935971526,-0.10511419103143306,-0.1053962627693811,-0.04827317548306361
H1,0.2,1.5,"(0, 24)",0.3,1.0,137.71053762554138,0.37189582071471833,0.823110906191392,-0.1201071980993407,-0.2006561243642504,0.9399825444979358,-0.21346792612135684,-0.5585981114841055,134.0439574175538,0.3869209809264305,0.9150089745496209,-0.052401476893839706,,1.5294742795740883,,0.4711030966329964,-0.15772182929998088,-0.11854603946785888,-0.08720489528443105,-0.052401476893839706
H1,0.2,1.5,"(0, 24)",0.3,2.0,149.72163236695746,0.37771587743732593,0.848516570987058,-0.10140276693850586,-0.15077015602451815,0.8657186606893014,-0.1741560657875529,-0.6057103723740822,149.01889543967832,0.3897058823529412,0.9299678029390831,-0.044050025342740856,-0.2912803210604944,0.9091844192563906,-0.3203753989743121,0.15633371935128787,-0.10588410709668138,-0.09855693682086115,-0.10016418442264582,-0.044050025342740856
H1,0.2,1.5,"(12, 20)",0.05,1.0,99.09153161668272,0.37037037037037035,0.814232981981903,-0.1273513389289827,-0.09846367273964951,0.729904427651478,-0.1348994046473505,-0.8185122317754322,98.61544551155184,0.3888888888888889,0.9214770270560165,-0.05074262020497604,-0.08796511030288512,0.5195287908042863,-0.16931710399861707,-0.19632079239284306,-0.12608383092164377,-0.13375959614173175,-0.12192147977099654,-0.05074262020497604
H1,0.2,1.5,"(12, 20)",0.05,2.0,106.6818762102165,0.3706020328381548,0.8201392181463313,-0.12162310262550582,-0.10613498598927396,0.7511380168463712,-0.14129891392646893,-0.8470594724512874,105.92029332722234,0.38620689655172413,0.9124575540393055,-0.0563796109158995,-0.12064736091544537,0.5623788870456948,-0.21453038813251615,-0.22366924632731294,-0.10318769080144696,-0.11204085074833549,-0.14808821534769886,-0.0563796109158995
H1,0.2,1.5,"(12, 20)",0.3,1.0,71.31587502715801,0.3730994152046784,0.8218467948473187,-0.12136447063236828,-0.054627307630812916,0.5024792475168408,-0.10871554974811583,-0.6603271303485645,69.39605424886982,0.3736842105263158,0.8618471849586172,-0.08994862561885014,-0.061714464242915046,0.31511478874551857,-0.1958475655446137,-0.45002616995721095,-0.16759868258593252,-0.11293636052130267,-0.08431651588124872,-0.08994862561885014
H1,0.2,1.5,"(12, 20)",0.3,2.0,85.24540851199473,0.36888454011741684,0.8125749261825462,-0.12689171887443912,-0.07727190326305355,0.6253798278042276,-0.1235599548107637,-0.814123283218455,81.44905314472615,0.38565022421524664,0.9086828333913899,-0.058524014064252824,-0.06284996419394595,0.3633802260020126,-0.17295923029559088,-0.2674465283434071,-0.12788439067442056,-0.09479793082590365,-0.15809688287539914,-0.058524014064252824
H1,0.2,2.5,"(7, 17)",0.05,1.0,113.52152738241176,0.2814107274063189,0.9099471236441206,-0.07087385953965847,-0.0472290051597587,0.633487956037226,-0.07455391173527434,-0.268300152643107,108.1117476719235,0.2939189189189189,1.005176427126498,0.002109578277278231,4.090790501587449e-05,0.18471741373152065,0.00022146209276907965,0.0605040914701117,-0.12926135867250255,-0.10382844603128995,0.015341115179911194,0.002109578277278231
H1,0.2,2.5,"(7, 17)",0.05,2.0,120.44458893475576,0.28878116343490307,0.9453755548500603,-0.04341594501973699,-0.026762989429688466,0.306878151238645,-0.08721047530319656,-0.19958815796692814,114.32086831524342,0.30990415335463256,1.0878722346996421,0.06031671576456473,0.04328422018756384,0.13450887705256326,0.321794524911908,0.3930712784981064,-0.0315274148486989,-0.05232660804328361,-0.044925507644112204,0.06031671576456473
H1,0.2,2.5,"(7, 17)",0.3,1.0,87.99795105690258,0.2853080568720379,0.9290724420321254,-0.056015409126706515,-0.025359101716012633,0.48420862494350403,-0.052372263544399805,-0.18692103387447664,75.60517489218974,0.28502415458937197,0.9641940231512289,-0.026756761706775326,-0.015958530363783918,0.20416701157211975,-0.07816409830804984,-0.1096220150207875,-0.10583612766745018,-0.14222957747200737,0.0763575198062055,-0.026756761706775326
H1,0.2,2.5,"(7, 17)",0.3,2.0,99.67540427772377,0.2903765690376569,0.9550527928486826,-0.03533435009789982,-0.017103620253737573,0.26203798097546444,-0.06527153121111495,-0.14524338933118514,86.19720422491197,0.3050847457627119,1.061901866698739,0.042695335705638535,0.019878560120512034,0.16900833990412212,0.11761881178046643,0.23438642156688458,0.018206555765111477,-0.07584978099626394,-0.04207189848872652,0.042695335705638535
H1,0.2,2.5,"(0, 24)",0.05,1.0,169.74012360265095,0.2678132678132678,0.8419319224136367,-0.12572826839088078,,1.1974107591399639,,0.2778762294295569,178.9687714839274,0.3122448979591837,1.0973334203347185,0.06825812916253417,,-0.0,,0.5268919356827354,-0.13141986211133763,-0.0927438053868228,-0.15494288768070585,0.06825812916253417
H1,0.2,2.5,"(0, 24)",0.05,2.0,166.82076029744564,0.274,0.8699977746984453,-0.10305741244919484,-0.22907641727797978,0.9649846044654145,-0.237388675651343,-0.4475745255272977,175.31634757609214,0.31875,1.134480078597422,0.09302038405857736,0.9186545833432913,0.8637509315110254,1.0635642172173623,1.0441379595308387,-0.08878264312385502,-0.07436303620307423,-0.14706176624177753,0.09302038405857736
H1,0.2,2.5,"(0, 24)",0.3,1.0,121.52892387668916,0.2800274536719286,0.895786671286757,-0.08126228739314446,-0.06478396710995937,0.6176316504839332,-0.1048909443989782,-0.3615036212247255,123.45192808483155,0.28994082840236685,0.9906683105153873,-0.006965867738720158,-0.013597882586331211,0.29968570548038953,-0.04537381108830035,0.012802458015506897,-0.1178147624577659,-0.07545406661961421,-0.05263834777378807,-0.006965867738720158
H1,0.2,2.5,"(0, 24)",0.3,2.0,127.28424010695103,0.27916120576671033,0.8943948874171493,-0.08237291060658959,-0.07111452605948765,0.6457887830514967,-0.11012041076875875,-0.42494878505547584,131.85250307285264,0.296398891966759,1.0227344040616553,0.015493864780687826,0.02031384674989334,0.3442524439210343,0.0590085767250297,0.17485214189276643,-0.04891024435944704,-0.0871325374793553,-0.10692571204228732,0.015493864780687826
H1,0.2,2.5,"(12, 20)",0.05,1.0,87.99795105690258,0.25876777251184835,0.7969316377142821,-0.1634991667006405,-0.13292276587855656,0.8566971795183814,-0.1551572353177154,-0.6780498683658517,90.58011291431428,0.31451612903225806,1.1051803259194486,0.07166026659058047,0.1572121975412295,0.3228949804518362,0.4868833740346102,0.5265383267893443,-0.2250422019231277,-0.13240906560044577,-0.14004160768496074,0.07166026659058047
H1,0.2,2.5,"(12, 20)",0.05,2.0,91.83482854374382,0.25885558583106266,0.8001595497813813,-0.15968912178427624,-0.14165398879275948,0.8440777874173718,-0.1678210123573785,-0.8069345839763049,94.59777921293306,0.3166023166023166,1.1171684218121951,0.08058957872584512,0.19885524092566564,0.4610277901370274,0.431330269410791,0.5827730437881299,-0.12671805827483057,-0.11105181698956228,-0.24377093457855564,0.08058957872584512
H1,0.2,2.5,"(12, 20)",0.3,1.0,66.22784183808592,0.2695214105793451,0.8414199786483056,-0.1260312615346959,-0.052462613850788875,0.5109634875142607,-0.10267389966748784,-0.48427948575488755,66.10887273181808,0.30386740331491713,1.0524436509970891,0.03698710144540269,0.02246775948174129,0.17270379854284168,0.13009418247490276,0.21978305650079932,-0.1921588853297575,-0.12309359258027538,-0.06356744938797038,0.03698710144540269
H1,0.2,2.5,"(12, 20)",0.3,2.0,75.98685631548649,0.2645444566410538,0.8238803856645249,-0.13985514562684973,-0.07535401498906191,0.6120570163395626,-0.12311600549850789,-0.6808237332127819,74.8746901106227,0.3073170731707317,1.0655879989350405,0.04671133783169759,0.041760037939242434,0.2634971646813727,0.15848382273767428,0.2902084322739781,-0.11065281011399021,-0.0960070133373577,-0.21503796034300848,0.04671133783169759
H1,0.5,0.7,"(7, 17)",0.05,1.0,139.04510370792096,0.5530893821235753,0.8100916621649346,-0.08978924794825913,-0.09865309817666668,0.7328190707369522,-0.1346213575984822,-0.9629047983660715,125.6433824295327,0.563953488372093,0.8768609449411986,-0.054314368607250064,-0.12840714946648024,0.44552939886523873,-0.28821251704945317,-0.4834399835553135,-0.10533251372246287,-0.07375506782523406,-0.09056711006466209,-0.054314368607250064
H1,0.5,0.7,"(7, 17)",0.05,2.0,158.47972228257336,0.55,0.8040483345415065,-0.0929343816446617,-0.14270267997810315,0.8576567686788966,-0.16638670058876487,-0.9833070663800909,140.61832045165724,0.5558441558441558,0.8489352739839421,-0.06780748698102984,-0.43775474630771416,0.9015791920644393,-0.48554220212795923,-0.029811146980674497,-0.11417202915790325,-0.0726043762535466,-0.09135924383946725,-0.06780748698102984
H1,0.5,0.7,"(7, 17)",0.3,1.0,99.008121236534,0.5593934288121314,0.8284774840792521,-0.0795743597830511,-0.049077932603211916,0.48608629712110696,-0.10096547237369313,-0.7646948731858275,86.92768900647903,0.5504201680672269,0.8296193944339689,-0.0768427715548656,-0.06299798038524551,0.25091362587171,-0.2510743693826171,-0.6621664641180973,-0.08804651426084659,-0.07527806671807172,-0.07566138552939528,-0.0768427715548656
H1,0.5,0.7,"(7, 17)",0.3,2.0,123.11372109951489,0.55420054200542,0.8162158147073053,-0.08591112821732297,-0.0753517974243394,0.628031746330008,-0.11998087336296014,-0.9351978451499287,105.55505093643882,0.5432525951557093,0.8060171918937158,-0.08900315332795959,-0.13117555426224625,0.3998652106588208,-0.32804942957183114,-0.8111877562817821,-0.09085698812126834,-0.07108001273273043,-0.09291210353525765,-0.08900315332795959
H1,0.5,0.7,"(0, 24)",0.05,1.0,220.87068663381805,0.5472054380664653,0.7870880660028817,-0.10218118221336071,,1.2967051138522407,,0.24064312992480366,223.5283431595175,0.5620915032679739,0.8754964670214139,-0.05616061010396854,,-0.0,,0.9170076187062624,-0.10610150724427059,-0.0879225732860234,-0.11253647907949944,-0.05616061010396854
H1,0.5,0.7,"(0, 24)",0.05,2.0,234.29975783776243,0.5478818084727661,0.7934876615948308,-0.09880127800863933,,1.325467476612555,,0.1593856699064785,233.02464531988915,0.5564263322884012,0.8552133612081102,-0.06566418198343722,,-0.0,,1.0557194223158848,-0.10205845971560022,-0.08489350483388074,-0.108094712612907,-0.06566418198343722
H1,0.5,0.7,"(0, 24)",0.3,1.0,146.2183964007111,0.5459212778094695,0.782019507550583,-0.10457534343242032,-0.16094336171557244,0.8839674842204432,-0.1820693233501748,-1.0272971115324006,146.8274410949772,0.5646766169154229,0.8859373367551586,-0.050502093100105686,-0.4329705938335381,0.8791657275245758,-0.49247892664404963,-0.20618381114688603,-0.11407316662005158,-0.09391701891376926,-0.10614172155113986,-0.050502093100105686
H1,0.5,0.7,"(0, 24)",0.3,2.0,168.40555752027137,0.5458147597820703,0.7866964276731977,-0.1021269269340811,-0.3083289735860729,0.9912204191230488,-0.3110599495709111,-0.5234183872197004,164.3590758525864,0.5555555555555556,0.8524857412609732,-0.06622553643897354,,4.866622157725705,,-0.014262997526514536,-0.10544449265888972,-0.08725092951494713,-0.11152181818043032,-0.06622553643897354
H1,0.5,0.7,"(12, 20)",0.05,1.0,107.26574887125756,0.5637636080870918,0.8333220487071276,-0.07722423276080446,-0.052740185724322375,0.492859566881623,-0.10700854618287185,-0.7873301769608564,105.55505093643882,0.5743944636678201,0.9148929680270769,-0.03808408661150584,-0.036964439185873665,0.19209923929289036,-0.19242366248788018,-0.3267675285164841,-0.10798879497022346,-0.04246635117924168,-0.08258585799299346,-0.03808408661150584
H1,0.5,0.7,"(12, 20)",0.05,2.0,122.52984843847383,0.5609257998638529,0.8313729855508766,-0.07830674264378164,-0.06508772318771894,0.5606182598560401,-0.11609989871616502,-0.8798356467886744,114.68611070602695,0.5764331210191083,0.921839665598802,-0.03380136772533641,-0.043113500693106266,0.19557312068433835,-0.22044696399099198,-0.30463145939625613,-0.10072352944047973,-0.045026523358751416,-0.08783886619826822,-0.03380136772533641
H1,0.5,0.7,"(12, 20)",0.3,1.0,75.06934213385054,0.5677777777777778,0.8404361323711701,-0.07322085389011689,-0.03156057081657093,0.3399028015406444,-0.09285175254078343,-0.618521676533966,74.14420532905564,0.5467980295566502,0.816735876853257,-0.08488500715532704,-0.04611103785856463,0.1682328234605106,-0.27409061388896144,-0.6863236538749643,-0.12030462569161678,-0.04129378745140519,-0.058195144053920046,-0.08488500715532704
H1,0.5,0.7,"(12, 20)",0.3,2.0,95.08783336954401,0.5605263157894737,0.8267097441627282,-0.08041853785018052,-0.047690539732207604,0.4585635271774981,-0.10399985368602556,-0.8017132778249173,87.65817378804607,0.55,0.826556506020047,-0.07855445473894998,-0.06354306513538333,0.2282089798723478,-0.2784424397800959,-0.6953398091551156,-0.106190346946707,-0.047728945791927505,-0.08548990818099485,-0.07855445473894998
H1,0.5,1.0,"(7, 17)",0.05,1.0,129.61973075111527,0.4839124839124839,0.8801465264252347,-0.06573908577350054,-0.053867553082148745,0.506369185014452,-0.106379998381243,-0.6154551491700112,116.8775650507281,0.484375,0.9087014899948829,-0.04746311933432648,-0.05506090624136617,0.34120735946863234,-0.16137080491790504,-0.3498635791918324,-0.07535747944854386,-0.0430045691485704,-0.07871893355683499,-0.04746311933432648
H1,0.5,1.0,"(7, 17)",0.05,2.0,143.6326746161007,0.483739837398374,0.8816551247551302,-0.06466136902730066,-0.0610820791866884,0.5441851118625375,-0.11224503915152659,-0.6299849035722663,127.1043519926668,0.47701149425287354,0.8824708808492834,-0.06181592986445655,-0.08811276182604677,0.377522665469942,-0.23339727620423423,-0.4907043848097386,-0.07818887356766861,-0.03857398278591609,-0.07539872834350839,-0.06181592986445655
H1,0.5,1.0,"(7, 17)",0.3,1.0,95.17124374969275,0.4890446976336547,0.8947142173852489,-0.05677468853715182,-0.030584734712178485,0.3447998553875171,-0.08870286409431526,-0.4365871367461042,82.91002270786025,0.46255506607929514,0.8303434946706205,-0.09139643484737056,-0.0566178976685946,0.25036508064631713,-0.2261413513515366,-0.6409227881539797,-0.08403495133226807,-0.04464858565378258,-0.042891191332783,-0.09139643484737056
H1,0.5,1.0,"(7, 17)",0.3,2.0,115.02291422508878,0.4887599709934735,0.9000986768602244,-0.05362454711264221,-0.036045533262984986,0.37902261352522115,-0.09510127358294526,-0.46853324885817477,97.51971833920126,0.4606741573033708,0.8238946107421941,-0.09474971310288567,-0.07534530256177807,0.27222306354778336,-0.27677780706686045,-0.7398744489755434,-0.06298723563105592,-0.03148712984764813,-0.06351716546829024,-0.09474971310288567
H1,0.5,1.0,"(0, 24)",0.05,1.0,198.68352551425778,0.4748110831234257,0.843327420944028,-0.08758097472961712,-0.32613076770406246,1.010781790892373,-0.3226520012950931,-0.18620296503505343,197.23089102310368,0.4722222222222222,0.8683312302160514,-0.0709587860521467,,6.469943274128762,,-0.5471413343982688,-0.06928210447232079,-0.08213335777136574,-0.10977018696264423,-0.0709587860521467
H1,0.5,1.0,"(0, 24)",0.05,2.0,205.27294554600687,0.4758228362454287,0.8497361559301599,-0.08370854419820485,-0.2769469828335952,0.9988766885062499,-0.27725843041521975,0.23899581060258604,202.70952688485656,0.4720720720720721,0.8678647955586775,-0.07064040163875639,,5.051780754280076,,-0.9974165326757967,-0.07368677633224333,-0.08431257758782976,-0.09104244712425734,-0.07064040163875639
H1,0.5,1.0,"(0, 24)",0.3,1.0,137.87735838583882,0.47186932849364793,0.8317769372077561,-0.09400911620715864,-0.10746198735648271,0.7520489784094028,-0.14289227223440523,-0.81427180641049,133.67871502677028,0.47540983606557374,0.8778795411841165,-0.06479443285435392,-0.19424421812857529,0.5538979336534615,-0.3506859410854951,-0.48705783465714936,-0.11805822334157996,-0.08893804209425427,-0.07677635480737244,-0.06479443285435392
H1,0.5,1.0,"(0, 24)",0.3,2.0,153.39168909350127,0.47362697117998914,0.8435271320361225,-0.0868161352679157,-0.11427117331160641,0.776977925095542,-0.14707132547884796,-0.8025371510596339,146.09695631341012,0.47,0.8584065823679068,-0.0748685759726511,-0.30101640255881323,0.7213620383568291,-0.41728894307287123,-0.5682149632508333,-0.10150479320305748,-0.07560620245745964,-0.0828768467055527,-0.0748685759726511
H1,0.5,1.0,"(12, 20)",0.05,1.0,101.09338074025206,0.4793729372937294,0.846789319687996,-0.08502454187561628,-0.055488311470054064,0.5118330303592429,-0.10841096251859361,-0.74697314251895,97.88496072998478,0.48134328358208955,0.8948936382051264,-0.056603298033646124,-0.054499540477428776,0.3171822506511515,-0.17182405498903322,-0.37378033175387054,-0.1034619628276758,-0.047156486501013214,-0.10555975113479117,-0.056603298033646124
H1,0.5,1.0,"(12, 20)",0.05,2.0,111.60308863899114,0.48056801195814647,0.8579631067225545,-0.07820466301222395,-0.056889616614469785,0.52120777244417,-0.10914959373627453,-0.7220113145641044,105.1898085456553,0.4861111111111111,0.9104149527910871,-0.046243438853012304,-0.05008328419841712,0.326628702775825,-0.1533339959801107,-0.3305815963710518,-0.09549330314845764,-0.04940168839671958,-0.08827565350082159,-0.046243438853012304
H1,0.5,1.0,"(12, 20)",0.3,1.0,72.7338514896863,0.48394495412844035,0.858967528909743,-0.07741188822625421,-0.03241101718985273,0.33536111583026956,-0.09664512568671303,-0.5253454802700219,70.12653903043686,0.4635416666666667,0.8297719322921323,-0.09317855486495726,-0.04874246681348082,0.23068806383359555,-0.2112916724145758,-0.6049407492013722,-0.15119825910277496,-0.04534448932814145,-0.03574862478256459,-0.09317855486495726
H1,0.5,1.0,"(12, 20)",0.3,2.0,88.83205485838981,0.47981220657276996,0.8542904602706989,-0.08002000495961203,-0.043420057666712086,0.41652961372308717,-0.10424242655548173,-0.6335425897552494,81.08381075394261,0.46846846846846846,0.8447910451353742,-0.08217515999659931,-0.058849340616248025,0.2970127519322454,-0.19813742081239913,-0.5775038754502247,-0.11999941602479539,-0.04855776605211887,-0.07083373131152453,-0.08217515999659931
H1,0.5,1.5,"(7, 17)",0.05,1.0,115.43996612583238,0.3901734104046243,0.9034122414346258,-0.06282629653686539,-0.043434248919249185,0.46594892253285114,-0.09321676007564307,-0.40241943415782583,107.38126289035644,0.391156462585034,0.930555884787305,-0.040673782305831276,-0.03936228026906252,0.28866125078471067,-0.1363614969520786,-0.250716126825022,-0.11749764537888871,-0.034026815574377714,-0.04185997676310801,-0.040673782305831276
H1,0.5,1.5,"(7, 17)",0.05,2.0,125.28239098338169,0.38881491344873503,0.9004203953808783,-0.06463921883523079,-0.05041067089535489,0.48570272601693165,-0.10378914548978169,-0.4632061803330528,114.32086831524342,0.3993610223642173,0.969280305827249,-0.016102426076157663,-0.019490669552645223,0.29128795478947356,-0.06691203406173103,-0.06731796904746538,-0.09795395425336256,-0.004930915962498775,-0.09032306612863698,-0.016102426076157663
H1,0.5,1.5,"(7, 17)",0.3,1.0,87.74771991645642,0.3830798479087453,0.8770990225351202,-0.08046066128723718,-0.04227865014129373,0.4323380402707854,-0.09779072439430365,-0.4647203838087838,76.70090206454032,0.3619047619047619,0.827798021802434,-0.10784770245040651,-0.07437610845310283,0.33758073910981595,-0.2203209479581952,-0.5972909616640434,-0.14456828985845097,-0.06205576069353867,-0.04062802018406387,-0.10784770245040651
H1,0.5,1.5,"(7, 17)",0.3,2.0,103.42887138441631,0.3870967741935484,0.8954508237742732,-0.06778511160610817,-0.0420317460026951,0.4242459254089447,-0.09907401223047531,-0.4720890843165157,88.38865856961313,0.38016528925619836,0.8926644958854979,-0.06366359493473296,-0.0504508937153777,0.32586482214455204,-0.15482154036558732,-0.3709508454745663,-0.08012735713932786,-0.012632377518819493,-0.10492267279193809,-0.06366359493473296
H1,0.5,1.5,"(0, 24)",0.05,1.0,169.07284056146116,0.37691169215589543,0.8484580455789662,-0.100710180947615,-0.25627701358501476,1.0020712684847533,-0.2557472922784574,0.2183679918203997,177.87304431157682,0.3921971252566735,0.9381580319818967,-0.03800228762276399,,1.8805989707943545,,-0.333571666042658,-0.12157201143372076,-0.06618303067008796,-0.11620390829600818,-0.03800228762276399
H1,0.5,1.5,"(0, 24)",0.05,2.0,172.32584538726135,0.37899322362052273,0.8580989508369541,-0.09390701284206464,-0.19271344345161023,0.9749348648919013,-0.19766801905579395,-0.30005394647753686,174.22062040374158,0.389937106918239,0.9334100244684099,-0.04081415564513683,,1.644422837445831,,0.6827365826578,-0.1257657240850494,-0.059697335334125266,-0.0968667912069706,-0.04081415564513683
H1,0.5,1.5,"(0, 24)",0.3,1.0,122.78007957892,0.37839673913043476,0.8549474718887708,-0.0956448547480111,-0.08921305574056171,0.7175913375137606,-0.12432292737766076,-0.6499550672497028,123.08668569404803,0.37388724035608306,0.8721934707186643,-0.07991466387749165,-0.17266950555724003,0.5734265162444387,-0.30111880191399265,-0.5616767093855777,-0.15394325033920775,-0.0524915632000963,-0.0846265418663526,-0.07991466387749165
H1,0.5,1.5,"(0, 24)",0.3,2.0,133.20637709751034,0.3769567939887289,0.8530174273719583,-0.09689138754053442,-0.10680220737919144,0.788191109393611,-0.135502933370257,-0.6694114354263763,131.48726068206912,0.37777777777777777,0.8855138027315984,-0.07058657491481365,-0.2146008776483982,0.6680413639522033,-0.3212389070922147,-0.4259965175186619,-0.13867440277956267,-0.04777875247752198,-0.10448412483758412,-0.07058657491481365
H1,0.5,1.5,"(12, 20)",0.05,1.0,90.75049360181043,0.38327205882352944,0.8607209286449802,-0.0914415116079462,-0.05317188328236111,0.5162839616773153,-0.10298960887650871,-0.5780052134509466,92.4063248682319,0.4031620553359684,0.9754159270941447,-0.01455399562351352,-0.012908480993127025,0.25161759138802653,-0.05130198139930724,-0.03815417738178634,-0.1565128469617184,-0.03797872647086223,-0.08382597931186332,-0.01455399562351352
H1,0.5,1.5,"(12, 20)",0.05,2.0,97.59014477400571,0.37606837606837606,0.8397890113071604,-0.1057921427792499,-0.07338757265242024,0.6269464971119555,-0.11705555895197103,-0.7120124367464669,96.05874877606716,0.39543726235741444,0.9524993161732156,-0.02803693429069605,-0.03473782497684175,0.3637599882912252,-0.0954965529332235,-0.10378571697585451,-0.14792160985151176,-0.03977825876134109,-0.13000496767401498,-0.02803693429069605
H1,0.5,1.5,"(12, 20)",0.3,1.0,66.89512487927571,0.385286783042394,0.869266756016561,-0.08527096670137037,-0.03312222026252032,0.3546625925660605,-0.0933907915770702,-0.44267597300713213,67.20459990416866,0.3804347826086957,0.8952434269364472,-0.06378400490414629,-0.03311571104901034,0.23402179061167278,-0.14150695523888776,-0.3240214653231513,-0.1744465495153289,-0.0496163019674881,-0.0327554956381489,-0.06378400490414629
H1,0.5,1.5,"(12, 20)",0.3,2.0,79.57350266188158,0.3721174004192872,0.8269454152626593,-0.11483994429961368,-0.06122250923820982,0.5457944721759166,-0.11217136185739349,-0.6954817844945648,75.60517489218974,0.37681159420289856,0.8806893144460087,-0.07284613794438674,-0.0621510971538648,0.3948684706294555,-0.15739696070134548,-0.3553944969677311,-0.16646031401997527,-0.05639908279538444,-0.12210932773770601,-0.07284613794438674
H1,0.5,2.5,"(7, 17)",0.05,1.0,99.92563541816995,0.27212020033388984,0.8738271914989801,-0.09831250524225893,-0.0648469846211781,0.7181793971106617,-0.0902935741154185,-0.35237347358113874,93.50205204058248,0.3125,1.0896739252065664,0.06533127116912868,0.0572340279499699,0.26288022757653484,0.21771902922332495,0.38262482396099295,-0.11756672957233237,-0.17836264441922434,-0.006477220719426557,0.06533127116912868
H1,0.5,2.5,"(7, 17)",0.05,2.0,104.76343746679586,0.27388535031847133,0.8827818548228522,-0.0912621111904043,-0.062077253605606564,0.5691080782314695,-0.10907814522421574,-0.4179260589676132,91.31059769588133,0.312,1.086416335514858,0.061814213790158425,0.05195698502229118,0.2129812604434669,0.24395096974309852,0.36763924543373794,-0.06148776002913317,-0.15820099776377305,-0.05114728419265723,0.061814213790158425
H1,0.5,2.5,"(7, 17)",0.3,1.0,79.3232715214354,0.2733964248159832,0.880844926181804,-0.09295132696306015,-0.04338206061080929,0.5843070135962161,-0.0742453189870289,-0.3243354456280003,67.20459990416866,0.29891304347826086,1.0183921290652007,0.017593703206440478,0.004326117346772573,0.2339786798575226,0.018489365567011876,0.07933528791823456,-0.09428535238418558,-0.2417012458422925,0.04426209642850886,0.017593703206440478
H1,0.5,2.5,"(7, 17)",0.3,2.0,89.58274827972832,0.2746741154562384,0.8869680687018797,-0.08765423198677258,-0.047410606286582335,0.5052436425731472,-0.09383711598057053,-0.380594128264229,71.95275098435448,0.3096446700507614,1.0701856932806444,0.0512341400201046,0.027134333478818773,0.18371556802358432,0.14769751834714098,0.25089484716443244,-0.046469608289026104,-0.17337411561903865,-0.03972341626660436,0.0512341400201046
H1,0.5,2.5,"(0, 24)",0.05,1.0,137.87735838583882,0.26678765880217786,0.8476807806118566,-0.11956434513431079,-0.20173686225078624,0.9727799871121412,-0.20738179745008486,-0.4226675721036307,145.7317139226266,0.3082706766917293,1.078639308891758,0.05509289910177662,0.4082574219228017,0.7623129127519491,0.535550972695704,0.7406452174273066,-0.09802143150367143,-0.13794544430747607,-0.12056932407792473,0.05509289910177662
H1,0.5,2.5,"(0, 24)",0.05,2.0,132.87273557691546,0.2693032015065913,0.8592254969370221,-0.11026815922659228,-0.13622752708715902,0.8823390097027575,-0.15439363508709808,-0.5006373590267928,127.83483677423386,0.3028571428571429,1.0485505922582656,0.034009660564706064,0.10446820764838893,0.5832197194028965,0.17912324321842898,0.40419138395067805,-0.10097126374521143,-0.13969559646692206,-0.08916619370291287,0.034009660564706064
H1,0.5,2.5,"(0, 24)",0.3,1.0,105.76436202858055,0.2744479495268139,0.8837695786797338,-0.08985007149977318,-0.062230617799731824,0.6737772180790799,-0.09236082213813876,-0.4247024503310137,104.82456615487176,0.289198606271777,0.9857004512373692,-0.010160232965928787,-0.015347376197387352,0.2630417912754945,-0.05834577130488522,-0.021924900189285043,-0.07957880187076037,-0.15465674925994488,-0.0393598701791476,-0.010160232965928787
H1,0.5,2.5,"(0, 24)",0.3,2.0,109.6012395154218,0.2732115677321157,0.8793648231944295,-0.09339589780222621,-0.06964371449618867,0.6969005605653514,-0.09993350333897151,-0.43803264390043906,100.44165746546946,0.29818181818181816,1.0234947886141705,0.01647405630187989,0.015054003112898284,0.27287749099290826,0.055167625069117626,0.14969129006734563,-0.06851405182361056,-0.16934324641420845,-0.04508409326174896,0.01647405630187989
H1,0.5,2.5,"(12, 20)",0.05,1.0,78.98963000084052,0.2893347412882788,0.9354617116442316,-0.04827353273160204,-0.02108661419847968,0.31824076772066,-0.06625994007464416,-0.19914041870729557,82.91002270786025,0.30837004405286345,1.0678622442011179,0.04731853003367548,0.024429325299591076,0.12917528177324827,0.18911764669090353,0.28823810059455546,-0.13992501060388918,0.0080652627620015,-0.020577888536472553,0.04731853003367548
H1,0.5,2.5,"(12, 20)",0.05,2.0,81.1582998847073,0.2816032887975334,0.9049097214208408,-0.07221240732615253,-0.034444384185542964,0.3993547599678497,-0.08625009049176209,-0.34369505114992993,79.257598800025,0.3087557603686636,1.0679965165058207,0.04724060258052904,0.02750259315120518,0.14397792393814596,0.19101951465156913,0.28502005715332857,-0.08207728542536571,-0.032905982386890034,-0.09932157877220124,0.04724060258052904
H1,0.5,2.5,"(12, 20)",0.3,1.0,60.80616712841894,0.2880658436213992,0.9332340934456644,-0.05015074874130784,-0.016443107676486157,0.27851639026098024,-0.059038204757279646,-0.17636718688808772,62.091206433199304,0.29411764705882354,0.9972825962721773,-0.0010173900698789737,-0.0006342320556750325,0.10527342723444968,-0.006024616774967941,0.034548486717787846,-0.13486149239419717,-0.041218934483612864,0.025405811834192746,-0.0010173900698789737
H1,0.5,2.5,"(12, 20)",0.3,2.0,68.81356362269634,0.2787878787878788,0.8946263605400179,-0.08037275745264714,-0.03207890878989572,0.34530448898719723,-0.09290035262497008,-0.35613560677735967,64.64790316868398,0.2937853107344633,0.9920638699887927,-0.005660818393314997,-0.0025506525844882777,0.1746481460644567,-0.014604521387515437,0.026695106358905155,-0.07806416407107301,-0.06627347294596224,-0.09273882698884904,-0.005660818393314997
H1,1.0,0.7,"(7, 17)",0.05,1.0,122.61325881862255,0.5727891156462585,0.8859805885352051,-0.05081119586163118,-0.03662364766466486,0.3879373571481056,-0.0944060864205011,-0.5573567896928211,111.76417157975875,0.5751633986928104,0.9149851826179939,-0.03532308634489511,-0.031768687063604695,0.16303364811161808,-0.19485969572278006,-0.35621244124065204,-0.057434365474790916,-0.043920577907277304,-0.04930327995943625,-0.03532308634489511
H1,1.0,0.7,"(7, 17)",0.05,2.0,137.71053762554138,0.5693519079345851,0.875029411334464,-0.05603811926469085,-0.0482416301130546,0.4755121280170718,-0.10145194469429522,-0.6342360701945222,122.72144330326451,0.5744047619047619,0.9137985366751633,-0.03548072840434244,-0.04127686842638445,0.19524752126006012,-0.2114078998800998,-0.3654638425401774,-0.07985602659357299,-0.034362715899408314,-0.05329281583971586,-0.03548072840434244
H1,1.0,0.7,"(7, 17)",0.3,1.0,92.75234272537978,0.5683453237410072,0.8668428205852036,-0.059814735395039974,-0.03195275750503146,0.35396393982620333,-0.09027122231920093,-0.5671923878949852,80.35332597237557,0.5545454545454546,0.8398324895682006,-0.07127984605417047,-0.04309862806717324,0.18086232792441656,-0.23829521914140359,-0.6155630020356994,-0.07507994279739987,-0.05265296907123357,-0.04962412179096333,-0.07127984605417047
H1,1.0,0.7,"(7, 17)",0.3,2.0,112.43719244047837,0.5593471810089021,0.8401494293772565,-0.07316544013484703,-0.0528200720256673,0.5119659683949596,-0.10317106074698876,-0.7755753540002314,95.3282639945001,0.5555555555555556,0.8458482925045345,-0.06796830873423974,-0.06484871668735281,0.23610550555395723,-0.274659909074136,-0.6199171368714154,-0.09426330758556983,-0.03622284605652747,-0.08609923507566651,-0.06796830873423974
H1,1.0,0.7,"(0, 24)",0.05,1.0,179.99960036094384,0.567191844300278,0.8611805684305642,-0.06293691249757481,-0.0849756980845231,0.6887917623696996,-0.12336921363893076,-0.8660752766501865,187.00410408116497,0.58984375,0.976914444375661,-0.008756365642597424,-0.02543441110355471,0.22544980989139204,-0.11281628986871826,-0.05338778763174802,-0.04663233897118141,-0.06444848798779242,-0.0756660448161899,-0.008756365642597424
H1,1.0,0.7,"(0, 24)",0.05,2.0,188.67427989641104,0.5636604774535809,0.8518039800768185,-0.06751685513144841,-0.10565270791541215,0.7722682048162458,-0.13680830993236506,-0.8582567427193641,194.30895189683548,0.5864661654135338,0.9653345448273352,-0.013791278752678089,-0.05391005174515329,0.36544780743557076,-0.14751778680368124,-0.09963765769562191,-0.07665899930850742,-0.05215467911144657,-0.07259914297257797,-0.013791278752678089
H1,1.0,0.7,"(0, 24)",0.3,1.0,130.20360341215633,0.5624599615631006,0.8415246453958821,-0.07234737232702934,-0.06408203386950095,0.5627230509588642,-0.11387845896894924,-0.8048694639236148,128.20007916501737,0.5811965811965812,0.9413582377859688,-0.02424932201698894,-0.03488488673694001,0.1653696791455041,-0.21095092472330304,-0.2386878105816621,-0.09537862217319924,-0.05344140511077387,-0.06736090583562002,-0.02424932201698894
H1,1.0,0.7,"(0, 24)",0.3,2.0,146.63544830145472,0.5563139931740614,0.8270465410925923,-0.07984392855179046,-0.09091415036255546,0.7142157701125426,-0.1272922752016938,-0.9302814272105542,141.71404762400783,0.5798969072164949,0.9389248313932405,-0.025536692499716494,-0.05810707273217619,0.259087078648853,-0.2242762280357876,-0.2455932031400709,-0.11167004063900753,-0.03288800113026123,-0.09280149246904051,-0.025536692499716494
H1,1.0,0.7,"(12, 20)",0.05,1.0,96.42239945192358,0.5717993079584776,0.8641724782181028,-0.06145507537119365,-0.03452764421707866,0.386460923656566,-0.08934317056014217,-0.6307914287272746,97.51971833920126,0.5917602996254682,0.9746387626225941,-0.009235455859678707,-0.007532953353391547,0.12184322073322583,-0.061824969071400795,-0.06214980383059414,-0.05508747812035892,-0.059417606351409476,-0.06992966158212015,-0.009235455859678707
H1,1.0,0.7,"(12, 20)",0.05,2.0,109.10077723452946,0.5596330275229358,0.8293605742290482,-0.078810727791683,-0.056136815543320506,0.5340547004508909,-0.10511435531964311,-0.8684045719573311,105.1898085456553,0.5972222222222222,0.9989956026023641,0.0009249381205378499,-0.0003170075794411975,0.14655554542383528,-0.0021630541411750666,0.04573646140126502,-0.08728674035264912,-0.05426222688237472,-0.09254883630579788,0.0009249381205378499
H1,1.0,0.7,"(12, 20)",0.3,1.0,70.39836084552206,0.5793838862559242,0.887270971333201,-0.050146884458843556,-0.019025342224568753,0.23835674494318285,-0.07981877009229937,-0.41136492217517856,70.12653903043686,0.5625,0.8616978002508049,-0.06007774683920317,-0.02680290372415839,0.1229740103428997,-0.21795584001384843,-0.48383623660310443,-0.10129821150105697,-0.02615767402764303,-0.02179886963962169,-0.06007774683920317
H1,1.0,0.7,"(12, 20)",0.3,2.0,87.66430953630768,0.5575642245480494,0.8215667309493221,-0.08264456447951089,-0.04470274132537244,0.4496749481713082,-0.09941123361922861,-0.8001461602542851,82.1795379262932,0.5777777777777777,0.9196224871264703,-0.03283430950302508,-0.024089012650600483,0.153541863435112,-0.15688889083191757,-0.2693966359091546,-0.12271679697286342,-0.031093286172581835,-0.09223453029568408,-0.03283430950302508
H1,1.0,1.0,"(7, 17)",0.05,1.0,112.43719244047837,0.4970326409495549,0.936697960105852,-0.0334536559810089,-0.020212646408012458,0.2693907207419146,-0.07503096748227217,-0.27059507329484284,101.53738463782004,0.49640287769784175,0.9524468294996995,-0.021467606343353308,-0.015374061601160283,0.13808418192608013,-0.1113383255541203,-0.17679931907348834,-0.05213689407012807,-0.03888099395324809,-0.009479348830631748,-0.021467606343353308
H1,1.0,1.0,"(7, 17)",0.05,2.0,123.5307730002585,0.49358541525995947,0.9245008469439538,-0.039941308888745516,-0.027715432787419614,0.3334024788859837,-0.08312905434904605,-0.3424460992003382,108.47699006270702,0.5016835016835017,0.9748038489172068,-0.010587882248663314,-0.00935080982074743,0.14773691070087133,-0.06329366017190097,-0.07158958352146345,-0.07030167363019156,-0.015432219718160096,-0.034480141248742366,-0.010587882248663314
H1,1.0,1.0,"(7, 17)",0.3,1.0,86.2463330737794,0.49032882011605416,0.910587598214542,-0.047824695243079064,-0.022471965470042043,0.30366715772836134,-0.07400196201047148,-0.3459132428899208,73.77896293827212,0.47029702970297027,0.8567464617033408,-0.0742037172455659,-0.037190180542200135,0.1783585180945526,-0.2085136215500772,-0.5320926346726025,-0.0630731406979332,-0.08136067865467422,9.123663427736692e-05,-0.0742037172455659
H1,1.0,1.0,"(7, 17)",0.3,2.0,102.84499872337524,0.48418491484184917,0.8909207165422635,-0.05866449464006123,-0.03535018910673893,0.4004767207110889,-0.08827027209963893,-0.48374515403529444,85.46671944334493,0.48717948717948717,0.9189784442174552,-0.04010997372386512,-0.027340455955505827,0.19378947129439916,-0.14108328885407312,-0.28180467301514656,-0.07406459719181067,-0.03799828350409963,-0.061886344099832145,-0.04010997372386512
H1,1.0,1.0,"(0, 24)",0.05,1.0,159.06359494361442,0.48295752490823285,0.8810673046558207,-0.06449626967426733,-0.07235718584751727,0.6514653421342793,-0.11106835800422839,-0.7428390091078375,166.18528780650402,0.5010989010989011,0.9780770920962879,-0.008941072602056925,-0.022105558813376613,0.2622735193530479,-0.08428437178066839,-0.05501255647602704,-0.047021860725879244,-0.054603263554066965,-0.08953068314089305,-0.008941072602056925
H1,1.0,1.0,"(0, 24)",0.05,2.0,163.6511658517942,0.48114169215086644,0.8762388662543159,-0.06718816049090665,-0.08098883503139864,0.6790249936605639,-0.11927224444978818,-0.7364752243905471,167.28101497885459,0.5,0.9722735213076243,-0.012655072038726201,-0.03178928725937591,0.2993258295989299,-0.10620295382450201,-0.0757643879061882,-0.0794432237685454,-0.029531486795753282,-0.09113170758717282,-0.012655072038726201
H1,1.0,1.0,"(0, 24)",0.3,1.0,118.10909829059152,0.4830508474576271,0.8788694536715522,-0.06539611816876799,-0.04858778587965895,0.4969858421232436,-0.09776492962471564,-0.5956918572881462,115.05135309681047,0.49523809523809526,0.9562524244366046,-0.020165408579646896,-0.022847838896587258,0.170761287060766,-0.1337998751933556,-0.16120730354000046,-0.06181858625119989,-0.06325915531561702,-0.06876811500094325,-0.020165408579646896
H1,1.0,1.0,"(0, 24)",0.3,2.0,129.61973075111527,0.4774774774774775,0.8641019208377813,-0.07395766321123488,-0.0658499354504839,0.6085915013980976,-0.10820055045002924,-0.7214268087091504,124.54765525718213,0.49853372434017595,0.9660609457291188,-0.015978788577247917,-0.023685625437387947,0.2426579745255304,-0.09760909561575504,-0.10374036486391647,-0.07870356792979392,-0.026996131260451084,-0.11087409219776605,-0.015978788577247917
H1,1.0,1.0,"(12, 20)",0.05,1.0,87.83113029660514,0.4852801519468186,0.8783537935248356,-0.06598997605099147,-0.03376770683963837,0.38433313951438003,-0.08786051310148583,-0.5206639234258406,88.75390096039665,0.522633744855967,1.0535168058359368,0.02812022500107315,0.016621016406292766,0.09408085327801163,0.1766673645824319,0.2535224203008388,-0.0916384880065238,-0.04808960383607269,-0.058924524242599155,0.02812022500107315
H1,1.0,1.0,"(12, 20)",0.05,2.0,97.17309287326209,0.4755364806866953,0.8506004568728035,-0.08216935615141333,-0.050813917699732314,0.5055287499068176,-0.10051637559505501,-0.6853575319929003,94.23253682214953,0.5271317829457365,1.076229663197314,0.038048220657076595,0.030376482815980932,0.11917017079219412,0.2549000527065675,0.34943854556264997,-0.11710395729124375,-0.03055963390566728,-0.09712590734744722,0.038048220657076595
H1,1.0,1.0,"(12, 20)",0.3,1.0,64.97668613585508,0.49165596919127086,0.8981554129760686,-0.05459697451456131,-0.019220707176865193,0.2461618105989581,-0.07808159653236864,-0.35681811914916484,64.64790316868398,0.4915254237288136,0.9292686652442655,-0.03400083887298783,-0.01447714934045119,0.1164201036790673,-0.12435265802854827,-0.2239080048439592,-0.11685101105472541,-0.029246086075079697,-0.01702434754436855,-0.03400083887298783
H1,1.0,1.0,"(12, 20)",0.3,2.0,79.49009228173286,0.47114375655823715,0.8348716990114258,-0.09144852538890234,-0.04496983802324206,0.45580018221685664,-0.09866129891507305,-0.6928070540120486,74.8746901106227,0.5073170731707317,0.9928646438369446,-0.0018098196273958556,-0.0021531949974662457,0.1372895193256847,-0.015683607955231705,0.017113751134160138,-0.1445564107363631,-0.026497404713034405,-0.10127146614908913,-0.0018098196273958556
H1,1.0,1.5,"(7, 17)",0.05,1.0,97.33991363355953,0.3967437874892888,0.9311711677482098,-0.04398067401495123,-0.02255818212667715,0.3043293373613625,-0.0741242442226049,-0.262020820029646,91.31059769588133,0.436,1.119584208410445,0.07255218576695895,0.03677216420230511,0.0826783477229775,0.44476172075322695,0.48065710735862854,-0.05675438351571998,-0.06602019746692513,-0.007878603424779845,0.07255218576695895
H1,1.0,1.5,"(7, 17)",0.05,2.0,102.6781779630778,0.39561332250203085,0.925846149699229,-0.04714999127325485,-0.026285656171523897,0.2969972157916716,-0.08850472251551995,-0.29995212349068207,94.59777921293306,0.42857142857142855,1.087286602742299,0.05322737353263214,0.0292135852152009,0.1341828350655636,0.2177147710504606,0.3625709179289339,-0.054580591745808586,-0.03317502366813505,-0.05197801023001388,0.05322737353263214
H1,1.0,1.5,"(7, 17)",0.3,1.0,77.57165353831223,0.3924731182795699,0.9133852577026104,-0.055182230722829906,-0.022859470331872078,0.3106660856585751,-0.07358212365991841,-0.30555744545048646,68.30032707651924,0.4117647058823529,1.0199638214941462,0.016005663463346764,0.0032592459080735825,0.10072644716176749,0.03235739966921704,0.06739609228383771,-0.06618942256968674,-0.08358625565761613,-0.015585508346418201,0.016005663463346764
H1,1.0,1.5,"(7, 17)",0.3,2.0,88.24818219734875,0.3950850661625709,0.9231615621464685,-0.04853303944916121,-0.023008702927565405,0.29581109695638313,-0.07778174370165025,-0.2987931046975216,74.8746901106227,0.4097560975609756,1.005205193919633,0.005208953349324635,-0.0004530310978398955,0.13156590074280852,-0.0034433777694837728,0.01980775191017052,-0.04891702620883896,-0.015740453601546165,-0.0764775656525635,0.005208953349324635
H1,1.0,1.5,"(0, 24)",0.05,1.0,132.37227329602314,0.389413988657845,0.8981376885930659,-0.06557540183942628,-0.05546475765197434,0.5609560753760293,-0.09887540234731265,-0.5404437742374756,142.8097747963584,0.41687979539641945,1.0484033326974196,0.028918123493964856,0.03516722740926603,0.28870383451556575,0.12181073891268306,0.29875394861013643,-0.047354125323420086,-0.0665456960394944,-0.08002421749050183,0.028918123493964856
H1,1.0,1.5,"(0, 24)",0.05,2.0,132.12204215557696,0.3851010101010101,0.8814790855650608,-0.07657772093183425,-0.06972275511560833,0.6445642969681369,-0.10817036476200445,-0.5611059271863806,138.79210849773963,0.4026315789473684,0.9884761397826486,-0.007443349953783189,-0.014842618127436147,0.36483113955235946,-0.04068352867479389,-0.010862778852452308,-0.09655834219031743,-0.05608994078755475,-0.07681199027088564,-0.007443349953783189
H1,1.0,1.5,"(0, 24)",0.3,1.0,103.59569214471375,0.391304347826087,0.9043247909683263,-0.06088380567052483,-0.03674446450349178,0.4717801719558543,-0.0778847155681864,-0.42058048964600814,103.72883898252118,0.38380281690140844,0.9210331222771587,-0.04976098463435443,-0.042604343557137936,0.23207166106709656,-0.18358270614015285,-0.36226023774453603,-0.0394217781351375,-0.08423660505680713,-0.0556350967941008,-0.04976098463435443
H1,1.0,1.5,"(0, 24)",0.3,2.0,108.933956474232,0.38208269525267996,0.8711784467187483,-0.08326175106435246,-0.05957973542775985,0.6058321894687809,-0.09834362792773006,-0.5647025321665413,106.6507781087894,0.3972602739726027,0.9688605187083221,-0.020880270873214597,-0.02404792378636611,0.2992909680045539,-0.0803496475242788,-0.11390300096783207,-0.07746936642988823,-0.08786316381512234,-0.08197711891443862,-0.020880270873214597
H1,1.0,1.5,"(12, 20)",0.05,1.0,78.07211581920457,0.3942307692307692,0.903517046347046,-0.061946534412527,-0.02725136699418018,0.34422460424714274,-0.07916740017402862,-0.38934017592528164,81.44905314472615,0.42152466367713004,1.0494941182754012,0.032985466059518964,0.015821879469843925,0.14940886539736523,0.10589652379572209,0.22637703504388154,-0.06890842409092739,-0.04063128690752814,-0.07693431518875304,0.032985466059518964
H1,1.0,1.5,"(12, 20)",0.05,2.0,82.32604520678943,0.3850050658561297,0.8731205895535513,-0.08244883116178783,-0.0410315129978055,0.44130552018272906,-0.09297756570281694,-0.5502749587458783,83.64050748942729,0.39737991266375544,0.9534187274891207,-0.02711739968768445,-0.019286192093425303,0.2198741289121506,-0.0877146947157707,-0.12939762092835344,-0.07446294430047976,-0.028309633454040015,-0.14378755913705876,-0.02711739968768445
H1,1.0,1.5,"(12, 20)",0.3,1.0,59.88865294678299,0.4052924791086351,0.9460160569167246,-0.03385152860652174,-0.010592458960220208,0.14875073669222358,-0.0712094554673487,-0.1664495203029323,61.725964042415775,0.38461538461538464,0.9046063674377763,-0.05392846509633532,-0.020544740181344556,0.12970017166986256,-0.15840179636491863,-0.2949925081019408,-0.0931675729090229,-0.0006295107186897897,-0.006892162192521248,-0.05392846509633532
H1,1.0,1.5,"(12, 20)",0.3,2.0,69.64766742418357,0.38203592814371257,0.863393056564696,-0.08899187907288189,-0.03668482785365634,0.3849606358987355,-0.09529501053532742,-0.5334149624824835,68.30032707651924,0.37967914438502676,0.8829202360240708,-0.07169968987184999,-0.039363120744104085,0.20545730159362965,-0.19158784058188258,-0.3792803716652821,-0.107827114818099,-0.0170071065132609,-0.1420369092370902,-0.07169968987184999
H1,1.0,2.5,"(7, 17)",0.05,1.0,81.32512064500476,0.28205128205128205,0.9153243035509555,-0.06422960054516422,-0.028914838472136828,0.44991272882723293,-0.0642676604138492,-0.25762194114092923,75.97041728297326,0.3173076923076923,1.1247950813741516,0.08761395479922694,0.04174740132785204,0.13104225291526442,0.31857969776242384,0.44576216959613185,-0.04956424852070742,-0.15270605633644344,0.016385635318458932,0.08761395479922694
H1,1.0,2.5,"(7, 17)",0.05,2.0,83.57720090902028,0.28542914171656686,0.9313840957117508,-0.051896183910802064,-0.0232013598224452,0.4236626501451675,-0.054763760304325344,-0.19742065586576574,71.22226620278744,0.2923076923076923,0.9895216721979673,-0.005625011749450405,-0.005439375770854182,0.16307257010231657,-0.033355553097871436,-0.02008671307640488,-0.029052696391444054,-0.1658257276570676,0.04378389117612845,-0.005625011749450405
H1,1.0,2.5,"(7, 17)",0.3,1.0,66.39466259838336,0.28266331658291455,0.9187095382793291,-0.060947801643352645,-0.021704819279914744,0.3728269857281759,-0.05821686763773986,-0.2207659234579051,56.2473281806629,0.3051948051948052,1.0577377887025583,0.04246079443376624,0.012455835970055285,0.10564350506689868,0.11790441790214774,0.17251751708712698,-0.06406970449754477,-0.1402315876976294,0.02613521196014004,0.04246079443376624
H1,1.0,2.5,"(7, 17)",0.3,2.0,72.7338514896863,0.28211009174311924,0.9154763376681281,-0.06376241897629474,-0.02535982592808539,0.4112469028757816,-0.06166569462468488,-0.2437063273843552,56.612570571446426,0.2645161290322581,0.8552270957677784,-0.10655753199780174,-0.044324753429265784,0.21671644768454681,-0.20452879282049252,-0.4175500857729519,-0.045786706089829744,-0.14485403967216826,0.0027407304775199925,-0.10655753199780174
H1,1.0,2.5,"(0, 24)",0.05,1.0,102.59476758292908,0.2869918699186992,0.9380625148476606,-0.046708321374786206,-0.026110840121210455,0.4197312089761911,-0.06220847905234412,-0.22510151253048102,104.09408137330472,0.32280701754385965,1.156651475828425,0.10483505199526479,0.06839050648756317,0.21097395778647374,0.324165632598034,0.6673915448890212,-0.07420868561827314,-0.02712621315388906,-0.03971167230016838,0.10483505199526479
H1,1.0,2.5,"(0, 24)",0.05,2.0,97.67355515415443,0.27241673783091375,0.8721587710345469,-0.09835012130195372,-0.06446592241935178,0.5889889083713931,-0.10945184451368671,-0.43707509146097284,92.77156725901543,0.2755905511811024,0.9224976744095762,-0.058824251536297605,-0.06364890552632729,0.38727675253407123,-0.16434992575684668,-0.3094002409539768,-0.16472791521121738,-0.07661509389870683,-0.054761427038964715,-0.058824251536297605
H1,1.0,2.5,"(0, 24)",0.3,1.0,85.07858775169728,0.2833333333333333,0.9204505930504331,-0.05965477839689229,-0.02834925423488155,0.4173095037060367,-0.06793340190702073,-0.26541560774871137,79.98808358159205,0.2876712328767123,0.978857102189597,-0.01918147113343672,-0.01052731135304985,0.1749947357775785,-0.060157874499894994,-0.06117657511095827,-0.08084809317519238,-0.06812340644541504,-0.029071146362067334,-0.01918147113343672
H1,1.0,2.5,"(0, 24)",0.3,2.0,85.4956396524409,0.2751219512195122,0.8846424857295175,-0.0880654971910479,-0.046076687973732766,0.5406940019670726,-0.08521767914218283,-0.37709456438441535,77.06614445532384,0.27488151658767773,0.9192201713991589,-0.062138028888028295,-0.043197316045482936,0.26392928766742335,-0.16367003611935546,-0.2735448256464396,-0.09596894814634557,-0.15035087391321345,-0.01693827736038572,-0.062138028888028295
H1,1.0,2.5,"(12, 20)",0.05,1.0,64.14258233436786,0.28738621586475943,0.9227492664690354,-0.05827885164744488,-0.020504415159235068,0.33302136801448523,-0.061570869405422654,-0.21766948790547633,67.56984229495218,0.2810810810810811,0.9472968418000293,-0.037571181590835334,-0.016342151521906323,0.19283506610018433,-0.08474678310539237,-0.12542721315857477,-0.1465589562215379,-0.08051194926121041,0.048206446650793176,-0.037571181590835334
H1,1.0,2.5,"(12, 20)",0.05,2.0,64.80986537555764,0.2754182754182754,0.8734785632437989,-0.09712813260587122,-0.0375325605619834,0.4140908375811871,-0.09063847145525099,-0.38848813892267814,66.4741151226016,0.2692307692307692,0.8954994251310691,-0.07674590012461227,-0.04098294970212646,0.27344626338956957,-0.1498756984063792,-0.277971364458499,-0.14902649774704074,-0.14098351237557594,0.001633233741387041,-0.07674590012461227
H1,1.0,2.5,"(12, 20)",0.3,1.0,51.29738379146454,0.2975609756097561,0.9705922164165318,-0.021312826390035487,-0.005788561729494601,0.25177275860306336,-0.022991215418267937,-0.05302023431829478,53.3253890543947,0.2534246575342466,0.8143417838558585,-0.14219278966101678,-0.040243683070218306,0.1341338590439108,-0.30002628237993145,-0.5388607371324888,-0.19809467153913624,-0.008293856299394338,0.14222622632474677,-0.14219278966101678
H1,1.0,2.5,"(12, 20)",0.3,2.0,56.71905850113152,0.27941176470588236,0.8929907056883414,-0.08151893032161468,-0.026046213362982296,0.30820625347307323,-0.084509035976643,-0.3063755328179687,56.2473281806629,0.24675324675324675,0.7960107263614412,-0.1549792666852531,-0.06169364396206278,0.22710439464362783,-0.27165323708892747,-0.602102889060491,-0.15129083449008957,-0.09683093456706385,0.00344826135557945,-0.1549792666852531
