tf,fast,slow,htf,sl_atr,tp_r,touch_atr,dev_trades_per_year,dev_winrate,dev_pf,dev_avg_r,dev_cagr,dev_maxdd,dev_mar,dev_sharpe,hold_trades_per_year,hold_winrate,hold_pf,hold_avg_r,hold_cagr,hold_maxdd,hold_mar,hold_sharpe,r_12-15,r_16-19,r_20-23,r_24-26
H1,10,50,H4,1.0,1.0,0.0,532.7420980098927,0.4455926099890402,0.7405895497519224,-0.15333671820114753,,4.462717024787647,,-0.3589203599278534,539.0977687964834,0.4986449864498645,0.9559437107029567,-0.023184779580409987,,-0.0,,0.4881567103133066,-0.15139086876378272,-0.20445919982125046,-0.10632417369256117,-0.023184779580409987
H1,10,50,H4,1.0,1.0,0.5,752.027987420885,0.44931233362910383,0.7510235640832593,-0.14644278186333873,,6.015184999442021,,-0.14433397056106095,792.2107456094664,0.4946980175195943,0.9407342071723576,-0.031072265667414625,,-0.0,,0.7985413807522985,-0.14905173602573948,-0.1875693866560982,-0.1027816726788684,-0.031072265667414625
H1,10,50,H4,1.0,2.0,0.0,414.382768578855,0.30434782608695654,0.81272308669307,-0.13925979016311796,,3.1512821880694553,,-0.21238805796667437,407.2452657236307,0.3515695067264574,1.0398340115865625,0.02606893788939352,,-0.0,,-0.3271285576101152,-0.12715553133370952,-0.17701752835942278,-0.11380480896270143,0.02606893788939352
H1,10,50,H4,1.0,2.0,0.5,525.6522156972512,0.30768010155506187,0.8225143824872918,-0.13151176831394318,,3.952935506905584,,-0.15769526623316155,538.3672840149163,0.3487109905020353,1.0265469883040144,0.01790347966774583,,-0.0,,-0.2505391066598802,-0.1283234449288893,-0.16515344438682406,-0.09948351823135419,0.01790347966774583
H1,10,50,H4,1.0,3.0,0.0,353.7434222107335,0.23013440226361706,0.832717068386574,-0.1384769838576806,,2.7751296728013486,,0.24204316738138174,339.310181037895,0.26695371367061355,1.0330005690657043,0.023768788280519593,,-0.0,,-0.19945990617559636,-0.11162032452205727,-0.19963579681782898,-0.10332458690526734,0.023768788280519593
H1,10,50,H4,1.0,3.0,0.5,418.9703394870348,0.2313358550666932,0.8345520548653373,-0.1368845320938671,,3.2735685178316576,,0.283936487457623,419.66350701027056,0.26718885987815494,1.0418649651448277,0.0303613006899968,,-0.0,,-0.3121830849913694,-0.12727773781370946,-0.18840270032738338,-0.09201460021098667,0.0303613006899968
H1,10,50,H4,2.0,1.0,0.0,276.17176867242125,0.4738749622470553,0.856929607888089,-0.07814974246142785,,1.340013623048856,,0.20324697138957235,281.2366409033145,0.5207792207792208,1.0471439427721754,0.021497502429219717,,-0.0,,-0.23288317339065495,-0.07303053458021168,-0.09887907427839074,-0.0627121564453023,0.021497502429219717
H1,10,50,H4,2.0,1.0,0.5,334.97608667727087,0.47684262948207173,0.8653672251791154,-0.0730856392593864,,1.5156831331392733,,-0.5779103174755456,365.2423907835253,0.511,1.003457800364618,0.0017479818040645973,,-0.0,,0.04934403851902684,-0.0610124073860295,-0.09675976294719031,-0.05999369208465953,0.0017479818040645973
H1,10,50,H4,2.0,2.0,0.0,181.75121834406704,0.3244607618173474,0.9093393226971219,-0.06428370919419785,-0.08981946051010703,0.8194285621834079,-0.1096123135746924,-0.3786677019735872,185.90837690881438,0.3654223968565815,1.0956711734626905,0.0589779804516096,0.1529293342185647,0.42209901360355934,0.3623067794282927,0.5437556475440077,-0.029270015304421595,-0.10791463378527207,-0.05764870767267555,0.0589779804516096
H1,10,50,H4,2.0,2.0,0.5,195.34711030830886,0.3210930828351836,0.8952064590749951,-0.07446015036427168,-0.1437196221494702,0.9842406946737582,-0.1460208086570819,-0.049042869733850136,214.03204099914583,0.35665529010238906,1.0539666173287412,0.034689663339202974,0.20113427579361032,0.8128741002885334,0.24743595068684904,0.6169258998991537,-0.056356623695926346,-0.13126963676245418,-0.03434516861360259,0.034689663339202974
H1,10,50,H4,2.0,3.0,0.0,136.45938192331053,0.24327628361858192,0.9013786654880632,-0.07888705769292395,-0.07856503638464907,0.7864958149532179,-0.09989250405524695,-0.30202736321409607,148.28841065811127,0.29064039408866993,1.1703600275640431,0.11982039913626327,0.20143866265606447,0.307569523476533,0.6549370053936241,0.7399347967346935,-0.04698536664481405,-0.14226212419757012,-0.04729970477957004,0.11982039913626327
H1,10,50,H4,2.0,3.0,0.5,139.8792075094082,0.2426952892069171,0.8973517940680733,-0.08219464108708885,-0.08757040668346039,0.8361578535583343,-0.10472951525934698,-0.24186204798357178,166.91577258807106,0.2778993435448578,1.0966320967156225,0.07268010518834561,0.1532753371060489,0.4037667933188741,0.37961352850777896,0.516479145301906,-0.08965881628778563,-0.16342361720759813,0.0035649106423516867,0.07268010518834561
H1,10,50,H4,3.0,1.0,0.0,167.57145371878417,0.4808362369337979,0.8851572504787453,-0.061451030545814085,-0.0739335384430081,0.698006882591129,-0.10592093041912896,-0.5726718765672425,169.10722693277222,0.5356371490280778,1.1098135539684673,0.04947482705596365,0.09707226522927126,0.15870276097161834,0.6116608472024706,0.6148271909948568,-0.051718029878553284,-0.10413641844867144,-0.028380574298972706,0.04947482705596365
H1,10,50,H4,3.0,1.0,0.5,184.67058164927235,0.481029810298103,0.8820859285472731,-0.06325131613653155,-0.09132078379711861,0.7598467584506672,-0.12018315901396003,-0.6105081150110845,200.88331493093892,0.5290909090909091,1.0787095913297555,0.03874419593753542,0.10471030910231827,0.3836047809674901,0.2729640356364388,0.4804308156099706,-0.03592707303416605,-0.1030278114282351,-0.049298070418848525,0.03874419593753542
H1,10,50,H4,3.0,2.0,0.0,98.6744797159391,0.32713440405748095,0.9117053514589583,-0.06201360242697992,-0.03648569655677014,0.49389375430614163,-0.07387357349361087,-0.33261199628329746,105.92029332722234,0.38275862068965516,1.1832371693952757,0.11341321592281313,0.08525725185250699,0.11540003410322269,0.7387974580340793,0.7703703709866535,-0.05568860609367866,-0.1343050558218468,0.011661453142845507,0.11341321592281313
H1,10,50,H4,3.0,2.0,0.5,99.67540427772377,0.3263598326359833,0.9072452377115632,-0.0655416321423005,-0.03909673868885344,0.4990790984678014,-0.07833776010432504,-0.33194601698242004,114.32086831524342,0.3738019169329074,1.1300753904774796,0.08606779824500933,0.06919353730425781,0.13628224630073207,0.5077223129384691,0.5596752873499428,-0.06964009242962507,-0.14514590455100415,0.03265769184907334,0.08606779824500933
H1,10,50,H4,3.0,3.0,0.0,73.65136567132225,0.25028312570781425,0.9308657076181089,-0.05423352616260614,-0.02197047816185249,0.38858882804654366,-0.05653914002700292,-0.17386835042245713,79.257598800025,0.2995391705069124,1.2111152019709293,0.14356900644951487,0.07102435883555325,0.10285129332089714,0.6905538719280514,0.7088031170870941,-0.15207125461736526,-0.0652896542742115,0.07304363751225477,0.14356900644951487
H1,10,50,H4,3.0,3.0,0.5,70.5651816058195,0.23877068557919623,0.8729582344893537,-0.10259265500740075,-0.043702729213215274,0.565977540984333,-0.07721636646077627,-0.33718626298394844,83.64050748942729,0.28820960698689957,1.1429069545353596,0.09987018639937732,0.06493959153416706,0.14574726530500992,0.4455630189579607,0.5180601876531745,-0.10858602138994511,-0.23002531881390834,0.09505475115581324,0.09987018639937732
H1,10,50,D1,1.0,1.0,0.0,419.7210329083733,0.4429650238473768,0.7337327170124294,-0.15806107335053238,,3.644199364086818,,0.07807711491237596,420.0287494010541,0.49826086956521737,0.9465911073223203,-0.028357456789974513,,-0.0,,0.5256472469032231,-0.14536324606475037,-0.21241874887559278,-0.1196228192829542,-0.028357456789974513
H1,10,50,D1,1.0,1.0,0.5,575.5316230261875,0.4465217391304348,0.7441756542643995,-0.15131464650038165,,4.774549763504859,,0.26180498316740713,609.2243078269203,0.49460431654676257,0.9351035507979651,-0.034426420589318045,,-0.0,,0.7555878742522792,-0.14094209178103312,-0.19773259873361346,-0.11566195797900966,-0.034426420589318045
H1,10,50,D1,1.0,2.0,0.0,325.88435524106006,0.30048630662912723,0.7995735605631302,-0.1500177891161145,,2.682021342921485,,-0.05132965293362608,325.0657277973375,0.3595505617977528,1.0686171481560292,0.04464591828575629,,-0.0,,-0.4861966592675168,-0.14447685617124265,-0.19397434821698797,-0.11264011162397501,0.04464591828575629
H1,10,50,D1,1.0,2.0,0.5,403.62282953966974,0.303988427361025,0.810249707384159,-0.14155284493433576,,3.192854402616308,,-0.012394912702456174,417.47205266556944,0.347331583552056,1.014389570623071,0.009137865522311864,,-0.0,,-0.09898682506469315,-0.14214006151522934,-0.18323153134636008,-0.09806687897029806,0.009137865522311864
H1,10,50,D1,1.0,3.0,0.0,278.17361779599065,0.22518740629685158,0.8118188924499562,-0.1569749073251282,,2.454720909442877,,0.13220342541049912,263.7050061457053,0.2853185595567867,1.134931739226435,0.0984124253289806,,-0.0,,-0.7384837826066017,-0.13322403177343903,-0.21669535466038958,-0.12175251051363876,0.0984124253289806
H1,10,50,D1,1.0,3.0,0.5,321.8806569939214,0.2270018139414356,0.8169491515026347,-0.15226938436358248,,2.722837138623674,,-0.007580754369345514,322.8742734526364,0.2703619909502262,1.0619434962846215,0.04507523328377587,,-0.0,,-0.397779849658366,-0.1316501955913103,-0.20633105408257885,-0.11818850680423978,0.04507523328377587
H1,10,50,D1,2.0,1.0,0.0,214.61490812266382,0.47298872910998835,0.8559252959425722,-0.07886749669199311,-0.28581020768462384,1.062952953052062,-0.2688832152579995,0.1102318037590619,224.25882794108455,0.5244299674267101,1.0628845033184344,0.028832163383431596,0.9373043216983434,2.093039024603699,0.4478198020583084,0.25286767909990465,-0.07120755157705207,-0.11308452448213725,-0.05308255012644151,0.028832163383431596
H1,10,50,D1,2.0,1.0,0.5,252.65004147048143,0.47573456586332125,0.8639892962962407,-0.07389609164243573,,1.1602672190724674,,0.18609322126520247,285.9847919835003,0.5057471264367817,0.9835702809205341,-0.008642190738377438,,-0.0,,0.4626777902039618,-0.05497486436296338,-0.11023636472088744,-0.05570351361138228,-0.008642190738377438
H1,10,50,D1,2.0,2.0,0.0,142.54833967416732,0.328847279110591,0.9305978428114552,-0.04904862625676818,-0.042205703801107,0.5559706985165814,-0.07591353989287304,-0.3140756566084648,149.7493802212454,0.37317073170731707,1.1306735636819305,0.08168632453964243,0.09447623267357019,0.15500826203894313,0.6094915937437881,0.6438140344395783,0.004024484560543549,-0.11867204753832679,-0.03820913743603582,0.08168632453964243
H1,10,50,D1,2.0,2.0,0.5,148.053424763983,0.3312676056338028,0.9412348687785917,-0.04110203944118299,-0.03566842282565952,0.5054027738660336,-0.07057425220051146,-0.251471769354714,175.31634757609214,0.3625,1.0808963270581142,0.051314376686707644,0.06573543795687686,0.14245442628362315,0.46144889753021273,0.4638789014159227,-0.009593948013436548,-0.11641181597212388,0.0023418728767092213,0.051314376686707644
H1,10,50,D1,2.0,3.0,0.0,109.35100837497562,0.24561403508771928,0.9154216834690814,-0.06779881179548261,-0.04558053822541519,0.6016453441691346,-0.07575981210053473,-0.27380968984361725,117.24280744151163,0.30218068535825543,1.2309569046388573,0.16558470701277503,0.14661194134076538,0.1545380755303124,0.9487108004784729,0.8721261934699115,-0.011493305061034156,-0.1940861510675889,0.003930649818450872,0.16558470701277503
H1,10,50,D1,2.0,3.0,0.5,112.85424434122199,0.24981522542498152,0.9370629381279193,-0.049939083439890015,-0.03237378071249575,0.49797894959886313,-0.06501033977153811,-0.1997828250939414,130.39153350971853,0.28851540616246496,1.1490122895314008,0.10994254704735683,0.09485937356864249,0.12950780356159913,0.7324606777345548,0.6509299225650292,-0.042206310272322856,-0.1324371114925458,0.015906356309436064,0.10994254704735683
H1,10,50,D1,3.0,1.0,0.0,134.54094317988992,0.4810911345319281,0.8896930285628253,-0.05884915220141068,-0.05064901747307948,0.5530004444952916,-0.09158946973235339,-0.5515827696530438,145.00122914105955,0.5617128463476071,1.2264012251905396,0.10026142352391712,0.11829364083520355,0.09988175059135618,1.1843368797086418,1.0904960959620995,-0.04142604127418642,-0.11026436020230344,-0.02636043154281829,0.10026142352391712
H1,10,50,D1,3.0,1.0,0.5,144.55018879773667,0.482400461627236,0.8912847569639051,-0.05819659547333755,-0.05472044257327269,0.5505874529781298,-0.09938556041785838,-0.5791559567103236,166.91577258807106,0.5382932166301969,1.1226281997230045,0.0568878902358063,0.08409160981830133,0.13141719039268768,0.6398828765630068,0.668484950911216,-0.04783822826464724,-0.09561964936796928,-0.03220784086028288,0.0568878902358063
H1,10,50,D1,3.0,2.0,0.0,79.99055456262519,0.3357664233576642,0.9499524610960751,-0.0342425589165381,-0.014729180540648534,0.2786085334217009,-0.052866939715570375,-0.16528065924080906,92.04108247744838,0.4087301587301587,1.3107388269048716,0.19017613825987262,0.09197404410282028,0.06691569472760193,1.3744764136010992,1.1182047598021703,-0.003533007949779001,-0.12129777710933079,0.02081553634365041,0.19017613825987262
H1,10,50,D1,3.0,2.0,0.5,81.40853102515348,0.3360655737704918,0.9520770574852855,-0.0328206227522619,-0.014235164064644867,0.283717962946976,-0.05017364398356855,-0.1541921995357352,96.7892335576342,0.38113207547169814,1.1651849059477326,0.10461954509779572,0.05500713744728469,0.07953535659934981,0.6916060956937279,0.6471876702273389,-0.03284327321854829,-0.1095789784895034,0.035139042688202664,0.10461954509779572
H1,10,50,D1,3.0,3.0,0.0,57.97021420336237,0.260431654676259,0.9826644219749334,-0.012687843646944457,-0.00394591092164065,0.22526905829645813,-0.01751643546379885,-0.01934366592550646,69.03081185808628,0.3439153439153439,1.461548728394637,0.3129611771286687,0.0995832054312078,0.057994166261752265,1.7171245290732617,1.3278000235492435,-0.06918640807049904,-0.07917432094305986,0.1402788039371902,0.3129611771286687
H1,10,50,D1,3.0,3.0,0.5,55.5513131790494,0.2552552552552553,0.9566810518674349,-0.03412398243592684,-0.009734409439444036,0.3174664011405944,-0.03066280212479247,-0.09184695166542708,70.12653903043686,0.3385416666666667,1.43393505695793,0.2880185368626062,0.10241087825294715,0.06256969636197891,1.6367488450076308,1.2869153015846555,-0.09027736604726236,-0.12225458576457567,0.13279109379479684,0.2880185368626062
H1,10,100,H4,1.0,1.0,0.0,587.6261281477523,0.44868701206529454,0.749661188644401,-0.14708355914371907,,4.702949884215398,,-0.11155772230499061,604.8413991375179,0.49577294685990336,0.9454518900520194,-0.028556135511304745,,-0.0,,0.6444656061001413,-0.14817179709498668,-0.195296932887023,-0.10018344355994702,-0.028556135511304745
H1,10,100,H4,1.0,1.0,0.5,809.4143289632063,0.4520816158285243,0.7596881371164353,-0.1405261657177388,,6.163402486308293,,0.237938698147214,860.8763150767692,0.4955451845566398,0.943270702754069,-0.029619767334735154,,-0.0,,0.7916375691615278,-0.14800460994944886,-0.177770240900299,-0.0966855081502211,-0.029619767334735154
H1,10,100,H4,1.0,2.0,0.0,450.08241128250836,0.3061527057079318,0.8191437384520448,-0.1340852007195934,,3.3110001506437796,,0.35873655833757206,452.9005645715714,0.34274193548387094,1.000237503249982,-0.0003049572285664134,,-0.0,,0.023408257870123735,-0.12715101091801057,-0.17027252726651246,-0.1052540434906298,-0.0003049572285664134
H1,10,100,H4,1.0,2.0,0.5,557.5983912942121,0.30845175766641736,0.8270182631452392,-0.1278839197170445,,4.064726507909525,,0.19272356826173762,580.7354013458053,0.34654088050314463,1.0175066786145845,0.011952264491483842,,-0.0,,-0.16367148560437694,-0.13108241629047682,-0.15855216426593888,-0.09320766043656686,0.011952264491483842
H1,10,100,H4,1.0,3.0,0.0,381.1854372796633,0.23172866520787747,0.8399680337046113,-0.1321167305207269,,2.907075848156559,,0.21210090487331906,374.37345055311346,0.2624390243902439,1.010278549556201,0.006539403593969677,,-0.0,,-0.04252157632715544,-0.1316127198705569,-0.1829187999529628,-0.08165841013686899,0.006539403593969677
H1,10,100,H4,1.0,3.0,0.5,442.2418355485284,0.23349679366276876,0.8457280614738049,-0.1269192183900929,,3.246781385239561,,-0.02713488279251239,447.42192870981853,0.2702040816326531,1.0585744595360471,0.04306294315910886,,-0.0,,-0.4620274140352964,-0.1307541175488278,-0.1744714085425169,-0.07407304094339064,0.04306294315910886
H1,10,100,H4,2.0,1.0,0.0,297.1077740897507,0.4750140370578327,0.8596844463967233,-0.07645238223142141,,1.422263670626791,,-0.27574164654899175,309.36030499364597,0.5112160566706021,1.0083568725066285,0.002595553943033114,,-0.0,,0.031512570179094306,-0.07137730479079672,-0.0949146859558117,-0.06342023897789381,0.002595553943033114
H1,10,100,H4,2.0,1.0,0.5,352.1586249879078,0.48010421601136904,0.8761443182241598,-0.06684589401299267,,1.466457616606154,,0.2231839894798279,390.44411574758857,0.509822263797942,0.9995320094203733,-0.000490049234868586,,-0.0,,0.09792154748876904,-0.05609132607080009,-0.09288633194863834,-0.05058442379679936,-0.000490049234868586
H1,10,100,H4,2.0,2.0,0.0,190.4258978795342,0.3250109505037232,0.9108755828251347,-0.06314201164359699,-0.09512913799383615,0.8423836844149656,-0.11292851435020755,-0.32824561048619283,201.24855732172244,0.3502722323049002,1.0313807210807657,0.01798843020175016,0.064529502753786,0.4784570893506491,0.13486998978605153,0.32014150249893913,-0.05321799943438374,-0.09416316910532582,-0.04444774728181197,0.01798843020175016
H1,10,100,H4,2.0,2.0,0.5,201.26924729886818,0.3244923331951927,0.9078463677004797,-0.06514004156066236,-0.11342039967100837,0.9250214384667004,-0.12261380650702763,-0.18121878109063164,221.70213120559987,0.357495881383855,1.0648593652030125,0.04095794053434327,0.1682262528910874,0.41803777702248457,0.4024187815974325,0.518345767385046,-0.0678530836507366,-0.10784226902583799,-0.02066091861098457,0.04095794053434327
H1,10,100,H4,2.0,3.0,0.0,142.9653915749109,0.24445740956826137,0.906904172332254,-0.07434852369287133,-0.07713961712988804,0.8194559842299097,-0.09413515626758233,-0.2161949235200687,155.5932584737818,0.2746478873239437,1.0843426607927777,0.05782579722527632,0.11308340244885562,0.303815517202349,0.3722107530588674,0.4772273313503368,-0.0647570355352746,-0.14931977212992847,-0.0119288427918551,0.05782579722527632
H1,10,100,H4,2.0,3.0,0.5,146.05157564041366,0.24728726442033125,0.9189919758103974,-0.06414121247468604,-0.06400032703531955,0.7701878850466554,-0.08309703161773653,-0.1988049361332946,170.93343888668986,0.27564102564102566,1.091696030276095,0.06634426504298524,0.11355375397043543,0.24464399038492776,0.46415918000588396,0.5265359596886426,-0.08861591588121881,-0.12041685786499758,0.007069846551730381,0.06634426504298524
H1,10,100,H4,3.0,1.0,0.0,174.57792565127687,0.4820831342570473,0.8907202046035874,-0.0581552803428979,-0.073161052155305,0.7115962298931763,-0.10281259101989315,-0.5594515294699218,177.5078019207933,0.5329218106995884,1.0946518043701767,0.044359863287198986,0.0896426183066854,0.17627695685786185,0.5085328218989356,0.5870812867112759,-0.05643397758524437,-0.08424551203368116,-0.03558047102515356,0.044359863287198986
H1,10,100,H4,3.0,1.0,0.5,187.58994495447763,0.48777234326367275,0.9075259885732232,-0.048837886455647544,-0.062319792426586806,0.6200202673174888,-0.10051250856074873,-0.5046930708947794,209.64913230974352,0.5348432055749129,1.10145017771164,0.05024622789966161,0.09642178104424248,0.13654473420967525,0.7061552508951331,0.6453246567959054,-0.04683528970673067,-0.0733190305250809,-0.02796478732067844,0.05024622789966161
H1,10,100,H4,3.0,2.0,0.0,101.84407416159057,0.3316953316953317,0.9320369538080374,-0.04722458589710066,-0.02766289315135484,0.45306321594578197,-0.06105746875434984,-0.2441574576178783,106.28553571800586,0.3642611683848797,1.1013438549830343,0.06188813278593288,0.0459242329199081,0.13028402478740075,0.352493200872846,0.4719144295900058,-0.05670320637932921,-0.11571242226852102,0.03519702731499321,0.06188813278593288
H1,10,100,H4,3.0,2.0,0.5,100.75973921965718,0.3336092715231788,0.9393319678761369,-0.04222882089072984,-0.023814927759951643,0.4075239684468598,-0.05843810328681823,-0.2043576117203293,119.79950417699631,0.3628048780487805,1.0811646359267633,0.05566651296520126,0.04003199275154912,0.12003993832400323,0.33348894801576473,0.4067400412675273,-0.04739406212649491,-0.13126335971818748,0.06056610551045263,0.05566651296520126
H1,10,100,H4,3.0,3.0,0.0,73.56795529117353,0.2494331065759637,0.9265102182188905,-0.05835911167634396,-0.0236195009672181,0.4150187641236248,-0.05691188690490721,-0.19676449006183178,78.52711401845794,0.2930232558139535,1.1809445126527525,0.12179025648425858,0.06213130027306146,0.10318506443831586,0.6021346268597197,0.6227613337326628,-0.1199711752804536,-0.068385239728556,0.036181407570615345,0.12179025648425858
H1,10,100,H4,3.0,3.0,0.5,71.81633730805035,0.24390243902439024,0.9013454147137607,-0.07934358486528575,-0.03214129955078027,0.43131243557056986,-0.0745197608509978,-0.26691214818987397,83.64050748942729,0.27074235807860264,1.0490643369066521,0.0335867965402311,0.019015703570694376,0.18651022571008977,0.10195528689269968,0.19935140361725864,-0.1434376013679081,-0.10312062725263008,0.03419659533035166,0.0335867965402311
H1,10,100,D1,1.0,1.0,0.0,451.08333584429306,0.4460059171597633,0.742776849116829,-0.1517887664600776,,3.747227741776213,,-0.03396999579608161,449.61338305451966,0.4939073923639318,0.9309533299662813,-0.03644855431989135,,-0.0,,0.6963788326307709,-0.1436076498233842,-0.20423333379607858,-0.11093029433557086,-0.03644855431989135
H1,10,100,D1,1.0,1.0,0.5,605.7261806400252,0.44932525475075735,0.752935812026139,-0.14526254351313844,,4.787970774389972,,-0.08950257866946579,629.3126393200141,0.4962275101567034,0.9415001183291501,-0.030784632334804652,,-0.0,,0.6817678741124877,-0.1420286812934632,-0.1850643902965641,-0.10955109043719859,-0.030784632334804652
H1,10,100,D1,1.0,2.0,0.0,344.73510115467144,0.3026857004597145,0.8075367936677966,-0.14340503165980226,,2.716936687153533,,0.16761481308598478,341.8668777733797,0.34615384615384615,1.0082533283446196,0.005088124603872362,,-0.0,,-0.03243073144277551,-0.14339287744920634,-0.1861308572388947,-0.10196602857981973,0.005088124603872362
H1,10,100,D1,1.0,2.0,0.5,417.385542264209,0.30675459632294166,0.8227754642525452,-0.1313126292291328,,3.101033462039481,,0.3062689010687363,424.7769004812399,0.3422184006878762,0.9927486517944966,-0.005261839107391148,,-0.0,,0.09442278484036919,-0.14129492452125814,-0.16662768195729102,-0.08530306813319471,-0.005261839107391148
H1,10,100,D1,1.0,3.0,0.0,293.104075842612,0.22623790552077405,0.8168060473972346,-0.15228497571325442,,2.5466743760672794,,0.101022991867087,280.87139851253096,0.2717815344603381,1.0622976448285741,0.045380449210292995,,-0.0,,-0.3443211248492242,-0.1601529928270582,-0.20271969501325993,-0.09448729761096888,0.045380449210292995
H1,10,100,D1,1.0,3.0,0.5,331.63967147132195,0.22987927565392355,0.8318741720980578,-0.13887335309698776,,2.6461454220197527,,-0.11813190295297171,329.4486364867398,0.26940133037694014,1.0578762247190554,0.0423019862104703,,-0.0,,-0.3666685039421501,-0.13718782758130138,-0.18753772120207154,-0.09200994899075926,0.0423019862104703
H1,10,100,D1,2.0,1.0,0.0,225.79189906259268,0.47580347247875876,0.864602168397706,-0.07358520371253181,-0.25164378432827395,1.0662798633777497,-0.23600162862601523,-0.29874173164198226,234.12037249223974,0.5085803432137286,0.9968262502716583,-0.0032728332925335718,-0.04752127641639703,1.6773791166094902,-0.028330671310879588,0.9331651572722499,-0.06949820376137082,-0.10249107065820554,-0.05020444650074147,-0.0032728332925335718
H1,10,100,D1,2.0,1.0,0.5,260.4906172044614,0.4803073967339097,0.8791212349463219,-0.06505289618701308,-0.312047747056438,1.0693234139076804,-0.2918179317855828,0.09148850288530844,288.541488718985,0.5037974683544304,0.973366101622358,-0.01347303282327038,,8.032577250251736,,0.5680566217127366,-0.05657642147487851,-0.09423301072138965,-0.04429506161638375,-0.01347303282327038
H1,10,100,D1,2.0,2.0,0.0,146.1349860205624,0.3247716894977169,0.9116479138055358,-0.06262958661556205,-0.06137529180576373,0.6525775232593026,-0.09405057578327927,-0.37738064687192363,156.68898564613235,0.351981351981352,1.0361697455102559,0.021000826415122048,0.03819220681418534,0.19149079570305516,0.19944669754994387,0.2676672957704159,-0.046712176149118365,-0.11196558987595465,-0.03442313999682075,0.021000826415122048
H1,10,100,D1,2.0,2.0,0.5,148.3870662845779,0.3305227655986509,0.9367663821458018,-0.044014345396344516,-0.03955573380415622,0.5262151463734357,-0.07517026842873306,-0.2546451429152463,178.9687714839274,0.3551020408163265,1.04828812977329,0.031003358023723004,0.04365840278097077,0.1536603834364957,0.2841226984118114,0.32447717334767695,-0.05350724095605056,-0.08324865665321135,0.002096062393710329,0.031003358023723004
H1,10,100,D1,2.0,3.0,0.0,111.26944711839624,0.2436281859070465,0.9052420536543413,-0.07572249149409349,-0.05480138043926941,0.6642681932153022,-0.08249887771083933,-0.2981211706484036,122.35620091248099,0.28955223880597014,1.1669333321098732,0.11877537980459836,0.12773031928614098,0.14694374484843886,0.8692463868937392,0.7352225888191484,-0.04123603545937337,-0.1908398500395969,-8.192520818839721e-05,0.11877537980459836
H1,10,100,D1,2.0,3.0,0.5,113.2712962419656,0.24889543446244478,0.9321218510827176,-0.05328605112868806,-0.03596611973403363,0.5262453405790223,-0.06834477564107358,-0.21943708033317458,133.67871502677028,0.28688524590163933,1.1423487436448494,0.10567868407447518,0.09704397882879356,0.1431346357087095,0.6779908884267948,0.6470436830084609,-0.07736133392574021,-0.09797544682508172,0.005478440327001247,0.10567868407447518
H1,10,100,D1,3.0,1.0,0.0,135.62527812182333,0.48462484624846247,0.9038161562942162,-0.05077599344388828,-0.04271723725897825,0.5073858847616765,-0.08419082702516036,-0.5006084796546234,144.63598675027603,0.553030303030303,1.1837453703884304,0.08286665566674452,0.09141534752928049,0.07161397732764065,1.2765014727648307,0.9467333012270842,-0.03338004470576075,-0.08724954679828091,-0.03581294815479632,0.08286665566674452
H1,10,100,D1,3.0,1.0,0.5,143.6326746161007,0.4901277584204414,0.9207320041237721,-0.04160713621750251,-0.035474563605346066,0.4318064336642524,-0.08215385607924736,-0.4321627499397438,166.91577258807106,0.5339168490153173,1.0985617845643627,0.04824619491105753,0.05523025692097261,0.09991814492167268,0.5527550272702564,0.5787767296251701,-0.037423151274950404,-0.05706625212809369,-0.0322675702858508,0.04824619491105753
H1,10,100,D1,3.0,2.0,0.0,78.40575733979945,0.33404255319148934,0.9434742849931214,-0.038711162518834795,-0.01677009572999877,0.29092681738841775,-0.05764369156662837,-0.18923551533874983,92.04108247744838,0.40476190476190477,1.298687932881628,0.18066559728728684,0.0913641928541935,0.06323749108683036,1.444778900680023,1.129671354737529,-0.042647893366861256,-0.10023143274342963,0.025593075885142366,0.18066559728728684
H1,10,100,D1,3.0,2.0,0.5,77.4882431581635,0.3444564047362756,0.9887714450704228,-0.007118436002582354,-0.0032082655672414084,0.20373992629938442,-0.015746867221926062,-0.01743071456871113,98.61544551155184,0.3888888888888889,1.2040020785611545,0.1311886494729083,0.06032184345861147,0.06738004102223748,0.8952479479598924,0.8187283709454961,-0.03370240433202524,-0.04804911055474859,0.057107727700684924,0.1311886494729083
H1,10,100,D1,3.0,3.0,0.0,56.55223774083407,0.24926253687315633,0.9262143998685693,-0.05793727382960693,-0.017698475213204334,0.3222927955658784,-0.05491427502166014,-0.17519015256439752,70.85702381200392,0.32989690721649484,1.3773475194291358,0.2598894622487695,0.09990995413843518,0.06785263589013059,1.4724550170786723,1.1438810147878218,-0.12566257160412092,-0.10050719929705405,0.08432099325550235,0.2598894622487695
H1,10,100,D1,3.0,3.0,0.5,53.049001774587715,0.2641509433962264,1.0038835851272063,0.0033788140850504822,0.0011078300614302261,0.20203518843976978,0.0054833520337992485,0.04501985462576123,71.95275098435448,0.3248730964467005,1.3451613626605687,0.23849192356456006,0.07513753019502056,0.055175128139663784,1.3618007375501933,1.032199920038568,-0.09079545978136568,-0.04845194682997016,0.17073407635282145,0.23849192356456006
H1,20,50,H4,1.0,1.0,0.0,349.40608244299995,0.4399618047266651,0.7227838452190333,-0.16577724878116998,,3.2434720501246956,,-0.1521416853070179,340.7711506010291,0.48767416934619506,0.9080840483842859,-0.04823096338290434,,-0.0,,0.772882199073924,-0.15581268760634,-0.2010190139527245,-0.14046703304204525,-0.04823096338290434
H1,20,50,H4,1.0,1.0,0.5,532.9089187701901,0.45124432618563154,0.7558692086018249,-0.14310362553682582,,4.2029827313343455,,0.26272822084647013,523.0271036020082,0.4937150837988827,0.9340301178694662,-0.03459381998445834,,-0.0,,0.6959564549572855,-0.12470617765936713,-0.19139668385374814,-0.11348674203206384,-0.03459381998445834
H1,20,50,H4,1.0,2.0,0.0,294.35523154484287,0.30575233777274013,0.8162868262508922,-0.13707631449404,,2.3089321729360908,,0.4306761893182655,275.3927626507781,0.33819628647214856,0.9767556521757054,-0.015930540233487042,,-0.0,,0.20522376486658925,-0.1232907762628778,-0.19295992806742768,-0.09454354553929269,-0.015930540233487042
H1,20,50,H4,1.0,2.0,0.5,397.86751330940785,0.3079664570230608,0.8250867978095041,-0.12997622634478798,,2.9347890662730984,,-0.3441335616579953,376.19966250703106,0.3388349514563107,0.9801987772509122,-0.01382558178450296,,-0.0,,0.19684234084264313,-0.11216658854068805,-0.17263712424056202,-0.10460759763444177,-0.01382558178450296
H1,20,50,H4,1.0,3.0,0.0,264.2440843111539,0.22790404040404041,0.8199519045151311,-0.14946771943990378,,2.301419160678286,,0.008083096465175188,243.61667465261138,0.25487256371814093,0.9654797130031374,-0.02724924220106315,,-0.0,,0.2537661413441022,-0.10936067404814111,-0.2285401412854485,-0.1118526998551508,-0.02724924220106315
H1,20,50,H4,1.0,3.0,0.5,335.97701123905557,0.23063555114200596,0.8337420438388718,-0.13767170594806258,,2.583803968745094,,-0.32227090676896586,317.760879981667,0.26666666666666666,1.0309107588689113,0.02268170263680287,,-0.0,,-0.16148869285201112,-0.11169736725640494,-0.2079244397783748,-0.09212773082328667,0.02268170263680287
H1,20,50,H4,2.0,1.0,0.0,206.27387010779154,0.47836635665183985,0.8741414320264146,-0.06802568123606582,-0.13146649415420142,0.9018911889744671,-0.145767577908917,-0.4170780668292822,196.1351638507531,0.4972067039106145,0.9463429400751625,-0.02849101253137983,-0.16515216970581625,0.829952500738825,-0.1989899055172405,0.1256658934980655,-0.05596016132566258,-0.10793947927129999,-0.0426528467147306,-0.02849101253137983
H1,20,50,H4,2.0,1.0,0.5,259.1560511220818,0.47988413260379786,0.8769287030426739,-0.0663484639943715,,1.0808811667081504,,-0.2733906470637529,257.49588550238536,0.5120567375886524,1.0085129450136925,0.0031610658792450195,,38.67434639985504,,-0.5617917536320401,-0.062273024363898685,-0.07909737117121318,-0.057831213406515765,0.0031610658792450195
H1,20,50,H4,2.0,2.0,0.0,151.7234814905268,0.3232545354590434,0.9055185609823954,-0.06657378038569714,-0.07155876471456135,0.6821295625303172,-0.10490494569553409,-0.40569632781630044,146.46219870419364,0.3491271820448878,1.0208523779477325,0.011529625860420546,0.023622390812587657,0.339559406506197,0.06956777035171471,0.19397342007659335,-0.039413206620265456,-0.11368596629792393,-0.05111182968691434,0.011529625860420546
H1,20,50,H4,2.0,2.0,0.5,172.32584538726135,0.3218780251694095,0.8960453053458136,-0.07357401132997546,-0.10622514959545926,0.830616980224657,-0.12788704315523208,-0.4442878655221615,170.56819649590634,0.3683083511777302,1.1110956189229433,0.0686248723537353,0.1943675973666894,0.42638396574566434,0.45585109427550236,0.6105806310127775,-0.07516618047033588,-0.08775622859217062,-0.060407487580750624,0.0686248723537353
H1,20,50,H4,2.0,3.0,0.0,121.86256539728404,0.23956194387405885,0.8866015840288345,-0.09064657258518445,-0.08170292677254609,0.7825539332289412,-0.10440548990077515,-0.3416884520183616,120.16474656777983,0.270516717325228,1.0597818474919987,0.04078965434760832,0.06531648127380518,0.345124107995364,0.18925505277852847,0.33242101679395775,-0.031268541204486744,-0.17830953571014616,-0.07254708683279874,0.04078965434760832
H1,20,50,H4,2.0,3.0,0.5,132.70591481661802,0.24512884978001256,0.9104553451835222,-0.07122444711605085,-0.06398672309647258,0.6886086692830113,-0.09292175069927078,-0.2694936357957056,134.77444219912084,0.2981029810298103,1.207687494535303,0.14757600531131,0.1836824817559053,0.22668023553118524,0.8103153824835134,0.8274133861635625,-0.09874108979531067,-0.07636984580065391,-0.04480668620079964,0.14757600531131
H1,20,50,H4,3.0,1.0,0.0,138.21099990643373,0.4821967410983706,0.8875703283849743,-0.059831325205342685,-0.05391275465450007,0.5536094344161218,-0.09738409662646108,-0.5576867157821686,134.0439574175538,0.5286103542234333,1.0713714448507532,0.03423291680509013,0.041170713289569116,0.16313092222821646,0.2523783518612874,0.3876253997275539,-0.04583664777140771,-0.08301462247599796,-0.052441372462671616,0.03423291680509013
H1,20,50,H4,3.0,1.0,0.5,156.7281042994502,0.47897817988291647,0.8773026951195672,-0.06593560507111629,-0.07451901650948467,0.6881028337074302,-0.1082963372029491,-0.5876946849421429,168.01149976042166,0.5282608695652173,1.0766072334015047,0.036772620578697506,0.07024902581041181,0.23320890251782864,0.3012278907536188,0.4491837511356167,-0.05993476638889264,-0.10575788393771586,-0.03297798943721283,0.036772620578697506
H1,20,50,H4,3.0,2.0,0.0,91.08413512240533,0.3360805860805861,0.9485793299172526,-0.03572065995897859,-0.017432904564843588,0.34558197602923185,-0.05044506303583664,-0.16637272699808003,88.75390096039665,0.35802469135802467,1.0680654620834031,0.04297637246721897,0.02279456133431368,0.11777309124855091,0.19354642977153022,0.2938305491091645,-0.030359380874560978,-0.11537017285048634,0.0340884695527592,0.04297637246721897
H1,20,50,H4,3.0,2.0,0.5,97.9237862946006,0.3219761499148211,0.890901271414724,-0.07722747775474757,-0.047623846238202705,0.5650073137100782,-0.08428890225417489,-0.3826472328063001,97.15447594841774,0.38345864661654133,1.1873076168657324,0.11912265960212468,0.09086696653931559,0.11870768070221216,0.7654682999599894,0.7506859141414828,-0.11670819202132206,-0.11020619899840853,-0.0036644228016843683,0.11912265960212468
H1,20,50,H4,3.0,3.0,0.0,70.48177122567078,0.25680473372781065,0.9628613793919366,-0.029126651607662365,-0.009997883266263607,0.2823634769415137,-0.035407848686940774,-0.07755980716010266,72.68323576592154,0.2814070351758794,1.095900339547654,0.07273825456746041,0.024384228542795094,0.1230469315987651,0.1981701471622866,0.3011284105368911,-0.04371298710711077,-0.11667980389273017,0.0882195760464393,0.07273825456746041
H1,20,50,H4,3.0,3.0,0.5,69.89789856462973,0.2553699284009546,0.9553984787999529,-0.03540305055785406,-0.012181932102711346,0.34022987627444334,-0.03580500406403141,-0.09285222695314088,75.23993250140622,0.30097087378640774,1.2082743839799324,0.15312732710425384,0.05649662578441794,0.08464955655623095,0.6674178587915981,0.6439261333641663,-0.031383649394769134,-0.1453580003696273,0.11046745366058434,0.15312732710425384
H1,20,50,D1,1.0,1.0,0.0,278.0067970356932,0.43624362436243624,0.7129404977829761,-0.17268850442162909,,2.690754413001863,,0.18889623093521224,271.00985396137577,0.49326145552560646,0.9228501518429353,-0.04023952777485059,,-0.0,,0.5745350254746914,-0.15441145685708996,-0.2179298670830765,-0.14665137320810334,-0.04023952777485059
H1,20,50,D1,1.0,1.0,0.5,415.38369314063965,0.4469879518072289,0.743989590052613,-0.1512147780060711,,3.4794531629655796,,0.028735248222858303,401.76662986187785,0.49272727272727274,0.9242993712761385,-0.0396240970856294,,-0.0,,0.6922999909265328,-0.11860823677142861,-0.20570812533310817,-0.13153676556760857,-0.0396240970856294
H1,20,50,D1,1.0,2.0,0.0,234.13293707746496,0.29711435696473104,0.7857911494385882,-0.1616850163862935,,2.171168114230776,,0.07827305297001973,215.85825295306347,0.34179357021996615,0.9832265700727345,-0.011373527709104754,,-0.0,,0.1417594777376554,-0.15223528127592037,-0.23133915176516665,-0.10357832134181882,-0.011373527709104754
H1,20,50,D1,1.0,2.0,0.5,309.8695622525053,0.3006729475100942,0.7987383374544467,-0.15117674200948947,,2.670967044022558,,0.19352107926164142,287.8110039374179,0.34390862944162437,0.9927347094952531,-0.004931079482658273,,-0.0,,0.0841839493930035,-0.1275689690406639,-0.21089308040272012,-0.11716664774614273,-0.004931079482658273
H1,20,50,D1,1.0,3.0,0.0,209.94392683433534,0.2189114024632499,0.7801248211236628,-0.18445775112244966,,2.268708330117666,,-0.5057768822544809,191.02177037978373,0.26577437858508607,1.0237387003734206,0.017898535017388188,,-0.0,,-0.06752055445189986,-0.1492944786913149,-0.26836562560726585,-0.1401625670440239,0.017898535017388188
H1,20,50,D1,1.0,3.0,0.5,260.99107948535374,0.22275487376158518,0.7992501222129039,-0.16805603217670176,,2.5111491642178088,,-0.29161951357431265,242.1557050894773,0.27450980392156865,1.0713695113970834,0.05307504344867241,,-0.0,,-0.3422727632552841,-0.14297855038126386,-0.240510915669443,-0.12346919420834643,0.05307504344867241
H1,20,50,D1,2.0,1.0,0.0,160.73180254658888,0.4795018162947587,0.8814958414237689,-0.0639066114347107,-0.07295061875921893,0.6595158260886074,-0.11061238544019088,-0.5550417399205925,156.68898564613235,0.48951048951048953,0.9198987529206244,-0.043349483784963255,-0.08465236453324576,0.2851460161920993,-0.29687374091250335,-0.35503484498173493,-0.06415870256509201,-0.10616043780187082,-0.026454144910399796,-0.043349483784963255
H1,20,50,D1,2.0,1.0,0.5,199.8512708363399,0.47871452420701166,0.8759240902352028,-0.06700870613882468,-0.11871006456118582,0.8645765194409563,-0.13730428931605143,-0.5560040894864985,202.34428449407304,0.5,0.9622935467599597,-0.02069333027620336,-0.09292715150151365,0.5393795398085528,-0.17228527343565384,-0.04430566447551011,-0.0637674518373546,-0.09311558270573489,-0.04607422091986932,-0.02069333027620336
H1,20,50,D1,2.0,2.0,0.0,119.19343323252492,0.3219034289713086,0.9035039408331965,-0.06796774055857864,-0.052101711157411024,0.5401002172635775,-0.09646674726661804,-0.408315697501619,118.70377700464573,0.3630769230769231,1.0862314307627934,0.05317460584375403,0.058474677634144934,0.14158588145041856,0.41299794185073435,0.4296986997967857,-0.04635353810792939,-0.1165220532497154,-0.048528025752502334,0.05317460584375403
H1,20,50,D1,2.0,2.0,0.5,135.12481584093098,0.3228395061728395,0.9028004089059374,-0.06853782157038112,-0.0629464696092179,0.6228406472932584,-0.10106352223922883,-0.40994614910173655,139.52259327930668,0.36910994764397903,1.116329093039621,0.0719461082534735,0.10153126114996702,0.15169585466112528,0.6693080794908906,0.6088060749268882,-0.0783782662628479,-0.10146552889293761,-0.03216018372697461,0.0719461082534735
H1,20,50,D1,2.0,3.0,0.0,97.00627211296465,0.236457437661221,0.8736784387324159,-0.10141363197525072,-0.06782099501922845,0.6697820791398137,-0.10125830047039994,-0.3878609413228034,102.63311181017062,0.298932384341637,1.214867481458008,0.15141725820629823,0.15449370870396462,0.17807517186503888,0.8675757944574869,0.8055115993687851,-0.07649948845157294,-0.1825510162725924,-0.05649869423983734,0.15141725820629823
H1,20,50,D1,2.0,3.0,0.5,103.09522986382142,0.24352750809061488,0.9052659251657548,-0.07544714963251367,-0.04873755886549613,0.5662152681633101,-0.08607602374197908,-0.2928358687554562,115.416595487594,0.29430379746835444,1.1886251579536462,0.13472246261185905,0.1234525498738892,0.1390698684491884,0.8877016369580788,0.7771777677101824,-0.07213457848983151,-0.13889342392077875,-0.02914412858463621,0.13472246261185905
H1,20,50,D1,3.0,1.0,0.0,110.35193293676029,0.4708994708994709,0.8497348939771234,-0.08161374319980363,-0.06092486014466947,0.5697151810699804,-0.10693915515862973,-0.7193193783933203,112.12941397054227,0.5276872964169381,1.0715277057699724,0.033252927921666287,0.03791486846737713,0.11703723600919654,0.3239556038763412,0.36469337027108667,-0.06380329745410265,-0.10375724329146088,-0.08097815446801153,0.033252927921666287
H1,20,50,D1,3.0,1.0,0.5,124.11464566129956,0.4731182795698925,0.860595912304321,-0.07562275967588873,-0.06451275566835324,0.6146955905319237,-0.10495073766923796,-0.6730424324619848,135.13968458990436,0.5459459459459459,1.1563839835163434,0.07036013960584159,0.09547456600008619,0.12158952902064538,0.7852202962631348,0.7849799196748222,-0.06220910065794486,-0.1162143526979381,-0.05176449300055673,0.07036013960584159
H1,20,50,D1,3.0,2.0,0.0,75.82003555518905,0.32233223322332233,0.8949337756923043,-0.0743247134627508,-0.032785145862485154,0.4001650644792673,-0.08192905571391719,-0.35233613561897514,78.16187162767442,0.3878504672897196,1.2050824248375995,0.12951767261390792,0.06768485214903541,0.07480498738920657,0.9048173726288402,0.7302104208218039,-0.10412019761199863,-0.09419651565909573,-0.03325811041410048,0.12951767261390792
H1,20,50,D1,3.0,2.0,0.5,77.65506391846095,0.3297529538131042,0.9245160610739126,-0.052498989574319525,-0.02264874478188106,0.33400125022070143,-0.06781035929331167,-0.23980995182928747,88.38865856961313,0.4049586776859504,1.2942919418670358,0.18168499246518502,0.09227239423231959,0.0699414279891838,1.3192809595850572,1.0665845546421175,-0.0814873036569826,-0.10353624822693054,0.02256120987598705,0.18168499246518502
H1,20,50,D1,3.0,3.0,0.0,60.472525607824046,0.25103448275862067,0.9374895370146759,-0.04905300954131177,-0.015172255432810422,0.29256428497714454,-0.05185956116959285,-0.14654223666794228,65.74363034103456,0.32222222222222224,1.3177925069755725,0.22990356686888327,0.0760183277404125,0.08534057901185167,0.890764143161666,0.8727805700667839,-0.10003848747796266,-0.08268644512746194,0.043268645195846105,0.22990356686888327
H1,20,50,D1,3.0,3.0,0.5,58.80431800484959,0.24964539007092199,0.9315924766803203,-0.05379964221804408,-0.016287437385499426,0.294512668478396,-0.055303011139210774,-0.1595569342951953,70.49178142122038,0.32642487046632124,1.344252391550009,0.2468235633304902,0.08822650638725382,0.07524828432294764,1.1724719996087454,0.9820619160807986,-0.08467866618298474,-0.09943312283796779,0.04051376085673931,0.2468235633304902
H1,20,100,H4,1.0,1.0,0.0,386.77393274962776,0.44209618287686003,0.7288575647556478,-0.16142153312989654,,3.474292662899534,,-0.3148625632047111,385.69596466740273,0.48579545454545453,0.9017917996208747,-0.05139326727548789,,-0.0,,0.9028933477692044,-0.15907881600612314,-0.1969063718954354,-0.1287560841310385,-0.05139326727548789
H1,20,100,H4,1.0,1.0,0.5,570.7772313577103,0.451117930732135,0.7551710333992897,-0.1434949295996532,,4.448844401611717,,0.3417298294136353,573.0653111393513,0.491395793499044,0.9241684960089473,-0.03982337580096491,,-0.0,,0.8486012399348857,-0.13420505931332272,-0.18638484353876428,-0.11110940717184543,-0.03982337580096491
H1,20,100,H4,1.0,2.0,0.0,323.54886459689584,0.3047177107501933,0.8123071884493561,-0.140247828135643,,2.559773506186403,,-0.027134217695708156,312.64748651069766,0.338785046728972,0.9796427947635701,-0.013904370350517323,,-0.0,,0.19056485034617113,-0.13076309174963738,-0.20312455555256514,-0.08724363968938861,-0.013904370350517323
H1,20,100,H4,1.0,2.0,0.5,424.1417830562556,0.30599803343166176,0.8181719842054272,-0.13551160152081707,,3.199126667429578,,0.4230977167469531,405.4190537697131,0.3387387387387387,0.9792149834468222,-0.014310731779113151,,-0.0,,0.20943417616321935,-0.12852459020260018,-0.17956437046929336,-0.09882635798764683,-0.014310731779113151
H1,20,100,H4,1.0,3.0,0.0,289.4340191160682,0.22881844380403457,0.8251942579444719,-0.14502732488480125,,2.408220612004037,,-0.20374353210030338,272.4708235245099,0.2587131367292225,0.9868618061278971,-0.01065536851053639,,-0.0,,0.13079790935104832,-0.12294431343686978,-0.2199829221665254,-0.09486479736803514,-0.01065536851053639
H1,20,100,H4,1.0,3.0,0.5,355.8286817144516,0.22948898265353962,0.8270723180709131,-0.143499060803347,,2.8119617755083373,,0.1511556407998574,340.40590821024557,0.26716738197424894,1.034675282760279,0.02559058509651696,,-0.0,,-0.20606118264843473,-0.1346901358190961,-0.21306971947608133,-0.08196931047842998,0.02559058509651696
H1,20,100,H4,2.0,1.0,0.0,223.12276689783357,0.4770093457943925,0.8672622510346024,-0.07213526826120914,-0.20361156771823075,1.0712139083974723,-0.1900755452501845,0.24644074997357265,215.49301056227995,0.5016949152542373,0.965386205859561,-0.01862784209912745,-0.4181036517057919,1.4512451822254409,-0.28809994122746546,0.022007981265455622,-0.06179581216010431,-0.12212681707846777,-0.035722046103096934,-0.01862784209912745
H1,20,100,H4,2.0,1.0,0.5,273.5860468878109,0.4789634146341463,0.8738861017129931,-0.06821102663699173,,1.1764907655179175,,0.2508574269688918,271.7403387429428,0.5080645161290323,0.9959541060525391,-0.004328962073900585,,-0.0,,0.5135738190032814,-0.06197122418708141,-0.09481177984225807,-0.04859873567213581,-0.004328962073900585
H1,20,100,H4,2.0,2.0,0.0,162.9004724304557,0.3241167434715822,0.9064243301273649,-0.06605006066359745,-0.07889866006664137,0.7555445215086661,-0.10442622217562648,-0.3545892724059487,156.68898564613235,0.34965034965034963,1.0265281677215343,0.014886658686658718,0.034875427505916434,0.31097142119126026,0.11214994410842213,0.2354681588704859,-0.039740770634022406,-0.12829062865906252,-0.03467041794505236,0.014886658686658718
H1,20,100,H4,2.0,2.0,0.5,180.83370416243108,0.3242619926199262,0.9045401615864429,-0.0674672744100482,-0.09820978440869299,0.8152829362634572,-0.12046098359276428,-0.34115305535821266,176.77731713922626,0.3512396694214876,1.0350395669123875,0.018535608204854087,0.06505862882907643,0.4094311897131544,0.1589000312229662,0.3179392018461131,-0.06425217171114994,-0.11252168275821073,-0.029042205085271593,0.018535608204854087
H1,20,100,H4,2.0,3.0,0.0,128.95244770992548,0.23609314359637776,0.8674669455582369,-0.10675220918850209,-0.12461195190331276,0.940958070248871,-0.1324309295422213,-0.1856370994045402,126.00862482031623,0.263768115942029,1.0291978384457554,0.019092662536086567,0.05747126788864154,0.5082767817862976,0.1130708109205056,0.33213596557648856,-0.07616056358079684,-0.20103251664511226,-0.05253946365762318,0.019092662536086567
H1,20,100,H4,2.0,3.0,0.5,139.04510370792096,0.2393521295740852,0.8813190136319194,-0.09507794439656483,-0.11439763870085984,0.9214845576902803,-0.12414493302806923,-0.17769434743947793,137.69638132538904,0.27851458885941643,1.1000750144952505,0.07000802823420266,0.17827935201102307,0.43694278259645125,0.4080153262897059,0.5349039571590261,-0.12122348031126279,-0.13519120140848925,-0.03826232078105911,0.07000802823420266
H1,20,100,H4,3.0,1.0,0.0,146.80226906175218,0.4818181818181818,0.8844894618843898,-0.06161487089114967,-0.061135378482355396,0.6510163605771758,-0.09390759155139236,-0.549933251754339,143.90550196870896,0.5253807106598984,1.0586554981027347,0.028308639705399957,0.04011051758972983,0.13965423168785765,0.2872130482904463,0.3575870550990591,-0.04145591231356622,-0.10141713060534616,-0.04384877365791401,0.028308639705399957
H1,20,100,H4,3.0,1.0,0.5,162.65024129000952,0.4794871794871795,0.8780164965856013,-0.06529447665988139,-0.07808763037759847,0.7425369865698629,-0.10516328720313714,-0.5478695248661294,174.22062040374158,0.5366876310272537,1.1156083208299556,0.05403418787219761,0.10929338835091129,0.12197318741395453,0.8960443739162908,0.6836785524818608,-0.051224905520801736,-0.1176678701325006,-0.027421885060100272,0.05403418787219761
H1,20,100,H4,3.0,2.0,0.0,94.50396070850296,0.33451015004413065,0.9409759184798031,-0.04098637741043575,-0.02125703296607051,0.406569775149432,-0.05228384957602328,-0.1895873050107549,93.13680964979895,0.34509803921568627,1.0091669708390179,0.004191048850459996,0.0035006818478731105,0.10639788116882526,0.032901800387532674,0.07506911887170696,-0.046737091500978045,-0.13715430024193911,0.05877811896439227,0.004191048850459996
H1,20,100,H4,3.0,2.0,0.5,99.59199389757505,0.3257956448911223,0.9068488144723683,-0.06534818117970422,-0.039362765007311507,0.5334707620278498,-0.07378617125647942,-0.3173353520777249,98.98068790233536,0.36162361623616235,1.0842950012352848,0.0537978296712918,0.040521928739756685,0.09372903206885941,0.43233060072557516,0.3887092543951728,-0.10907289938237782,-0.10689321764574355,0.016764015424481617,0.0537978296712918
H1,20,100,H4,3.0,3.0,0.0,70.39836084552206,0.26421800947867297,1.0008329843530341,0.0004805602719497182,0.0007348856273430293,0.21397271493389014,0.00343448288521311,0.04306881694583319,76.70090206454032,0.2714285714285714,1.043734770459702,0.033264852439125775,0.009358808460502743,0.113417544760101,0.08251640855300074,0.14769299851234785,-0.022708910386070553,-0.0854568776062809,0.12934125120119794,0.033264852439125775
H1,20,100,H4,3.0,3.0,0.5,69.56425704403483,0.2541966426858513,0.9471933657508497,-0.04180799459341406,-0.014711122021312528,0.3772124398618273,-0.03899956752937735,-0.11819957365886065,78.16187162767442,0.2803738317757009,1.09944451890594,0.0734119965282961,0.02904370743275253,0.10356198814140995,0.2804475653083683,0.3344526655861187,-0.022898138334422963,-0.18601351070173458,0.13516891640816397,0.0734119965282961
H1,20,100,D1,1.0,1.0,0.0,298.77598169272517,0.4408151870463428,0.7260585927107256,-0.163424262644673,,2.721333307820957,,-0.1817611083258988,296.211578925439,0.4833538840937115,0.887090891010326,-0.0597679347775644,,-0.0,,0.8901399943387767,-0.1599328756328735,-0.20277874411338517,-0.1289546029980075,-0.0597679347775644
H1,20,100,D1,1.0,1.0,0.5,433.90079753365615,0.44944252210688196,0.7509189908892597,-0.1465414942283082,,3.476763286680114,,-0.21173469186312752,420.7592341826212,0.4878472222222222,0.9064877579457158,-0.049287801176735535,,-0.0,,0.8797379937943185,-0.13432520055720729,-0.19003351497092183,-0.11845821634221605,-0.049287801176735535
H1,20,100,D1,1.0,2.0,0.0,249.8974989255736,0.30240320427236317,0.80560047129821,-0.1457752086974658,,2.0637262022680813,,-0.18372133153075815,239.23376596320907,0.33587786259541985,0.9596177572414146,-0.027465100403483635,,-0.0,,0.298892655827062,-0.15306909758582324,-0.2023575337892525,-0.08422898688785414,-0.027465100403483635
H1,20,100,D1,1.0,2.0,0.5,321.46360509317776,0.3020238713025428,0.8045581839822035,-0.14661742484609616,,2.6417661114914393,,0.019013513918978063,299.13351805170726,0.33943833943833945,0.9748056758394491,-0.017051575896546576,,-0.0,,0.2146498951304351,-0.1531785093113348,-0.1902156270703938,-0.09888150996341173,-0.017051575896546576
H1,20,100,D1,1.0,3.0,0.0,223.03935651768484,0.225130890052356,0.8098298451255677,-0.1584253716292035,,2.0514237052856275,,-0.056796388135720875,208.55340513739296,0.2591943957968476,0.9914083268633852,-0.0068100007317626185,,-0.0,,0.1049325934082075,-0.15554451694208613,-0.21612270957587867,-0.10896428139771892,-0.0068100007317626185
H1,20,100,D1,1.0,3.0,0.5,267.74732027740026,0.22398753894080997,0.8030949663961369,-0.1646988273561808,,2.5052704463993885,,-0.28175984071594856,250.19103768671485,0.2671532846715328,1.0335088183076093,0.024891977012029432,,-0.0,,-0.14885944840056314,-0.17987926075527116,-0.2183797064579448,-0.0981304042545796,0.024891977012029432
H1,20,100,D1,2.0,1.0,0.0,169.65671322250222,0.48525073746312686,0.8992712168783008,-0.0538522501187383,-0.06118724622591487,0.6142192966014786,-0.09961791588845953,-0.49202147560029974,166.55053019728754,0.49780701754385964,0.9518862980909849,-0.026443173853371832,-0.044037990253770865,0.22087305375259114,-0.19938145240251715,-0.20888599203173422,-0.05290066571920368,-0.09498104065681938,-0.01893401913674165,-0.026443173853371832
H1,20,100,D1,2.0,1.0,0.5,205.77340782689922,0.48155654641264695,0.8860872836927454,-0.06117806270468408,-0.10458811174549032,0.8266962472281172,-0.12651335009221404,-0.5407321423700477,206.72719318347532,0.5070671378091873,0.990222251619617,-0.006788833904355334,-0.018776747936694704,0.3595105274163948,-0.05222864563002621,0.07198882702152895,-0.06803715329241866,-0.07778701110079975,-0.03928702869013172,-0.006788833904355334
H1,20,100,D1,2.0,2.0,0.0,123.78100414070467,0.32816711590296493,0.925761968988766,-0.05191288323690403,-0.038517468572250246,0.45192257578650064,-0.0852302377353391,-0.3119362602945488,121.62571613091393,0.3633633633633634,1.0867341831434258,0.053576794507954224,0.05109142038667058,0.10753615692714674,0.4751092269485122,0.43534689728047415,-0.036752454855059756,-0.08745682839846955,-0.03828346426288622,0.053576794507954224
H1,20,100,D1,2.0,2.0,0.5,137.04325458435162,0.3231892878880097,0.9029790685693255,-0.06852824436349123,-0.06408530347271424,0.6296549694969521,-0.10177844466774187,-0.4015034173841082,137.69638132538904,0.36074270557029176,1.074910220583116,0.04602502790056084,0.06822997384893115,0.13651633211986017,0.49979348836464355,0.4249772749885943,-0.08736223872134626,-0.10284965032441282,-0.020921268451522923,0.04602502790056084
H1,20,100,D1,2.0,3.0,0.0,99.008121236534,0.2384161752316765,0.8799174951765417,-0.09651196873802784,-0.06478807207833615,0.6636453233014465,-0.0976245440200406,-0.37960744334482444,104.45932376408824,0.2902097902097902,1.1593712924378616,0.1147494205646243,0.11695991077523371,0.14198682535368654,0.8237377692182972,0.6413607570141426,-0.10314699553284791,-0.15246530925553115,-0.044095881851786985,0.1147494205646243
H1,20,100,D1,2.0,3.0,0.5,104.34638556605225,0.23741007194244604,0.8734094777320713,-0.10196678482355376,-0.07672340638611008,0.7273380653696512,-0.10548520700221753,-0.37150967454151107,111.76417157975875,0.29411764705882354,1.1822228138977904,0.13206678476734673,0.16060015773734504,0.17533363433934787,0.9159689088889411,0.7588523267072099,-0.1320494568109474,-0.1548456373257383,-0.0300548138799904,0.13206678476734673
H1,20,100,D1,3.0,1.0,0.0,114.10540004345283,0.4766081871345029,0.8686275077471737,-0.0706914112256383,-0.05218237460793396,0.5265173564845396,-0.0991085554260664,-0.6228987516098761,113.59038353367637,0.5241157556270096,1.0532331183804187,0.025239640435012655,0.0260678287511229,0.11471469714266014,0.22724053151362755,0.287899643705246,-0.060719288116000567,-0.09617252495110058,-0.05947813935721671,0.025239640435012655
H1,20,100,D1,3.0,1.0,0.5,124.69851832234062,0.474247491638796,0.8635903871570434,-0.07371360372753434,-0.06262197488581445,0.6103543829612061,-0.1025993695367543,-0.6405489599824373,133.67871502677028,0.5409836065573771,1.1323400807093649,0.060397980416866705,0.07994118858954735,0.0932888238001181,0.8569213902924795,0.6795059534531902,-0.07585437973659252,-0.10910392831798794,-0.04041217874279829,0.060397980416866705
H1,20,100,D1,3.0,2.0,0.0,76.82096011697372,0.3268186753528773,0.9119287115058818,-0.061760683801527244,-0.026836957159666053,0.3558561398313588,-0.07541518651999136,-0.2918233418708005,79.98808358159205,0.3698630136986301,1.1166593842855004,0.07476059853112586,0.03861547588394587,0.07807829862444879,0.4945737364191763,0.4547132397010578,-0.10883800637394851,-0.08403385780723466,-0.0016547017620765453,0.07476059853112586
H1,20,100,D1,3.0,2.0,0.5,76.82096011697372,0.3257328990228013,0.9066193865070865,-0.06539184215330783,-0.02882729575060461,0.4008980846478712,-0.07190679340841716,-0.30095837690516586,86.19720422491197,0.3813559322033898,1.1740562544390754,0.11093050598291945,0.061186809341870596,0.08003665156852105,0.764484872152445,0.6687173347211633,-0.11817617437949561,-0.09566170628937243,0.015610765507330492,0.11093050598291945
H1,20,100,D1,3.0,3.0,0.0,58.637497244552144,0.25604551920341395,0.961580349184182,-0.030342167207055022,-0.0084582979830079,0.2683436319965346,-0.031520397633721865,-0.06641038709275754,65.0131455594675,0.3146067415730337,1.2753568073784494,0.196716598570744,0.06104202689642957,0.0715643871567219,0.8529665287673187,0.7924509378524004,-0.1300708941927678,-0.028567198746276622,0.08152840498489332,0.196716598570744
H1,20,100,D1,3.0,3.0,0.5,57.21952078202386,0.2478134110787172,0.9197825258521803,-0.06379694580209709,-0.019071941510900303,0.3898847931788343,-0.048916864275217554,-0.17045016202674196,69.03081185808628,0.31216931216931215,1.2589098530430252,0.18910934730115544,0.06900167025971737,0.07494544948036848,0.9206919264363337,0.7642456509886786,-0.13903380776969143,-0.12968015124181542,0.12967509981347428,0.18910934730115544
H4,10,50,H4,1.0,1.0,0.0,171.24151044532798,0.4968339016074038,0.9406055079448499,-0.031232097962754994,-0.03045094900148171,0.4422322183246971,-0.06885737343343881,-0.31205932299400185,175.68158996687566,0.5114345114345115,1.0059966730189853,0.0031554579957161558,0.003676735489157812,0.12463520648108409,0.029499975111092154,0.07768831446343497,-0.003307589567949267,-0.07214576067104991,-0.01758524559455811,0.0031554579957161558
H4,10,50,H4,1.0,1.0,0.5,247.64541866155807,0.48770629841697544,0.906852543948689,-0.04966684964134248,-0.099141339546298,0.7847423964917528,-0.12633615819600988,-0.5775945108089766,264.80073331805585,0.5117241379310344,1.011040835860661,0.006214220056182127,0.024100057575440648,0.35346709136520005,0.06818189914755209,0.21073253249362847,-0.037594721719855666,-0.06859886595568816,-0.042084217841269346,0.006214220056182127
H4,10,50,H4,1.0,2.0,0.0,126.95059858635614,0.3442838370565046,0.9927327645252271,-0.0053367758843848615,-0.0031268293772961364,0.28496771978871704,-0.01097257394491718,0.001352731181316723,140.61832045165724,0.37662337662337664,1.1489086444438201,0.09606729188165729,0.06391583389696542,0.06406167049097261,0.997723496860299,0.7098896389880583,0.009800262895915861,-0.04706383568515199,0.020748325196452175,0.09606729188165729
H4,10,50,H4,1.0,2.0,0.5,165.31937345476865,0.33955600403632696,0.9708995682692402,-0.020181093206973408,-0.017775457341901557,0.37290178832317095,-0.04766793267962734,-0.12198105952743221,183.3516801733297,0.3745019920318725,1.1391007836043674,0.09108334066184914,0.09101246374505734,0.12962254835510814,0.7021345043743752,0.742810701892237,-0.0033591473471049644,-0.04621021201768749,-0.01176517579092779,0.09108334066184914
H4,10,50,H4,1.0,3.0,0.0,106.51505544991905,0.26859827721221613,1.034121300185007,0.025906247647758104,0.012453862042288488,0.2932304650785929,0.04247124199373537,0.17302494725592904,106.6507781087894,0.2910958904109589,1.1687455584948387,0.12453037871234213,0.052988334625660105,0.07239416270068193,0.7319420882695142,0.6468549230339953,0.05539326451120481,-0.047226358746749686,0.06885487307844908,0.12453037871234213
H4,10,50,H4,1.0,3.0,0.5,131.1211175937923,0.2678117048346056,1.0273294579919328,0.02073842161111156,0.012296199901366434,0.2933185955938031,0.04192096950578136,0.1614059556098269,132.21774546363616,0.292817679558011,1.1775949301253665,0.1310154062265002,0.06798125670446531,0.12267127300833762,0.5541742172989826,0.7319314051132318,0.039161689751180444,-0.05239584054240444,0.07042758572529657,0.1310154062265002
H4,10,50,H4,2.0,1.0,0.0,84.91176699139983,0.49410609037328096,0.9263429684963771,-0.038037668605568384,-0.017546177884367742,0.2857733423641551,-0.06139893154207858,-0.2841944662248133,92.04108247744838,0.5357142857142857,1.1068455688819785,0.04829222943637285,0.02653769740160561,0.05282113264293285,0.5024068223034629,0.44122716163799663,-0.02948606718534047,-0.08737581986943213,0.004414373426487106,0.04829222943637285
H4,10,50,H4,2.0,1.0,0.5,108.01644229259605,0.4980694980694981,0.9419101145313843,-0.029916886013217278,-0.01743232026181496,0.2655909727238967,-0.06563596677639065,-0.24819269190295476,115.78183787837753,0.5331230283911672,1.11455936418012,0.05310713393736688,0.0354065237120873,0.061183603662208826,0.578693009119971,0.5184730037698161,-0.02261590178844747,-0.05998242669165494,-0.007941186609175515,0.05310713393736688
H4,10,50,H4,2.0,2.0,0.0,54.30015747681856,0.33947772657450076,0.9569324215666791,-0.028748350769034883,-0.008243901501305495,0.23869862445834805,-0.03453686220443228,-0.11001128942076027,57.343055353013476,0.3885350318471338,1.1993757626362478,0.1242174416464347,0.03649925099412932,0.06869540937848591,0.5313200885525283,0.6043606315099027,-0.03120289248424362,-0.13375351869521063,0.08586702099415582,0.1242174416464347
H4,10,50,H4,2.0,2.0,0.5,61.39003978946,0.3383152173913043,0.9544116136038541,-0.03114840583078491,-0.009929195179127048,0.269208650236079,-0.03688289796936232,-0.12266993994084202,67.56984229495218,0.3837837837837838,1.1732546915185011,0.10843610834418617,0.038294714585042744,0.06553580676895236,0.5843326949502802,0.581761060995931,-0.03475297554384019,-0.15652559298872473,0.09464792604445461,0.10843610834418617
H4,10,50,H4,2.0,3.0,0.0,41.53836931406397,0.26506024096385544,0.9897019056486316,-0.0071780273639243585,-0.001318980555236715,0.19498096983792954,-0.006764663014719166,0.0006389087590831816,42.733359721672464,0.3247863247863248,1.331940777504815,0.230016210422643,0.04456629961839709,0.07817584534091916,0.5700776169934166,0.767176897792038,0.02466860802415773,-0.07209752401703222,0.03397760937516486,0.230016210422643
H4,10,50,H4,2.0,3.0,0.5,43.456808057484594,0.2514395393474088,0.9259807838155533,-0.05854800973715455,-0.012946168155745008,0.2337301231646466,-0.055389386615884904,-0.1725513061277712,50.40344992812649,0.3188405797101449,1.2960051444504728,0.2122208376362602,0.05383792324175074,0.10227837907075663,0.5263861603096529,0.7565575123398955,-0.02010588421328139,-0.15347650377007288,0.014578452967669285,0.2122208376362602
H4,10,50,H4,3.0,1.0,0.0,46.20935060239245,0.5379061371841155,1.0867007244265126,0.042480170543274305,0.008804575953651694,0.07966128382351835,0.1105251576557234,0.2615692013901402,49.30772275577592,0.5333333333333333,1.093744431937899,0.037460099943399,0.00921173430570943,0.035096856907514164,0.2624660758079797,0.29099660124724896,0.020642988755563477,0.018499602822027582,0.08961319968610637,0.037460099943399
H4,10,50,H4,3.0,1.0,0.5,54.8006197577109,0.5312024353120244,1.0620080178026234,0.029127848208627915,0.0076248926363502445,0.0806606073217004,0.09453056317738502,0.21091200535028243,58.804024916147576,0.546583850931677,1.1236582563991762,0.06118229054388273,0.014043190296966213,0.03851366481349471,0.36462877176117636,0.39833109062464467,0.004091812482699061,-0.007740052894521552,0.08949913155666152,0.06118229054388273
H4,10,50,H4,3.0,2.0,0.0,24.77288290417068,0.3939393939393939,1.1771607549528331,0.11329470390354307,0.012669220758505517,0.0968400990612495,0.1308261854471305,0.371872915573757,27.3931793087644,0.44,1.450353798366201,0.2463330572332746,0.02730647740319836,0.03264239310885229,0.8365341754245683,0.8372431061552905,0.16050279877097773,0.04453926054037057,0.14463178143199015,0.2463330572332746
H4,10,50,H4,3.0,2.0,0.5,24.272420623278343,0.36769759450171824,1.0568322676716981,0.03773032259350317,0.004335485507193759,0.0747238224665861,0.05802012482876445,0.12944173913639595,29.949876044249077,0.4268292682926829,1.355676811320183,0.2137211984126219,0.02645551251731071,0.042702562808614924,0.6195298543527581,0.7074247132289736,-0.07595263132695335,-4.2756559371053426e-05,0.1717636351813457,0.2137211984126219
H4,10,50,H4,3.0,3.0,0.0,15.514330707662445,0.27419354838709675,0.9973954689312696,-0.0043787083258699944,-0.0002338547491977927,0.10055503032046458,-0.0023256394876766248,0.008916788555749048,22.64502822857857,0.3387096774193548,1.382713870694624,0.24354498944156577,0.026480324311339176,0.04579080715625346,0.5782890924149798,0.6820399583125435,0.17576524382872882,-0.20548752797431846,0.15284254596422145,0.24354498944156577
H4,10,50,H4,3.0,3.0,0.5,6.923061552343994,0.27710843373493976,1.032351733271749,0.018596418792974235,0.0008003725357192959,0.06153612153386489,0.013006548280408451,0.041902376723357296,20.453573883877418,0.3392857142857143,1.4167300597694215,0.27337370655259396,0.02547494519482707,0.04901800245538671,0.5197059022960566,0.6294964515298482,0.3083024201151545,-1.1515964200393154,0.09444931132396366,0.27337370655259396
H4,10,50,D1,1.0,1.0,0.0,129.703141131264,0.5022508038585209,0.9629897155239859,-0.019322438130813916,-0.01296127373120426,0.26473182350657376,-0.04896001379631039,-0.15348037217540267,126.37386721109976,0.5260115606936416,1.0656599435511303,0.03188053019501988,0.02229875630140965,0.09393588653556664,0.2373827205321232,0.3334069881301207,-0.016681802015310932,-0.048062775208942365,0.005818854301718787,0.03188053019501988
H4,10,50,D1,1.0,1.0,0.5,187.92358647507254,0.48468708388814913,0.8974803505497123,-0.05501602731295416,-0.07359445487746574,0.6630048961330575,-0.11100137466058196,-0.5809231145684512,189.19555842586612,0.527027027027027,1.0732177644534364,0.03619615736839629,0.07577029263880242,0.19657125521686372,0.38545967748545024,0.44866198550539793,-0.06580530819986187,-0.05796278852184936,-0.04118356988826109,0.03619615736839629
H4,10,50,D1,1.0,2.0,0.0,96.0887579313287,0.3489583333333333,1.01588830550729,0.010512215715850048,0.004919930290326668,0.15346655437793577,0.03205864828508861,0.09566467678184816,102.63311181017062,0.4092526690391459,1.3109890295560545,0.19004844414281358,0.08282587969027322,0.05614465968470524,1.475222757701324,1.1739988855730212,-0.007619053585003295,-0.00211186831625502,0.040222478610799216,0.19004844414281358
H4,10,50,D1,1.0,2.0,0.5,126.11649478486892,0.3353174603174603,0.9547602780479406,-0.031629846874031635,-0.0216806929352098,0.32507037010162326,-0.06669538330556549,-0.1830626146511698,134.0439574175538,0.40599455040871935,1.2970743189487512,0.18315356685778472,0.13656551010595708,0.0896958631787755,1.5225396720221567,1.283727712413664,-0.0639227552245157,-0.011284304418368122,-0.021400966030061887,0.18315356685778472
H4,10,50,D1,1.0,3.0,0.0,81.32512064500476,0.26974358974358975,1.0435262083256973,0.03318636992650338,0.012132225882726555,0.19293257430812147,0.0628832426366264,0.1817423215094439,78.16187162767442,0.3364485981308411,1.425016782834518,0.29612195347006676,0.08985394433068672,0.05467381119607184,1.6434549259507716,1.2930865699697671,0.028146188541226767,-0.014181715579426393,0.08110001480750323,0.29612195347006676
H4,10,50,D1,1.0,3.0,0.5,100.92655997995462,0.2611570247933884,0.9958498141431593,-0.0034987329669936475,-0.0018447550537449287,0.20126630083414854,-0.009165742332915833,0.018621606692269664,97.15447594841774,0.33458646616541354,1.4167890951516702,0.29068445447772273,0.125362848729216,0.07837876578806406,1.5994491297323659,1.3826326526884587,-0.010792776292006583,-0.01685706853807294,0.008895706070079761,0.29068445447772273
H4,10,50,D1,2.0,1.0,0.0,66.97853525942443,0.50186799501868,0.9588535057531992,-0.02058999123588182,-0.007195792486715424,0.18666343170397326,-0.03854955639156535,-0.12981083817429367,71.58750859357096,0.5714285714285714,1.2671412920675078,0.11619008714435404,0.04166674012187532,0.03399688757379197,1.2256045507529343,0.8781604512467324,-0.04598141151606464,-0.061414955934663985,0.04335873357851794,0.11619008714435404
H4,10,50,D1,2.0,1.0,0.5,83.99425280976389,0.49751737835153925,0.9424734164116574,-0.029789476406716683,-0.013127206039785011,0.22082463566083396,-0.05944629321135697,-0.2134549361387701,92.77156725901543,0.5708661417322834,1.2878741316786075,0.12217820981226056,0.06118954476477745,0.05130183745869564,1.1927359290793949,1.0655816814211594,-0.07104776991149155,-0.040772720292079054,0.01861907383629214,0.12217820981226056
H4,10,50,D1,2.0,2.0,0.0,42.53929387584864,0.3431372549019608,0.9737645676305976,-0.016242668280820712,-0.003951669183519857,0.20500851589178282,-0.01927563431367803,-0.04904178605802032,45.655298847940664,0.464,1.6102547463173924,0.3386145134026983,0.07241225044669197,0.04060590240181281,1.783293712577588,1.4233859885256337,-0.08197118848282374,-0.10140571644265274,0.13581567854813867,0.3386145134026983
H4,10,50,D1,2.0,2.0,0.5,49.37894504804391,0.3344594594594595,0.9416562749041336,-0.039706474825507036,-0.010314155695076765,0.2185519155689484,-0.04719316080221165,-0.15336775113015486,54.05587383596175,0.4594594594594595,1.6052607596504394,0.3286444128509051,0.08999418269919612,0.05284359731379797,1.703029075874397,1.5196423428058905,-0.058483581818196725,-0.13417225548532205,0.05799438699307472,0.3286444128509051
H4,10,50,D1,2.0,3.0,0.0,33.28074167934041,0.2756892230576441,1.0451572069687605,0.03665456000720695,0.005437742316401817,0.13466993885905432,0.04037829349646444,0.12323835025786825,37.61996625070311,0.36893203883495146,1.5940466762131027,0.3976112349800558,0.06211246135189086,0.059048684842924436,1.0518856011292441,1.260427405619033,-0.00720246114323877,-0.07403076461185983,0.21509959014939195,0.3976112349800558
H4,10,50,D1,2.0,3.0,0.5,34.03143510067891,0.2696078431372549,1.012918415788705,0.010695998278724798,0.0020543587596220103,0.15032609159404553,0.013666015911394746,0.05904152354234546,44.194329284806564,0.36363636363636365,1.5858896170963095,0.379288712272428,0.07234716146581444,0.06015351365936762,1.2027088205602752,1.2630779188390324,-0.052229249450639524,-0.08402706776511622,0.16529886090590465,0.379288712272428
H4,10,50,D1,3.0,1.0,0.0,40.53744475227929,0.5288065843621399,1.055780711722544,0.02764545962581161,0.005113714706173722,0.09818397557594055,0.05208298682322668,0.1665766153236413,44.194329284806564,0.5785123966942148,1.2908167619070101,0.12562511422743786,0.023744466667771746,0.02838952245467494,0.836381334194007,0.7570880148190956,0.04800248607702737,-0.04102294570389061,0.06951354876568046,0.12562511422743786
H4,10,50,D1,3.0,1.0,0.5,47.29368554432584,0.5167548500881834,1.005310953316463,0.0017018499695506454,0.0005684402483074891,0.08477041783306374,0.006705644054119259,0.030412560665037756,52.59490427282765,0.5902777777777778,1.3279819945436222,0.14756509023566944,0.03266361798104378,0.035948018425730574,0.9086347290192799,0.9081647800546905,-0.03538145510848191,-0.003776570737255969,0.03911154701476912,0.14756509023566944
H4,10,50,D1,3.0,2.0,0.0,22.771033780601332,0.37362637362637363,1.0864533272610801,0.056709677732338315,0.005895915820384845,0.09008406505449719,0.06544904270048267,0.18189577418608951,26.297452136413824,0.5,1.8223762284381908,0.4200015915237245,0.04601811350960383,0.026992923237466868,1.7048214120703131,1.4063404861776425,0.10895482797698643,-0.06315954986859125,0.13935693590488768,0.4200015915237245
H4,10,50,D1,3.0,2.0,0.5,21.102826177626874,0.38735177865612647,1.1468632319079624,0.09558805089155588,0.009487240332171298,0.07428595684844366,0.12771243361012266,0.2921706735180413,29.584633653465552,0.5061728395061729,1.8490449008178325,0.43693677299341627,0.049806038458914514,0.031347821365433765,1.5888197740540282,1.4493503560555083,0.04594276561489269,0.051216593036810094,0.16440162790260435,0.43693677299341627
H4,10,50,D1,3.0,3.0,0.0,15.847972228257337,0.24210526315789474,0.841714215121715,-0.12926014033955763,-0.009963396366292288,0.2135654489827116,-0.04665266040809268,-0.2298142508336338,17.531634757609215,0.4791666666666667,2.405340950197954,0.7794547308668339,0.06430375569872226,0.02735537807470792,2.350680569031355,1.5890646531031625,-0.14430940247293442,-0.2687831965946957,0.05122910508520971,0.7794547308668339
H4,10,50,D1,3.0,3.0,0.5,8.341038014872282,0.27,1.0053875478950365,0.0009670055328198069,0.0004373043255829767,0.10024964091872339,0.004362153535667203,0.02719501399465682,21.914543447011518,0.45,2.2089234453377316,0.662196945618701,0.06415246614534365,0.0349140697580226,1.8374387915806523,1.6150979005899007,0.3768605389777459,-1.1514212861897049,0.03142840973157847,0.662196945618701
H4,10,100,H4,1.0,1.0,0.0,163.56775547164546,0.49311575726670065,0.9266795334778822,-0.038690581015763004,-0.03752292535418056,0.45729987351126594,-0.08205321612286899,-0.3801648968608119,170.56819649590634,0.5010706638115632,0.968626436425081,-0.017655208325004352,-0.02124442466187393,0.19958564436586468,-0.10644264886571864,-0.12164120523211429,-0.014814880138196066,-0.07614494120610736,-0.025075061264806187,-0.017655208325004352
H4,10,100,H4,1.0,1.0,0.5,232.54813985463923,0.48421807747489237,0.8948991721567979,-0.0563848164838238,-0.11259223025188492,0.834958145704193,-0.13484775354449183,-0.5586387762153366,249.82579529593133,0.4956140350877193,0.9491775150464002,-0.026764096375287105,-0.15142335608710844,0.759658821145296,-0.19933074147525298,0.04906238105178144,-0.04545745942617202,-0.07896415686199948,-0.04359539903382679,-0.026764096375287105
H4,10,100,H4,1.0,2.0,0.0,120.61140969505321,0.34232365145228216,0.9854440949190496,-0.0100475021518774,-0.006057624481467183,0.2923264175742512,-0.020722124711594157,-0.03643654691249006,138.42686610695608,0.35883905013192613,1.0676641833315963,0.04274916251801166,0.03126104034989652,0.10732332490057746,0.2912790894137526,0.3497998351469686,0.02391076157411929,-0.03746903684020496,-0.015892725107355257,0.04274916251801166
H4,10,100,H4,1.0,2.0,0.5,153.72533061409618,0.3358654367878459,0.9570448721934525,-0.029996174399393234,-0.025535310497370123,0.4005331860996504,-0.06375329531625148,-0.1980944558194539,178.6035290931439,0.3558282208588957,1.0545449162996894,0.035305444987285266,0.04100363773842064,0.14410988067022282,0.28453037049036395,0.3402414219442218,-0.00024809238233616007,-0.056567779649752195,-0.033522546412604194,0.035305444987285266
H4,10,100,H4,1.0,3.0,0.0,103.26205062411886,0.26252019386106623,1.0043536649156433,0.003394448623752312,0.0014363261773742142,0.28922772797526897,0.004966073576102739,0.05324157722917274,108.84223245349054,0.2751677852348993,1.0859571244390673,0.062075789726010216,0.03282694970901301,0.10803460186233305,0.30385588638391914,0.37357889412246026,0.032773314860460416,-0.04627565305776463,0.023244992873454266,0.062075789726010216
H4,10,100,H4,1.0,3.0,0.5,123.03031071936617,0.2549152542372881,0.9636327999538833,-0.028425128023090013,-0.019144588990486655,0.3776966752970313,-0.05068773500701538,-0.12385480851319236,131.85250307285264,0.2770083102493075,1.0935717057836811,0.06869944564659952,0.054137231748746295,0.1643441691992292,0.3294137663205894,0.4449771749333258,0.0003937666755249891,-0.06195400521381542,-0.028237920333741395,0.06869944564659952
H4,10,100,H4,2.0,1.0,0.0,81.90899330604582,0.49490835030549896,0.9310307325118397,-0.03574696598556281,-0.01564063156314044,0.2546408053525912,-0.06142232994230232,-0.26624850097656766,90.21487052353075,0.5222672064777328,1.0516211945055685,0.021394381911002475,0.01273193970585318,0.06250630878018923,0.20369047467874865,0.22858571837563402,-0.01677318504960211,-0.07963558080509674,-0.008824136763146929,0.021394381911002475
H4,10,100,H4,2.0,1.0,0.5,101.51043264099567,0.4979457682826623,0.9426833847449863,-0.02969354534570991,-0.016033848957084595,0.24796592672104967,-0.06466150075176233,-0.24634575013775759,111.0336867981917,0.5263157894736842,1.074838194302628,0.03256551493607326,0.022529550834419876,0.06567674441673119,0.343036961324783,0.3507686339455145,-0.004465598827537444,-0.055981804036516924,-0.02908230830450079,0.03256551493607326
H4,10,100,H4,2.0,2.0,0.0,52.965591394438995,0.33700787401574805,0.9489335222226173,-0.03456202301336164,-0.009750079109365872,0.22637888284334642,-0.043069737719807114,-0.13930770102602058,59.534509697714626,0.37423312883435583,1.1313848166987648,0.08148912538624624,0.026352102605853522,0.0823247071814382,0.3200995607281692,0.429295023130496,-0.01991717851696057,-0.12356439134370836,0.04358643927376492,0.08148912538624624
H4,10,100,H4,2.0,2.0,0.5,58.88772838499832,0.3356940509915014,0.9440336448832988,-0.03886630341666674,-0.011859192475150437,0.21961626353662572,-0.05399960951968688,-0.1651034779364691,68.66556946730276,0.3882978723404255,1.202134278655443,0.12223077083390833,0.04568200163995084,0.06171933390892807,0.7401570747240788,0.6781835091136199,-0.012347830619387358,-0.11634128389765558,0.009801511043231481,0.12223077083390833
H4,10,100,H4,2.0,3.0,0.0,40.62085513242802,0.2731006160164271,1.0336214915528967,0.025852070276047925,0.004957896157944175,0.15375302537729693,0.032245844566491724,0.10976540297702463,48.94248036499239,0.291044776119403,1.152011045400419,0.10688016823507054,0.02362242242368051,0.08173553345376576,0.2890104392239966,0.430279694296733,-0.0017884202433978878,-0.02199236210469129,0.10514568734767793,0.10688016823507054
H4,10,100,H4,2.0,3.0,0.5,42.70611463614609,0.2578125,0.9602073525390932,-0.03197098950257266,-0.006256584603396176,0.1731976538899924,-0.03612395701023806,-0.07412249599614061,54.42111622674527,0.28187919463087246,1.102755065212855,0.0657760371950168,0.018734911690265088,0.09040348616705561,0.20723660651365866,0.2902022481580754,-0.022158479954102167,-0.08450990959313087,0.015790634444972366,0.0657760371950168
H4,10,100,H4,3.0,1.0,0.0,45.625477941351384,0.5228519195612431,1.026982753994386,0.013750464921213689,0.0028298972442311054,0.10667472713073742,0.026528282005941917,0.092958809070777,50.76869231891002,0.5323741007194245,1.075967532370992,0.035858153674765046,0.00833460088363358,0.0487399574628767,0.17100139839025744,0.2464957010079236,0.025429283034718492,-0.05950922477946314,0.07590993700258224,0.035858153674765046
H4,10,100,H4,3.0,1.0,0.5,52.882181014290275,0.5173501577287066,1.0061988380787092,0.001884124672266026,0.0007532638489911037,0.0882678156099352,0.008533844910356185,0.03511865827214739,60.995479260848725,0.5269461077844312,1.039236737726172,0.02679026108812815,0.005308677309856735,0.06024334667038702,0.08812055775889104,0.14993910182206488,-0.013534088540945066,-0.028723104928079668,0.047722645706771746,0.02679026108812815
H4,10,100,H4,3.0,2.0,0.0,26.27426974684769,0.38412698412698415,1.1364706003008516,0.08986278271611563,0.01043855148009265,0.09778560610475324,0.10674936625038974,0.3053859865169244,29.584633653465552,0.4074074074074074,1.2337833959567337,0.15241752778106904,0.017422510791726076,0.050574678993882544,0.34449078349728096,0.49841898461084916,0.11186519789912551,0.0030877855915699888,0.16768013892375022,0.15241752778106904
H4,10,100,H4,3.0,2.0,0.5,25.189934804914294,0.36423841059602646,1.0457292893697376,0.031700181329911536,0.003936105944900126,0.0821982894838689,0.04788549700505108,0.11830808214825296,32.50657277973375,0.42696629213483145,1.3559143312949566,0.20398368900170902,0.027956124282632056,0.04651939545141833,0.6009563110472387,0.7152196581770021,-0.044733465080935,-0.05279106176953354,0.20092006153920053,0.20398368900170902
H4,10,100,H4,3.0,3.0,0.0,15.264099567216277,0.2568306010928962,0.903319099786516,-0.07630002911196049,-0.005436793683711638,0.12573817719597197,-0.043239005089424874,-0.12550056334496223,17.89687714839274,0.3877551020408163,1.6109118035188477,0.4224634721188285,0.03176091215605137,0.05166583633323957,0.6147372114756182,0.7942823624707961,-0.0475619824366832,-0.20539409909411238,0.09240283049377312,0.4224634721188285
H4,10,100,H4,3.0,3.0,0.5,7.006471932492717,0.27380952380952384,1.018366888782059,0.010860290422267478,0.0007534362381811377,0.07225106184275336,0.010428029968900809,0.03953102601721096,22.64502822857857,0.3387096774193548,1.3626274143580634,0.21514682877136754,0.023508966226567285,0.04775457898194969,0.49228716340381146,0.5801861924431155,0.029188286343017733,-1.1526394775482072,0.24578110104963688,0.21514682877136754
H4,10,100,D1,1.0,1.0,0.0,142.1312877734237,0.5011737089201878,0.9584237307628163,-0.0217307029695498,-0.016265314315002444,0.27447529716766744,-0.059259665561329285,-0.18549914357632913,140.61832045165724,0.509090909090909,1.0017678524945275,-0.0006601705244958774,0.0007300743372549157,0.10582359776707824,0.006898974828486147,0.04168636004237256,-0.008499982117204173,-0.06640358682704127,0.008207693426655234,-0.0006601705244958774
H4,10,100,D1,1.0,1.0,0.5,200.2683227370835,0.4868804664723032,0.9053455413538442,-0.05058649737718909,-0.07122078908867746,0.6554953534484578,-0.10865185956543569,-0.5394452999673083,204.17049644799064,0.5098389982110912,1.0037629196417528,0.0018971525970380096,0.004481614022202818,0.24124052682650343,0.01857736791225766,0.10584515947820039,-0.05051866914386895,-0.07343745641709842,-0.027526028991895102,0.0018971525970380096
H4,10,100,D1,1.0,2.0,0.0,103.76251290501119,0.34485530546623794,0.9974215240798496,-0.002119391559000161,-0.0008952467447899126,0.1720802604666413,-0.005202495291221744,0.020978337398326566,112.85989875210932,0.3883495145631068,1.2079259864566219,0.1290844558679811,0.06808340746843977,0.06770767533857691,1.005549328462157,0.8719461702863897,0.011964354373375568,-0.04473636749122838,0.025226917282727378,0.1290844558679811
H4,10,100,D1,1.0,2.0,0.5,131.8718110151308,0.33649588867805186,0.9598211439659028,-0.02827020555925325,-0.01989298029823583,0.34387749443711785,-0.05784903234449238,-0.1654889975455362,143.90550196870896,0.3883248730964467,1.2064008103475212,0.13045552211189795,0.10525412945012014,0.09981912755053171,1.0544485013339457,1.0002525998766942,-0.02950301838867016,-0.04946113531229801,-0.007630397903351305,0.13045552211189795
H4,10,100,D1,1.0,3.0,0.0,88.16477181720003,0.2630085146641438,1.0084921338863988,0.006038437781809607,0.002538753162472096,0.25098678282864756,0.010115087072952925,0.06473363232631565,88.38865856961313,0.30578512396694213,1.2477329512178827,0.17711108948878193,0.07027030839823878,0.07398323834114588,0.9498139034440974,0.8734341482259639,0.009418529784739197,-0.07897158417173814,0.08400974527236092,0.17711108948878193
H4,10,100,D1,1.0,3.0,0.5,105.51413088813437,0.25691699604743085,0.974907430711268,-0.020033185316050108,-0.010926902552297335,0.30445763332430015,-0.03588973097172535,-0.06468091784499233,107.38126289035644,0.3129251700680272,1.2865633991375536,0.20524223618224186,0.11092986517805747,0.09946569694088049,1.1152575067562334,1.0996392582173404,-0.0072284356301947905,-0.07649841128764169,0.01573250623844091,0.20524223618224186
H4,10,100,D1,2.0,1.0,0.0,72.56703072938886,0.5011494252873563,0.9561569003389442,-0.022143860504854826,-0.00836332050609867,0.18680009369309672,-0.04477150059592149,-0.14856013424898487,76.3356596737568,0.5550239234449761,1.1868326878813165,0.08335353973585488,0.03291474417726348,0.04064915189878599,0.8097276976213247,0.6630440957318648,-0.01651287085071161,-0.07186047889386908,0.021359135037916057,0.08335353973585488
H4,10,100,D1,2.0,1.0,0.5,88.24818219734875,0.503780718336484,0.9663477266562016,-0.017371415132461973,-0.007733501903493867,0.17060846260446297,-0.04532894667378337,-0.12150416815089177,97.15447594841774,0.5488721804511278,1.1646032746210186,0.07520685905313099,0.03695736329181587,0.05847143883605383,0.6320583865815141,0.6813532796928434,-0.022949552984302946,-0.048667863665277054,0.016877928615532056,0.07520685905313099
H4,10,100,D1,2.0,2.0,0.0,46.042529842095,0.3442028985507246,0.9807204433965786,-0.011822570820280659,-0.0031407275702970416,0.17925826144741625,-0.017520685211031933,-0.034484117539765574,49.67296514655944,0.4264705882352941,1.3853399858196513,0.22921459277362238,0.05348562442763982,0.054627124714400774,0.9791037823658321,1.0149976846231576,-0.01299362313410149,-0.11659373900354106,0.09894107919965792,0.22921459277362238
H4,10,100,D1,2.0,2.0,0.5,51.46420455176198,0.3371150729335494,0.9527966987541444,-0.03244182386096365,-0.00856981952785385,0.18076919686426227,-0.04740752117347094,-0.12427505853001368,59.169267306931104,0.41975308641975306,1.3566288940947344,0.21268662042625727,0.06247930042095673,0.06619053956381273,0.943930973107145,1.0521804649483486,-0.038570197550556,-0.1022827368277672,0.038108566787890416,0.21268662042625727
H4,10,100,D1,2.0,3.0,0.0,35.11577004261231,0.2684085510688836,1.009270050517034,0.008162421432636378,0.0012152342429692098,0.13547550714988266,0.008970139832174545,0.0444472865998674,40.54190537697131,0.3333333333333333,1.366066619061686,0.26091289212886903,0.04618829405396596,0.07204813089420557,0.6410755349335596,0.8655679542103375,0.01645963044396523,-0.07652024956726367,0.10125060850964192,0.26091289212886903
H4,10,100,D1,2.0,3.0,0.5,36.28351536469443,0.26666666666666666,1.000607784342863,0.000568332208352937,0.0005060439591597632,0.13297203124862425,0.003805642091859064,0.032269073801098225,46.75102602029124,0.3359375,1.3966325230858891,0.273189306946261,0.05527926930103244,0.06975473246383614,0.7924805579276158,0.9575468642147404,-0.0005664142505019786,-0.09404785797826616,0.08652317719726721,0.273189306946261
H4,10,100,D1,3.0,1.0,0.0,41.62177969421269,0.5250501002004008,1.0403677154110778,0.020148101532656802,0.0038367231082350184,0.08660978937178143,0.044298954379919916,0.1257975489043729,46.38578362950771,0.5590551181102362,1.1801137303910216,0.08687101671848438,0.016578677109832185,0.036820103967462735,0.4502615507137749,0.5105509576686549,0.04578954832145061,-0.04659458626727123,0.05426336358213143,0.08687101671848438
H4,10,100,D1,3.0,1.0,0.5,48.04437896566435,0.515625,0.9999558836193113,-0.0007584737649625943,-4.36141401577439e-05,0.08494099878542448,-0.0005134639429884818,0.01431500479254842,57.343055353013476,0.5732484076433121,1.2474326464403258,0.11510209136616194,0.02815256179947001,0.0413476224854991,0.680874984029452,0.7519186326674822,-0.03494057696287377,-0.014297397618747626,0.04383903161087751,0.11510209136616194
H4,10,100,D1,3.0,2.0,0.0,23.60513758208856,0.37809187279151946,1.1088130559646938,0.0701470105419368,0.0076225821975510755,0.0700236516963627,0.10885725055591498,0.22884684492750326,27.027936917980874,0.4864864864864865,1.7258890634428585,0.38084671038584444,0.04230228846798445,0.030844798147638255,1.3714561614410656,1.2893680766048932,0.09276768776002475,0.006929171925865918,0.12182789717194228,0.38084671038584444
H4,10,100,D1,3.0,2.0,0.5,22.187161119560272,0.37593984962406013,1.0955305935383435,0.061790067631176816,0.006795009607767355,0.07518158240508639,0.09038130603789526,0.20664408495633318,31.045603216599652,0.47058823529411764,1.5965724460885116,0.3331901584093095,0.04041951531332999,0.03236568086852226,1.2488387152281604,1.1183406022124784,0.04662294430818521,0.0006447569381021344,0.12840496596717002,0.3331901584093095
H4,10,100,D1,3.0,3.0,0.0,16.265024129000953,0.2512820512820513,0.8907577579362926,-0.08829909865988157,-0.006663935645342733,0.17647657963821747,-0.03776101995519185,-0.14743837518754058,17.531634757609215,0.4375,2.0267302323830494,0.6156418303624592,0.04901597963462789,0.03643570754423007,1.3452731657571455,1.272359518284632,-0.13248885182106396,-0.1930137457301425,0.08286623570672211,0.6156418303624592
H4,10,100,D1,3.0,3.0,0.5,8.674679535467174,0.25961538461538464,0.9553414857516023,-0.04096184166301428,-0.0012049564218158393,0.10588385825685799,-0.011379982196085072,-0.03158805016262519,18.992604320743315,0.4230769230769231,1.9477249004374417,0.5632810106663574,0.04780017265586145,0.03940614872202675,1.2130130501472405,1.253422893699322,0.15860912755993767,-1.1523708639011427,0.028803897472440863,0.5632810106663574
H4,20,50,H4,1.0,1.0,0.0,109.43441875512434,0.4870426829268293,0.9006955173732916,-0.05257828722943592,-0.033544576762210454,0.4055539060797323,-0.08271299144044135,-0.46524616080330444,112.12941397054227,0.4820846905537459,0.8953962255691992,-0.053973868796691526,-0.04704313693946893,0.17748822687061272,-0.26504933746260784,-0.4541386890778898,-0.022990334040475676,-0.06223568262369686,-0.07172486664404207,-0.053973868796691526
H4,20,50,H4,1.0,1.0,0.5,170.323996263692,0.48971596474045054,0.911633905875516,-0.04672508822115519,-0.050539018404856195,0.5491835500762775,-0.09202573237642807,-0.4866203165915263,177.5078019207933,0.4897119341563786,0.9190041829289164,-0.04181579150202643,-0.0722949235372583,0.2739720005210258,-0.2638770509386782,-0.38433768127957296,-0.027572004466076227,-0.061808095261392006,-0.049844553688355935,-0.04181579150202643
H4,20,50,H4,1.0,2.0,0.0,86.99702649511791,0.3461169702780441,0.9952960324109361,-0.0031549545189471276,-0.0013685648012166096,0.31458339112001527,-0.004350403866981314,0.008677834756037109,86.19720422491197,0.3305084745762712,0.9396593397072764,-0.042245899248835546,-0.01784948626547722,0.11020927759012322,-0.16195992438913204,-0.20007303014642264,0.061589253487775504,-0.04870029778471389,-0.02298074699184227,-0.042245899248835546
H4,20,50,H4,1.0,2.0,0.5,119.44366437297109,0.3442737430167598,0.9869300403842892,-0.009105479240649555,-0.005352668790204018,0.32110610711285087,-0.016669470532128042,-0.028269330978231394,126.73910960188329,0.3256484149855908,0.9241297800494978,-0.053145647968083215,-0.03530610123929023,0.160065056006103,-0.22057344757336714,-0.3096556069730822,0.032700851975394456,-0.06544469180179677,0.006065664384262171,-0.053145647968083215
H4,20,50,H4,1.0,3.0,0.0,78.32234695965073,0.26943556975505856,1.033209862001673,0.02574005404857114,0.009212222934159353,0.31085750994321015,0.029634873340657952,0.15330825392049233,74.8746901106227,0.25853658536585367,1.0010325371576916,-0.0004825970302256275,0.0002548378621147762,0.10327195333554304,0.00246763863647255,0.034335213252161274,0.11337527484252244,0.011125819859069283,-0.04536422575315478,-0.0004825970302256275
H4,20,50,H4,1.0,3.0,0.5,101.51043264099567,0.2629416598192276,0.9991633831338306,-0.0006318579035046079,-0.0003199665207175295,0.37158537011959014,-0.0008610848177756629,0.032514678117187265,102.26786941938708,0.2571428571428571,0.9956961169569744,-0.004891805233895712,-0.0016306453649358454,0.13382823280520417,-0.012184614044103514,0.024500070212603652,0.07933639830173261,-0.033787054695329645,-0.043050528743540255,-0.004891805233895712
H4,20,50,H4,2.0,1.0,0.0,60.22229446737788,0.5138504155124654,0.9968335020719435,-0.0012001003375349524,-0.0006639412124170851,0.1996476172002791,-0.0033255654223563504,0.0018784834987560614,57.343055353013476,0.5222929936305732,1.042065424150171,0.019668953120875587,0.006192111637895792,0.035999578953119546,0.1720051127808875,0.17159898721840497,0.011039396131631291,-0.029666352054804817,0.014333485031823719,0.019668953120875587
H4,20,50,H4,2.0,1.0,0.5,79.15645076113796,0.49736564805057953,0.9312289358817454,-0.03518934010743508,-0.01496491971364411,0.25491242186557567,-0.05870612190698043,-0.25410632526082677,77.7966292368909,0.5070422535211268,0.979867449123175,-0.010195412482865297,-0.004483915525995696,0.08801902971643023,-0.050942569356211595,-0.05258124150067818,-0.048570843138807704,-0.06529659923431771,0.007663699937004824,-0.010195412482865297
H4,20,50,H4,2.0,2.0,0.0,42.12224197510503,0.36237623762376237,1.0502672346861928,0.0348247285082753,0.006467694048357009,0.18607293260705737,0.03475891929975258,0.15554528142327234,41.27239015853836,0.37168141592920356,1.1180751452061883,0.07293690434225004,0.014218944300719905,0.03589246001467782,0.39615407511508616,0.3337593453566282,0.10507724881772341,-0.07300935553913851,0.07315823031708063,0.07293690434225004
H4,20,50,H4,2.0,2.0,0.5,50.37986960982859,0.35927152317880795,1.037998465731701,0.02658370246790981,0.006045243435140568,0.20241603315021933,0.029865437737603532,0.13598363968122779,51.13393470969354,0.35,1.018161133257574,0.01009384368852606,0.0027222953615539947,0.06521282485294128,0.04174478513533081,0.07300954270599977,0.029081491908342683,-0.037987977153145815,0.09263180500341316,0.01009384368852606
H4,20,50,H4,2.0,3.0,0.0,32.78027939844807,0.27735368956743,1.0420767709014502,0.033270384467716026,0.004854289465026973,0.14335840936152464,0.03386121181622008,0.11221008001061071,35.79375429678548,0.2755102040816326,1.0511667680852554,0.034486448429634074,0.006706354458754449,0.06901055310214596,0.09717868003214,0.15805195116095094,-0.018398543622496457,-0.018554883107540516,0.14421741293697915,0.034486448429634074
H4,20,50,H4,2.0,3.0,0.5,36.11669460439698,0.2748267898383372,1.0284306862559722,0.022204348257551153,0.0037825277614751407,0.18263405570877214,0.020710966236804986,0.09018761441622951,46.38578362950771,0.2755905511811024,1.0605750236804268,0.045748921087340966,0.009417364799628514,0.09120313966431898,0.10325702420212657,0.19360627842010128,-0.041220566078453376,0.01688586691196388,0.09477074846860156,0.045748921087340966
H4,20,50,H4,3.0,1.0,0.0,38.11854372796633,0.5557986870897156,1.1600452591657577,0.07453551361404538,0.012657713696012873,0.07868070265887415,0.1608744364026755,0.4159555118263659,37.61996625070311,0.5048543689320388,0.9806652608574672,-0.01674270684559963,-0.0010840129232632112,0.03574940429970497,-0.03032254507446876,-0.024670849704165495,0.0498327754375268,0.03531390884227003,0.1416745964620232,-0.01674270684559963
H4,20,50,H4,3.0,1.0,0.5,44.2075014788231,0.5377358490566038,1.0772844237060835,0.03853167494368629,0.0074693642744791955,0.1053211032231764,0.07091992056569654,0.23450580097628845,44.194329284806564,0.5206611570247934,1.0469751529669047,0.013931647020600237,0.004848624180162631,0.032279760537606575,0.15020632431625028,0.1687957898497491,0.05769678380273583,0.002531821903413384,0.053894884662890455,0.013931647020600237
H4,20,50,H4,3.0,2.0,0.0,22.43739226000644,0.3903345724907063,1.1515079827537615,0.09797666250159581,0.01000612036318671,0.08780293050893259,0.1139611207187298,0.29064761976261244,26.297452136413824,0.4027777777777778,1.2607837314682566,0.14437413323616555,0.017236752656769383,0.0346003099375079,0.4981675796517696,0.5532693795987236,-0.017840556061999115,0.033180576350820404,0.34171143847929164,0.14437413323616555
H4,20,50,H4,3.0,2.0,0.5,23.93877910268345,0.3867595818815331,1.130151686475385,0.08863412721884917,0.009171186510959606,0.09503523073849625,0.09650301724626215,0.2654646140764705,30.680360825816127,0.39285714285714285,1.1936158684997886,0.12153097750888195,0.015832944960378903,0.04269405725843425,0.37084657624688716,0.48002736742921515,-0.019355855110287794,0.07616198659944244,0.24807839789335306,0.12153097750888195
H4,20,50,H4,3.0,3.0,0.0,14.513406145877772,0.28160919540229884,1.0204146486580246,0.016597851547190564,0.0015792327624231106,0.08331280060321475,0.018955463638107174,0.05824765745798777,17.16639236682569,0.3829787234042553,1.666355856003388,0.39531043257962123,0.029672130089974047,0.026192596022547858,1.1328441848387552,0.8178255896626486,-0.0009392243452631454,-0.08402008235926188,0.29085787493544724,0.39531043257962123
H4,20,50,H4,3.0,3.0,0.5,14.596816526026494,0.2742857142857143,0.9979876104078854,0.0004945202350620192,0.0003616949474174458,0.12999482566372067,0.0027823795721923774,0.024629063153517542,21.914543447011518,0.3333333333333333,1.3207266396498067,0.2141809609574819,0.019833096129821426,0.048939502228771754,0.40525741428897205,0.5076850598514348,0.06515759298785113,-0.1926715351899868,0.21524134326227765,0.2141809609574819
H4,20,50,D1,1.0,1.0,0.0,83.16014900827666,0.49247743229689067,0.9210222028431594,-0.041340951917223985,-0.018509657243760747,0.2861727203588163,-0.06468001988642559,-0.30702747080376785,76.70090206454032,0.49047619047619045,0.9204662810321971,-0.04067352420774537,-0.019604728492632173,0.10451266246568228,-0.18758232763488894,-0.28871619817530086,-0.044702742886869075,-0.05073394731755741,-0.0288801563090762,-0.04067352420774537
H4,20,50,D1,1.0,1.0,0.5,130.95429683349482,0.49554140127388535,0.9338546353819304,-0.034508453612433335,-0.02516851945766707,0.3391653097053321,-0.07420723386932927,-0.31106501729316605,123.81717047561509,0.5250737463126843,1.0628833216976958,0.030862477714192735,0.024298952289106168,0.11212010910468267,0.21672251733557515,0.31162924806048725,-0.038113691141266955,-0.04668602828986615,-0.01893488323465907,0.030862477714192735
H4,20,50,D1,1.0,2.0,0.0,66.64489373882954,0.34918648310387984,1.0092715041024056,0.006423917201578873,0.0020219260210250223,0.1854429072822026,0.010903226500585991,0.057788102218461805,61.360721651632254,0.35119047619047616,1.0240707576763421,0.015231712843016994,0.004632854203907355,0.07737857645718929,0.059872569592573754,0.10156791096852065,0.0305149689567652,-0.04088057032210013,0.027265522177972873,0.015231712843016994
H4,20,50,D1,1.0,2.0,0.5,92.58552196508234,0.345045045045045,0.9904858928514179,-0.006545244077856331,-0.0029819058058746517,0.2123145599350606,-0.014044754192961188,-0.008786782142254824,90.58011291431428,0.3588709677419355,1.0670298734606318,0.04292275158066432,0.019669806904365927,0.09471780302029387,0.20766747408775466,0.2846362397511233,-0.0028595151819221154,-0.05273558093184621,0.03398475058848827,0.04292275158066432
H4,20,50,D1,1.0,3.0,0.0,59.97206332693171,0.2726008344923505,1.0498915751782623,0.03837943939851892,0.010482530170396576,0.20136528507084206,0.05205728567716491,0.18190301156511382,55.15160100831232,0.2847682119205298,1.1336628509781166,0.09817851332074758,0.02277228337261783,0.06063588853298066,0.37555784080300375,0.3878862207652332,0.07216661462371492,0.04206940798464768,0.0026092249730125324,0.09817851332074758
H4,20,50,D1,1.0,3.0,0.5,78.82280924054307,0.2677248677248677,1.0233402560120732,0.018251422780313508,0.006635626375584236,0.21251696997581526,0.031223983554533926,0.11654540286846714,74.14420532905564,0.29064039408866993,1.1686993229267355,0.1221526518519855,0.03958881774996881,0.08795687104541836,0.4500935206020039,0.5486137613947907,0.05571052228041497,0.005660995754483316,-0.006003240354516878,0.1221526518519855
H4,20,50,D1,2.0,1.0,0.0,47.21027516417712,0.5282685512367491,1.0559988575689352,0.027812453804998666,0.00591293683091787,0.11086317016482573,0.05333544785095731,0.17529364175477047,42.002874940105414,0.5304347826086957,1.0639779195674461,0.030588672396718218,0.006218747266237834,0.0342533296787955,0.1815516133629352,0.21348504447086436,0.023250097726169986,-0.024794100904209776,0.081826641770308,0.030588672396718218
H4,20,50,D1,2.0,1.0,0.5,62.808016251988285,0.5086321381142098,0.976251060939379,-0.011507646716376512,-0.003771523106005592,0.16670530632119626,-0.022623893559446044,-0.0670738611716,62.091206433199304,0.5294117647058824,1.0685390898570035,0.03098010324770717,0.010007589578726828,0.06243422607558529,0.1602901198232401,0.24471636420882228,-0.013940505871328026,-0.05980742607686311,0.0361497690280145,0.03098010324770717
H4,20,50,D1,2.0,2.0,0.0,33.11392091904296,0.3778337531486146,1.122258062438287,0.08145249076359272,0.0118624754270511,0.10092024976023678,0.11754306450126316,0.299379001824489,34.33278473365138,0.425531914893617,1.3951897060536793,0.22712064291779935,0.03238131423651791,0.02809093881577264,1.152731649478952,0.9009400984925289,0.1010991000667638,-0.06514304659525927,0.20665327518637666,0.22712064291779935
H4,20,50,D1,2.0,2.0,0.5,40.203803231684404,0.36099585062240663,1.0454258517279484,0.032271696822421744,0.005753598046475572,0.1396559260733011,0.04119838096562895,0.14038841602858307,44.194329284806564,0.4049586776859504,1.2826790131785013,0.16951870087685825,0.03269637672514136,0.046856585600899885,0.6977968263337017,0.7450845153352154,0.03295021408096641,-0.0670981245393275,0.12922029767427584,0.16951870087685825
H4,20,50,D1,2.0,3.0,0.0,25.773807465955354,0.2783171521035599,1.0433115220151497,0.03581091466631759,0.00390926488814225,0.10131463257812173,0.038585392738091334,0.09887204249782425,29.219391262682024,0.3375,1.4003552390845682,0.2754011935553315,0.03584799526313853,0.05277713178172517,0.6792334871739166,0.8460637086636472,-0.08326524043268183,-0.017800020087902525,0.21962515360503315,0.2754011935553315
H4,20,50,D1,2.0,3.0,0.5,29.27704343220171,0.2621082621082621,0.9611571648666456,-0.029228143022127184,-0.004452980915731097,0.1642715644331724,-0.027107435977104986,-0.060842911811947224,38.715693423053686,0.32075471698113206,1.3107566649521925,0.22039610416947636,0.04072009617654326,0.07322035272236425,0.5561308387975822,0.7682266654768269,-0.1077541713556993,-0.022407206640118596,0.047927714633704495,0.22039610416947636
H4,20,50,D1,3.0,1.0,0.0,31.779354836663398,0.5485564304461942,1.130856689701179,0.06209618810492428,0.008882767316663154,0.0650655391244685,0.13652030608200566,0.3149529478357645,29.949876044249077,0.5487804878048781,1.1713615034782832,0.06593130568593218,0.010012751070298753,0.025753218496655666,0.3887961060711312,0.4069154258198768,0.04812756831352279,0.037545073514432446,0.09986598191050408,0.06593130568593218
H4,20,50,D1,3.0,1.0,0.5,38.11854372796633,0.5273522975929978,1.0390909947888336,0.019659111458846277,0.0032804905833514475,0.11815411153414125,0.027764506378633574,0.11564805652422051,35.42851190600196,0.5360824742268041,1.0947794610687054,0.03372411587474964,0.0075874171493621745,0.03202358809413579,0.23693213661936885,0.2649083751420599,0.049165896862276334,0.004241191638373532,0.003907127103626071,0.03372411587474964
H4,20,50,D1,3.0,2.0,0.0,20.93600541732943,0.3545816733067729,0.9969929619133381,-0.001552806755263101,-0.0003403358944964463,0.09552237699995217,-0.0035628918080275233,0.005192770590311757,21.914543447011518,0.4666666666666667,1.6128857144978015,0.32009341013166775,0.03372211344441922,0.03499079384132138,0.963742451724432,1.0473140452012568,-0.11736261047707364,-0.022056051989382198,0.14182181559833798,0.32009341013166775
H4,20,50,D1,3.0,2.0,0.5,21.436467698221765,0.35797665369649806,0.9985442050315887,0.00140317888592519,-0.0003061863127796771,0.10779292444902769,-0.0028405047394781855,0.005992002872761858,28.12366409033145,0.42857142857142855,1.3851081648824748,0.21564707860829327,0.029208639833966377,0.039471313915746715,0.7399966440517669,0.8594582933991687,-0.043425657599700254,0.05338401334867463,-0.0011333859906498868,0.21564707860829327
H4,20,50,D1,3.0,3.0,0.0,16.682076029744564,0.26,0.9323469318957787,-0.05259709357727429,-0.003931489117082521,0.14727679511957018,-0.026694559138733618,-0.08475756420621659,15.340180412908063,0.42857142857142855,2.0223213513678564,0.5536270111246546,0.04126072859590235,0.028890988379643656,1.428152199354118,1.1406753757050958,-0.10287295046985069,-0.19970310400015326,0.09955589288604226,0.5536270111246546
H4,20,50,D1,3.0,3.0,0.5,15.764561848108615,0.23809523809523808,0.824912951830189,-0.1396121395527595,-0.011062423830478174,0.2214252942566632,-0.04996007284359871,-0.2701862493890204,20.088331493093893,0.38181818181818183,1.613405899353228,0.38855708127944016,0.038061813926107746,0.044717230696846556,0.851166615932499,0.8832273450617277,-0.18383070800271012,-0.1688473790891601,-0.07816205534488833,0.38855708127944016
H4,20,100,H4,1.0,1.0,0.0,106.59846583006777,0.4859154929577465,0.8966634270636817,-0.05484988044888515,-0.03417891478955548,0.42666026454378647,-0.08010803355710157,-0.47491065232168966,108.47699006270702,0.494949494949495,0.9465541030063717,-0.02847225644143703,-0.022311243387772905,0.10889181786782057,-0.20489366257853858,-0.21254409734724003,-0.023976336380797807,-0.07593695529678274,-0.06283951042557517,-0.02847225644143703
H4,20,100,H4,1.0,1.0,0.5,161.64931672822485,0.48761609907120745,0.903966005564967,-0.05101556679545336,-0.05301955982447093,0.565943342024429,-0.09368351191272135,-0.5164862984345319,161.8023791171017,0.5056433408577878,0.9780688365881094,-0.0115872165276336,-0.01702028517491838,0.22373439790630842,-0.07607361824642557,-0.04798035759007341,-0.025700871548092367,-0.08574669143271323,-0.040137839877293,-0.0115872165276336
H4,20,100,H4,1.0,2.0,0.0,84.24448395021005,0.33762376237623765,0.9593974893112236,-0.027831406817145108,-0.012293709647461015,0.33702105213918887,-0.036477571859172,-0.13683193754418302,83.64050748942729,0.33624454148471616,0.966731349224732,-0.02583185565126339,-0.010720573721009097,0.11262672824401754,-0.09518676328572608,-0.09026429879891588,0.04232004329386862,-0.08074268432720118,-0.04311008240435415,-0.02583185565126339
H4,20,100,H4,1.0,2.0,0.5,113.52152738241176,0.33504775900073475,0.9480405611738781,-0.03619173066729341,-0.022494408857720805,0.41217972905742245,-0.05457427251253061,-0.22211136523046204,113.9556259244599,0.34294871794871795,0.9979051875270238,-0.003948454286662135,-0.001022536877570146,0.14878788237913082,-0.006872447280112432,0.03815612577982485,0.03598490489226639,-0.11118072171970919,-0.030718091589612084,-0.003948454286662135
H4,20,100,H4,1.0,3.0,0.0,75.90344593533777,0.25824175824175827,0.9752170421867004,-0.01884497859411281,-0.007412337586960582,0.3669720977244772,-0.020198640803818738,-0.0586690558494646,72.68323576592154,0.2562814070351759,0.9854745691740309,-0.01393812996113722,-0.004284385189354145,0.15268543232117532,-0.028060209308913626,-0.00707951383763525,0.09221539322625075,-0.06324906069165737,-0.08105783418668992,-0.01393812996113722
H4,20,100,H4,1.0,3.0,0.5,96.33898907177486,0.2545454545454545,0.9566216804668504,-0.03368787046685512,-0.017479585165687817,0.4115790419237699,-0.04246957056896322,-0.15308602243226746,90.58011291431428,0.27419354838709675,1.0772752559763759,0.05552994694339982,0.030496948116140343,0.13853922631714458,0.22013222483520012,0.29841342233405765,0.06846814341222655,-0.07634301872549507,-0.0873466762566886,0.05552994694339982
H4,20,100,H4,2.0,1.0,0.0,58.4706764842547,0.5106990014265336,0.9848629864027909,-0.007272031871263772,-0.002409829390180307,0.2075558236497703,-0.011610512043481146,-0.04052603232924908,54.42111622674527,0.5167785234899329,1.0102141149799113,0.006957621545241761,0.001971227822140209,0.06036659886825289,0.03265428000080502,0.0680527622779773,0.041145181677453686,-0.062419921915406025,0.0016280320752771233,0.006957621545241761
H4,20,100,H4,2.0,1.0,0.5,75.40298365444544,0.49889380530973454,0.9392734595724124,-0.03115170155050515,-0.012363338319233974,0.2621579619348502,-0.047159881118950836,-0.22972335266273525,74.50944771983916,0.5245098039215687,1.052410100451077,0.023700200309978537,0.010275039182026546,0.0677503990677084,0.15166020161383664,0.20859394829266262,0.008223055778635907,-0.09718266308864029,-0.0008042653512085263,0.023700200309978537
H4,20,100,H4,2.0,2.0,0.0,41.53836931406397,0.3493975903614458,0.9932477379961241,-0.003659106677562273,-0.001132039707462118,0.19966976396531488,-0.005669560002378564,-0.004426482323293562,41.27239015853836,0.3805309734513274,1.1631485764342584,0.09918763580139527,0.020738267406384736,0.048734506621243054,0.42553559775539124,0.444322346786009,0.12486393128603225,-0.13675761124011665,0.004921917837844972,0.09918763580139527
H4,20,100,H4,2.0,2.0,0.5,49.29553466789519,0.350253807106599,0.9991506493192734,-3.28742604054836e-05,-0.00013846619842361463,0.1941307565729086,-0.0007132625497784616,0.01828916128597243,51.49917710047707,0.36879432624113473,1.1107349560207904,0.06791640076046858,0.01716115243211802,0.06199448732612119,0.27681739413122336,0.33828714143464367,0.07043361884457469,-0.08843233506300739,0.029965982395787814,0.06791640076046858
H4,20,100,H4,2.0,3.0,0.0,31.946175596960842,0.26109660574412535,0.9581769198624955,-0.03249644951031034,-0.0054785087504024554,0.17860619783718215,-0.030673676595459904,-0.08109743664015397,35.06326951521843,0.2916666666666667,1.1361974583096444,0.09769930310865715,0.01812692314031983,0.06309820043828021,0.28728114295511104,0.34517573884683594,0.0329998663441819,-0.09148899016303945,-0.03228562658899863,0.09769930310865715
H4,20,100,H4,2.0,3.0,0.5,35.28259080290975,0.2576832151300236,0.9416338095155292,-0.0456303382761945,-0.008271282273450642,0.18150415863408056,-0.045570759015642545,-0.12268954591131373,43.463844503239514,0.29411764705882354,1.1603530064870864,0.1165534545304947,0.02593361419219553,0.07927580929591072,0.3271314972691583,0.43783504382126426,-0.049859424747611535,-0.04837504816898542,-0.037948664562107805,0.1165534545304947
H4,20,100,H4,3.0,1.0,0.0,37.20102954633038,0.5381165919282511,1.083458095214221,0.04003901647630352,0.0068265963171425526,0.0925915205665974,0.07372809384021783,0.2269206634985631,35.42851190600196,0.5051546391752577,0.974119705705887,-0.01958607997076395,-0.0015609975697820078,0.04664778799571542,-0.03346348534094231,-0.03824072748791384,0.047514295059568716,-0.023355828760019102,0.09506991364743424,-0.01958607997076395
H4,20,100,H4,3.0,1.0,0.5,43.373397677335866,0.5269230769230769,1.0365496842078332,0.018037846608571634,0.003509031407876506,0.09463002774031205,0.03708158490142417,0.11702535943489487,42.733359721672464,0.5128205128205128,1.0112689573457219,-0.0034163092825845328,0.0017339893368872872,0.037872573043240904,0.04578483048689377,0.06916262972801769,0.05364803596912056,-0.01238354876318411,0.009850651161228028,-0.0034163092825845328
H4,20,100,H4,3.0,2.0,0.0,22.854444160750056,0.35766423357664234,1.0044256631033985,0.002843487384579122,0.00020178875530052487,0.12987507141697935,0.001553714297123719,0.020729661126278588,26.297452136413824,0.4027777777777778,1.272631118564004,0.14419070298431616,0.020073062550190146,0.03677994809209175,0.5457610353318079,0.5771488315241035,-0.01469109191785734,-0.09962768633756447,0.14806205108747367,0.14419070298431616
H4,20,100,H4,3.0,2.0,0.5,23.688547962237283,0.36971830985915494,1.0548160043552062,0.039170783715890764,0.003910442802612435,0.08860317938803844,0.04413433953071384,0.12047013271401878,32.14133038895023,0.375,1.1249521724669964,0.0692906024717081,0.011710921060393398,0.043647329973926896,0.26830784534561486,0.3459656135214542,-0.0052037502479596815,-0.018104971656825616,0.1801344597100631,0.0692906024717081
H4,20,100,H4,3.0,3.0,0.0,18.10005249227285,0.271889400921659,0.9889103637030184,-0.007773501568629888,-0.0002855237199432814,0.1503202055827727,-0.0018994367313185977,0.00850894959978006,17.531634757609215,0.3541666666666667,1.4961241322706438,0.2806006049118575,0.023704266094090487,0.03306423311032376,0.716915647642504,0.6661197004074013,0.030485341956079763,-0.12832319139389345,0.09704279603486624,0.2806006049118575
H4,20,100,H4,3.0,3.0,0.5,16.682076029744564,0.295,1.0910757394511224,0.07343131164526281,0.005873662906516364,0.07805786872618749,0.07524754393589815,0.173861628853051,21.184058665444468,0.3275862068965517,1.3169895319783393,0.1906400934370826,0.017403131501317448,0.04236268237758185,0.4108127843794686,0.4956995867415256,0.13626447923818208,-0.02322468607815365,0.13183976476307518,0.1906400934370826
H4,20,100,D1,1.0,1.0,0.0,93.16939462612339,0.4897045658012534,0.9120254375723673,-0.04659337497588005,-0.02389537567372091,0.333810709205762,-0.07158361015611313,-0.3737692043614556,86.92768900647903,0.49159663865546216,0.926668711022855,-0.03933686860076837,-0.02181213467035692,0.08950113515123102,-0.24370791089409896,-0.28329899784995516,-0.028132002113904264,-0.07825331626745681,-0.032992059091620084,-0.03933686860076837
H4,20,100,D1,1.0,1.0,0.5,141.46400473223392,0.49174528301886794,0.9205867118396119,-0.04196755240089341,-0.03455888095768822,0.4167472332173758,-0.08292527988941026,-0.3952572404605198,132.58298785441968,0.5206611570247934,1.0427084985435007,0.020674635183916375,0.020091392730562818,0.10056091133843048,0.1997932642331242,0.2361102399122332,-0.036808662652974354,-0.07581338896962488,-0.013846463987254793,0.020674635183916375
H4,20,100,D1,1.0,2.0,0.0,72.90067224998376,0.33981693363844395,0.9692022190402938,-0.02143192496454433,-0.007860714997717566,0.2688579111521003,-0.029237432382157223,-0.08909944806338056,67.56984229495218,0.3567567567567568,1.0504452374740405,0.030446639572073293,0.011833156722582894,0.06337699298569383,0.18671060530205352,0.19676095193274246,0.02377929022543397,-0.07511512278769432,-0.011771464374634572,0.030446639572073293
H4,20,100,D1,1.0,2.0,0.5,98.50765895564166,0.33784928027095684,0.9600682433186105,-0.027970878642652474,-0.014309092465060957,0.31288614893862055,-0.04573258520263867,-0.1416615272829565,93.867294431366,0.36186770428015563,1.078798609537805,0.04935802077829692,0.02717327779495582,0.0839883622176876,0.3235362266563312,0.33710946587443597,-0.004177495794480192,-0.0954484664179955,0.01493324569192538,0.04935802077829692
H4,20,100,D1,1.0,3.0,0.0,65.31032765644997,0.25925925925925924,0.981398897424422,-0.01461190848669524,-0.004712456815957111,0.2806589156479625,-0.01679068988447195,-0.03061208967225598,60.264994479281675,0.2787878787878788,1.091788328280798,0.06590303320437939,0.020658502044486493,0.06420011366740822,0.32178295121888506,0.29642345549560467,0.03899357995230561,-0.04027472823230074,-0.03982971244926201,0.06590303320437939
H4,20,100,D1,1.0,3.0,0.5,82.65968672738433,0.25529767911200807,0.9596583409009041,-0.03175111613004665,-0.013671757189237299,0.33493535630025545,-0.0408190921981409,-0.1184691781471155,75.23993250140622,0.2912621359223301,1.1598402273684867,0.11516686212156306,0.04823393243587404,0.07443668486546208,0.6479860370333893,0.5358723208476667,0.024828132197998006,-0.07617182536329704,-0.04255080510520926,0.11516686212156306
H4,20,100,D1,2.0,1.0,0.0,51.13056303116709,0.5187601957585645,1.016956427110875,0.008928603746949648,0.001891466392132335,0.13938362768159684,0.01357021928323702,0.06433290789266649,46.38578362950771,0.5196850393700787,1.0197580862144684,0.00989059986030827,0.0026722542902630764,0.03695346453937801,0.07231403938906711,0.09432199275705878,0.005908227747360485,-0.024484705027101168,0.04472370449036173,0.00989059986030827
H4,20,100,D1,2.0,1.0,0.5,66.4780729785321,0.5043914680050188,0.9609924297805861,-0.019568547076819643,-0.006715745619445435,0.19475848133508405,-0.03448242958873212,-0.1266559315463561,64.28266077790046,0.5227272727272727,1.039977870613948,0.017316173934965932,0.006356871274665998,0.06396013602575007,0.09938801993958783,0.1551465976239509,-0.027350989413059072,-0.05780367493757349,0.025563973830991696,0.017316173934965932
H4,20,100,D1,2.0,2.0,0.0,35.69964270365337,0.3621495327102804,1.0509830411786774,0.03518971269246169,0.005549915804625938,0.16213356655537228,0.03423051699001833,0.1420815172181793,35.42851190600196,0.41237113402061853,1.3236609491716458,0.1857312922289683,0.030310618118119637,0.030031051725630132,1.0093092441464815,0.7580649477728137,0.06641236041674127,-0.08504232383921623,0.12426291731308527,0.1857312922289683
H4,20,100,D1,2.0,2.0,0.5,42.12224197510503,0.3564356435643564,1.0259232843620332,0.018518722641072367,0.0035051852534584427,0.16496671765547388,0.021247832916084782,0.09091444350125111,44.194329284806564,0.39669421487603307,1.2392731688859864,0.14304985194101977,0.028907040951192453,0.044809551826017875,0.6451089058741286,0.6424400826562348,0.005965557138205814,-0.055416805403513104,0.10631169500012877,0.14304985194101977
H4,20,100,D1,2.0,3.0,0.0,27.608835829227257,0.2688821752265861,0.9967730653787861,-0.000749480674041091,-0.0005333126159925428,0.13383860153573043,-0.003984744385200156,0.010485575036742054,31.045603216599652,0.32941176470588235,1.3429864376629053,0.23769994903388905,0.03491880128965219,0.044306805294540376,0.7881137233325869,0.7429368200304446,-0.05338772441343522,-0.06682089905376584,0.12363290560616119,0.23769994903388905
H4,20,100,D1,2.0,3.0,0.5,30.361378374135107,0.260989010989011,0.9565389570570345,-0.03387926999709227,-0.005192510675839479,0.17095425505663384,-0.03037368490254484,-0.07087697279581455,38.35045103227016,0.3333333333333333,1.3814923464782922,0.2639822647120155,0.048702583701688784,0.05980316236554619,0.8143814102002627,0.9049760715020279,-0.12719428447782613,-0.03424663387546766,0.07117916942394864,0.2639822647120155
H4,20,100,D1,3.0,1.0,0.0,33.19733129919168,0.5477386934673367,1.129124791540323,0.06092143564209213,0.00914409309899833,0.06277666218763676,0.1456607086191844,0.3186081492788416,31.7760879981667,0.5517241379310345,1.1812669391292827,0.06747349025574834,0.010903931934830968,0.027760600840196156,0.39278443566835713,0.43800567538649793,0.05422046959848034,0.041239154748089826,0.08741748091661178,0.06747349025574834
H4,20,100,D1,3.0,1.0,0.5,38.95264752945356,0.5246252676659529,1.0267958559797459,0.013773453856017812,0.002267318941562735,0.101453072234998,0.022348450289518033,0.08279577008994543,37.61996625070311,0.5339805825242718,1.0909119245834193,0.03058272951230775,0.007781235620903049,0.031541739025453104,0.24669646827728356,0.2671333732675146,0.028041589467904523,0.0237304136917827,-0.010581265121102305,0.03058272951230775
H4,20,100,D1,3.0,2.0,0.0,21.686698838667933,0.35,0.9763562167037663,-0.015085502050342238,-0.001857701230796871,0.12176909684305882,-0.015255933393274282,-0.035311229859166,24.471240182496196,0.4626865671641791,1.6245235870600612,0.31605859260232744,0.038155237893525706,0.03580169672159768,1.0657382578884378,1.1282883865449875,-0.12192241932329946,-0.03709577317067457,0.1248547725061359,0.31605859260232744
H4,20,100,D1,3.0,2.0,0.5,21.85351959896538,0.35877862595419846,1.0023913429041198,0.0040126769613851735,-3.0645844360854824e-05,0.09679985179694935,-0.00031658978595482345,0.014039874052381872,29.584633653465552,0.43209876543209874,1.4307043458111026,0.2293264610842648,0.03327986458517285,0.03930907229150235,0.8466204528659693,0.9669025318080082,-0.07611016822601017,0.05100774454203203,0.04382332905982747,0.2293264610842648
H4,20,100,D1,3.0,3.0,0.0,17.43276945108307,0.2631578947368421,0.9548651594719246,-0.03550906918768118,-0.002554058444546703,0.14205597984530083,-0.0179792392219467,-0.049538194517937784,16.801149976042165,0.391304347826087,1.73912705116529,0.4145311896828133,0.033586102893265135,0.03559284855336965,0.9436194139647041,0.932680597874628,-0.1042182688620217,-0.0927530834296553,0.06824367564527715,0.4145311896828133
H4,20,100,D1,3.0,3.0,0.5,17.015717550339456,0.25,0.8790003360663124,-0.09488067592223523,-0.00786458041540683,0.20631397873885648,-0.038119474324914665,-0.18420599526240017,20.818816274660943,0.3684210526315789,1.5600972302455056,0.3401895855271317,0.034630020120513194,0.042975452813794564,0.8058093132970412,0.8475919051466819,-0.11653498450998212,-0.06888918169209668,-0.09670675883526196,0.3401895855271317
