ticket,symbol,magic,dir,volume,open,close,sl_dist,t_open,t_close,pnl,reason
1001,XAUUSD,7102602,1,0.12,671.33,673.43,6.15,1180957200,1180978200,24.36,TP
1004,XAUUSD,7102602,1,0.13,673.13,667.38,5.75,1181053200,1181136000,-76.9899,SL
1007,XAUUSD,7102602,-1,0.11,655.62,650.62,6.44,1181302800,1181322000,54.23,TP
1010,XAUUSD,7102602,-1,0.11,651.82,649.62,6.72,1181647500,1181659800,23.43,TP
1013,XAUUSD,7102602,-1,0.1,644.42,651.71,7.29,1181732700,1181753400,-73.6,SL
1016,XAUUSD,7102602,-1,0.09,650.02,657.92,7.9,1181907300,1182151200,-71.8937,SL
1019,XAUUSD,7102602,-1,0.1,654.82,661.87,7.05,1182250200,1182279000,-71.2,SL
1022,XAUUSD,7102602,-1,0.09,651.82,648.72,7.77,1182429600,1182447000,27.27,TP
1025,XAUUSD,7102602,-1,0.1,651.22,649.02,7.08,1182765900,1182784800,21.3,TP
1028,XAUUSD,7102602,-1,0.11,648.32,645.22,6.2,1182853200,1182875100,33.33,TP
1031,XAUUSD,7102602,-1,0.11,647.02,653.54,6.52,1183720500,1183739700,-72.49,SL
1034,XAUUSD,7102601,1,0.31,665.13,662.31,2.82,1184140800,1184164500,-89.59,SL
1037,XAUUSD,7102602,1,0.1,664.33,666.83,6.79,1184244000,1184254800,24.3,TP
1040,XAUUSD,7102601,1,0.32,667.03,664.33,2.7,1184256000,1184344800,-91.9009,SL
1042,XAUUSD,7102602,1,0.11,668.43,670.63,6.51,1184321100,1184776200,20.0751,TP
1048,XAUUSD,7102602,1,0.1,673.73,675.63,6.24,1184842500,1184871000,18.3,TP
1051,XAUUSD,7102602,1,0.11,684.33,686.93,6.28,1185200400,1185287700,26.686,TP
1046,XAUUSD,7102601,1,0.31,673.23,679.71,2.65,1184788800,1185330300,176.26,SL
1055,XAUUSD,7102602,-1,0.1,659.42,666.77,7.35,1185965400,1185982500,-74.2,SL
1058,XAUUSD,7102602,1,0.09,665.73,668.03,7.55,1186056000,1186155000,19.1563,TP
1061,XAUUSD,7102602,1,0.09,674.43,666.99,7.44,1186400400,1186497900,-68.5137,SL
1064,XAUUSD,7102602,1,0.09,671.33,663.68,7.65,1187012100,1187180400,-71.32,SL
1067,XAUUSD,7102602,1,0.07,668.63,672.53,8.6,1188565500,1188568800,26.81,TP
1072,XAUUSD,7102602,1,0.11,674.13,676.13,5.84,1188906000,1188920400,21.23,TP
1075,XAUUSD,7102602,1,0.12,685.03,687.73,6.16,1189073100,1189088400,31.56,TP
1078,XAUUSD,7102602,1,0.11,706.53,699.37,7.16,1189419300,1189445700,-79.53,SL
1070,XAUUSD,7102601,1,0.28,672.53,705.52,2.88,1188576000,1189612800,892.332,SL
1082,XAUUSD,7102602,1,0.09,707.53,710.33,8.09,1189780500,1189783200,24.57,TP
1085,XAUUSD,7102601,1,0.22,716.63,712.33,4.3,1189785600,1189793700,-96.14,SL
1088,XAUUSD,7102602,1,0.09,712.73,715.93,8.36,1190025900,1190042700,28.17,TP
1091,XAUUSD,7102602,1,0.09,717.83,720.43,8.42,1190109900,1190118900,22.77,TP
1096,XAUUSD,7102602,1,0.08,728.23,733.53,9.68,1190283300,1190300400,41.84,TP
1094,XAUUSD,7102601,1,0.19,724.13,724.22,5,1190165400,1190712000,-12.2729,SL
1100,XAUUSD,7102602,1,0.07,731.83,735.43,10.31,1190894400,1190902800,24.71,TP
1103,XAUUSD,7102601,1,0.21,744.83,740.33,4.5,1190995200,1191305700,-100.75,SL
1106,XAUUSD,7102602,1,0.07,746.43,751.03,10.82,1192097400,1192125600,31.71,TP
1109,XAUUSD,7102601,1,0.21,751.23,746.88,4.35,1192132800,1192136700,-92.82,SL
1112,XAUUSD,7102602,1,0.06,748.53,752.13,10.87,1192187100,1192428000,20.493,TP
1115,XAUUSD,7102602,1,0.07,756.33,762.13,10.22,1192444800,1192520100,39.2985,TP
1117,XAUUSD,7102601,1,0.21,755.93,754.55,4.1,1192449600,1192551600,-32.8845,SL
1121,XAUUSD,7102602,1,0.06,762.13,766.33,11.49,1192716900,1192717800,24.78,TP
1124,XAUUSD,7102601,1,0.15,768.93,763,5.93,1192757400,1192809600,-90,SL
1129,XAUUSD,7102602,1,0.07,778.73,788.4,10.59,1193409600,1193623500,66.3608,TP
1127,XAUUSD,7102601,1,0.24,772.83,783.82,3.36,1193371200,1193726100,256.305,SL
1132,XAUUSD,7102602,1,0.07,793.93,783.48,10.45,1193663400,1193726400,-74.4852,SL
1136,XAUUSD,7102602,1,0.07,785.43,791.03,11.09,1193835900,1193851500,38.71,TP
1139,XAUUSD,7102601,1,0.17,798.23,792.56,5.67,1193882700,1193912400,-97.58,SL
1142,XAUUSD,7102602,1,0.06,792.13,796.33,11.9,1194008100,1194014400,24.78,TP
1145,XAUUSD,7102601,1,0.14,807.03,800.67,6.36,1194033600,1194253500,-91.7446,SL
1148,XAUUSD,7102602,1,0.06,805.53,809.63,11.49,1194270600,1194286500,24.18,TP
1151,XAUUSD,7102602,1,0.06,815.73,823.63,11.39,1194345900,1194367500,46.98,TP
1153,XAUUSD,7102601,1,0.15,818.43,828.79,5.59,1194350400,1194462000,152.462,SL
1156,XAUUSD,7102602,1,0.06,838.03,823.72,12.2,1194427800,1194483900,-88.56,SL
1160,XAUUSD,7102602,1,0.05,807.13,811.73,15.4,1195038600,1195043400,22.65,TP
1163,XAUUSD,7102602,1,0.04,786.83,800.53,16.49,1195549500,1195591500,54.52,TP
1166,XAUUSD,7102602,1,0.04,829.93,835.63,16.85,1196071500,1196074500,22.52,TP
1169,XAUUSD,7102602,1,0.05,799.53,804.23,15.52,1197278100,1197300000,23.15,TP
1172,XAUUSD,7102602,1,0.05,807.73,813.63,16.03,1197459000,1197471600,29.15,TP
1175,XAUUSD,7102602,1,0.05,796.23,801.1,14.17,1197973200,1197986100,24,TP
1178,XAUUSD,7102602,1,0.05,803.33,808.23,15.04,1198055100,1198248300,21.7036,TP
1183,XAUUSD,7102602,1,0.07,829.13,833.93,11.34,1198843200,1198857900,33.11,TP
1181,XAUUSD,7102601,1,0.23,818.53,829.17,4.26,1198684800,1199120100,228.594,SL
1189,XAUUSD,7102602,1,0.08,858.43,863.43,10.67,1199352000,1199355000,39.44,TP
1187,XAUUSD,7102601,1,0.19,842.23,854,5.05,1199275200,1199462400,212.329,SL
1193,XAUUSD,7102602,1,0.07,860.73,865.33,10.72,1199708100,1199781000,30.7933,TP
1196,XAUUSD,7102602,1,0.07,872.83,882.9,10.94,1199783700,1199840700,69.0611,TP
1198,XAUUSD,7102601,1,0.15,872.63,871.1,6.72,1199793600,1199972700,-32.0509,SL
1202,XAUUSD,7102602,1,0.05,895.53,902.03,14.79,1200043200,1200297900,31.4662,TP
1207,XAUUSD,7102602,1,0.06,907.73,893.4,14.33,1200305100,1200420600,-87.229,SL
1204,XAUUSD,7102601,1,0.12,900.93,892.7,8.23,1200297600,1200431700,-101.258,SL
1211,XAUUSD,7102602,1,0.04,884.93,866.69,18.24,1200577200,1200920700,-74.315,SL
1214,XAUUSD,7102602,1,0.04,864.43,876.43,17.69,1200999900,1201011600,47.72,TP
1219,XAUUSD,7102602,1,0.03,917.53,924.33,20.84,1201252200,1201540500,19.7714,TP
1222,XAUUSD,7102602,1,0.04,932.73,913.36,19.37,1201609200,1201882200,-80.5888,SL
1217,XAUUSD,7102601,1,0.09,914.43,909.07,9.26,1201248000,1201882500,-57.7671,SL
1226,XAUUSD,7102602,1,0.03,894.03,900.63,20.15,1202292900,1202311500,19.59,TP
1229,XAUUSD,7102602,1,0.03,909.13,918.73,19.74,1202380200,1202487900,28.1724,TP
1232,XAUUSD,7102602,1,0.04,913.63,897.3,16.33,1202980500,1203098400,-66.1543,SL
1235,XAUUSD,7102602,1,0.04,912.63,918.63,13.62,1203418500,1203421500,23.72,TP
1240,XAUUSD,7102602,1,0.04,943.13,948.33,15.72,1203586200,1203586500,20.52,TP
1238,XAUUSD,7102601,1,0.11,938.73,933.18,6.79,1203557400,1203958800,-64.9956,SL
1246,XAUUSD,7102602,1,0.03,959.03,964.83,16.46,1204203600,1204217700,17.19,TP
1249,XAUUSD,7102602,1,0.05,987.43,972.17,15.26,1204638300,1204650600,-76.65,SL
1244,XAUUSD,7102601,1,0.11,956.23,968.62,6.88,1204099200,1204650900,125.77,SL
1253,XAUUSD,7102602,1,0.03,978.63,961.04,17.59,1205143500,1205162700,-52.98,SL
1256,XAUUSD,7102602,1,0.03,975.13,980.93,17.98,1205235000,1205238900,17.19,TP
1259,XAUUSD,7102602,1,0.03,989.53,997.13,18.97,1205405100,1205418300,22.59,TP
1262,XAUUSD,7102601,1,0.11,996.93,989.94,6.99,1205424000,1205437200,-77.66,SL
1265,XAUUSD,7102601,1,0.1,1027.43,1020.12,7.31,1205726400,1205747100,-73.8,SL
1268,XAUUSD,7102602,1,0.02,1003.13,1011.33,20.22,1205836500,1205851500,16.26,TP
1271,XAUUSD,7102602,1,0.02,992.33,970.02,22.31,1205923800,1205938500,-44.76,SL
1274,XAUUSD,7102602,-1,0.01,913.42,940.63,27.21,1206013200,1206491100,-27.3822,SL
1277,XAUUSD,7102602,-1,0.01,881.82,909.61,27.79,1207148100,1207325700,-27.9604,SL
1280,XAUUSD,7102602,-1,0.02,916.82,908.62,19.68,1207663500,1207666800,16.26,TP
1283,XAUUSD,7102602,-1,0.02,903.62,924.05,20.43,1207736400,1207758600,-41,SL
1286,XAUUSD,7102601,1,0.09,950.63,944.56,6.07,1208433600,1208439900,-55.26,SL
1289,XAUUSD,7102602,-1,0.02,915.12,908.92,17.63,1208776800,1208959200,12.1582,TP
1292,XAUUSD,7102602,-1,0.02,877.92,865.52,19.47,1209117900,1209551400,24.5128,TP
1295,XAUUSD,7102602,-1,0.02,871.12,861.62,18.17,1209637200,1209652200,18.86,TP
1298,XAUUSD,7102602,-1,0.02,871.92,865.72,16.84,1210161900,1210171500,12.26,TP
1301,XAUUSD,7102602,-1,0.03,879.62,870.92,15.3,1210586700,1210689600,25.8165,TP
1304,XAUUSD,7102602,-1,0.03,860.72,876.73,16.01,1210761600,1210863600,-48.4561,SL
1309,XAUUSD,7102602,1,0.03,910.53,917.9,14.56,1211192100,1211301300,21.4853,TP
1307,XAUUSD,7102601,1,0.07,896.73,912.9,7.38,1210953600,1211900400,103.832,SL
1312,XAUUSD,7102602,1,0.03,924.23,907.91,16.32,1211538600,1211901600,-50.0191,SL
1316,XAUUSD,7102602,-1,0.03,894.32,888.62,16.49,1212059400,1212072900,16.89,TP
1319,XAUUSD,7102602,-1,0.03,881.12,896.83,15.71,1212401100,1212426600,-47.34,SL
1322,XAUUSD,7102602,-1,0.03,869.72,885.95,16.23,1212660300,1212754800,-48.9732,SL
1325,XAUUSD,7102602,-1,0.03,898.32,890.52,15.32,1213021500,1213064400,23.1156,TP
1328,XAUUSD,7102602,-1,0.03,882.42,873.82,15.65,1213092300,1213116900,25.59,TP
1331,XAUUSD,7102602,-1,0.02,865.92,883.71,17.79,1213279200,1213626900,-35.8167,SL
1334,XAUUSD,7102602,-1,0.02,879.62,896.33,16.35,1213711800,1213837500,-33.758,SL
1337,XAUUSD,7102602,1,0.02,903.13,885.76,17.37,1213963500,1214231400,-35.1554,SL
1340,XAUUSD,7102602,-1,0.02,884.92,880.02,16.39,1214397600,1214411700,9.66,TP
1345,XAUUSD,7102602,1,0.02,921.83,932.93,18.27,1214563800,1214820900,21.7766,TP
1348,XAUUSD,7102602,1,0.03,929.13,935.63,16.57,1214907000,1214924400,19.29,TP
1343,XAUUSD,7102601,1,0.07,915.03,926.74,6.54,1214530200,1215403800,73.4659,SL
1352,XAUUSD,7102602,1,0.03,932.23,916.31,15.92,1215512100,1215536100,-47.97,SL
1355,XAUUSD,7102602,1,0.02,924.43,931.83,17.09,1215599100,1215701700,13.8095,TP
1360,XAUUSD,7102602,1,0.04,975.73,981.53,15.27,1216116300,1216120500,22.92,TP
1358,XAUUSD,7102601,1,0.08,945.73,967.69,6.82,1215739800,1216226400,171.56,SL
1363,XAUUSD,7102602,1,0.04,977.33,960.93,16.4,1216211100,1216227900,-65.88,SL
1367,XAUUSD,7102602,1,0.03,963.33,969.83,17.02,1216383300,1216716000,18.4097,TP
1370,XAUUSD,7102602,1,0.03,973.73,957.47,16.26,1216728000,1216742400,-48.99,SL
1373,XAUUSD,7102602,-1,0.03,909.42,904.42,15.66,1217849400,1217856600,14.79,TP
1378,XAUUSD,7102601,-1,0.1,874.62,881.33,6.71,1217986200,1218010500,-67.8,SL
1376,XAUUSD,7102602,-1,0.03,882.02,870.12,16.27,1217943000,1218126000,35.1974,TP
1384,XAUUSD,7102602,-1,0.03,859.32,850.12,16.72,1218198900,1218476100,27.3186,TP
1382,XAUUSD,7102601,-1,0.09,870.22,822.71,6.94,1218139200,1218551700,426.322,SL
1388,XAUUSD,7102602,-1,0.04,827.12,818.92,20.76,1218724200,1218726000,32.52,TP
1391,XAUUSD,7102601,-1,0.08,793.72,805.39,11.67,1218772800,1219167600,-94.2724,SL
1393,XAUUSD,7102602,-1,0.03,784.02,806.81,22.79,1218796200,1219167600,-68.7122,SL
1397,XAUUSD,7102602,-1,0.04,828.12,822.32,16.8,1220273700,1220281500,22.92,TP
1400,XAUUSD,7102602,-1,0.04,798.92,815.41,16.49,1220365800,1220627700,-66.6847,SL
1403,XAUUSD,7102602,-1,0.04,809.92,803.62,16.93,1220868300,1220875800,24.92,TP
1406,XAUUSD,7102602,-1,0.04,794.82,787.32,17.24,1220957400,1220972100,29.72,TP
1411,XAUUSD,7102602,-1,0.04,742.02,763.51,21.49,1221128100,1221253500,-86.323,SL
1409,XAUUSD,7102601,-1,0.08,780.82,779.93,11.06,1220976000,1221440700,5.55004,SL
1415,XAUUSD,7102602,-1,0.03,775.32,765.42,22.04,1221479100,1221486000,29.49,TP
1418,XAUUSD,7102602,1,0.02,858.03,888.23,33.97,1221834600,1222097700,59.9934,TP
1421,XAUUSD,7102602,1,0.02,890.63,904.63,37.82,1222250700,1222444200,26.7837,TP
1424,XAUUSD,7102602,1,0.02,873.63,886.53,33.69,1223374800,1223381700,25.66,TP
1427,XAUUSD,7102602,1,0.02,908.83,873.64,35.19,1223460300,1223664600,-71.6314,SL
1430,XAUUSD,7102602,-1,0.01,853.42,835.12,40.37,1223901300,1223913300,18.23,TP
1435,XAUUSD,7102602,-1,0.02,792.92,776.92,38.68,1224513900,1224595800,31.8158,TP
1438,XAUUSD,7102602,-1,0.02,755.32,739.22,40.29,1224671700,1224702600,32.06,TP
1441,XAUUSD,7102602,-1,0.02,716.42,701.22,40.62,1224763200,1224774000,30.26,TP
1433,XAUUSD,7102601,-1,0.06,805.22,727.02,15.18,1224172800,1224870000,467.769,SL
1444,XAUUSD,7102602,-1,0.02,696.02,737.03,41.01,1224843900,1224872100,-82.16,SL
1448,XAUUSD,7102602,-1,0.02,708.02,747.9,39.88,1225104000,1225183200,-79.9406,SL
1451,XAUUSD,7102602,-1,0.02,741.02,729.42,36.59,1225279800,1225423500,22.8929,TP
1454,XAUUSD,7102602,-1,0.02,724.72,762.29,37.57,1225448400,1225818000,-75.3603,SL
1457,XAUUSD,7102602,1,0.03,802.33,816.63,23.54,1227522000,1227524400,42.69,TP
1460,XAUUSD,7102602,1,0.03,817.53,825.7,25.32,1227605100,1227624000,24.3,TP
1463,XAUUSD,7102602,-1,0.03,765.12,754.22,22.64,1228209000,1228488000,32.1675,TP
1466,XAUUSD,7102602,-1,0.03,767.22,790.52,23.3,1228814400,1228914600,-70.1747,SL
1469,XAUUSD,7102602,1,0.03,820.73,837.73,22.91,1228992900,1229357700,50.0379,TP
1472,XAUUSD,7102602,1,0.03,854.53,862.23,23.93,1229505600,1229525400,22.89,TP
1475,XAUUSD,7102601,1,0.12,881.93,873.22,8.3,1230523200,1230564000,-105.36,SL
1478,XAUUSD,7102602,1,0.04,864.83,846.22,18.61,1231321200,1231344600,-74.72,SL
1481,XAUUSD,7102602,1,0.03,858.03,864.63,20.32,1231506600,1231524300,19.59,TP
1484,XAUUSD,7102601,-1,0.08,828.52,834.83,10.95,1231776000,1232118300,-52.1268,SL
1486,XAUUSD,7102602,-1,0.03,814.12,836.06,21.94,1231847400,1232118300,-66.3692,SL
1492,XAUUSD,7102602,1,0.03,898.13,906.73,22.16,1232961300,1232969700,25.59,TP
1490,XAUUSD,7102601,1,0.07,871.73,882.4,11.05,1232712000,1233174300,71.3127,SL
1496,XAUUSD,7102601,1,0.08,921.83,911.45,10.38,1233316800,1233332100,-83.6,SL
1499,XAUUSD,7102601,1,0.07,927.83,917.04,10.79,1233345600,1233543000,-77.0107,SL
1502,XAUUSD,7102602,1,0.02,903.83,910.73,22.44,1233655800,1233673200,13.66,TP
1505,XAUUSD,7102602,1,0.02,916.73,894.26,22.47,1233926700,1234190100,-45.3583,SL
1508,XAUUSD,7102602,1,0.03,900.23,907.53,18.85,1234273200,1234275600,21.69,TP
1511,XAUUSD,7102602,1,0.02,917.93,926,20.06,1234343400,1234354200,16,TP
1516,XAUUSD,7102602,1,0.03,941.53,947.93,20.77,1234429500,1234455300,18.99,TP
1519,XAUUSD,7102602,1,0.03,943.43,949.43,18.22,1234781100,1234845900,17.3587,TP
1522,XAUUSD,7102602,1,0.04,962.43,981.33,16.8,1234864800,1234989600,74.728,TP
1525,XAUUSD,7102602,1,0.04,977.13,983.73,18.06,1235121600,1235132700,26.12,TP
1514,XAUUSD,7102601,1,0.08,938.23,979.08,8.99,1234368000,1235403000,312.152,SL
1529,XAUUSD,7102602,1,0.04,955.63,933.56,22.07,1235640600,1235666400,-88.56,SL
1532,XAUUSD,7102602,1,0.04,946.33,955.83,21.91,1235725800,1235744400,37.72,TP
1535,XAUUSD,7102602,1,0.04,957.53,936.16,21.37,1235985900,1236009000,-85.76,SL
1538,XAUUSD,7102602,1,0.03,938.13,947.33,22.72,1237466100,1237472400,27.39,TP
1541,XAUUSD,7102602,-1,0.06,893.12,888.41,14.41,1239712200,1239718500,27.84,TP
1544,XAUUSD,7102602,-1,0.06,884.86,897.8,12.94,1240317300,1240502100,-78.6521,SL
1547,XAUUSD,7102601,1,0.15,906.11,899.6,6.51,1240516800,1240884300,-104.937,SL
1550,XAUUSD,7102602,-1,0.05,889.56,883.04,14.32,1240928700,1241101200,31.7519,TP
1553,XAUUSD,7102602,-1,0.05,880.9,896.44,15.54,1241174100,1241451000,-78.1731,SL
1556,XAUUSD,7102602,1,0.05,917.54,922.67,14.13,1242123000,1242135900,25.3,TP
1559,XAUUSD,7102601,1,0.16,925.78,920.54,5.24,1242187200,1242222900,-84.96,SL
1562,XAUUSD,7102602,1,0.05,931.41,936.22,12.75,1242824400,1242833400,23.7,TP
1567,XAUUSD,7102602,1,0.07,954.56,958.56,12.25,1242996000,1243001400,27.51,TP
1565,XAUUSD,7102601,1,0.16,937.88,945.77,5.1,1242835200,1243335900,111.233,SL
1571,XAUUSD,7102602,1,0.07,951.08,955.08,11.21,1243432800,1243445700,27.51,TP
1574,XAUUSD,7102602,1,0.07,951.73,958.14,11.64,1243515300,1243524000,44.38,TP
1579,XAUUSD,7102602,1,0.07,970.66,979.24,11.92,1243593000,1243614600,59.57,TP
1582,XAUUSD,7102602,1,0.07,987.34,975.36,11.98,1243850700,1243873500,-84.35,SL
1577,XAUUSD,7102601,1,0.16,965.54,969.81,6.24,1243584000,1243932600,62.4261,SL
1586,XAUUSD,7102602,1,0.07,978.48,986.81,12.33,1243947300,1244013000,56.7688,TP
1589,XAUUSD,7102602,1,0.06,972.5,977.46,14.16,1244127600,1244134500,29.34,TP
1592,XAUUSD,7102602,1,0.05,981.82,966.71,15.11,1244212500,1244213100,-75.9,SL
1595,XAUUSD,7102602,1,0.05,955.51,963.5,15.41,1244555400,1244640000,38.8714,TP
1598,XAUUSD,7102602,-1,0.05,930.82,923.24,16.64,1245060600,1245669900,36.641,TP
1601,XAUUSD,7102602,1,0.07,946.36,933.67,12.69,1246023000,1246374300,-91.3273,SL
1604,XAUUSD,7102602,-1,0.08,924.69,918.79,10.83,1246875000,1247041500,46.2296,TP
1607,XAUUSD,7102602,-1,0.07,917.36,910.55,11.79,1247063100,1247073300,47.18,TP
1610,XAUUSD,7102602,-1,0.07,910.5,922.26,11.76,1247220300,1247513100,-82.9874,SL
1615,XAUUSD,7102601,1,0.24,951.99,947.68,4.31,1248091200,1248108300,-105.12,SL
1613,XAUUSD,7102602,1,0.09,948.06,956.41,9.14,1248087300,1248347700,67.988,TP
1619,XAUUSD,7102602,-1,0.08,934.77,948.96,10.31,1249038000,1249062300,-114.08,SL
1622,XAUUSD,7102602,1,0.07,955.6,959.02,10.59,1249296300,1249307100,23.45,TP
1627,XAUUSD,7102602,1,0.07,966.89,970.98,11.46,1249566300,1249569600,28.14,TP
1625,XAUUSD,7102601,1,0.15,963.62,957.71,5.91,1249416000,1249588800,-98.5445,SL
1631,XAUUSD,7102602,1,0.05,953.67,957.95,12.63,1250160300,1250167200,21.05,TP
1634,XAUUSD,7102602,1,0.06,958.64,946.77,11.87,1250256600,1250271000,-71.64,SL
1637,XAUUSD,7102602,-1,0.06,932.52,943.79,11.27,1250676300,1250697000,-68.04,SL
1640,XAUUSD,7102602,-1,0.05,939.31,950.78,11.47,1250778900,1250864700,-57.8306,SL
1643,XAUUSD,7102602,1,0.05,948.1,952.5,11.01,1251207600,1251211500,21.65,TP
1646,XAUUSD,7102602,1,0.05,949.71,954.29,11.59,1251281100,1251469200,19.6599,TP
1651,XAUUSD,7102602,1,0.06,979.88,984.96,12.42,1251974700,1251979800,30.06,TP
1654,XAUUSD,7102602,1,0.06,992.05,996.34,13.51,1252074900,1252318800,24.4086,TP
1649,XAUUSD,7102601,1,0.13,965.17,991.48,5.36,1251907200,1252526700,327.397,SL
1660,XAUUSD,7102601,1,0.14,1008.95,1001.68,7.27,1252684800,1252694400,-102.76,SL
1658,XAUUSD,7102602,1,0.06,1003.91,1012.23,13.08,1252680300,1253086800,46.7395,TP
1664,XAUUSD,7102601,1,0.16,1016.22,1009.88,6.34,1253088000,1253267700,-112.496,SL
1666,XAUUSD,7102602,1,0.06,1019.72,1003.08,14.1,1253101800,1253495100,-104.909,SL
1670,XAUUSD,7102602,1,0.06,1014.44,1002.81,11.63,1253613900,1253808900,-73.9018,SL
1673,XAUUSD,7102602,1,0.04,994.74,1002.57,12.89,1254149400,1254314100,29.8284,TP
1676,XAUUSD,7102602,1,0.05,1023.5,1029.19,12.85,1254829800,1254838800,28.1,TP
1681,XAUUSD,7102602,1,0.05,1043.9,1050.41,14.54,1254909900,1254971700,29.8067,TP
1684,XAUUSD,7102602,1,0.06,1056.73,1062.2,12.77,1255428300,1255429500,32.4,TP
1679,XAUUSD,7102601,1,0.13,1035.61,1052.31,6.14,1254844800,1255606500,193.171,SL
1688,XAUUSD,7102602,1,0.06,1056.72,1064.3,14,1255948200,1255991700,45.06,TP
1691,XAUUSD,7102602,1,0.06,1064.73,1051.2,13.53,1256308800,1256318400,-81.6,SL
1696,XAUUSD,7102602,1,0.06,1089.97,1094.86,14.88,1257416100,1257501900,27.9217,TP
1699,XAUUSD,7102602,1,0.06,1108.38,1118.22,13.81,1257757800,1257956700,56.5944,TP
1694,XAUUSD,7102601,1,0.14,1081.81,1101.86,7,1257307200,1258074600,253.787,SL
1703,XAUUSD,7102602,1,0.06,1109.41,1115.72,14.33,1258104300,1258133400,37.44,TP
1708,XAUUSD,7102602,1,0.06,1141.73,1146.83,14.98,1258535400,1258537500,30.18,TP
1706,XAUUSD,7102601,1,0.17,1124.03,1134.21,6.24,1258344000,1258625700,157.053,SL
1714,XAUUSD,7102602,1,0.06,1169.98,1180.35,14.6,1259059200,1259152500,60.729,TP
1712,XAUUSD,7102601,1,0.14,1164.56,1172.62,7.5,1258948800,1259306100,96.7031,SL
1718,XAUUSD,7102602,1,0.05,1187.36,1198.73,18.18,1259658300,1259661900,56.5,TP
1721,XAUUSD,7102601,1,0.1,1208.09,1196.98,11.11,1259726400,1259937300,-119.214,SL
1724,XAUUSD,7102602,1,0.03,1138.07,1110.34,27.73,1260351000,1260552000,-85.4692,SL
1727,XAUUSD,7102602,-1,0.03,1116.52,1106.5,28.9,1260792300,1261071600,29.3781,TP
1730,XAUUSD,7102602,1,0.05,1126.03,1132.53,14.96,1262769300,1262793900,32.15,TP
1733,XAUUSD,7102601,1,0.13,1155.72,1147.58,8.14,1263182400,1263297900,-109.013,SL
1735,XAUUSD,7102602,1,0.06,1157.45,1142.36,15.09,1263203400,1263321900,-92.0138,SL
1739,XAUUSD,7102602,1,0.04,1132.5,1139.57,16.17,1263376200,1263431700,25.9139,TP
1742,XAUUSD,7102602,1,0.04,1137.14,1119.65,17.49,1263813000,1264001400,-71.6272,SL
1745,XAUUSD,7102602,-1,0.04,1109.93,1103.26,18.1,1264068600,1264074000,26.4,TP
1748,XAUUSD,7102602,-1,0.04,1091.97,1081.09,17.44,1264497600,1264703400,42.7553,TP
1751,XAUUSD,7102602,1,0.04,1124.47,1107.07,17.4,1265191500,1265222700,-69.88,SL
1754,XAUUSD,7102602,-1,0.04,1104.64,1098.52,18.12,1265274600,1265295900,24.2,TP
1757,XAUUSD,7102602,-1,0.03,1056.36,1049.75,20.88,1265361900,1265362200,19.62,TP
1760,XAUUSD,7102602,1,0.04,1115.43,1126.71,18.56,1266311400,1266414600,44.1562,TP
1763,XAUUSD,7102602,1,0.04,1108.68,1115.58,19.85,1266572400,1266593100,27.32,TP
1766,XAUUSD,7102602,1,0.04,1119.9,1102.7,17.2,1266916200,1266942000,-69.08,SL
1769,XAUUSD,7102602,1,0.04,1113.31,1119.86,18.93,1267177200,1267433700,25.2373,TP
1772,XAUUSD,7102602,1,0.04,1122.39,1128.03,17.03,1267434600,1267548000,21.5967,TP
1775,XAUUSD,7102601,1,0.13,1136.07,1129.08,6.99,1267560000,1267720200,-100.823,SL
1777,XAUUSD,7102602,1,0.04,1138.75,1120.78,17.97,1267703100,1268068800,-73.5443,SL
1781,XAUUSD,7102602,1,0.04,1127.48,1112.58,14.9,1268223000,1268242800,-59.88,SL
1784,XAUUSD,7102602,-1,0.04,1106.16,1100.74,15.25,1268298300,1268318700,21.4,TP
1787,XAUUSD,7102602,1,0.04,1125.72,1111.07,14.65,1268916600,1269015900,-59.5679,SL
1790,XAUUSD,7102602,-1,0.04,1101.06,1096.27,14.04,1269346200,1269351300,18.88,TP
1793,XAUUSD,7102602,-1,0.04,1097.89,1090.96,14.84,1269427200,1269441300,27.44,TP
1796,XAUUSD,7102602,1,0.04,1118.57,1125.16,13.85,1270121400,1270137000,26.08,TP
1801,XAUUSD,7102602,1,0.05,1149.16,1153.55,12.75,1270737300,1270800000,20.721,TP
1804,XAUUSD,7102602,1,0.06,1156.4,1162.32,12.51,1270808100,1270834200,35.1,TP
1799,XAUUSD,7102601,1,0.14,1142.29,1153.53,5.36,1270656000,1271129100,141.59,SL
1808,XAUUSD,7102602,1,0.06,1155.52,1160,11.57,1271170200,1271241900,25.4053,TP
1811,XAUUSD,7102602,1,0.06,1142.48,1149.07,12.48,1271760300,1271876100,38.0752,TP
1814,XAUUSD,7102602,1,0.06,1143.09,1147.61,12.55,1272032700,1272040500,26.7,TP
1817,XAUUSD,7102602,1,0.06,1169.76,1174.14,13.18,1272537300,1272596100,24.7906,TP
1820,XAUUSD,7102602,1,0.06,1174.66,1178.98,13.28,1272624900,1272642000,25.5,TP
1825,XAUUSD,7102602,1,0.08,1183.18,1187.17,11.58,1272972000,1272974400,31.36,TP
1823,XAUUSD,7102601,1,0.16,1179.61,1173.13,6.48,1272643200,1272991800,-110.571,SL
1829,XAUUSD,7102602,1,0.06,1172.09,1158.95,13.14,1273057500,1273072200,-79.26,SL
1832,XAUUSD,7102602,1,0.05,1179.41,1185.97,13.55,1273147200,1273162500,32.45,TP
1835,XAUUSD,7102601,1,0.12,1196.66,1188.79,7.87,1273176000,1273177500,-95.28,SL
1838,XAUUSD,7102601,1,0.1,1204.02,1195.47,8.55,1273195800,1273238700,-86.2,SL
1841,XAUUSD,7102602,1,0.04,1210.21,1218.49,16.17,1273573200,1273585500,32.84,TP
1846,XAUUSD,7102602,1,0.04,1235,1243.05,18.28,1273661700,1273665000,31.92,TP
1849,XAUUSD,7102602,1,0.04,1240.01,1246.19,18.44,1273832400,1273839000,24.44,TP
1844,XAUUSD,7102601,1,0.08,1221.44,1219.46,9.94,1273593600,1273856400,-23.9559,SL
1853,XAUUSD,7102602,1,0.03,1184.23,1201.57,22.88,1274441100,1274828100,50.7244,TP
1856,XAUUSD,7102602,1,0.03,1208.89,1215.64,21.2,1274868300,1274892300,20.04,TP
1859,XAUUSD,7102602,1,0.04,1223.45,1206.94,16.51,1275389400,1275588900,-69.3113,SL
1862,XAUUSD,7102602,1,0.04,1207.89,1213.21,16.39,1275659700,1275674100,21,TP
1865,XAUUSD,7102601,1,0.1,1240.67,1232.21,8.46,1275940800,1276075800,-89.0838,SL
1867,XAUUSD,7102602,1,0.05,1246.66,1231.52,15.14,1275996000,1276077300,-76.9947,SL
1871,XAUUSD,7102602,1,0.03,1221.96,1227.17,15.88,1276265100,1276268100,15.42,TP
1874,XAUUSD,7102602,1,0.03,1247.36,1252.68,16.98,1276866600,1276868400,15.75,TP
1877,XAUUSD,7102601,1,0.13,1256.19,1250.34,5.85,1276876800,1277145000,-79.4555,SL
1880,XAUUSD,7102602,1,0.03,1245.01,1227.59,17.42,1277295300,1277308200,-52.47,SL
1883,XAUUSD,7102602,1,0.03,1259,1243.37,15.63,1277727600,1277747100,-47.1,SL
1886,XAUUSD,7102602,-1,0.02,1201.72,1195.22,17.37,1278426900,1278430800,12.86,TP
1889,XAUUSD,7102602,-1,0.02,1185.65,1204.48,18.83,1278502200,1278551100,-38.0004,SL
1892,XAUUSD,7102602,-1,0.03,1163.42,1179.29,15.87,1280411400,1280515200,-47.9173,SL
1895,XAUUSD,7102602,-1,0.03,1193.43,1207.2,13.77,1281096600,1281106800,-41.52,SL
1898,XAUUSD,7102601,1,0.09,1208.92,1203.3,5.62,1281110400,1281122700,-51.21,SL
1901,XAUUSD,7102602,1,0.03,1205.46,1192.46,13,1281537300,1281547200,-39.21,SL
1904,XAUUSD,7102602,1,0.03,1203.19,1207.18,13.04,1281614400,1281619200,11.76,TP
1909,XAUUSD,7102602,1,0.03,1217.56,1222.63,12.22,1281709200,1281955800,14.4431,TP
1912,XAUUSD,7102602,1,0.04,1227.22,1231.69,11.14,1282040700,1282154400,16.8514,TP
1907,XAUUSD,7102601,1,0.08,1213.08,1218.55,6.29,1281628800,1282642800,28.2259,SL
1916,XAUUSD,7102602,1,0.03,1235.96,1239.48,11.68,1282733400,1282748400,10.35,TP
1919,XAUUSD,7102602,1,0.03,1244.11,1232.38,11.73,1282827300,1282925100,-35.9671,SL
1922,XAUUSD,7102602,1,0.04,1239.78,1245.46,9.75,1283265900,1283267400,22.44,TP
1925,XAUUSD,7102601,1,0.11,1245.68,1240.95,4.73,1283270400,1283524500,-63.2685,SL
1927,XAUUSD,7102602,1,0.04,1250.9,1240.16,10.74,1283335800,1283524500,-46.2846,SL
1931,XAUUSD,7102601,1,0.11,1256.98,1252.29,4.69,1283875200,1284031500,-60.7954,SL
1933,XAUUSD,7102602,1,0.04,1260.78,1249.87,10.91,1283951100,1284052500,-46.2204,SL
1937,XAUUSD,7102602,1,0.04,1257.26,1263.55,9.74,1284469800,1284478800,24.88,TP
1942,XAUUSD,7102602,1,0.03,1271.28,1275.4,11.33,1284549000,1284641400,10.4069,TP
1945,XAUUSD,7102602,1,0.04,1280.41,1285.32,10.23,1285069200,1285100400,19.36,TP
1948,XAUUSD,7102602,1,0.03,1294.6,1283.09,11.51,1285154400,1285665600,-38.2943,SL
1951,XAUUSD,7102602,1,0.04,1314.16,1302.57,11.59,1285848000,1285866300,-46.64,SL
1940,XAUUSD,7102601,1,0.08,1265.33,1297.79,5.99,1284480000,1285867500,230.792,SL
1955,XAUUSD,7102602,1,0.03,1313.25,1318.86,11.13,1285929300,1285949400,16.62,TP
1960,XAUUSD,7102602,1,0.04,1328.3,1342.93,10.6,1286289300,1286331600,57.421,TP
1957,XAUUSD,7102601,1,0.08,1316.09,1330.13,6.54,1285934400,1286506500,100.31,SL
1964,XAUUSD,7102602,1,0.04,1341.78,1349.39,12.59,1286548500,1286557500,30.16,TP
1967,XAUUSD,7102601,1,0.08,1353.24,1345.6,7.64,1286769600,1286806500,-61.68,SL
1970,XAUUSD,7102602,1,0.03,1352.08,1359.15,13.99,1286895000,1286963400,20.381,TP
1975,XAUUSD,7102602,1,0.03,1360.07,1366.37,14.76,1286964300,1286985600,18.69,TP
1972,XAUUSD,7102601,1,0.07,1355.92,1362.83,8.12,1286956800,1287159600,42.0024,SL
1979,XAUUSD,7102602,1,0.03,1363.97,1370.9,15.55,1287413700,1287420600,20.58,TP
1982,XAUUSD,7102602,1,0.03,1370.03,1353.87,16.16,1287486300,1287495600,-48.69,SL
1985,XAUUSD,7102602,1,0.02,1348.07,1328.54,19.53,1287667800,1287682800,-39.2,SL
1988,XAUUSD,7102602,1,0.02,1329.63,1335.77,19.78,1288271100,1288277100,12.14,TP
1991,XAUUSD,7102602,1,0.02,1365.01,1345.33,19.68,1288610100,1288802700,-40.3276,SL
1994,XAUUSD,7102602,1,0.02,1358.93,1369.08,20.32,1288866300,1288880100,20.16,TP
1997,XAUUSD,7102601,1,0.06,1376.58,1397.08,9.13,1288886400,1289337000,118.734,SL
1999,XAUUSD,7102602,1,0.03,1415.91,1395.89,20.02,1289302200,1289337000,-60.27,SL
2003,XAUUSD,7102602,1,0.02,1404.81,1373,22.32,1289381100,1289783100,-65.9072,SL
2006,XAUUSD,7102602,1,0.01,1357.08,1370.28,25.18,1290074100,1290526500,12.5078,TP
2009,XAUUSD,7102602,1,0.02,1379.76,1357.77,21.99,1290593700,1290775500,-45.7989,SL
2012,XAUUSD,7102602,1,0.02,1367.56,1380.76,18.89,1291022100,1291127700,25.8424,TP
2015,XAUUSD,7102602,1,0.02,1394.33,1403.38,18.26,1291206300,1291390800,16.2659,TP
2020,XAUUSD,7102602,1,0.03,1423.66,1428.56,16.35,1291712700,1291725000,14.49,TP
2018,XAUUSD,7102601,1,0.07,1403.03,1406.06,8.33,1291392000,1291745700,17.6868,SL
2024,XAUUSD,7102602,1,0.03,1393.71,1400.74,17.32,1293534000,1293544800,20.88,TP
2027,XAUUSD,7102601,1,0.12,1411.85,1406.77,5.08,1293652800,1293717600,-69.5569,SL
2030,XAUUSD,7102601,1,0.11,1416.28,1411.22,5.06,1294027200,1294131600,-58.806,SL
2032,XAUUSD,7102602,1,0.03,1422.83,1408.81,14.02,1294063200,1294131600,-42.918,SL
2036,XAUUSD,7102602,-1,0.02,1362.82,1356.55,14.96,1294394400,1294408800,12.4,TP
2039,XAUUSD,7102602,-1,0.02,1368.22,1384.07,15.85,1294660800,1294747200,-31.9163,SL
2042,XAUUSD,7102602,-1,0.02,1370.56,1364.92,16.63,1295436300,1295511300,10.9117,TP
2045,XAUUSD,7102602,-1,0.02,1362.44,1354.59,17.13,1295514300,1295532600,15.56,TP
2048,XAUUSD,7102602,-1,0.02,1347.29,1341.72,14.86,1295861700,1295901600,11,TP
2051,XAUUSD,7102602,-1,0.02,1328.93,1322.94,15.34,1295950500,1295955600,11.84,TP
2054,XAUUSD,7102602,-1,0.03,1332.35,1327.83,14.4,1296048900,1296057600,13.35,TP
2057,XAUUSD,7102602,-1,0.02,1340.69,1334.37,15.21,1296119100,1296134400,12.5,TP
2060,XAUUSD,7102602,-1,0.02,1328.01,1345.82,17.81,1296474900,1296756000,-36.131,SL
2063,XAUUSD,7102602,-1,0.02,1348.97,1367.2,18.23,1297172700,1297186200,-36.6,SL
2068,XAUUSD,7102602,1,0.03,1376.91,1382.18,13.73,1297849200,1297953900,13.7101,TP
2071,XAUUSD,7102602,1,0.05,1398.33,1404.22,10.42,1298282400,1298305500,29.1,TP
2066,XAUUSD,7102601,1,0.08,1373.12,1392.72,6.07,1297771200,1298372700,144.412,SL
2075,XAUUSD,7102602,1,0.04,1402.89,1408.34,11.86,1298453400,1298476800,21.52,TP
2078,XAUUSD,7102601,1,0.1,1411.84,1405.69,6.15,1298491200,1298579100,-68.6701,SL
2080,XAUUSD,7102602,1,0.04,1416.14,1403.37,12.77,1298542500,1298579100,-51.36,SL
2084,XAUUSD,7102602,1,0.03,1415.94,1421.82,12.49,1298979900,1298987700,17.43,TP
2086,XAUUSD,7102601,1,0.08,1418.93,1419.2,6.99,1298980800,1299163200,-5.41452,SL
2090,XAUUSD,7102602,1,0.03,1439.13,1444.2,15.01,1299494700,1299507300,15,TP
2093,XAUUSD,7102602,1,0.03,1434.07,1418.6,15.47,1299583500,1299762000,-49.2419,SL
2096,XAUUSD,7102602,1,0.02,1418.09,1423.9,16.63,1299836100,1299872400,11.48,TP
2099,XAUUSD,7102602,1,0.02,1402.74,1409.27,18.35,1300283400,1300413900,11.2086,TP
2102,XAUUSD,7102602,1,0.02,1414.27,1421.61,18.55,1300443000,1300458300,14.54,TP
2105,XAUUSD,7102602,1,0.02,1424.03,1432.66,16.73,1301494200,1301576100,15.8161,TP
2108,XAUUSD,7102602,1,0.03,1434.68,1439.03,14.31,1301914500,1302021300,12.1828,TP
2113,XAUUSD,7102602,1,0.03,1459.28,1466.83,14.99,1302092400,1302252600,19.7654,TP
2111,XAUUSD,7102601,1,0.08,1452.01,1454.3,7.35,1302033600,1302585600,5.25819,SL
2116,XAUUSD,7102602,1,0.03,1468.98,1453.93,15.05,1302258900,1302586500,-46.7063,SL
2120,XAUUSD,7102602,1,0.03,1461.93,1447.86,14.07,1302604800,1302624300,-42.42,SL
2123,XAUUSD,7102602,1,0.02,1459.88,1466.28,15.25,1302701100,1302795900,11.3247,TP
2128,XAUUSD,7102602,1,0.02,1478.38,1484.96,15.81,1302873900,1302888300,13.02,TP
2131,XAUUSD,7102602,1,0.03,1496.53,1501.18,14.54,1303211100,1303289100,13.0542,TP
2126,XAUUSD,7102601,1,0.07,1476.83,1496.32,7.27,1302840000,1303833900,121.499,SL
2134,XAUUSD,7102602,1,0.04,1506.19,1512.19,13.83,1303816500,1303917000,22.8007,TP
2138,XAUUSD,7102601,1,0.09,1523.13,1547.1,7.35,1303934400,1304304600,204.544,SL
2141,XAUUSD,7102602,1,0.03,1542.52,1523.94,18.58,1304519100,1304529600,-55.95,SL
2144,XAUUSD,7102602,1,0.02,1505.33,1517.3,23.92,1304936100,1305077700,22.8751,TP
2147,XAUUSD,7102602,1,0.02,1526.21,1501.56,24.65,1305113700,1305140400,-49.44,SL
2150,XAUUSD,7102602,1,0.02,1511.48,1484.75,26.73,1305281700,1305314100,-53.6,SL
2153,XAUUSD,7102602,1,0.02,1493.68,1501.73,25.66,1305714000,1305888000,14.132,TP
2156,XAUUSD,7102601,1,0.12,1537.58,1531.6,5.98,1306526400,1306900800,-81.0501,SL
2159,XAUUSD,7102601,1,0.13,1545.43,1540.35,5.08,1306958400,1306967700,-66.95,SL
2162,XAUUSD,7102602,1,0.03,1543.68,1529.4,14.28,1307020200,1307038200,-43.05,SL
2165,XAUUSD,7102601,1,0.07,1551.73,1543.5,8.23,1307390400,1307394600,-58.1,SL
2168,XAUUSD,7102602,1,0.03,1547.58,1534.72,12.86,1307447100,1307529300,-39.4976,SL
2171,XAUUSD,7102602,1,0.03,1545.03,1549.6,13.6,1308655500,1308758400,12.7915,TP
2174,XAUUSD,7102601,1,0.09,1554.18,1548.72,5.46,1308772800,1308778800,-49.77,SL
2177,XAUUSD,7102602,-1,0.02,1510.93,1526.52,15.59,1309961100,1309968000,-31.32,SL
2180,XAUUSD,7102602,1,0.02,1547.35,1552.63,16.71,1310378700,1310397600,10.42,TP
2185,XAUUSD,7102602,1,0.02,1569.78,1574.84,15.63,1310551800,1310555100,9.98,TP
2183,XAUUSD,7102601,1,0.06,1566.6,1574.38,8.01,1310520600,1310976300,38.9993,SL
2188,XAUUSD,7102602,1,0.02,1591.77,1574.63,17.14,1310645700,1310976300,-35.3915,SL
2192,XAUUSD,7102601,1,0.04,1599.15,1586.51,12.64,1310990400,1311109200,-51.8209,SL
2195,XAUUSD,7102601,1,0.05,1613.59,1604.35,9.24,1311566400,1311874200,-52.7175,SL
2197,XAUUSD,7102602,1,0.01,1618.92,1628.92,25.79,1311594000,1311957000,8.44957,TP
2201,XAUUSD,7102602,1,0.01,1617.75,1626.14,25.16,1312199400,1312218000,8.32,TP
2204,XAUUSD,7102601,1,0.05,1637.23,1654.69,9.09,1312300800,1312484700,81.8766,SL
2206,XAUUSD,7102602,1,0.01,1672.38,1644.17,28.21,1312367100,1312486500,-29.0414,SL
2210,XAUUSD,7102602,1,0.01,1668.83,1690.38,22.66,1312545000,1312765800,21.2258,TP
2213,XAUUSD,7102601,1,0.03,1686.46,1731.47,15.26,1312776000,1312908900,134.033,SL
2216,XAUUSD,7102601,1,0.02,1802.89,1778.11,24.78,1313035200,1313056200,-49.7,SL
2219,XAUUSD,7102601,1,0.04,1817.29,1843.9,10.97,1313683200,1313767500,105.045,SL
2221,XAUUSD,7102602,1,0.01,1853.96,1881.88,39.42,1313749200,1314003300,27.5671,TP
2225,XAUUSD,7102601,1,0.04,1887.95,1872.66,15.29,1314014400,1314021600,-61.44,SL
2228,XAUUSD,7102601,1,0.03,1906.38,1888.68,17.7,1314063000,1314093900,-53.31,SL
2231,XAUUSD,7102601,1,0.04,1912.68,1898.97,13.71,1315296000,1315306500,-55.12,SL
2234,XAUUSD,7102602,-1,0.01,1668.12,1653.22,42.35,1318513500,1318524900,14.83,TP
2237,XAUUSD,7102601,1,0.04,1693.76,1682.63,11.13,1318852800,1318860300,-44.8,SL
2240,XAUUSD,7102602,-1,0.01,1662.57,1649.29,32.47,1318932900,1318949100,13.21,TP
2243,XAUUSD,7102602,-1,0.01,1648.95,1634.02,35.27,1319018700,1319082000,14.7233,TP
2246,XAUUSD,7102601,1,0.03,1697.11,1707.05,15.11,1319572800,1320040200,24.8592,SL
2249,XAUUSD,7102602,1,0.01,1732.61,1745.33,32.61,1320231600,1320330600,11.854,TP
2252,XAUUSD,7102601,1,0.03,1762.04,1747.42,14.62,1320336000,1320339900,-44.07,SL
2255,XAUUSD,7102601,1,0.03,1764.42,1749.46,14.96,1320350400,1320428400,-45.8982,SL
2260,XAUUSD,7102602,1,0.01,1773.04,1791.21,29,1320656700,1320700800,18.1,TP
2258,XAUUSD,7102601,1,0.04,1771.92,1766.58,12.12,1320652800,1320876900,-23.8276,SL
2264,XAUUSD,7102602,1,0.01,1769.53,1786.89,30.03,1321008600,1321040700,17.29,TP
2267,XAUUSD,7102602,-1,0.01,1706,1693.73,27.32,1321877100,1321897800,12.2,TP
2270,XAUUSD,7102602,-1,0.01,1696.88,1684.46,32.43,1322044800,1322067600,12.35,TP
2273,XAUUSD,7102602,-1,0.01,1682.17,1712.95,30.78,1322212800,1322475300,-30.8967,SL
2276,XAUUSD,7102602,-1,0.01,1712.79,1702.71,28.14,1322644800,1322650200,10.01,TP
2279,XAUUSD,7102602,-1,0.01,1683.52,1652.92,25.33,1323683700,1323747000,30.4837,TP
2282,XAUUSD,7102602,-1,0.01,1627.31,1614.11,30.63,1323870300,1323879600,13.13,TP
2285,XAUUSD,7102601,-1,0.05,1557.02,1550.19,9.15,1325122200,1325192700,33.8,SL
2288,XAUUSD,7102602,-1,0.01,1605.84,1629.07,23.23,1325770800,1325866200,-23.345,SL
2291,XAUUSD,7102601,1,0.05,1645.21,1635.53,9.68,1326283200,1326288000,-48.75,SL
2294,XAUUSD,7102601,1,0.06,1649.73,1641.11,8.62,1326369600,1326430500,-53.6525,SL
2297,XAUUSD,7102601,1,0.06,1664.87,1656.51,8.36,1326801600,1326817800,-50.58,SL
2300,XAUUSD,7102602,1,0.02,1659.15,1673.54,20.47,1326878100,1327317900,26.1031,TP
2302,XAUUSD,7102601,1,0.05,1670.73,1660.98,9.75,1327305600,1327492500,-51.6535,SL
2305,XAUUSD,7102602,1,0.02,1673.88,1655.66,18.22,1327318200,1327494900,-37.6014,SL
2311,XAUUSD,7102602,1,0.02,1714.14,1722.05,21.88,1327569000,1327591500,15.68,TP
2314,XAUUSD,7102602,1,0.02,1724.58,1734.47,21.77,1327665000,1327693500,19.64,TP
2317,XAUUSD,7102602,1,0.02,1740.02,1749.18,20.98,1328001900,1328106000,17.6489,TP
2320,XAUUSD,7102602,1,0.02,1752.62,1760.47,22.36,1328179200,1328205600,15.56,TP
2309,XAUUSD,7102601,1,0.05,1690.18,1734.5,9.61,1327521600,1328288400,206.7,SL
2324,XAUUSD,7102602,1,0.02,1727.55,1736.14,22.71,1328605800,1328637300,17.04,TP
2327,XAUUSD,7102602,1,0.01,1739.74,1713.82,25.92,1328778600,1328883300,-26.2545,SL
2330,XAUUSD,7102602,1,0.02,1731.15,1708.48,22.66,1329124800,1329405900,-48.1153,SL
2333,XAUUSD,7102601,1,0.06,1775.17,1766.77,8.4,1329960600,1330342200,-54.0764,SL
2335,XAUUSD,7102602,1,0.02,1782.83,1762.51,20.32,1330082700,1330347000,-41.3216,SL
2339,XAUUSD,7102602,1,0.02,1774.44,1782.55,16.68,1330422600,1330442700,16.08,TP
2342,XAUUSD,7102602,-1,0.01,1708.36,1700.91,23.33,1330942800,1330945200,7.38,TP
2345,XAUUSD,7102602,-1,0.01,1698.65,1689.66,23.65,1331028000,1331035200,8.92,TP
2348,XAUUSD,7102602,-1,0.01,1697.53,1688.73,26.17,1331290800,1331305200,8.73,TP
2351,XAUUSD,7102602,-1,0.01,1665.96,1652.02,29.31,1331726400,1331737200,13.87,TP
2354,XAUUSD,7102601,-1,0.03,1644.66,1658.02,13.36,1331740800,1331838000,-40.7007,SL
2357,XAUUSD,7102602,-1,0.01,1654.38,1644.66,27.18,1332241200,1332255600,9.65,TP
2360,XAUUSD,7102602,-1,0.01,1645.82,1636.61,26.78,1332414000,1332417600,9.14,TP
2363,XAUUSD,7102602,-1,0.01,1659.01,1684.87,25.86,1332760500,1332782700,-25.93,SL
2366,XAUUSD,7102602,-1,0.01,1655.52,1647.22,26.49,1333023900,1333045800,8.23,TP
2369,XAUUSD,7102602,-1,0.02,1639.03,1631.91,21.62,1333533900,1333539600,14.1,TP
2372,XAUUSD,7102601,-1,0.05,1621.85,1631.51,9.66,1333555200,1333665000,-49.3252,SL
2375,XAUUSD,7102602,-1,0.02,1642.48,1663.55,21.07,1334063400,1334249100,-42.6486,SL
2378,XAUUSD,7102602,-1,0.02,1650.76,1667.73,16.97,1335521100,1335548100,-34.08,SL
2381,XAUUSD,7102602,-1,0.02,1653.11,1644.94,15.62,1335955500,1336037700,15.9245,TP
2384,XAUUSD,7102602,-1,0.02,1628.53,1620.18,14.75,1336473300,1336490400,16.56,TP
2387,XAUUSD,7102601,-1,0.07,1614.95,1601.84,7.36,1336492800,1336668900,90.0404,SL
2392,XAUUSD,7102601,-1,0.05,1577.85,1587.29,9.44,1336737600,1336756200,-47.55,SL
2389,XAUUSD,7102602,-1,0.02,1586.17,1568.56,17.63,1336563600,1336994100,34.6387,TP
2398,XAUUSD,7102602,-1,0.02,1528.5,1547.71,19.21,1337163300,1337187000,-38.56,SL
2396,XAUUSD,7102601,-1,0.05,1561.68,1554.78,9.24,1336996800,1337266500,33.0782,SL
2402,XAUUSD,7102602,-1,0.02,1590.74,1583.44,20.9,1337602200,1337682900,14.3715,TP
2405,XAUUSD,7102602,-1,0.01,1554.69,1542.4,22.41,1337771700,1337793600,12.22,TP
2408,XAUUSD,7102602,-1,0.01,1552.62,1576.74,24.12,1337857500,1337875200,-24.19,SL
2411,XAUUSD,7102602,-1,0.01,1550.72,1578.26,23.86,1338552300,1338564900,-27.61,SL
2414,XAUUSD,7102602,1,0.01,1635.13,1609.05,26.08,1338980100,1339088400,-26.8916,SL
2417,XAUUSD,7102602,-1,0.01,1594.63,1584.87,27.29,1339410900,1339432500,9.69,TP
2420,XAUUSD,7102602,-1,0.02,1568.91,1562,21.81,1340621400,1340899500,13.2423,TP
2423,XAUUSD,7102601,-1,0.06,1551.8,1559.72,7.92,1340913600,1340949300,-48.1989,SL
2426,XAUUSD,7102602,-1,0.01,1588.09,1610.58,22.49,1341240300,1341309900,-22.6044,SL
2429,XAUUSD,7102602,-1,0.01,1567.8,1559.18,22.68,1342088100,1342106700,8.55,TP
2432,XAUUSD,7102602,-1,0.02,1583.46,1576.16,21.65,1342441200,1342546500,14.3717,TP
2435,XAUUSD,7102602,-1,0.02,1576.76,1568.13,20.6,1342616700,1342626300,17.12,TP
2438,XAUUSD,7102602,-1,0.02,1573.42,1564.95,18.72,1343039400,1343056800,16.8,TP
2441,XAUUSD,7102602,1,0.02,1608.39,1615.12,19.56,1343300100,1343310600,13.32,TP
2444,XAUUSD,7102602,1,0.02,1620.47,1628.79,18.4,1343388600,1343400000,16.5,TP
2447,XAUUSD,7102602,1,0.02,1617.28,1600.52,16.76,1343815500,1343838300,-33.66,SL
2450,XAUUSD,7102602,1,0.03,1625.38,1611.04,14.34,1344864000,1344889200,-43.23,SL
2453,XAUUSD,7102602,1,0.03,1616.06,1601.68,14.38,1344939900,1344958800,-43.35,SL
2456,XAUUSD,7102602,1,0.03,1625.88,1631.07,12.61,1345545000,1345562700,15.36,TP
2459,XAUUSD,7102602,1,0.03,1641.83,1646.28,13.84,1345634400,1345669200,13.14,TP
2464,XAUUSD,7102602,1,0.03,1665.63,1676.76,14.53,1345716600,1346040900,31.649,TP
2462,XAUUSD,7102601,1,0.08,1652.93,1658.34,6.23,1345685400,1346127000,36.604,SL
2468,XAUUSD,7102602,1,0.03,1665.86,1651.44,14.42,1346156100,1346349000,-46.511,SL
2471,XAUUSD,7102602,1,0.03,1659.04,1664.81,14.28,1346410800,1346433300,17.1,TP
2474,XAUUSD,7102601,1,0.06,1681.84,1690.36,7.75,1346443200,1346997600,39.8326,SL
2476,XAUUSD,7102602,1,0.02,1706.66,1691.05,15.61,1346928300,1346997600,-31.8794,SL
2482,XAUUSD,7102602,1,0.02,1733.45,1739.44,16.82,1347365100,1347447600,11.3108,TP
2480,XAUUSD,7102601,1,0.05,1725.2,1720.51,8.92,1347033600,1347563400,-31.7333,SL
2486,XAUUSD,7102601,1,0.06,1752.96,1754.36,7.84,1347566400,1347921000,4.73983,SL
2489,XAUUSD,7102601,1,0.06,1786.84,1778.53,8.31,1348243200,1348249800,-50.28,SL
2492,XAUUSD,7102602,1,0.02,1768.88,1774.75,17.3,1348570500,1348587300,11.6,TP
2495,XAUUSD,7102602,1,0.02,1783.18,1789.99,20.39,1348834800,1349107200,12.9385,TP
2498,XAUUSD,7102602,1,0.02,1786.49,1794.41,17.24,1349345100,1349364300,15.7,TP
2501,XAUUSD,7102602,1,0.02,1766.71,1774.02,16.97,1349950500,1349969100,14.48,TP
2504,XAUUSD,7102602,1,0.02,1741.73,1746.89,15.72,1350381900,1350407100,10.18,TP
2507,XAUUSD,7102602,-1,0.02,1722.36,1715.77,14.86,1350987000,1350995400,13.04,TP
2510,XAUUSD,7102602,-1,0.02,1677.76,1693.62,15.86,1352109000,1352210700,-31.9536,SL
2513,XAUUSD,7102601,1,0.04,1737.81,1726.99,10.82,1352448000,1352747700,-44.6195,SL
2516,XAUUSD,7102602,1,0.02,1727.45,1733.14,16.62,1352813100,1352918700,10.7128,TP
2519,XAUUSD,7102602,1,0.02,1735.17,1743.47,16.05,1353406800,1353690900,13.8184,TP
2522,XAUUSD,7102601,1,0.09,1750.92,1745.56,5.36,1353700800,1354019700,-53.6824,SL
2525,XAUUSD,7102602,-1,0.03,1715.61,1710.8,13.21,1354540200,1354603500,14.0771,TP
2528,XAUUSD,7102602,-1,0.02,1692.4,1676.58,16.1,1355404500,1355856000,31.2172,TP
2531,XAUUSD,7102602,-1,0.02,1671.01,1665.55,16.22,1355924400,1355931600,10.78,TP
2534,XAUUSD,7102602,-1,0.02,1643.14,1626.26,17.85,1357293300,1357306800,33.62,TP
2537,XAUUSD,7102602,-1,0.02,1655.23,1648.52,16.7,1357552800,1357572000,13.28,TP
2540,XAUUSD,7102602,-1,0.03,1657.38,1652.91,13.1,1359371100,1359387300,13.2,TP
2543,XAUUSD,7102602,-1,0.03,1676.02,1671.47,13.12,1359625800,1359645300,13.44,TP
2546,XAUUSD,7102602,-1,0.03,1664.99,1677.33,12.34,1359977100,1360004700,-37.23,SL
2549,XAUUSD,7102602,-1,0.03,1642.14,1635.98,13.77,1360665000,1360869300,17.7218,TP
2554,XAUUSD,7102602,-1,0.02,1629.8,1624.08,15.41,1360925100,1360940700,11.3,TP
2557,XAUUSD,7102602,-1,0.03,1611.52,1604.41,15.27,1361189700,1361294700,20.9859,TP
2560,XAUUSD,7102602,-1,0.03,1604.6,1599.83,15.32,1361360700,1361364300,14.1,TP
2552,XAUUSD,7102601,-1,0.07,1634.39,1577.41,7.43,1360872000,1361465700,396.203,SL
2564,XAUUSD,7102602,-1,0.03,1589.39,1608.24,18.85,1361870700,1361901000,-56.76,SL
2567,XAUUSD,7102602,-1,0.02,1593.09,1586.18,21.09,1362049500,1362074100,13.68,TP
2570,XAUUSD,7102602,-1,0.02,1575.89,1567.35,21.92,1362388800,1362756600,16.4134,TP
2573,XAUUSD,7102602,-1,0.03,1583.12,1577.13,16.95,1363270200,1363275000,17.76,TP
2576,XAUUSD,7102602,-1,0.04,1602.47,1615.97,13.5,1363694400,1363880700,-54.9948,SL
2579,XAUUSD,7102602,-1,0.04,1603.64,1593.88,13.08,1364214900,1364224800,38.76,TP
2582,XAUUSD,7102602,-1,0.04,1599.59,1593.63,13.21,1364299500,1364378400,23.3822,TP
2585,XAUUSD,7102602,-1,0.04,1593.77,1607.69,13.92,1364378700,1364404200,-55.96,SL
2588,XAUUSD,7102602,-1,0.04,1598.24,1592.92,12.93,1364905500,1364916000,21,TP
2591,XAUUSD,7102601,-1,0.14,1574.95,1555.95,5.25,1364932800,1365108300,262.591,SL
2594,XAUUSD,7102602,-1,0.04,1557.54,1551.3,17.97,1365763800,1365768600,24.68,TP
2597,XAUUSD,7102601,-1,0.12,1537.72,1449.66,8.41,1365782400,1366005900,1055.38,SL
2600,XAUUSD,7102601,-1,0.08,1447.04,1364.62,14.33,1366012800,1366097700,658.501,SL
2603,XAUUSD,7102602,-1,0.02,1411.04,1453.96,42.92,1366714200,1366903500,-86.2972,SL
2606,XAUUSD,7102602,-1,0.02,1467.17,1452.84,46.83,1366972200,1367002800,28.52,TP
2609,XAUUSD,7102602,-1,0.04,1451.97,1442.42,24.14,1368185700,1368194100,37.92,TP
2612,XAUUSD,7102602,-1,0.04,1431.06,1419.43,21.54,1368535800,1368609600,46.0816,TP
2615,XAUUSD,7102602,-1,0.04,1411.61,1393.26,22.78,1368612600,1368642000,73.12,TP
2620,XAUUSD,7102602,-1,0.04,1385.05,1373.88,24.62,1368700500,1368703200,44.4,TP
2617,XAUUSD,7102601,-1,0.1,1411.96,1373.73,11.9,1368619200,1369076400,379.677,SL
2624,XAUUSD,7102602,-1,0.03,1380.11,1362.53,27.51,1369137900,1369155300,52.53,TP
2627,XAUUSD,7102602,-1,0.03,1386.33,1374.93,34.48,1369398900,1369761000,33.7583,TP
2630,XAUUSD,7102602,-1,0.03,1406.2,1397.44,28.97,1370340900,1370357400,26.07,TP
2633,XAUUSD,7102602,-1,0.03,1397.17,1386.4,28.97,1370435400,1370622000,31.6313,TP
2636,XAUUSD,7102602,-1,0.05,1380,1372.5,21.19,1370861400,1370946900,36.9575,TP
2639,XAUUSD,7102602,-1,0.05,1377.17,1368.49,18.6,1371556500,1371574500,43.05,TP
2644,XAUUSD,7102602,-1,0.05,1328.36,1312.07,20.38,1371722700,1371726000,81.1,TP
2642,XAUUSD,7102601,-1,0.19,1349.28,1306.21,6.77,1371691800,1371739800,817,SL
2648,XAUUSD,7102601,-1,0.13,1296.12,1306.25,10.13,1371744000,1371746400,-132.6,SL
2651,XAUUSD,7102601,-1,0.12,1282.77,1294.14,11.37,1371778200,1371802500,-137.28,SL
2656,XAUUSD,7102602,-1,0.05,1237.41,1204.16,22.79,1372244400,1372366500,165.389,TP
2654,XAUUSD,7102601,-1,0.1,1252.26,1217.67,12.47,1372233600,1372440300,343.845,SL
2660,XAUUSD,7102602,-1,0.03,1275.5,1306.95,31.45,1373626500,1374455400,-95.4156,SL
2663,XAUUSD,7102602,-1,0.05,1314.6,1337.92,23.32,1374754800,1374793800,-116.95,SL
2666,XAUUSD,7102602,1,0.05,1332,1310.98,21.02,1375101600,1375292700,-107.478,SL
2669,XAUUSD,7102602,-1,0.04,1311.16,1301.71,22.12,1375705200,1375726200,37.52,TP
2672,XAUUSD,7102601,-1,0.12,1276.89,1287.1,10.21,1375848000,1375899600,-123.36,SL
2675,XAUUSD,7102602,-1,0.04,1306.47,1329.57,23.1,1376050800,1376271300,-92.826,SL
2678,XAUUSD,7102602,1,0.04,1327.26,1336.78,21.71,1376481900,1376529600,35.3514,TP
2681,XAUUSD,7102602,1,0.03,1371.6,1383.41,23.63,1377169500,1377277200,34.5896,TP
2684,XAUUSD,7102602,1,0.04,1409.09,1420.6,23.71,1377601500,1377617100,45.76,TP
2687,XAUUSD,7102602,1,0.04,1395.59,1372.44,23.15,1378387800,1378402500,-92.88,SL
2690,XAUUSD,7102601,-1,0.15,1339.47,1326.38,7.13,1378987200,1379115300,194.749,SL
2692,XAUUSD,7102602,-1,0.05,1306.29,1330.59,23.5,1379074800,1379293500,-122.034,SL
2696,XAUUSD,7102602,-1,0.04,1320.73,1310.51,23.48,1379328900,1379342100,40.6,TP
2699,XAUUSD,7102601,-1,0.1,1299.42,1310.93,11.51,1379476800,1379535300,-115.8,SL
2702,XAUUSD,7102602,1,0.03,1373.74,1345.6,28.14,1379585400,1379698200,-85.2561,SL
2705,XAUUSD,7102602,-1,0.03,1324.2,1311.36,24.39,1380637200,1380641100,38.31,TP
2708,XAUUSD,7102601,-1,0.09,1285.34,1296.41,11.07,1380657600,1380715200,-100.582,SL
2711,XAUUSD,7102602,-1,0.03,1320.37,1313.3,22.53,1381235700,1381320300,20.8901,TP
2714,XAUUSD,7102602,-1,0.03,1299.75,1291.61,23.67,1381405800,1381443900,24.21,TP
2717,XAUUSD,7102602,-1,0.03,1285.52,1277.83,24.08,1381492500,1381506000,22.86,TP
2720,XAUUSD,7102601,-1,0.09,1267.02,1277.39,10.37,1381507200,1381746000,-94.2784,SL
2723,XAUUSD,7102602,-1,0.03,1265.29,1255.55,23.4,1381834200,1381838400,29.01,TP
2725,XAUUSD,7102601,-1,0.09,1256.28,1266.94,10.66,1381838400,1381848000,-96.57,SL
2729,XAUUSD,7102602,-1,0.03,1314.08,1335.5,21.42,1382360700,1382462400,-64.5797,SL
2732,XAUUSD,7102602,1,0.03,1342.03,1351.27,22.38,1382609700,1382639700,27.51,TP
2735,XAUUSD,7102602,1,0.03,1349.14,1358.75,20.37,1383135300,1383147000,28.62,TP
2738,XAUUSD,7102601,-1,0.12,1303.77,1310.7,6.93,1383840000,1383844200,-84,SL
2741,XAUUSD,7102601,-1,0.1,1294.67,1285.36,7.98,1383926400,1384393200,90.2718,SL
2744,XAUUSD,7102602,-1,0.04,1270.1,1265.37,14.79,1384867200,1384953900,18.4984,TP
2747,XAUUSD,7102601,-1,0.13,1244.65,1247.45,6.86,1384997400,1385413500,-38.2078,SL
2750,XAUUSD,7102601,-1,0.14,1225.52,1230.33,6.18,1386014400,1386173700,-69.2703,SL
2753,XAUUSD,7102602,-1,0.03,1238.78,1230.86,20.42,1387278000,1387293600,23.55,TP
2756,XAUUSD,7102602,-1,0.03,1218.35,1210.63,21.34,1387446000,1387448700,22.95,TP
2759,XAUUSD,7102601,-1,0.08,1203.27,1212.97,9.7,1387454400,1388071800,-80.0272,SL
2762,XAUUSD,7102602,-1,0.03,1205.59,1197.37,16.64,1388394600,1388442000,24.45,TP
2765,XAUUSD,7102602,-1,0.04,1225.21,1220.04,15.42,1389177000,1389199200,20.4,TP
2768,XAUUSD,7102602,-1,0.04,1238.86,1234.54,14.02,1390388100,1390443000,16.5879,TP
2771,XAUUSD,7102602,1,0.05,1263.32,1267.4,13.1,1390569600,1390570200,20.05,TP
2774,XAUUSD,7102602,1,0.04,1256.48,1260.89,14.31,1391000100,1391004000,17.36,TP
2777,XAUUSD,7102602,1,0.04,1263.4,1270.11,17.72,1391766600,1391787000,26.56,TP
2780,XAUUSD,7102602,1,0.04,1293.9,1298.76,15.7,1392298500,1392316500,19.16,TP
2783,XAUUSD,7102602,1,0.04,1309.01,1316.99,15.95,1392368700,1392385500,31.64,TP
2786,XAUUSD,7102601,1,0.15,1327.35,1321.49,5.86,1392609600,1392703200,-91.9944,SL
2789,XAUUSD,7102602,1,0.04,1315.27,1321.33,14.2,1392891900,1392933300,23.96,TP
2792,XAUUSD,7102602,1,0.05,1321.62,1326.61,14.49,1392977400,1393014900,24.6,TP
2795,XAUUSD,7102602,1,0.05,1330.57,1340.16,12.93,1393235100,1393347600,46.5789,TP
2797,XAUUSD,7102601,1,0.13,1334.16,1327.49,6.67,1393243200,1393437000,-92.9372,SL
2801,XAUUSD,7102602,1,0.04,1331.76,1337.61,14.69,1393503000,1393810800,21.4961,TP
2804,XAUUSD,7102602,1,0.05,1345.84,1354.4,13.89,1393837800,1393870200,42.45,TP
2807,XAUUSD,7102601,1,0.12,1351.67,1344.2,7.47,1393876800,1393920600,-92.9564,SL
2810,XAUUSD,7102602,1,0.04,1338.83,1349.11,14.9,1394462700,1394544900,40.0214,TP
2813,XAUUSD,7102601,1,0.11,1357.4,1366.68,7.46,1394611200,1395090900,89.794,SL
2815,US500,7102603,1,6.05,1848.24,1859.08,38.9331,1394762400,1395108000,61.191,EXPERT
2817,US30,7102603,1,0.7,16125.5,16249.2,334.64,1394762400,1395108000,82.1648,EXPERT
2819,NAS100,7102603,1,2.79,3620.67,3698.92,91.1292,1395025200,1395194400,214.334,EXPERT
2825,XAUUSD,7102601,-1,0.2,1291.67,1297.76,6.09,1395972300,1396000500,-123.2,SL
2828,XAUUSD,7102601,-1,0.18,1284.71,1290.99,6.28,1396315800,1396450500,-114.94,SL
2831,XAUUSD,7102602,-1,0.06,1299.6,1313.01,13.41,1396868700,1396957800,-81.0962,SL
2838,XAUUSD,7102602,-1,0.06,1308.49,1303.19,14,1397052300,1397053800,31.38,TP
2835,US500,7102603,1,6.83,1847.75,1871.97,38.9631,1396922400,1397093400,155.504,EXPERT
2833,US30,7102603,1,0.85,16263,16437.5,310.557,1396920600,1397093400,137.462,EXPERT
2843,XAUUSD,7102602,1,0.08,1319.13,1326.4,13.13,1397124300,1397437500,54.3775,TP
2846,XAUUSD,7102601,1,0.21,1326.04,1319.97,6.07,1397448000,1397489400,-128.94,SL
2849,XAUUSD,7102601,-1,0.21,1273.45,1279.07,5.62,1398355200,1398357300,-119.49,SL
2852,XAUUSD,7102602,-1,0.06,1300.6,1295.68,14.95,1398689400,1398705000,29.1,TP
2855,XAUUSD,7102602,-1,0.06,1291.76,1287.25,15.01,1398766800,1398772500,26.64,TP
2858,XAUUSD,7102602,-1,0.06,1283.49,1276.89,15.6,1398939900,1399044600,38.966,TP
2861,XAUUSD,7102602,1,0.06,1314.15,1299.22,14.93,1399461000,1399482000,-90,SL
2864,NAS100,7102603,1,2.54,3534.57,3613.4,108.395,1399600800,1399944600,196.712,EXPERT
2867,XAUUSD,7102602,-1,0.07,1289.68,1304.06,14.38,1399990500,1400075100,-101.402,SL
2872,XAUUSD,7102602,-1,0.06,1292.57,1288.02,15.17,1400235300,1400255100,26.88,TP
2870,US30,7102603,1,1.05,16449.8,16507.4,282.167,1400203800,1400722200,40.2732,EXPERT
2876,XAUUSD,7102602,-1,0.09,1285.09,1277.09,11.14,1401185400,1401204000,71.37,TP
2881,XAUUSD,7102602,-1,0.1,1255.63,1251.26,11.65,1401447900,1401462600,43,TP
2879,XAUUSD,7102601,-1,0.31,1277.19,1253.35,4.23,1401206400,1401983100,725.018,SL
2885,XAUUSD,7102602,-1,0.11,1252.53,1248.64,10.84,1402062000,1402072800,42.02,TP
2888,XAUUSD,7102602,-1,0.12,1266.56,1276.12,9.56,1403089500,1403134200,-115.56,SL
2891,XAUUSD,7102602,1,0.12,1282.13,1288.04,9.74,1403172600,1403191200,70.08,TP
2894,XAUUSD,7102601,1,0.21,1321.93,1314.86,7.07,1403227800,1403232900,-149.94,SL
2897,XAUUSD,7102602,1,0.1,1318.9,1322.79,11.78,1403609100,1403610000,38.2,TP
2900,XAUUSD,7102601,1,0.2,1323.37,1316.06,7.31,1403611200,1403671200,-151.628,SL
2903,XAUUSD,7102601,1,0.23,1327.36,1321.65,5.71,1404178200,1404314700,-137.598,SL
2906,XAUUSD,7102602,1,0.1,1321.79,1325.35,9.65,1404828600,1404897300,32.8842,TP
2909,XAUUSD,7102602,1,0.1,1326.45,1334.76,10.3,1404917400,1404993600,76.3116,TP
2912,XAUUSD,7102602,1,0.1,1335.58,1339.78,10.72,1404993900,1404994800,41.3,TP
2915,XAUUSD,7102601,1,0.25,1340.23,1334.84,5.39,1405008000,1405035900,-136.5,SL
2918,XAUUSD,7102602,1,0.08,1310.56,1299,11.56,1405424100,1405446900,-93.04,SL
2921,XAUUSD,7102602,1,0.07,1314.2,1301.38,12.82,1405937400,1406175900,-97.2168,SL
2924,XAUUSD,7102602,-1,0.07,1291.14,1287.26,11.59,1407160500,1407176700,26.67,TP
2927,XAUUSD,7102601,1,0.19,1318.51,1312.97,5.54,1407484800,1407510000,-106.59,SL
2930,XAUUSD,7102602,1,0.06,1310.52,1315.15,12.08,1407766500,1407857100,26.1609,TP
2933,XAUUSD,7102602,1,0.07,1315.4,1318.98,12.01,1408011900,1408030200,24.57,TP
2936,XAUUSD,7102602,-1,0.08,1283.79,1280.22,10.62,1409312700,1409651100,27.4283,TP
2939,XAUUSD,7102602,-1,0.1,1270,1258.58,8.65,1409664300,1409880600,111.741,TP
2941,XAUUSD,7102601,-1,0.21,1259.21,1264.48,5.27,1409880600,1409907300,-112.14,SL
2945,XAUUSD,7102602,-1,0.08,1265.66,1259.9,10.5,1410183900,1410195300,45.52,TP
2948,XAUUSD,7102601,-1,0.19,1252.18,1258.15,5.67,1410206400,1410224700,-115.422,SL
2951,XAUUSD,7102602,-1,0.07,1253.43,1249.24,11.34,1410260400,1410289200,28.84,TP
2954,XAUUSD,7102601,-1,0.17,1249.01,1254.97,5.96,1410292800,1410302700,-102.51,SL
2957,XAUUSD,7102602,-1,0.06,1253.21,1249.11,11.64,1410349200,1410362400,24.18,TP
2960,XAUUSD,7102601,-1,0.15,1245.29,1226.33,6.14,1410379200,1411471500,276.68,SL
2963,XAUUSD,7102602,-1,0.07,1207.12,1219.73,12.61,1411640100,1411666800,-88.76,SL
2966,XAUUSD,7102602,-1,0.07,1221.46,1211.92,13.1,1411740000,1412079000,65.8169,TP
2969,XAUUSD,7102601,-1,0.19,1206.07,1212.22,6.15,1412092800,1412093400,-118.18,SL
2972,XAUUSD,7102602,-1,0.06,1214.48,1207.06,13.27,1412244600,1412329800,43.8977,TP
2975,XAUUSD,7102602,-1,0.06,1206.38,1199.4,13.52,1412331900,1412350200,41.46,TP
2978,XAUUSD,7102601,-1,0.16,1202.29,1203.43,6.86,1412352000,1412621100,-19.8894,SL
2981,XAUUSD,7102602,-1,0.06,1228.3,1242.28,13.98,1413201600,1413390900,-84.7113,SL
2984,XAUUSD,7102602,-1,0.05,1236.25,1251.2,14.95,1413555000,1413885900,-75.4451,SL
2987,XAUUSD,7102602,1,0.06,1251.92,1238.7,13.22,1413886200,1414062900,-84.2976,SL
2990,XAUUSD,7102601,-1,0.18,1210.68,1215.58,4.9,1414634700,1414641900,-89.46,SL
2993,XAUUSD,7102602,-1,0.05,1204.46,1193.7,11.78,1414665900,1414742700,53.2836,TP
2998,XAUUSD,7102602,-1,0.08,1175.54,1156.97,12.51,1414749900,1415172600,147.221,TP
2995,XAUUSD,7102601,-1,0.15,1203.97,1147.28,5.25,1414670400,1415371500,845.438,SL
3001,XAUUSD,7102602,-1,0.08,1145.59,1159.59,14,1415185200,1415381400,-113.574,SL
3005,XAUUSD,7102602,-1,0.07,1167.5,1158.62,17.21,1415627400,1415644800,61.67,TP
3008,XAUUSD,7102602,-1,0.05,1156.19,1177.26,21.07,1415872200,1415986800,-105.861,SL
3011,XAUUSD,7102602,-1,0.07,1180.48,1171.42,16.64,1417179900,1417203900,62.93,TP
3014,XAUUSD,7102602,1,0.06,1206.86,1213,19.43,1418119200,1418136300,36.42,TP
3017,XAUUSD,7102601,-1,0.19,1180.56,1188.26,7.7,1419278400,1419596400,-150.731,SL
3020,XAUUSD,7102602,1,0.06,1211.15,1219.98,17.72,1420536300,1420569600,52.56,TP
3023,XAUUSD,7102602,1,0.07,1241.89,1252.43,17.42,1421144100,1421328600,68.0289,TP
3026,XAUUSD,7102601,1,0.14,1276.74,1276.23,10.49,1421438400,1422280800,-30.1709,SL
3029,XAUUSD,7102602,1,0.06,1284.1,1264.51,19.59,1422957300,1422977400,-117.96,SL
3032,XAUUSD,7102602,1,0.06,1266.58,1246.78,19.8,1423042500,1423236600,-123.871,SL
3035,XAUUSD,7102602,-1,0.05,1238.09,1230.74,19.58,1423570200,1423672800,36.2287,TP
3038,XAUUSD,7102601,-1,0.19,1222.92,1230.11,7.19,1423684800,1423737000,-139.87,SL
3041,XAUUSD,7102602,-1,0.06,1223.78,1214.34,15.3,1424165100,1424189700,56.22,TP
3044,XAUUSD,7102601,-1,0.2,1206.3,1212.71,6.41,1424203200,1424293500,-130.272,SL
3047,XAUUSD,7102601,-1,0.16,1192.25,1199.4,7.15,1424692800,1424704800,-115.52,SL
3050,XAUUSD,7102602,-1,0.06,1197.75,1191.53,13.65,1424772600,1424797200,36.9,TP
3053,XAUUSD,7102602,-1,0.06,1204,1199.07,14.94,1425466500,1425488700,29.16,TP
3056,XAUUSD,7102602,-1,0.06,1200.88,1196.11,15.14,1425548400,1425639300,28.0003,TP
3061,XAUUSD,7102602,-1,0.08,1158.99,1154.43,13.82,1425984900,1426093200,35.6619,TP
3059,XAUUSD,7102601,-1,0.18,1182.25,1165.9,6.13,1425657600,1426153500,289.56,SL
3065,XAUUSD,7102602,-1,0.08,1147.61,1162.47,14.86,1426673400,1426712700,-119.44,SL
3068,XAUUSD,7102602,-1,0.07,1168.77,1161.11,15.64,1426761600,1426777800,53.13,TP
3071,XAUUSD,7102602,-1,0.07,1180.64,1196.22,15.58,1427110200,1427293200,-110.013,SL
3074,XAUUSD,7102602,-1,0.07,1190.4,1182.91,13.74,1427709900,1427726400,51.94,TP
3077,XAUUSD,7102602,-1,0.07,1178.82,1192.96,14.14,1427799000,1427901600,-99.7001,SL
3080,XAUUSD,7102602,-1,0.08,1188.9,1200.75,11.85,1429014000,1429128900,-95.625,SL
3083,XAUUSD,7102602,1,0.07,1208.87,1195.9,12.97,1429181700,1429205400,-91.28,SL
3086,XAUUSD,7102602,-1,0.06,1190.63,1186.25,12.93,1429879200,1429894500,25.86,TP
3089,XAUUSD,7102601,-1,0.18,1175.86,1181.73,5.87,1429905600,1430105100,-107.51,SL
3092,XAUUSD,7102601,-1,0.15,1173.24,1179.87,6.63,1430496000,1430524200,-100.5,SL
3095,XAUUSD,7102602,-1,0.04,1181.61,1196.66,15.05,1430996100,1431435900,-60.8751,SL
3098,XAUUSD,7102602,1,0.04,1219.56,1226.04,14.25,1431609300,1431622500,25.64,TP
3101,XAUUSD,7102601,1,0.14,1229.08,1223.1,5.98,1431950400,1431967200,-84.7,SL
3104,XAUUSD,7102602,1,0.05,1210.26,1197.02,13.24,1432128600,1432632900,-72.0858,SL
3107,XAUUSD,7102602,-1,0.04,1185.61,1181.59,13.26,1432730700,1432831500,15.404,TP
3110,XAUUSD,7102602,-1,0.05,1186.36,1196.98,10.62,1433154300,1433175600,-53.45,SL
3113,XAUUSD,7102602,-1,0.05,1185.88,1181.82,10.95,1433245800,1433360400,19.7843,TP
3116,XAUUSD,7102602,-1,0.05,1181.44,1176.83,11.88,1433412600,1433431800,22.7,TP
3119,XAUUSD,7102601,-1,0.13,1178.85,1179.58,5.62,1433433600,1433850000,-11.6717,SL
3122,XAUUSD,7102602,-1,0.05,1179.03,1174.93,10.95,1434365100,1434372600,20.15,TP
3125,XAUUSD,7102602,-1,0.05,1182.89,1179.17,11.61,1434451200,1434471600,18.25,TP
3128,XAUUSD,7102602,-1,0.05,1175.58,1171.93,11.85,1435141200,1435160400,17.9,TP
3131,XAUUSD,7102602,-1,0.05,1179,1171.8,11.31,1435573500,1435669500,35.4862,TP
3134,XAUUSD,7102602,-1,0.05,1163.77,1159.88,11.67,1435831500,1435849200,19.1,TP
3136,XAUUSD,7102601,-1,0.16,1165.41,1170.3,4.89,1435838400,1435918800,-79.8781,SL
3140,XAUUSD,7102602,-1,0.06,1164.02,1174,9.98,1436180100,1436212800,-60.3,SL
3143,XAUUSD,7102602,-1,0.05,1155.98,1151.14,11.12,1436783100,1436975100,23.5287,TP
3148,XAUUSD,7102602,-1,0.08,1089.13,1103.99,14.86,1437576600,1437648300,-120.17,SL
3146,XAUUSD,7102601,-1,0.2,1139.37,1080.33,3.51,1437148800,1437714900,1175.12,SL
3152,XAUUSD,7102602,-1,0.08,1093.87,1083.68,14.82,1438006500,1438249800,79.7422,TP
3155,XAUUSD,7102602,-1,0.07,1081.35,1097.72,16.37,1438343100,1438359600,-115.08,SL
3158,XAUUSD,7102602,-1,0.07,1091.6,1085.86,16.89,1438612500,1438651800,39.4787,TP
3161,XAUUSD,7102602,-1,0.08,1120.31,1114.18,14.22,1439461500,1439480400,48.48,TP
3164,XAUUSD,7102602,-1,0.08,1123.84,1139.55,15.71,1440772800,1440782700,-126.24,SL
3167,XAUUSD,7102602,1,0.08,1142.56,1127.1,15.46,1441188300,1441288800,-128.397,SL
3170,XAUUSD,7102601,-1,0.28,1102.57,1107.74,5.17,1441828800,1441833600,-146.72,SL
3173,XAUUSD,7102602,-1,0.1,1103.49,1114.65,11.16,1442241600,1442418600,-112.915,SL
3176,XAUUSD,7102602,-1,0.09,1118.97,1130.38,11.41,1442492100,1442524200,-103.32,SL
3179,XAUUSD,7102602,1,0.08,1132.03,1136.24,11.85,1442574300,1442578800,33.12,TP
3182,XAUUSD,7102602,-1,0.07,1122.74,1117.49,12.79,1443616500,1443627600,36.26,TP
3185,XAUUSD,7102602,-1,0.07,1111.72,1107.45,13.5,1443693900,1443786900,29.1835,TP
3188,XAUUSD,7102602,1,0.07,1139.75,1143.95,13.38,1444128000,1444146000,28.91,TP
3191,XAUUSD,7102602,1,0.07,1150.02,1158.95,14.46,1444387500,1444416900,62.02,TP
3194,XAUUSD,7102602,1,0.08,1167.6,1154.36,13.24,1444657200,1444714500,-107.901,SL
3197,XAUUSD,7102602,1,0.07,1175.13,1183.21,14.57,1444818600,1444855800,56.07,TP
3200,XAUUSD,7102601,1,0.2,1183.95,1177.55,6.4,1444872600,1444923600,-129.4,SL
3203,XAUUSD,7102602,1,0.07,1173.7,1179.26,12.73,1445335500,1445358900,38.43,TP
3206,XAUUSD,7102602,1,0.07,1169.57,1174.24,13.73,1445508300,1445600100,30.9565,TP
3209,XAUUSD,7102602,1,0.07,1166.94,1171.18,12.9,1445865300,1446022800,26.7013,TP
3212,XAUUSD,7102602,1,0.08,1172.62,1179.67,12.46,1446033900,1446050400,55.84,TP
3217,XAUUSD,7102602,-1,0.1,1136.73,1130.64,11.89,1446467400,1446563400,59.8852,TP
3220,XAUUSD,7102602,-1,0.09,1088.17,1083.15,13.44,1447248300,1447341300,43.7356,TP
3215,XAUUSD,7102601,-1,0.21,1149.34,1092.83,6.22,1446148800,1447644300,1174.94,SL
3224,XAUUSD,7102601,-1,0.24,1069.16,1075.68,6.52,1447790400,1447880400,-158.873,SL
3227,XAUUSD,7102602,-1,0.1,1079.9,1073.6,12.59,1448015100,1448249700,62.0006,TP
3230,XAUUSD,7102602,-1,0.11,1074.04,1067.65,11.59,1448451000,1448600700,68.2106,TP
3233,XAUUSD,7102602,-1,0.11,1065.48,1058.56,11.68,1448625900,1448636700,75.35,TP
3236,XAUUSD,7102601,-1,0.35,1055.48,1060,4.51,1448640000,1448641800,-160.65,SL
3239,XAUUSD,7102601,-1,0.26,1049.97,1055.86,5.89,1449115200,1449153600,-154.96,SL
3242,XAUUSD,7102602,-1,0.09,1059.79,1072.37,12.58,1449222600,1449245100,-113.85,SL
3245,XAUUSD,7102602,-1,0.08,1063.01,1077.2,14.19,1449837900,1449852600,-114.08,SL
3248,XAUUSD,7102602,-1,0.07,1070.87,1064.45,14.31,1450086600,1450121400,44.45,TP
3251,XAUUSD,7102602,-1,0.07,1060,1074.16,14.16,1450180200,1450280700,-99.8162,SL
3254,XAUUSD,7102602,-1,0.08,1071.02,1066.19,11.58,1451306100,1451478900,37.605,TP
3257,XAUUSD,7102602,1,0.07,1091.07,1096.37,14.25,1453198200,1453285200,35.449,TP
3260,XAUUSD,7102602,1,0.07,1104.03,1110.31,14.79,1453367400,1453778100,39.9336,TP
3263,XAUUSD,7102602,1,0.09,1115.65,1123.36,12.19,1453799400,1453928700,67.2198,TP
3266,XAUUSD,7102602,1,0.1,1123.38,1128.9,10.77,1454317800,1454366700,54.5,TP
3269,XAUUSD,7102602,1,0.11,1130.09,1133.37,10.67,1454502300,1454518800,35.31,TP
3274,XAUUSD,7102602,1,0.1,1144.03,1148.08,11.77,1454583000,1454598000,39.8,TP
3277,XAUUSD,7102602,1,0.1,1158.07,1161.97,12.18,1454673000,1454686200,38.3,TP
3272,XAUUSD,7102601,1,0.28,1142.17,1147.27,5.23,1454549400,1454688300,135.897,SL
3283,XAUUSD,7102602,1,0.1,1169.73,1174.03,12.45,1454929500,1454934000,42.3,TP
3286,XAUUSD,7102602,1,0.08,1217.84,1234.28,15.73,1455186900,1455198600,130.96,TP
3281,XAUUSD,7102601,1,0.21,1165.93,1241.32,7.4,1454895000,1455221700,1562.56,SL
3290,XAUUSD,7102602,1,0.07,1209.51,1227.46,20.49,1455623700,1455825600,119.999,TP
3293,XAUUSD,7102602,1,0.06,1232.81,1240.21,24.13,1456315800,1456327800,43.98,TP
3296,XAUUSD,7102602,1,0.06,1239.3,1215.48,23.82,1456393200,1456509600,-144.471,SL
3299,XAUUSD,7102602,1,0.06,1229.1,1237.73,20.83,1456737000,1456780800,51.36,TP
3304,XAUUSD,7102602,1,0.06,1264.29,1271.27,21.83,1457086800,1457089200,41.46,TP
3302,XAUUSD,7102601,1,0.2,1257.23,1254.55,8.44,1457035200,1457492700,-70.4327,SL
3307,XAUUSD,7102602,1,0.07,1268.91,1248.71,20.2,1457353500,1457540100,-144.594,SL
3311,XAUUSD,7102602,1,0.06,1262.78,1239.91,22.87,1458210600,1458716700,-142.228,SL
3314,XAUUSD,7102602,1,0.06,1217.74,1225.8,19.85,1459160700,1459267500,46.8205,TP
3317,XAUUSD,7102602,1,0.06,1230.88,1237.11,18.98,1459419600,1459433700,36.96,TP
3320,XAUUSD,7102602,1,0.07,1233.19,1241.22,17.06,1460030100,1460046300,55.72,TP
3323,XAUUSD,7102602,1,0.09,1253.56,1262.1,15.21,1460369700,1460461500,74.5009,TP
3326,XAUUSD,7102601,1,0.25,1260.95,1254.24,6.71,1460462400,1460480100,-169.5,SL
3329,XAUUSD,7102602,1,0.08,1243.69,1227.52,16.17,1460632200,1460659200,-129.92,SL
3334,XAUUSD,7102601,1,0.19,1269.17,1261.4,7.77,1461254400,1461255300,-148.96,SL
3332,XAUUSD,7102602,1,0.07,1260.64,1245.11,15.53,1461243000,1461295800,-110.535,SL
3340,XAUUSD,7102602,1,0.06,1256.65,1275.3,16.52,1461841800,1461904200,110.319,TP
3338,NAS100,7102603,1,2.77,4413.12,4304.12,108.997,1461747600,1461952800,-311.4,SL
3343,XAUUSD,7102601,1,0.16,1275.63,1282.27,7.18,1461916800,1462298400,98.801,SL
3346,XAUUSD,7102602,1,0.06,1301.48,1283.53,17.95,1462272300,1462298400,-108.12,SL
3350,XAUUSD,7102602,1,0.04,1282.11,1288.25,19.76,1462536000,1462548600,24.28,TP
3353,XAUUSD,7102602,1,0.04,1267.41,1275.24,18.38,1462875300,1462974000,30.2662,TP
3356,XAUUSD,7102602,1,0.05,1275.67,1285.27,17.5,1462974900,1463412600,42.7847,TP
3359,XAUUSD,7102602,-1,0.06,1248.68,1242.18,14.58,1464011700,1464087600,38.3719,TP
3362,XAUUSD,7102602,-1,0.06,1222.22,1214.85,15.71,1464178200,1464327300,42.9847,TP
3365,XAUUSD,7102602,1,0.06,1251.3,1259.23,14.53,1465381200,1465402200,47.16,TP
3370,XAUUSD,7102602,1,0.09,1284.8,1296.6,13.54,1465820700,1466025900,102.037,TP
3368,XAUUSD,7102601,1,0.22,1269.01,1299.47,5.41,1465502400,1466105100,638.371,SL
3380,XAUUSD,7102602,1,0.08,1287.43,1297.09,16.29,1466170500,1466203800,76.72,TP
3372,US500,7102603,1,10.2,2080.99,2089.63,33.802,1465894800,1466499600,59.29,EXPERT
3376,US30,7102603,1,1.09,17707,17857.7,277.862,1465902000,1466499600,137.977,EXPERT
3374,NAS100,7102603,1,4.45,4429.76,4411.17,77.3298,1465894800,1466586000,-113.243,EXPERT
3386,XAUUSD,7102601,1,0.14,1337.6,1325.01,12.59,1466755200,1466757000,-177.24,SL
3389,XAUUSD,7102602,1,0.05,1323.11,1331.16,25.08,1467194700,1467361800,35.8692,TP
3392,XAUUSD,7102602,1,0.05,1337.23,1352.74,25.09,1467369900,1467609000,76.1767,TP
3395,XAUUSD,7102601,1,0.21,1363.24,1355.17,8.07,1467777600,1467909300,-184.063,SL
3397,XAUUSD,7102602,1,0.06,1371.89,1348.5,23.39,1467809100,1467991800,-145.756,SL
3401,XAUUSD,7102602,1,0.07,1342.65,1323.6,19.05,1468406100,1468506900,-138.148,SL
3404,XAUUSD,7102602,1,0.06,1334.21,1315.58,18.63,1468927500,1469029500,-113.421,SL
3407,XAUUSD,7102602,1,0.06,1319.25,1327.34,19.55,1469097900,1469126100,48.12,TP
3410,XAUUSD,7102602,1,0.07,1323.57,1332.25,16.31,1469534700,1469654700,58.858,TP
3413,XAUUSD,7102602,1,0.09,1354.33,1361.03,14.07,1470132600,1470150600,59.67,TP
3415,XAUUSD,7102601,1,0.21,1359.45,1352.21,7.24,1470139200,1470291300,-170.958,SL
3419,XAUUSD,7102602,1,0.07,1361.49,1346.56,14.93,1470320100,1470411000,-106.455,SL
3422,XAUUSD,7102602,1,0.08,1350.46,1337.2,13.26,1471345500,1471467600,-108.286,SL
3425,XAUUSD,7102602,1,0.08,1343.42,1331.41,12.01,1471947000,1472053200,-98.2759,SL
3428,XAUUSD,7102602,-1,0.08,1320.23,1315.23,11.19,1472551500,1472586600,39.44,TP
3431,XAUUSD,7102602,-1,0.07,1306.97,1319.38,12.41,1472724300,1472829900,-87.6153,SL
3434,XAUUSD,7102602,1,0.07,1328.85,1332.51,11.74,1473156600,1473168000,25.13,TP
3437,XAUUSD,7102602,1,0.06,1348.26,1334.8,13.46,1473333300,1473414000,-82.4062,SL
3446,XAUUSD,7102602,1,0.06,1330,1316.95,13.05,1473674700,1473802500,-79.9363,SL
3442,NAS100,7102603,1,2.93,4644.49,4733.14,88.2946,1473670800,1473930000,246.218,EXPERT
3450,XAUUSD,7102602,-1,0.07,1319.63,1314.15,13.12,1473934200,1473957300,37.87,TP
3440,US500,7102603,1,7.08,2113.03,2141.39,36.5966,1473670800,1474016400,183.199,EXPERT
3444,US30,7102603,1,0.88,17951,18173.2,292.722,1473670800,1474016400,176.929,EXPERT
3455,XAUUSD,7102602,-1,0.09,1312.68,1307.63,13.31,1474030800,1474042800,44.82,TP
3458,XAUUSD,7102602,1,0.11,1338.55,1326.53,12.02,1474638000,1474995600,-137.488,SL
3461,XAUUSD,7102602,-1,0.1,1319.57,1313.95,11.5,1475156700,1475267100,55.1333,TP
3464,XAUUSD,7102602,-1,0.12,1307.64,1303.42,9.92,1475576100,1475594400,49.8,TP
3467,XAUUSD,7102602,-1,0.09,1263.34,1258.69,13.41,1475749800,1475769600,41.22,TP
3470,XAUUSD,7102602,-1,0.09,1254.8,1248.36,13.66,1476191400,1476458700,55.7614,TP
3473,XAUUSD,7102602,-1,0.1,1250.37,1264.06,13.69,1476702900,1476804900,-137.949,SL
3476,XAUUSD,7102602,-1,0.13,1271.79,1268.54,9.17,1477488300,1477502700,41.34,TP
3479,XAUUSD,7102602,-1,0.14,1266.93,1262.68,9.17,1477650000,1477668600,58.52,TP
3482,XAUUSD,7102602,-1,0.13,1275.41,1271.59,9.66,1477908300,1477945500,48.75,TP
3485,XAUUSD,7102601,1,0.32,1287.19,1292.91,5.07,1478016000,1478173500,155.486,SL
3488,XAUUSD,7102602,-1,0.11,1287.94,1280.26,12.55,1478510700,1478542200,83.71,TP
3493,XAUUSD,7102602,-1,0.06,1205.3,1194.85,23.87,1479462900,1479915000,61.6743,TP
3496,XAUUSD,7102602,-1,0.06,1182.09,1175.15,22.97,1479982500,1480042800,41.0229,TP
3499,XAUUSD,7102602,-1,0.1,1188.21,1181.93,13.97,1480417500,1480433400,62.1,TP
3502,XAUUSD,7102602,-1,0.1,1186.94,1179.8,14.68,1480500300,1480522500,70.7,TP
3505,XAUUSD,7102602,-1,0.09,1172.29,1187.6,15.31,1480681200,1480899900,-138.714,SL
3508,XAUUSD,7102602,-1,0.1,1171.2,1161.39,14.64,1480932600,1480957500,97.4,TP
3511,XAUUSD,7102602,-1,0.09,1164.41,1158.95,15.66,1481291700,1481310600,48.51,TP
3514,XAUUSD,7102602,-1,0.11,1152.47,1146.72,13.83,1481538300,1481753100,61.7711,TP
3517,XAUUSD,7102602,-1,0.1,1134.11,1124.54,14.55,1481804700,1481827200,95,TP
3520,XAUUSD,7102602,-1,0.11,1131.93,1145.03,13.1,1482229800,1482831900,-146.944,SL
3523,XAUUSD,7102602,-1,0.13,1138.6,1149.89,11.29,1482930300,1482992400,-148.917,SL
3526,XAUUSD,7102602,-1,0.14,1148.8,1159.61,10.81,1483443300,1483467300,-152.32,SL
3491,XAUUSD,7102601,-1,0.1,1231.45,1173.26,16.85,1478894400,1483592400,563.969,SL
3530,XAUUSD,7102602,1,0.1,1191.25,1179.5,11.75,1484131200,1484153700,-118.2,SL
3533,XAUUSD,7102602,1,0.09,1202.45,1189.83,12.62,1484216100,1484325600,-115.854,SL
3536,XAUUSD,7102602,1,0.08,1213.48,1201.23,12.25,1484647800,1484796900,-104.459,SL
3539,XAUUSD,7102602,1,0.07,1205.16,1212.47,13.13,1484825100,1484948100,49.3917,TP
3542,XAUUSD,7102602,-1,0.07,1181.35,1194.67,13.32,1485510600,1485738600,-93.9617,SL
3545,XAUUSD,7102602,1,0.08,1204.45,1211.35,11.7,1485871200,1485880200,54.64,TP
3548,XAUUSD,7102602,1,0.07,1212.02,1199.5,12.52,1485949200,1485968700,-88.13,SL
3551,XAUUSD,7102602,1,0.07,1218.02,1225.61,12.94,1486032600,1486387200,50.0354,TP
3554,XAUUSD,7102602,1,0.07,1225.7,1230.67,12.33,1486387500,1486410600,34.3,TP
3557,XAUUSD,7102602,1,0.07,1237.28,1242.65,12.44,1486551000,1486572000,37.1,TP
3560,XAUUSD,7102602,1,0.07,1227.24,1231.87,13.28,1486731300,1486747200,31.92,TP
3563,XAUUSD,7102602,1,0.07,1237.73,1242.37,13.46,1487242200,1487333400,30.6651,TP
3566,XAUUSD,7102602,1,0.09,1237.98,1241.99,11.67,1487762700,1487860500,30.3553,TP
3569,XAUUSD,7102602,1,0.09,1254.35,1260.28,11.76,1487928600,1488219000,51.0118,TP
3574,XAUUSD,7102602,-1,0.12,1203.37,1198.29,11.67,1489056600,1489115100,59.7198,TP
3577,XAUUSD,7102602,-1,0.14,1201.18,1197.82,10.53,1489485900,1489529100,46.06,TP
3572,XAUUSD,7102601,-1,0.24,1221.03,1211.59,5.53,1488902400,1489611600,218.45,SL
3581,XAUUSD,7102602,1,0.11,1227.93,1235.05,11.95,1489660200,1490005200,73.4242,TP
3584,XAUUSD,7102602,1,0.12,1248.81,1253.37,11.1,1490180700,1490579700,42.4475,TP
3587,XAUUSD,7102602,1,0.13,1252.3,1241.53,10.77,1490788200,1490933400,-150.855,SL
3590,XAUUSD,7102602,1,0.14,1258.66,1249.51,9.15,1491303900,1491405300,-131.767,SL
3593,XAUUSD,7102602,1,0.12,1258.3,1262.78,9.68,1491907500,1491927000,52.92,TP
3598,XAUUSD,7102602,1,0.13,1288.44,1292.53,11.21,1492088700,1492392000,47.1436,TP
3601,XAUUSD,7102602,1,0.13,1286.84,1291.04,11.2,1492518300,1492540500,53.69,TP
3596,XAUUSD,7102601,1,0.26,1274.87,1277.96,5.88,1491960600,1492620900,42.741,SL
3605,XAUUSD,7102602,1,0.11,1281.8,1285.8,12.3,1492682700,1492797900,41.0764,TP
3608,XAUUSD,7102602,1,0.11,1265.82,1269.94,12.3,1493206800,1493246700,44.55,TP
3613,XAUUSD,7102602,-1,0.13,1223.58,1218.81,11.63,1494341400,1494350100,61.1,TP
3611,XAUUSD,7102601,-1,0.37,1237.89,1228.41,4.7,1493861400,1494580800,338.115,SL
3621,XAUUSD,7102602,1,0.1,1263.62,1252.02,11.6,1495114800,1495127400,-116.7,SL
3624,XAUUSD,7102602,1,0.12,1252.42,1257.1,12.55,1495197600,1495417800,53.0188,TP
3627,XAUUSD,7102602,1,0.14,1257.59,1263.07,10.79,1495464900,1495507200,73.0448,TP
3617,US500,7102603,1,15.33,2364.29,2390.98,30.3721,1495098000,1495530000,387.896,EXPERT
3619,US30,7102603,1,1.75,20652.1,20882.2,265.812,1495098000,1495530000,381.457,EXPERT
3632,XAUUSD,7102602,1,0.15,1261.98,1269.32,10.66,1495793100,1495835700,109.05,TP
3634,XAUUSD,7102601,1,0.42,1266.11,1261.54,4.57,1495814400,1496157300,-211.137,SL
3638,XAUUSD,7102602,1,0.14,1263.84,1267.26,11,1496226300,1496246100,46.9,TP
3641,XAUUSD,7102601,1,0.41,1280.53,1282.31,4.62,1496635200,1496932800,29.8067,SL
3643,XAUUSD,7102602,1,0.17,1290.12,1280.73,9.39,1496748300,1496939700,-174.208,SL
3647,XAUUSD,7102602,-1,0.13,1250.19,1246.02,11.11,1497867000,1497903300,53.3,TP
3650,XAUUSD,7102602,-1,0.16,1241.45,1237.51,9.13,1498475100,1498490400,61.92,TP
3653,US500,7102603,1,15.01,2421,2445.18,31.5676,1498640400,1498726800,341.667,EXPERT
3658,XAUUSD,7102602,-1,0.16,1246.42,1242.27,10.29,1498733400,1498750800,65.28,TP
3661,XAUUSD,7102602,-1,0.15,1242.59,1237.32,10.55,1498818000,1499063400,77.4828,TP
3664,XAUUSD,7102602,-1,0.19,1235.17,1228.77,8.55,1499077200,1499097600,120.27,TP
3667,XAUUSD,7102602,-1,0.16,1223.37,1218.9,10.17,1499251200,1499259600,70.4,TP
3670,XAUUSD,7102601,-1,0.43,1218.02,1222.56,4.54,1499270400,1499274600,-198.23,SL
3655,NAS100,7102603,1,2.99,5656.05,5640.9,157.95,1498640400,1499331600,-78.2415,EXPERT
3674,XAUUSD,7102602,-1,0.16,1223.66,1219.63,10.13,1499336400,1499393100,62.8158,TP
3677,XAUUSD,7102601,-1,0.38,1211.44,1216.6,5.16,1499457600,1499797500,-201.301,SL
3679,XAUUSD,7102602,-1,0.15,1209.81,1220.65,10.84,1499767800,1499832000,-164.157,SL
3683,XAUUSD,7102602,-1,0.14,1216.67,1228.12,11.45,1499866500,1500046200,-163.177,SL
3686,XAUUSD,7102602,-1,0.15,1237.44,1247.42,9.98,1500547200,1500572700,-150.75,SL
3691,XAUUSD,7102602,1,0.13,1248.24,1252.69,10.38,1500635100,1500665100,56.94,TP
3689,XAUUSD,7102601,1,0.39,1246.49,1246.21,4.23,1500580800,1501050900,-43.4639,SL
3695,XAUUSD,7102601,1,0.38,1261.26,1256.89,4.37,1501119000,1501177200,-168.72,SL
3698,XAUUSD,7102601,1,0.3,1268.97,1263.95,5.02,1501272000,1501600500,-164.337,SL
3703,XAUUSD,7102601,1,0.3,1273.03,1268.62,4.41,1501617600,1501628100,-134.4,SL
3700,NAS100,7102603,1,3.4,5902.37,5907.24,113.308,1501578000,1501750800,0.956625,EXPERT
3707,XAUUSD,7102602,1,0.11,1261.25,1264.8,9.54,1502190600,1502199900,38.28,TP
3710,XAUUSD,7102602,1,0.1,1268.7,1274.59,10.31,1502273100,1502292000,58.2,TP
3713,XAUUSD,7102601,1,0.28,1275.15,1270.34,4.81,1502294400,1502296500,-136.64,SL
3718,XAUUSD,7102602,1,0.09,1280.49,1285.63,11.06,1502372700,1502383500,45.63,TP
3716,XAUUSD,7102601,1,0.25,1277.38,1277.57,4.84,1502328600,1502768400,-11.7347,SL
3721,US500,7102603,1,13.38,2437.6,2469.78,27.1701,1502442000,1502787600,417.842,EXPERT
3723,NAS100,7102603,1,2.81,5773.76,5922.84,128.709,1502442000,1502787600,412.513,EXPERT
3725,US30,7102603,1,1.82,21862.8,22035.4,198.415,1502442000,1502787600,298.652,EXPERT
3733,XAUUSD,7102601,1,0.39,1295.59,1290.63,4.96,1503057600,1503080700,-196.17,SL
3736,XAUUSD,7102602,1,0.14,1287.66,1293.14,10.75,1503309900,1503333000,75.74,TP
3731,US30,7102603,1,1.98,21765.8,21880.4,248.057,1503046800,1503478800,201.831,EXPERT
3740,XAUUSD,7102602,1,0.14,1287.89,1292.22,10.99,1503496200,1503677700,48.611,TP
3743,XAUUSD,7102602,1,0.16,1299.25,1306.02,10.13,1503931500,1503943500,107.2,TP
3746,XAUUSD,7102601,1,0.44,1307.65,1312.58,4.51,1503950400,1504040700,205.034,SL
3748,XAUUSD,7102602,1,0.14,1321.69,1310,11.69,1504001700,1504042800,-164.64,SL
3752,XAUUSD,7102601,1,0.29,1335.69,1329.23,6.46,1504497600,1504610700,-195.282,SL
3757,XAUUSD,7102601,1,0.27,1341.48,1335.07,6.41,1504661400,1504727700,-174.96,SL
3754,XAUUSD,7102602,1,0.12,1338.87,1345.08,13.71,1504519800,1504798200,61.4381,TP
3763,XAUUSD,7102601,1,0.27,1348.87,1343.22,5.65,1504834200,1504893300,-154.44,SL
3759,US30,7102603,1,1.56,21777,22073.9,262.479,1504688400,1505206800,423.433,EXPERT
3767,XAUUSD,7102602,1,0.12,1314.83,1302,12.83,1505908200,1505942400,-154.8,SL
3770,XAUUSD,7102602,-1,0.1,1293.25,1306.94,13.69,1505988600,1506363300,-138.319,SL
3773,XAUUSD,7102602,-1,0.09,1289.43,1283.91,13.51,1506512100,1506527400,49.05,TP
3776,XAUUSD,7102602,-1,0.1,1271.78,1266.55,12.57,1506940500,1507246200,49.8314,TP
3779,XAUUSD,7102602,1,0.12,1296.75,1301.34,10.95,1507803900,1507909200,51.8692,TP
3782,XAUUSD,7102602,1,0.15,1305.87,1296.64,9.23,1508149800,1508189400,-139.5,SL
3785,XAUUSD,7102602,-1,0.13,1282.4,1276.22,10.13,1508323200,1508725800,77.1147,TP
3788,XAUUSD,7102602,-1,0.13,1279.54,1276.19,10.19,1508839500,1508857200,42.64,TP
3791,XAUUSD,7102602,-1,0.13,1278.15,1274.05,10.69,1509014700,1509030000,52.39,TP
3794,XAUUSD,7102602,-1,0.13,1269.01,1279.69,10.68,1509358800,1509538500,-140.67,SL
3797,XAUUSD,7102602,-1,0.12,1274.54,1268.3,10.84,1509634800,1509731700,73.6147,TP
3800,XAUUSD,7102602,-1,0.13,1274.99,1285.24,10.25,1510824000,1510934400,-134.622,SL
3803,XAUUSD,7102601,1,0.31,1293.61,1288.67,4.94,1510948800,1511193000,-161.439,SL
3806,XAUUSD,7102602,1,0.12,1291.86,1296.47,9.56,1511777100,1511796900,54.48,TP
3809,XAUUSD,7102601,1,0.4,1298.54,1294.9,3.64,1511798400,1511800800,-148.4,SL
3812,XAUUSD,7102602,1,0.11,1296.64,1286.78,9.86,1511947500,1511969100,-109.23,SL
3815,XAUUSD,7102602,-1,0.09,1281.17,1277.51,10.56,1512038100,1512055800,32.31,TP
3820,XAUUSD,7102602,-1,0.11,1255.75,1247.85,10.18,1512650100,1512681600,86.13,TP
3818,XAUUSD,7102601,-1,0.31,1260.38,1248.68,4.07,1512633600,1513188300,356.242,SL
3824,XAUUSD,7102602,-1,0.14,1264.71,1274.29,9.58,1513850700,1513966200,-135.593,SL
3831,XAUUSD,7102602,1,0.2,1293.05,1298.57,8.27,1514454900,1514561100,105.044,TP
3827,XAUUSD,7102601,1,0.5,1278.11,1312.15,3.08,1514289600,1514955300,1629.29,SL
3829,NAS100,7102603,1,4.88,6436.08,6514.74,102.682,1514451600,1514970000,365.501,EXPERT
3836,XAUUSD,7102602,1,0.19,1311.44,1316.79,9.38,1515061200,1515079500,100.32,TP
3839,XAUUSD,7102601,1,0.37,1321.58,1315.8,5.78,1515115800,1515168600,-216.45,SL
3842,XAUUSD,7102602,1,0.17,1313.88,1318.26,10.44,1515578700,1515587700,73.27,TP
3845,XAUUSD,7102601,1,0.43,1328.47,1323.5,4.97,1515744000,1515771000,-216.72,SL
3847,XAUUSD,7102602,1,0.15,1331,1338.54,11.53,1515755100,1515791100,112.05,TP
3851,XAUUSD,7102601,1,0.37,1337.55,1331.92,5.63,1515979800,1516106400,-218.48,SL
3854,XAUUSD,7102602,1,0.14,1330.17,1335.84,12.01,1516280100,1516357200,75.5615,TP
3857,XAUUSD,7102602,1,0.17,1343.91,1347.96,10.37,1516786800,1516790700,67.66,TP
3860,XAUUSD,7102601,1,0.5,1348.84,1353.42,4.22,1516795200,1516896900,194.38,SL
3863,XAUUSD,7102602,1,0.14,1355.47,1343.17,12.3,1516957800,1517235600,-176.067,SL
3866,XAUUSD,7102602,1,0.15,1343.72,1350.85,11.11,1517313300,1517526300,93.5868,TP
3869,US500,7102603,1,8.77,2751.6,2690.82,60.7804,1517821200,1517864400,-533.012,SL
3871,NAS100,7102603,1,2.88,6748.44,6563.41,185.026,1517821200,1517868000,-532.867,SL
3876,US30,7102603,1,0.64,25199.2,24572.8,626.378,1517864700,1517868000,-400.879,SL
3873,XAUUSD,7102602,1,0.13,1334.08,1338.68,12.75,1517825100,1517868300,58.89,TP
3885,XAUUSD,7102602,1,0.07,1331.69,1317.24,14.45,1517994900,1518030600,-101.64,SL
3883,NAS100,7102603,1,1.08,6425.6,6194.68,230.911,1517907600,1518202800,-256.289,SL
3881,US500,7102603,1,3.13,2598.22,2645.38,79.9967,1517907600,1518512400,136.291,EXPERT
3890,XAUUSD,7102602,1,0.06,1329.51,1336.6,13.33,1518517800,1518587700,40.9014,TP
3893,XAUUSD,7102601,1,0.15,1358.62,1352.17,6.45,1518768000,1518798300,-97.8,SL
3895,XAUUSD,7102602,1,0.05,1360.45,1345.22,15.23,1518776100,1518815100,-76.5,SL
3899,XAUUSD,7102602,1,0.07,1340.65,1329.07,11.58,1519638300,1519744200,-82.9756,SL
3902,XAUUSD,7102602,-1,0.06,1312.22,1306.75,13.06,1519898700,1519914600,32.4,TP
3907,XAUUSD,7102602,-1,0.07,1320.55,1331.3,10.75,1520330400,1520351400,-75.74,SL
3905,US30,7102603,1,0.28,24593,24490.2,872.154,1519981200,1520413200,-32.816,EXPERT
3913,NAS100,7102603,1,1.07,6611.82,6788.83,228.146,1521795600,1522141200,186.648,EXPERT
3917,XAUUSD,7102601,1,0.17,1341.75,1339.67,5.78,1521806400,1522232400,-47.0563,SL
3911,US500,7102603,1,3.26,2626.72,2633.98,75.0692,1521795600,1522659600,10.3582,EXPERT
3915,US30,7102603,1,0.29,23800.9,24086.7,818.862,1521795600,1522659600,72.0471,EXPERT
3923,XAUUSD,7102602,1,0.06,1336.26,1340.66,12.75,1522836900,1522839600,25.98,TP
3926,XAUUSD,7102602,1,0.06,1338.95,1345.98,12.55,1523370900,1523452500,40.5318,TP
3929,XAUUSD,7102601,1,0.17,1358.63,1352.79,5.84,1523476800,1523480400,-100.47,SL
3932,XAUUSD,7102602,1,0.05,1341.81,1346.56,14.12,1523619300,1523644800,23.4,TP
3935,XAUUSD,7102602,1,0.06,1347.27,1351.87,13.42,1524055500,1524064500,27.18,TP
3938,XAUUSD,7102602,1,0.06,1354.42,1341.4,13.02,1524132300,1524162900,-78.54,SL
3945,XAUUSD,7102602,-1,0.06,1323.88,1316.8,12.47,1524650700,1524767100,41.3989,TP
3943,NAS100,7102603,1,1,6522.22,6738.73,246.628,1524621600,1524792600,211.42,EXPERT
3941,US30,7102603,1,0.35,24047.5,24349.7,702.881,1524619800,1524792600,99.2023,EXPERT
3950,XAUUSD,7102602,-1,0.08,1317.54,1310.57,10.18,1525082700,1525107300,55.2,TP
3953,XAUUSD,7102602,-1,0.08,1310.07,1305.13,10.23,1525172700,1525194600,38.96,TP
3956,US30,7102603,1,0.35,23879.9,24285.2,715.819,1525311000,1525656600,138.559,EXPERT
3958,XAUUSD,7102602,-1,0.07,1309.75,1306.48,10.88,1525428300,1525797600,21.8889,TP
3962,XAUUSD,7102602,-1,0.09,1307.3,1317.28,9.98,1525860300,1525887900,-90.45,SL
3965,XAUUSD,7102602,-1,0.09,1318.38,1315.14,9.16,1526308500,1526331600,28.53,TP
3968,XAUUSD,7102602,-1,0.09,1309.78,1305.59,9.13,1526383500,1526398200,37.08,TP
3973,XAUUSD,7102602,-1,0.08,1290.88,1287.1,10.9,1526474400,1526481600,29.68,TP
3971,XAUUSD,7102601,-1,0.23,1292.62,1295.88,4.6,1526434200,1526986800,-81.5398,SL
3976,XAUUSD,7102602,-1,0.09,1288.09,1298.69,10.6,1526555400,1527176100,-98.2917,SL
3980,XAUUSD,7102602,-1,0.09,1296.02,1305.33,9.31,1527588900,1527593400,-84.42,SL
3983,XAUUSD,7102602,-1,0.08,1296.27,1306.42,10.15,1527675600,1527758700,-82.6278,SL
3986,XAUUSD,7102602,-1,0.09,1297.54,1294.71,8.87,1527862800,1527863700,24.84,TP
3989,XAUUSD,7102602,-1,0.09,1295.72,1292.67,8.99,1528287000,1528446300,25.5234,TP
3992,XAUUSD,7102602,-1,0.1,1296.56,1304.27,7.71,1528714800,1528979100,-79.6039,SL
3995,XAUUSD,7102601,-1,0.2,1276.36,1281.18,4.82,1529092800,1529106600,-97.8,SL
3998,XAUUSD,7102602,-1,0.09,1278.6,1273.63,8.58,1529410500,1529418000,44.1,TP
4003,XAUUSD,7102602,-1,0.08,1272.58,1269.35,9.42,1529493000,1529530200,25.28,TP
4006,XAUUSD,7102602,-1,0.09,1262.4,1257.34,8.66,1530009600,1530015600,44.91,TP
4009,XAUUSD,7102602,-1,0.1,1249.24,1245.02,9.56,1530180900,1530555900,40.8054,TP
4001,XAUUSD,7102601,-1,0.18,1273.45,1253.74,5.28,1529424000,1530638100,344.702,SL
4013,XAUUSD,7102602,-1,0.1,1253.17,1262.44,9.27,1530788400,1531139400,-94.0976,SL
4016,XAUUSD,7102602,-1,0.1,1254.51,1249.28,8.65,1531222800,1531231500,51.6,TP
4019,XAUUSD,7102602,-1,0.09,1248.58,1241.6,9.39,1531320600,1531367700,61.2587,TP
4022,XAUUSD,7102602,-1,0.1,1243.61,1239.69,9.45,1531476900,1531484400,38.5,TP
4027,XAUUSD,7102602,-1,0.1,1221.86,1215.04,10.14,1531912500,1532011500,66.4771,TP
4025,XAUUSD,7102601,-1,0.27,1226.61,1224.34,4.27,1531857600,1532031300,55.7178,SL
4031,XAUUSD,7102602,-1,0.1,1228.86,1223.08,9.94,1532340600,1532373900,57.1,TP
4034,XAUUSD,7102602,-1,0.1,1227.39,1220.84,11.13,1532601300,1532690400,64.4603,TP
4037,XAUUSD,7102602,-1,0.11,1218.92,1215.15,9.99,1533033900,1533053700,40.7,TP
4040,XAUUSD,7102602,-1,0.1,1216.87,1212.83,11.08,1533208500,1533240600,39.7,TP
4043,XAUUSD,7102601,-1,0.31,1209.23,1213.84,4.61,1533259800,1533310200,-145.08,SL
4045,XAUUSD,7102602,-1,0.12,1204.32,1215.06,10.74,1533294000,1533310200,-129.72,SL
4049,XAUUSD,7102602,-1,0.1,1211.95,1206.55,10.16,1533550200,1533892500,51.2805,TP
4052,XAUUSD,7102602,-1,0.11,1206.77,1201.3,8.83,1534155600,1534164900,59.4,TP
4057,XAUUSD,7102602,-1,0.14,1186.09,1178.42,9.98,1534334400,1534357800,106.4,TP
4055,XAUUSD,7102601,-1,0.29,1201.34,1173.49,4.44,1534176000,1534397100,800.859,SL
4061,XAUUSD,7102602,-1,0.16,1192.69,1187.93,10.99,1534932900,1535018400,73.4459,TP
4064,XAUUSD,7102602,-1,0.16,1187.08,1197.9,10.82,1535018700,1535130000,-174.767,SL
4067,XAUUSD,7102602,-1,0.14,1203.05,1198.73,11.86,1535377200,1535647200,57.1546,TP
4070,XAUUSD,7102602,-1,0.19,1194.65,1203.98,9.32,1536057600,1536236100,-181.123,SL
4073,XAUUSD,7102602,-1,0.16,1198.33,1194.04,10.17,1536315000,1536336000,67.52,TP
4076,XAUUSD,7102602,-1,0.17,1203.56,1200.21,9.41,1536834000,1536945000,55.1927,TP
4079,XAUUSD,7102602,-1,0.18,1196.82,1206.18,9.36,1537265400,1537371900,-170.339,SL
4082,XAUUSD,7102602,-1,0.16,1206.24,1203.05,9.37,1537535700,1537543800,49.92,TP
4085,XAUUSD,7102602,-1,0.16,1199.31,1196.33,9.85,1537962300,1537975200,46.56,TP
4088,XAUUSD,7102602,-1,0.16,1194.27,1190.15,10.2,1538058300,1538062200,64.8,TP
4091,XAUUSD,7102601,-1,0.51,1186.89,1190.92,4.03,1538064000,1538157300,-210.775,SL
4094,XAUUSD,7102602,-1,0.16,1186.43,1196.03,9.6,1538388300,1538494800,-155.248,SL
4097,XAUUSD,7102602,-1,0.14,1194.06,1185.18,10.11,1538995800,1539013200,123.34,TP
4100,XAUUSD,7102602,1,0.13,1225.27,1230.97,11.4,1539597900,1539605400,73.19,TP
4103,XAUUSD,7102602,1,0.13,1229.25,1232.79,11.45,1539686700,1540292400,28.0981,TP
4106,XAUUSD,7102602,1,0.14,1234.18,1237.64,11.21,1540548900,1540554900,47.46,TP
4109,XAUUSD,7102602,1,0.17,1223.64,1230.48,9.67,1541066700,1541085900,115.09,TP
4112,XAUUSD,7102602,1,0.16,1234.83,1224.26,10.57,1541154900,1541536200,-176.263,SL
4115,XAUUSD,7102602,1,0.15,1232.67,1222.18,10.49,1541585700,1541667900,-166.828,SL
4120,XAUUSD,7102602,-1,0.15,1205.64,1200.04,9.82,1542015900,1542108900,82.4499,TP
4118,XAUUSD,7102601,-1,0.32,1208.08,1212.45,5.38,1541793600,1542227700,-145.291,SL
4124,XAUUSD,7102602,1,0.15,1225.08,1228.18,9.27,1542705900,1542727800,45.45,TP
4127,XAUUSD,7102602,1,0.14,1223.12,1226.13,9.8,1542792000,1542814200,41.16,TP
4130,XAUUSD,7102602,1,0.14,1228.69,1218.74,9.95,1542888900,1543338300,-148.133,SL
4133,XAUUSD,7102602,1,0.15,1227.02,1217.96,9.06,1543484100,1543595400,-139.755,SL
4136,XAUUSD,7102602,1,0.16,1228.92,1235.42,7.76,1543828200,1543897800,99.8711,TP
4139,XAUUSD,7102602,1,0.16,1238.68,1246.55,7.92,1543919100,1544204400,109.673,TP
4142,XAUUSD,7102602,1,0.16,1247.9,1239.29,8.61,1544520900,1544780100,-154.089,SL
4145,XAUUSD,7102602,1,0.17,1238.54,1241.1,7.62,1545038400,1545060600,42.33,TP
4148,XAUUSD,7102602,1,0.16,1249.41,1253.26,7.89,1545133500,1545237600,57.4265,TP
4151,XAUUSD,7102602,1,0.16,1247.59,1252.13,8.38,1545297000,1545305100,71.52,TP
4154,XAUUSD,7102602,1,0.15,1264.72,1272.38,9.06,1545646500,1545804000,110.942,TP
4159,XAUUSD,7102602,1,0.16,1272.7,1276.82,9.83,1545908700,1545937500,64.8,TP
4162,XAUUSD,7102602,1,0.17,1281.94,1288.98,10.09,1545991500,1546477500,101.832,TP
4156,XAUUSD,7102601,1,0.31,1268.39,1281.78,5.63,1545681600,1546619400,346.371,SL
4166,XAUUSD,7102602,1,0.16,1292.5,1281.51,10.99,1546855800,1546960200,-180.11,SL
4169,XAUUSD,7102602,1,0.16,1294.8,1284.12,10.68,1547198700,1547811000,-194.099,SL
4172,XAUUSD,7102602,1,0.2,1280.86,1283.74,7.91,1548148800,1548151200,56.2,TP
4175,XAUUSD,7102602,1,0.2,1286.18,1277.82,8.36,1548238800,1548343200,-180.354,SL
4178,XAUUSD,7102602,1,0.19,1284.56,1288.42,7.83,1548407400,1548430500,72.01,TP
4183,XAUUSD,7102602,1,0.22,1307.1,1310.82,7.86,1548753600,1548774600,80.3,TP
4186,XAUUSD,7102602,1,0.21,1316.06,1320.96,8.44,1548844500,1548884400,101.43,TP
4189,XAUUSD,7102602,1,0.2,1321.68,1325.38,8.91,1548926700,1548948900,72.6,TP
4181,XAUUSD,7102601,1,0.46,1297.91,1313.96,4.15,1548446400,1549257300,661.174,SL
4193,XAUUSD,7102602,1,0.23,1312.06,1317.04,7.62,1549962300,1550077200,108.324,TP
4196,XAUUSD,7102602,1,0.21,1315.2,1318.73,8.65,1550223600,1550236200,72.66,TP
4201,XAUUSD,7102602,1,0.22,1327.04,1330.74,8.14,1550571900,1550588100,79.86,TP
4199,XAUUSD,7102601,1,0.45,1327.18,1332.23,4.86,1550505600,1550749800,178.157,SL
4205,XAUUSD,7102602,1,0.17,1322.22,1326.17,10.53,1551345900,1551360300,65.96,TP
4208,XAUUSD,7102602,-1,0.16,1292.55,1288.51,11.18,1551691800,1551696000,63.52,TP
4211,XAUUSD,7102602,-1,0.16,1284.99,1296.37,11.38,1551778200,1552059000,-186.059,SL
4214,XAUUSD,7102602,-1,0.18,1295.5,1292.09,9.92,1552310700,1552326000,60.12,TP
4217,XAUUSD,7102602,1,0.17,1306.48,1310.62,10.34,1552476600,1552514100,69.19,TP
4220,XAUUSD,7102602,1,0.18,1304.24,1310.1,10.24,1552906800,1553011500,100.635,TP
4223,XAUUSD,7102601,1,0.47,1314.48,1309.75,4.73,1553133900,1553190900,-225.6,SL
4225,XAUUSD,7102602,1,0.19,1319.68,1309.97,9.71,1553162700,1553190900,-185.82,SL
4229,XAUUSD,7102602,1,0.16,1312.36,1316.84,10.33,1553249100,1553504400,67.3501,TP
4232,XAUUSD,7102602,1,0.18,1317.28,1323.3,9.91,1553509500,1553547900,107.1,TP
4234,XAUUSD,7102601,1,0.4,1321.83,1316.33,5.5,1553544000,1553595900,-230.878,SL
4238,XAUUSD,7102602,1,0.16,1318.87,1308.54,10.33,1553691900,1553724900,-166.4,SL
4241,XAUUSD,7102602,-1,0.14,1288.28,1283.03,10.68,1554113400,1554393900,70.0124,TP
4244,XAUUSD,7102602,-1,0.18,1286.61,1283.12,8.81,1555324500,1555344900,61.56,TP
4247,XAUUSD,7102602,-1,0.19,1283.33,1278.67,8.44,1555416300,1555428900,87.21,TP
4250,XAUUSD,7102602,-1,0.21,1271.43,1267,8.22,1556028600,1556035200,91.56,TP
4253,XAUUSD,7102602,-1,0.21,1283.25,1280.17,8.38,1556532300,1556546700,63.21,TP
4256,XAUUSD,7102602,-1,0.21,1270.75,1279.29,8.54,1556796300,1556902800,-181.551,SL
4259,XAUUSD,7102602,-1,0.19,1280.88,1289.58,8.7,1557138600,1557320400,-167.983,SL
4262,XAUUSD,7102601,1,0.46,1289.99,1285.88,4.11,1557331200,1557333900,-192.28,SL
4265,XAUUSD,7102601,1,0.4,1291.8,1290.55,4.28,1557763200,1558020900,-92.4288,SL
4267,XAUUSD,7102602,1,0.16,1298.73,1288.9,9.83,1557921000,1558028700,-167.905,SL
4271,XAUUSD,7102602,-1,0.11,1284.52,1280.36,10.39,1558099500,1558112400,44.99,TP
4274,XAUUSD,7102602,-1,0.13,1274.45,1270.43,9.7,1558353000,1558456500,50.8886,TP
4277,XAUUSD,7102602,-1,0.16,1275.65,1283.4,7.75,1559211300,1559238000,-125.12,SL
4280,XAUUSD,7102602,1,0.14,1295.89,1300.09,8.19,1559297700,1559323800,57.82,TP
4285,XAUUSD,7102602,1,0.18,1313.64,1317.86,8.06,1559556900,1559571900,74.7,TP
4288,XAUUSD,7102602,1,0.22,1328.32,1319.88,8.44,1559643000,1559661300,-187.22,SL
4291,XAUUSD,7102602,1,0.2,1335.04,1343.85,8.96,1559729100,1559748600,174.8,TP
4283,XAUUSD,7102601,1,0.34,1304.86,1331,4.4,1559332800,1559757600,865.832,SL
4295,XAUUSD,7102602,1,0.18,1333.98,1340.37,9.92,1559816700,1559921400,110.087,TP
4298,XAUUSD,7102602,1,0.15,1337.62,1348.76,11.87,1560337200,1560504000,153.81,TP
4303,XAUUSD,7102601,1,0.43,1354.26,1349.1,5.16,1560513600,1560527400,-224.89,SL
4301,XAUUSD,7102602,1,0.14,1357.19,1344.57,12.62,1560506700,1560542400,-177.66,SL
4307,XAUUSD,7102602,1,0.15,1348.33,1357.71,12.3,1560867900,1560985800,136.564,TP
4310,XAUUSD,7102601,1,0.33,1360.04,1392.12,6.6,1560994200,1561109700,1049.33,SL
4313,XAUUSD,7102601,1,0.2,1415.29,1404.48,11.63,1561406400,1561531800,-226.283,SL
4316,XAUUSD,7102602,1,0.1,1393.8,1403.16,19.24,1562063700,1562092500,92.9,TP
4319,XAUUSD,7102602,1,0.08,1406.36,1417.06,22.51,1562580300,1562792700,81.6265,TP
4322,XAUUSD,7102601,1,0.28,1440.56,1432.42,8.14,1563499800,1563556800,-229.88,SL
4325,XAUUSD,7102602,1,0.1,1423.35,1429.53,18.31,1563964200,1564065600,54.5674,TP
4330,XAUUSD,7102602,1,0.12,1461.25,1482.33,15.67,1565012700,1565151600,246.734,TP
4333,XAUUSD,7102602,1,0.11,1492.68,1509.44,17.69,1565187900,1565197200,183.59,TP
4336,XAUUSD,7102602,1,0.1,1502.83,1514.24,18.85,1565610900,1565646000,113.4,TP
4328,XAUUSD,7102601,1,0.21,1453.37,1502.75,10.79,1564992000,1565714700,997.177,SL
4339,XAUUSD,7102602,1,0.1,1526.52,1506.14,20.38,1565693400,1565714700,-204.5,SL
4343,XAUUSD,7102602,1,0.08,1505.15,1515.23,24.14,1565788200,1565793600,80.08,TP
4346,XAUUSD,7102601,1,0.31,1545.22,1537.58,7.64,1566792000,1566813300,-239.01,SL
4349,XAUUSD,7102602,1,0.08,1534.63,1543.13,22.94,1566900900,1566932400,67.44,TP
4352,XAUUSD,7102602,1,0.08,1545.18,1521.39,23.79,1567002600,1567113000,-196.526,SL
4355,XAUUSD,7102602,1,0.09,1528.67,1535.14,18.45,1567505700,1567526700,57.6,TP
4358,XAUUSD,7102602,1,0.08,1502.67,1515.72,20.2,1568283600,1568301000,103.84,TP
4361,XAUUSD,7102602,1,0.08,1506.72,1485.38,21.34,1568373300,1568842800,-176.765,SL
4364,XAUUSD,7102602,1,0.07,1497.9,1506.31,22.34,1568892900,1568970600,56.7775,TP
4367,XAUUSD,7102602,1,0.09,1520.24,1528.1,18.18,1569237600,1569350400,68.0166,TP
4370,XAUUSD,7102602,-1,0.09,1460.02,1478.44,18.42,1569926100,1569950400,-166.41,SL
4373,XAUUSD,7102602,1,0.08,1504.2,1512,20.07,1570106100,1570122000,61.84,TP
4376,XAUUSD,7102602,-1,0.08,1486.5,1477.13,21.18,1570804500,1570813500,74.4,TP
4379,XAUUSD,7102602,-1,0.09,1484.83,1504.51,19.68,1571315700,1571965500,-180.733,SL
4382,XAUUSD,7102602,1,0.11,1507.14,1513,14.03,1572001200,1572017400,63.69,TP
4385,XAUUSD,7102602,1,0.13,1507.7,1495.21,12.49,1572257100,1572280800,-163.28,SL
4388,XAUUSD,7102602,1,0.12,1500.54,1506.12,12.3,1572519600,1572527100,66.12,TP
4391,XAUUSD,7102602,1,0.13,1514.6,1502.37,12.23,1572607500,1572941700,-165.904,SL
4394,XAUUSD,7102602,-1,0.1,1465.49,1460.2,14.74,1573218900,1573222500,52.2,TP
4397,XAUUSD,7102602,-1,0.1,1462.54,1477.46,14.92,1573816800,1574242800,-151.125,SL
4400,XAUUSD,7102602,-1,0.1,1469.12,1462.86,14.19,1574337900,1574368200,61.9,TP
4403,XAUUSD,7102602,-1,0.13,1457.3,1452.86,11.05,1574676900,1574739900,56.2847,TP
4406,XAUUSD,7102602,-1,0.13,1457.36,1454.01,11.22,1574862000,1574870700,42.64,TP
4409,XAUUSD,7102602,-1,0.16,1458.4,1455.32,9.25,1575279900,1575282600,48.16,TP
4412,US30,7102603,1,1.25,27795,27412.1,382.941,1575336600,1575388800,-478.672,SL
4414,US500,7102603,1,11.21,3112.27,3069.96,42.308,1575338400,1575388800,-474.232,SL
4420,XAUUSD,7102602,1,0.08,1481.99,1471.05,10.94,1575450300,1575646200,-95.2889,SL
4416,NAS100,7102603,1,2.94,8300.95,8399.54,160.952,1575338400,1575856800,261.359,EXPERT
4424,XAUUSD,7102602,1,0.08,1478.52,1483.24,11.77,1576488600,1577089800,24.5676,TP
4427,XAUUSD,7102602,1,0.1,1484.66,1490.14,9.44,1577091900,1577173800,51.8303,TP
4432,XAUUSD,7102602,1,0.13,1492.04,1499,8.48,1577186100,1577209800,89.57,TP
4435,XAUUSD,7102602,1,0.26,1524.86,1517.22,7.64,1577783700,1577810100,-200.46,SL
4429,XAUUSD,7102601,1,0.39,1487.84,1542.1,3.17,1577160000,1578064800,2059.27,SL
4438,XAUUSD,7102602,1,0.25,1544.21,1575.89,8.24,1578045900,1578272700,784.324,TP
4442,XAUUSD,7102601,1,0.34,1578.05,1570.65,7.4,1578283200,1578303000,-253.98,SL
4445,XAUUSD,7102602,1,0.17,1569.71,1583.73,11.99,1578389700,1578446400,233.062,TP
4448,XAUUSD,7102601,1,0.23,1593.76,1582.85,10.91,1578456000,1578480600,-252.54,SL
4451,XAUUSD,7102602,1,0.1,1546.02,1555.43,19.675,1578998700,1579104000,90.9877,TP
4454,XAUUSD,7102602,1,0.11,1557.96,1565.15,18.518,1579692000,1579803600,70.4841,TP
4457,XAUUSD,7102602,1,0.16,1583.36,1570.35,13.008,1580126700,1580232300,-213.115,SL
4464,XAUUSD,7102602,1,0.16,1569.67,1575.56,13.498,1580294700,1580334300,93.152,TP
4461,US500,7102603,1,11.58,3248.37,3292.76,55.346,1580176800,1580434200,477.226,EXPERT
4459,US30,7102603,1,1.25,28525,28874.2,510.441,1580175000,1580434200,401.564,EXPERT
4467,XAUUSD,7102602,1,0.15,1581.53,1586.34,13.458,1580376000,1580492700,67.5233,TP
4472,XAUUSD,7102601,1,0.38,1589.56,1582.64,6.925,1580693400,1580699100,-265.81,SL
4475,XAUUSD,7102602,1,0.13,1562.13,1570.79,16.325,1580894100,1581092400,99.2206,TP
4478,XAUUSD,7102602,1,0.14,1575.92,1582.43,14.808,1581594900,1581699300,86.8172,TP
4483,XAUUSD,7102602,1,0.16,1606.17,1612.31,13.415,1582107000,1582152900,97.04,TP
4486,XAUUSD,7102602,1,0.17,1612.67,1618.71,12.885,1582205700,1582212900,101.405,TP
4489,XAUUSD,7102602,1,0.19,1632.86,1645.76,12.118,1582275900,1582303500,243.808,TP
4481,XAUUSD,7102601,1,0.57,1601.79,1667.08,4.565,1582056000,1582506900,3632.8,SL
4495,XAUUSD,7102602,1,0.17,1670.65,1680.03,14.765,1582535400,1582539900,158.185,TP
4493,XAUUSD,7102601,1,0.34,1661.96,1663.59,8.605,1582516800,1582579500,52.87,SL
4499,XAUUSD,7102602,1,0.13,1646.65,1628.29,18.365,1582707900,1582734900,-239.655,SL
4502,XAUUSD,7102602,1,0.09,1607.82,1632.82,26.818,1583148000,1583256900,222.202,TP
4505,XAUUSD,7102602,1,0.07,1683.09,1648.68,34.405,1583494800,1583515500,-241.325,SL
4508,XAUUSD,7102601,1,0.19,1700.3,1684.97,15.328,1583726400,1583734500,-292.562,SL
4511,XAUUSD,7102602,1,0.05,1666.12,1627.84,38.278,1583921100,1584025200,-195.491,SL
4514,XAUUSD,7102602,-1,0.04,1521.86,1484.98,48.245,1584362400,1584366900,147.22,TP
4517,XAUUSD,7102602,-1,0.04,1482.38,1532.36,49.982,1584445500,1584467100,-200.208,SL
4520,XAUUSD,7102602,-1,0.03,1502.19,1467.17,55.032,1584528300,1584599100,104.473,TP
4523,XAUUSD,7102602,1,0.05,1631.12,1645.53,38.485,1586170200,1586191800,71.675,TP
4528,XAUUSD,7102602,1,0.08,1691.58,1703.66,30.618,1586772900,1586801700,96.096,TP
4531,XAUUSD,7102602,1,0.08,1726.04,1742.85,30.178,1586862300,1586884800,133.936,TP
4526,XAUUSD,7102601,1,0.19,1651.86,1707.63,13.388,1586203200,1586947800,1014.66,SL
4535,XAUUSD,7102602,1,0.08,1725.26,1736.74,31.235,1587032400,1587048900,91.24,TP
4538,XAUUSD,7102602,1,0.08,1688.49,1702.01,30.378,1587393900,1587409200,107.616,TP
4541,XAUUSD,7102602,1,0.08,1695.8,1665.89,29.908,1587463800,1587478500,-239.824,SL
4544,XAUUSD,7102602,1,0.08,1692.07,1703.87,31.235,1587552300,1587557700,93.8,TP
4547,XAUUSD,7102602,1,0.07,1720.78,1733.1,33.125,1587640200,1587659400,85.715,TP
4550,XAUUSD,7102602,1,0.08,1731.27,1700.17,31.098,1587730800,1588048800,-253.549,SL
4553,XAUUSD,7102602,1,0.08,1712.09,1683.2,28.888,1588076700,1588274100,-240.031,SL
4556,XAUUSD,7102602,1,0.09,1706.58,1717.65,26.608,1588594500,1588881600,87.3825,TP
4559,XAUUSD,7102602,1,0.09,1721.78,1696.17,25.615,1588940100,1589203200,-233.504,SL
4562,XAUUSD,7102602,1,0.1,1703.47,1712.7,22.388,1589279700,1589384400,89.0194,TP
4567,XAUUSD,7102602,1,0.11,1764.98,1742.73,22.248,1589812200,1589818200,-245.498,SL
4565,XAUUSD,7102601,1,0.31,1731.58,1736.58,9.528,1589486400,1589820300,136.447,SL
4571,XAUUSD,7102602,1,0.1,1736.15,1712.74,23.408,1590142800,1590515700,-240.065,SL
4574,XAUUSD,7102602,1,0.1,1721.51,1733.06,21.018,1590660900,1590774000,112.194,TP
4577,XAUUSD,7102602,1,0.09,1732.78,1742.94,24.715,1591957500,1591980600,90.765,TP
4580,XAUUSD,7102602,1,0.09,1733.13,1743.75,24.108,1592578200,1592590200,94.968,TP
4583,XAUUSD,7102601,1,0.36,1748.6,1755.84,7.908,1592798400,1593046800,209.761,SL
4585,XAUUSD,7102602,1,0.12,1774.11,1753.26,20.848,1592999400,1593188700,-263.937,SL
4589,XAUUSD,7102601,1,0.36,1783.69,1775.94,7.748,1593547200,1593616800,-291.241,SL
4592,XAUUSD,7102602,1,0.11,1770.67,1776.81,18.608,1593688500,1593710400,66.792,TP
4595,XAUUSD,7102602,1,0.13,1777.39,1784.36,16.865,1594029900,1594049700,89.635,TP
4598,XAUUSD,7102601,1,0.36,1796.1,1795.33,7.558,1594152000,1594317900,-69.878,SL
4600,XAUUSD,7102602,1,0.14,1815.2,1797.14,18.058,1594294200,1594317900,-253.792,SL
4604,XAUUSD,7102602,1,0.11,1804.43,1812.79,17.838,1594381200,1594657800,88.1896,TP
4607,XAUUSD,7102602,1,0.12,1811.96,1795.3,16.665,1594810800,1594939800,-210.776,SL
4610,XAUUSD,7102602,1,0.13,1811.24,1816.54,14.385,1595245800,1595259000,67.925,TP
4613,XAUUSD,7102602,1,0.13,1824.43,1832.27,15.128,1595331600,1595344200,101.036,TP
4615,XAUUSD,7102601,1,0.44,1824.08,1849.9,5.338,1595332800,1595416200,1120.71,SL
4621,XAUUSD,7102602,1,0.14,1878.57,1891.08,18.225,1595502300,1595528100,174.09,TP
4624,XAUUSD,7102602,1,0.13,1893.26,1902.07,18.965,1595585700,1595606700,113.555,TP
4627,XAUUSD,7102602,1,0.14,1945.01,1977.12,18.505,1595858400,1595910000,444.339,TP
4619,XAUUSD,7102601,1,0.33,1872.9,1953.36,9.258,1595467800,1595916000,2624.06,SL
4633,XAUUSD,7102602,1,0.08,2039.5,2066.89,34.448,1596624300,1596732300,211.1,TP
4631,XAUUSD,7102601,1,0.28,1999.83,2038.94,12.008,1596571200,1596819600,1049.55,SL
4637,NAS100,7102603,1,2.09,10937.2,11113.5,418.362,1597197600,1597282200,354.788,EXPERT
4639,XAUUSD,7102602,1,0.06,1928.7,1991.97,46.355,1597228500,1597725900,368.502,TP
4643,XAUUSD,7102602,1,0.06,2008.8,1961.38,47.425,1597747500,1597859700,-286.805,SL
4646,US30,7102603,1,1.35,27690.3,27967.5,654.714,1597887000,1598232600,359.647,EXPERT
4649,XAUUSD,7102602,1,0.06,1949.07,1974.45,45.175,1598609100,1598836200,150.03,TP
4652,XAUUSD,7102602,1,0.07,1990.16,1950.57,39.595,1598955600,1599064500,-279.762,SL
4655,US500,7102603,1,6.3,3319.25,3380.35,141.103,1599616800,1600133400,360.089,EXPERT
4657,NAS100,7102603,1,1.28,11023.6,11285.1,693.471,1599616800,1600133400,317.888,EXPERT
4661,XAUUSD,7102602,1,0.12,1969.83,1946.45,23.378,1600178100,1600318500,-295.732,SL
4664,XAUUSD,7102602,1,0.12,1955.83,1931.65,24.178,1600431600,1600691400,-294.552,SL
4667,XAUUSD,7102602,-1,0.12,1896.85,1875.36,23.872,1600771500,1600852500,256.383,TP
4670,US30,7102603,1,0.8,26805.5,27228,1120.53,1600911000,1601256600,329.581,EXPERT
4672,XAUUSD,7102602,-1,0.1,1859.58,1886.77,27.195,1601040600,1601353500,-273.689,SL
4676,XAUUSD,7102602,-1,0.1,1882.9,1910.71,27.812,1601466900,1601577000,-280.391,SL
4679,XAUUSD,7102602,-1,0.11,1890.36,1917.07,26.712,1601892600,1601918400,-294.602,SL
4682,XAUUSD,7102601,1,0.28,1923.63,1911.87,11.758,1602273600,1602566700,-347.659,SL
4685,XAUUSD,7102602,-1,0.1,1891.31,1916.59,25.285,1602763500,1603120200,-254.607,SL
4690,US500,7102603,1,5.98,3447.48,3463.06,118.287,1603159200,1603416600,73.177,EXPERT
4688,US30,7102603,1,0.79,28316.4,28428.9,897.863,1603157400,1603416600,67.1514,EXPERT
4692,NAS100,7102603,1,1.31,11721.2,11638.6,536.655,1603159200,1603681200,-126.125,EXPERT
4697,XAUUSD,7102602,-1,0.12,1901.62,1893.13,19.065,1603797300,1603894800,100.464,TP
4699,US30,7102603,1,0.75,27337.6,26417.4,920.225,1603848600,1603980000,-701.783,SL
4707,XAUUSD,7102602,-1,0.07,1874.96,1865.78,21.532,1603983000,1603985100,63.756,TP
4701,US500,7102603,1,6.51,3368.76,3262.18,106.573,1603850400,1603987200,-706.256,SL
4711,XAUUSD,7102602,-1,0.07,1888.78,1908.4,19.622,1604395800,1604423400,-137.844,SL
4704,NAS100,7102603,1,0.97,11206.2,11276.2,505.972,1603936800,1604453400,59.4371,EXPERT
4715,XAUUSD,7102602,1,0.06,1912.27,1920.36,22.405,1604568300,1604583900,48.09,TP
4720,XAUUSD,7102602,1,0.06,1948.13,1959.88,24.615,1604656200,1604677500,70.05,TP
4718,XAUUSD,7102601,1,0.13,1931.82,1926.91,12.888,1604592000,1604930400,-72.4608,SL
4724,XAUUSD,7102602,-1,0.04,1887.34,1875.92,29.865,1605518400,1605534600,45.38,TP
4727,XAUUSD,7102602,-1,0.04,1856.88,1842.15,31.245,1605783000,1606150500,58.2047,TP
4730,XAUUSD,7102602,-1,0.05,1817.79,1802.79,27.515,1606221000,1606236000,74.625,TP
4733,XAUUSD,7102601,-1,0.19,1770.33,1779.91,9.582,1606723200,1606727700,-183.388,SL
4736,XAUUSD,7102602,-1,0.06,1833.84,1826.26,22.222,1607337000,1607337000,45.048,TP
4739,XAUUSD,7102602,-1,0.05,1860.58,1849.86,24.222,1607433000,1607531700,52.9802,TP
4742,XAUUSD,7102602,-1,0.05,1831.71,1823.46,25.022,1607597700,1607948700,40.3795,TP
4745,US500,7102603,1,5.59,3654.29,3695.86,81.1309,1607997600,1608082200,228.347,EXPERT
4748,XAUUSD,7102602,1,0.06,1872.1,1881.4,24.408,1608196200,1608201300,55.392,TP
4751,XAUUSD,7102601,1,0.2,1878.98,1876.11,10.228,1608206400,1608552300,-70.2678,SL
4754,XAUUSD,7102602,1,0.07,1883.15,1890.72,21.945,1609236900,1609359300,50.4565,TP
4759,XAUUSD,7102602,1,0.08,1927.79,1943.41,20.935,1609754700,1609779000,124.36,TP
4762,XAUUSD,7102602,1,0.1,1944.57,1954.3,21.978,1609846200,1609902000,93.6411,TP
4757,XAUUSD,7102601,1,0.22,1916.89,1932.36,9.008,1609732800,1609944000,325.759,SL
4765,XAUUSD,7102602,1,0.12,1955.7,1934.82,20.885,1609932600,1609944000,-251.46,SL
4769,US500,7102603,1,4.93,3756.56,3803.16,117.162,1610935200,1611106200,222.459,EXPERT
4772,XAUUSD,7102602,-1,0.08,1852.58,1844,25.085,1611653700,1611719400,67.6286,TP
4775,XAUUSD,7102602,-1,0.08,1842.96,1834.88,24.955,1611752700,1611765600,64.04,TP
4782,XAUUSD,7102602,-1,0.1,1851,1839.65,23.615,1612257300,1612274400,112.75,TP
4780,US500,7102603,1,5.94,3716.3,3837.45,103.78,1611799200,1612315800,702.193,EXPERT
4778,US30,7102603,1,0.9,30289.9,30702.5,726.699,1611797400,1612315800,350.075,EXPERT
4787,XAUUSD,7102602,-1,0.12,1835.21,1826.83,24.145,1612345800,1612410300,97.826,TP
4790,XAUUSD,7102602,-1,0.12,1815.1,1796.3,23.074,1612437000,1612455000,224.712,TP
4793,XAUUSD,7102601,-1,0.31,1789.25,1800.79,11.545,1612468800,1612519800,-361.609,SL
4796,XAUUSD,7102602,-1,0.12,1808.06,1831.72,23.665,1612781700,1612800000,-284.82,SL
4799,XAUUSD,7102602,-1,0.11,1816.62,1807.33,25.495,1613123700,1613487300,100.362,TP
4802,XAUUSD,7102602,-1,0.12,1784.91,1776.35,23.305,1613556300,1613575800,101.94,TP
4805,XAUUSD,7102601,-1,0.33,1778.74,1789.47,10.735,1613577600,1613660700,-361.451,SL
4808,XAUUSD,7102601,-1,0.28,1767.01,1778.37,11.365,1613707200,1613750100,-320.18,SL
4813,NAS100,7102603,1,2.21,13595.4,13260.3,335.095,1613959200,1614031200,-740.553,SL
4816,NAS100,7102603,1,1.28,13233.1,12834.7,398.473,1614045600,1614096000,-510.042,SL
4811,US500,7102603,1,10.22,3907.52,3834.83,72.6775,1613959200,1614096000,-750.536,SL
4818,XAUUSD,7102602,-1,0.07,1805.32,1795.51,21.215,1614079500,1614181500,67.794,TP
4823,XAUUSD,7102602,-1,0.06,1792.34,1781.35,22.272,1614244200,1614267000,65.508,TP
4828,XAUUSD,7102602,-1,0.05,1757.51,1739.72,23.705,1614331200,1614359100,88.575,TP
4826,XAUUSD,7102601,-1,0.13,1760.33,1752.97,11.935,1614326400,1614586200,94.079,SL
4832,XAUUSD,7102601,-1,0.11,1711.52,1726.08,14.565,1614657600,1614686400,-160.985,SL
4835,XAUUSD,7102601,-1,0.12,1700.13,1713.88,13.746,1614888000,1615166100,-166.925,SL
4838,XAUUSD,7102602,-1,0.04,1702.68,1692.3,28.782,1615194300,1615200600,41.232,TP
4841,XAUUSD,7102601,-1,0.11,1680.6,1694.92,14.325,1615233600,1615281900,-158.859,SL
4844,XAUUSD,7102602,-1,0.04,1708.7,1740.35,31.652,1615383000,1615915800,-128.039,SL
4847,XAUUSD,7102602,-1,0.05,1729.41,1755.11,25.696,1615990800,1616046600,-129.557,SL
4850,XAUUSD,7102602,-1,0.05,1745.63,1737.63,24.786,1616063100,1616063700,39.67,TP
4853,XAUUSD,7102602,-1,0.06,1729.13,1715.58,22.052,1616407500,1617036000,78.8471,TP
4856,XAUUSD,7102602,-1,0.07,1701.79,1689.58,17.362,1617098700,1617114000,84.966,TP
4858,XAUUSD,7102601,-1,0.19,1697.88,1702.75,8.292,1617105600,1617212700,-94.7873,SL
4862,XAUUSD,7102602,-1,0.07,1735.49,1754,18.512,1617804900,1617899400,-131.087,SL
4865,XAUUSD,7102602,1,0.06,1766.73,1773.25,21.145,1618572000,1618579200,38.67,TP
4868,XAUUSD,7102602,1,0.07,1784.29,1766.4,17.888,1618829100,1618896600,-127.6,SL
4871,XAUUSD,7102602,1,0.06,1790.21,1770.69,19.518,1619189400,1619199000,-117.528,SL
4874,XAUUSD,7102602,1,0.08,1780.3,1793.01,16.685,1620036900,1620061200,101.08,TP
4877,NAS100,7102603,1,1.08,13795.1,13416.2,378.836,1620093600,1620151200,-409.151,SL
4882,XAUUSD,7102602,1,0.07,1795.29,1808.29,18.507,1620296100,1620319200,90.531,TP
4885,XAUUSD,7102602,1,0.06,1822.75,1832.16,19.878,1620387600,1620401400,56.052,TP
4880,NAS100,7102603,1,0.98,13483.9,13745.4,413.105,1620266400,1620615600,251.068,EXPERT
4889,XAUUSD,7102602,1,0.06,1840.16,1820.63,19.528,1620654900,1620750000,-119.27,SL
4892,US30,7102603,1,0.48,33590.5,34391.5,843.639,1620869400,1621215000,378.107,EXPERT
4894,US500,7102603,1,3.88,4068.04,4175.05,105.264,1620871200,1621220400,408.944,EXPERT
4896,NAS100,7102603,1,0.74,13017.5,13397.1,548.916,1620871200,1621220400,277.104,EXPERT
4898,XAUUSD,7102602,1,0.06,1836.69,1853.44,21.958,1620993900,1621238700,98.4032,TP
4904,XAUUSD,7102601,1,0.19,1869.38,1860.65,8.728,1621310400,1621424700,-172.589,SL
4907,XAUUSD,7102601,1,0.17,1882.18,1872.74,9.445,1621454400,1621458300,-161.755,SL
4910,XAUUSD,7102602,1,0.06,1877.43,1884.14,22.148,1621598700,1621610700,39.852,TP
4913,XAUUSD,7102602,1,0.07,1887.33,1901.06,18.618,1621937100,1622001600,93.6031,TP
4918,XAUUSD,7102602,1,0.06,1908.42,1888.27,20.148,1622025900,1622133000,-126.523,SL
4915,XAUUSD,7102601,1,0.18,1895.55,1886.39,9.165,1621972800,1622214600,-192.313,SL
4924,XAUUSD,7102602,1,0.07,1874.09,1892.4,19.768,1622802900,1622827500,127.694,TP
4922,NAS100,7102603,1,1.38,13526.9,13765.5,299.937,1622772000,1623034800,325.609,EXPERT
4930,XAUUSD,7102602,-1,0.05,1809.28,1793.73,24.912,1623925200,1623940800,77.39,TP
4935,US500,7102603,1,8.07,4160.54,4229.55,68.3542,1624244400,1624325400,550.278,EXPERT
4933,US30,7102603,1,0.78,33236.4,33918.9,699.504,1624239000,1624325400,527.243,EXPERT
4939,XAUUSD,7102602,-1,0.1,1779.11,1768.32,24.772,1624359000,1624964700,103.722,TP
4942,XAUUSD,7102602,-1,0.11,1755.26,1780.05,24.792,1625050800,1625155200,-275.104,SL
4928,XAUUSD,7102601,-1,0.14,1814.26,1785.35,11.592,1623893400,1625232600,393.382,SL
4946,XAUUSD,7102602,-1,0.14,1798.76,1814.37,15.612,1626101400,1626189300,-220.25,SL
4951,XAUUSD,7102601,1,0.3,1832.46,1824.05,8.408,1626350400,1626355500,-254.34,SL
4949,XAUUSD,7102602,1,0.12,1833.89,1816.21,17.678,1626343800,1626444900,-216.33,SL
4955,XAUUSD,7102602,-1,0.1,1804.39,1795.74,17.292,1626866100,1626882300,85.78,TP
4958,XAUUSD,7102602,-1,0.1,1796.93,1791.07,17.882,1626952200,1627050600,57.3782,TP
4961,XAUUSD,7102602,-1,0.11,1797.7,1814.37,16.672,1627482900,1627531500,-185.818,SL
4964,XAUUSD,7102602,-1,0.11,1798.67,1793.84,15.442,1628245200,1628263800,52.338,TP
4967,XAUUSD,7102601,-1,0.29,1776.27,1693.2,7.542,1628265600,1628475000,2405.52,SL
4970,XAUUSD,7102601,-1,0.28,1727.47,1740.08,12.612,1628481600,1628483100,-355.096,SL
4973,XAUUSD,7102602,-1,0.12,1729.14,1721.08,24.692,1628595600,1628614800,95.856,TP
4976,XAUUSD,7102602,-1,0.11,1771.52,1798.1,26.578,1629125400,1629732600,-296.946,SL
4979,XAUUSD,7102601,1,0.42,1821.28,1812.89,8.388,1630296000,1630314600,-355.236,SL
4982,XAUUSD,7102602,1,0.18,1816.59,1821.98,16.085,1630586700,1630683000,90.8739,TP
4985,XAUUSD,7102601,1,0.53,1823.73,1817.05,6.678,1630684800,1631004600,-387.225,SL
4988,XAUUSD,7102602,-1,0.16,1783.53,1771.41,16.222,1631787300,1631804100,192.768,TP
4991,XAUUSD,7102601,-1,0.43,1762.5,1766.22,8.053,1631808000,1632158400,-167.287,SL
4994,XAUUSD,7102602,-1,0.14,1759.63,1778.28,18.646,1632219300,1632246000,-262.024,SL
4997,XAUUSD,7102602,-1,0.12,1760.3,1753.39,21.266,1632392100,1632414900,82.128,TP
5000,XAUUSD,7102602,-1,0.12,1748.92,1737.27,20.366,1632747300,1632823200,138.425,TP
5005,XAUUSD,7102601,-1,0.33,1730.15,1740.12,9.972,1632844800,1632846300,-331.386,SL
5003,XAUUSD,7102602,-1,0.13,1736.17,1722.32,20.316,1632823500,1632947700,178.566,TP
5008,XAUUSD,7102601,-1,0.34,1724.48,1733.53,9.052,1632945600,1632980400,-315.039,SL
5012,XAUUSD,7102602,-1,0.11,1755.74,1746.63,20.272,1633342800,1633518000,98.3397,TP
5015,XAUUSD,7102602,-1,0.13,1753.4,1772.08,18.682,1633953300,1634133000,-245.045,SL
5018,XAUUSD,7102602,1,0.1,1794.98,1774.08,20.898,1634205900,1634310900,-212.424,SL
5021,XAUUSD,7102602,-1,0.11,1761.69,1779.76,18.072,1634561400,1634637600,-200.101,SL
5024,XAUUSD,7102602,1,0.1,1794.2,1804.39,18.504,1634897100,1634917200,101.16,TP
5027,XAUUSD,7102602,1,0.1,1801.83,1783.36,18.468,1635161100,1635268500,-188.141,SL
5030,XAUUSD,7102602,1,0.11,1796.28,1779.43,16.848,1635848400,1635919800,-189.102,SL
5033,XAUUSD,7102602,1,0.09,1797.41,1804.38,18.714,1636106700,1636135800,62.064,TP
5038,XAUUSD,7102602,1,0.11,1827.52,1832.85,17.668,1636465500,1636558200,54.8037,TP
5041,XAUUSD,7102602,1,0.12,1855.92,1869.36,20.478,1636623900,1636938000,153.681,TP
5044,XAUUSD,7102602,1,0.15,1870.08,1877.1,18.934,1637060100,1637075700,104.19,TP
5036,XAUUSD,7102601,1,0.23,1814.23,1849.83,9.148,1636142400,1637095800,758.879,SL
5048,XAUUSD,7102602,1,0.12,1856.41,1863,20.588,1637141100,1637157600,78.264,TP
5051,XAUUSD,7102602,-1,0.13,1801.23,1792.17,20.332,1637664900,1637679300,116.844,TP
5054,XAUUSD,7102602,-1,0.12,1788.51,1781.4,22.245,1637758200,1637770200,84.42,TP
5057,XAUUSD,7102601,-1,0.3,1774.1,1785.09,10.995,1638302400,1638345300,-333.429,SL
5060,XAUUSD,7102601,-1,0.28,1763.17,1774.09,10.922,1638475200,1638508800,-309.151,SL
5063,XAUUSD,7102602,-1,0.1,1766.36,1789.45,23.095,1638530100,1638936300,-233.135,SL
5066,XAUUSD,7102602,-1,0.11,1770.54,1789.15,18.615,1639131600,1639152000,-205.535,SL
5069,XAUUSD,7102602,-1,0.11,1767.33,1761,16.795,1639559100,1639601100,68.805,TP
5072,XAUUSD,7102602,1,0.12,1807.48,1790.98,16.505,1639731900,1640037000,-202.196,SL
5077,XAUUSD,7102601,1,0.42,1815.49,1810.14,5.348,1640692800,1640707800,-227.556,SL
5075,XAUUSD,7102602,1,0.12,1816.06,1801.28,14.778,1640682900,1640779500,-181.487,SL
5081,XAUUSD,7102601,1,0.28,1824.54,1817.93,6.614,1640966400,1641222300,-194.974,SL
5084,XAUUSD,7102602,1,0.09,1810.06,1818.7,15.535,1641897300,1641932700,77.085,TP
5087,XAUUSD,7102602,1,0.08,1829.03,1811.86,17.168,1642155600,1642503600,-142.348,SL
5090,XAUUSD,7102601,1,0.22,1840.62,1833.26,7.365,1642622400,1642760100,-188.311,SL
5092,XAUUSD,7102602,1,0.08,1842.75,1848.62,15.738,1642756800,1643129100,41.9215,TP
5096,XAUUSD,7102601,1,0.21,1850.03,1842.13,7.904,1643140800,1643212800,-173.382,SL
5099,XAUUSD,7102601,-1,0.19,1791.17,1799.6,8.432,1643371200,1643646900,-162.484,SL
5102,XAUUSD,7102602,1,0.08,1827.89,1833.1,17.124,1644583200,1644592200,41.088,TP
5105,XAUUSD,7102601,1,0.2,1860.27,1852.26,8.008,1644802200,1644815400,-161.56,SL
5108,XAUUSD,7102601,1,0.17,1878.11,1868.84,9.268,1644912000,1644919800,-158.746,SL
5111,XAUUSD,7102602,1,0.07,1856.65,1862.39,18.698,1645002600,1645029300,39.704,TP
5114,XAUUSD,7102602,1,0.07,1884.71,1894.08,19.268,1645093800,1645111800,65.114,TP
5116,XAUUSD,7102601,1,0.17,1888.57,1945.88,9.558,1645099200,1645720200,938.502,SL
5119,XAUUSD,7102602,1,0.07,1950.1,1928.12,21.978,1645703400,1645722900,-154.336,SL
5123,XAUUSD,7102602,1,0.04,1945.18,1957.98,33.318,1646214600,1646411700,46.2106,TP
5126,XAUUSD,7102601,1,0.12,1998.05,1983.66,14.388,1646625600,1646639700,-173.496,SL
5129,XAUUSD,7102602,1,0.04,2002.06,1968.59,33.472,1646656800,1646667000,-134.168,SL
5132,XAUUSD,7102601,1,0.09,2006.5,2018.07,17.478,1646740800,1646826600,100.699,SL
5135,XAUUSD,7102602,1,0.03,1995.49,1950.45,45.038,1646914500,1647276900,-137.149,SL
5138,XAUUSD,7102602,1,0.03,1939.53,1952.3,41.828,1647516600,1648132800,31.8942,TP
5141,XAUUSD,7102602,1,0.03,1952.28,1963.48,37.358,1648133100,1648143000,33.396,TP
5144,XAUUSD,7102602,1,0.05,1929.58,1943.01,23.913,1649066700,1649176800,65.3087,TP
5147,XAUUSD,7102602,1,0.05,1925.62,1934.24,24.818,1649245800,1649350800,38.3476,TP
5150,XAUUSD,7102602,1,0.06,1948.26,1956.04,21.258,1649675400,1649676900,46.272,TP
5155,XAUUSD,7102602,1,0.06,1975.08,1985.81,23.628,1649848800,1650250200,54.9164,TP
5158,XAUUSD,7102602,1,0.08,1991.38,1971.14,20.238,1650278700,1650382800,-164.882,SL
5153,XAUUSD,7102601,1,0.14,1970.65,1964.36,11.353,1649779200,1650384000,-118.649,SL
5162,XAUUSD,7102602,1,0.06,1950.7,1929.88,20.818,1650459900,1650640500,-132.5,SL
5165,XAUUSD,7102602,-1,0.06,1911.04,1890.51,21.117,1650894300,1651057800,122.144,TP
5168,XAUUSD,7102602,-1,0.06,1882.47,1866.72,22.187,1651490700,1651505700,94.098,TP
5171,XAUUSD,7102602,-1,0.05,1855.4,1879.31,23.912,1651572600,1651700700,-120.169,SL
5174,XAUUSD,7102602,-1,0.05,1892.52,1882.15,25.417,1651746600,1651773900,51.515,TP
5177,XAUUSD,7102602,-1,0.05,1869.1,1856.4,24.802,1652091600,1652102700,63.14,TP
5180,XAUUSD,7102602,-1,0.05,1846.8,1835.46,25.662,1652350500,1652381100,56.34,TP
5185,XAUUSD,7102602,-1,0.05,1802.04,1789.18,26.88,1652697600,1652698200,63.95,TP
5183,XAUUSD,7102601,-1,0.14,1819.69,1822.17,11.812,1652405400,1652738100,-36.4325,SL
5189,XAUUSD,7102602,-1,0.05,1854.97,1842.85,26.127,1653478200,1653504600,60.265,TP
5192,XAUUSD,7102602,-1,0.05,1842.58,1831.11,25.792,1653575400,1654071300,55.9626,TP
5195,XAUUSD,7102602,-1,0.07,1829.25,1850.01,20.762,1654085700,1654111200,-145.824,SL
5198,XAUUSD,7102601,1,0.2,1873.43,1865.25,8.178,1654228800,1654250400,-164.96,SL
5201,XAUUSD,7102602,-1,0.07,1864.72,1856.2,19.502,1654250700,1654279200,59.136,TP
5204,XAUUSD,7102602,-1,0.07,1849.19,1843.28,17.844,1654771800,1654794300,40.852,TP
5207,XAUUSD,7102601,-1,0.14,1817.87,1829.31,11.437,1655170200,1655197200,-161.098,SL
5210,XAUUSD,7102602,-1,0.06,1816.56,1805.25,22.752,1655218500,1655245200,67.428,TP
5213,XAUUSD,7102601,-1,0.13,1808.3,1820.7,12.402,1655256600,1655285400,-162.136,SL
5216,XAUUSD,7102602,-1,0.05,1827.56,1819.37,25.522,1655374500,1655388000,40.59,TP
5219,XAUUSD,7102602,-1,0.05,1832.33,1822.53,24.217,1655820600,1656043200,47.3913,TP
5222,XAUUSD,7102602,-1,0.06,1813.9,1806.86,20.278,1656585900,1656599700,41.832,TP
5227,XAUUSD,7102601,-1,0.19,1794.63,1803.15,8.516,1656676800,1656695700,-163.134,SL
5225,XAUUSD,7102602,-1,0.06,1793.9,1813.88,19.977,1656670500,1656911700,-120.584,SL
5231,XAUUSD,7102602,-1,0.08,1805.22,1796.4,16.812,1656939900,1657037100,69.5824,TP
5236,XAUUSD,7102602,-1,0.07,1761.64,1751.85,19.212,1657113000,1657127700,68.026,TP
5239,XAUUSD,7102602,-1,0.06,1739.07,1731.99,21.161,1657276500,1657579200,41.7636,TP
5234,XAUUSD,7102601,-1,0.15,1767.18,1739.16,10.706,1657051200,1657734600,413.508,SL
5243,XAUUSD,7102602,-1,0.06,1717.02,1704.27,21.062,1657793100,1657815600,76.068,TP
5246,XAUUSD,7102601,-1,0.16,1705.69,1716.77,11.082,1657828800,1657862100,-179.192,SL
5251,XAUUSD,7102602,-1,0.06,1687.9,1681.21,22.072,1658398200,1658411100,39.708,TP
5249,XAUUSD,7102601,-1,0.21,1696.12,1703.94,7.824,1658367000,1658418300,-165.774,SL
5255,XAUUSD,7102602,-1,0.07,1716.97,1736.94,19.966,1658841600,1658958600,-140.586,SL
5258,XAUUSD,7102602,-1,0.07,1770.42,1760.75,18.192,1659436800,1659480900,67.186,TP
5261,XAUUSD,7102602,1,0.07,1790.89,1797.93,19.178,1660043700,1660061100,48.804,TP
5264,XAUUSD,7102602,1,0.06,1795.01,1802.03,20.136,1660137000,1660145400,41.724,TP
5267,XAUUSD,7102602,1,0.06,1793.3,1802.2,20.044,1660228500,1660348500,51.3156,TP
5270,XAUUSD,7102602,-1,0.07,1775.78,1769.41,18.856,1660647600,1660745700,43.7827,TP
5275,XAUUSD,7102602,-1,0.07,1750.37,1743.56,18.542,1660914300,1661155500,46.8263,TP
5278,XAUUSD,7102602,-1,0.09,1740.97,1733.7,16.122,1661162700,1661168700,64.782,TP
5273,XAUUSD,7102601,-1,0.23,1752.9,1748.85,7.032,1660896000,1661273400,89.269,SL
5282,XAUUSD,7102602,-1,0.09,1751.31,1744.82,16.292,1661512200,1661524200,57.762,TP
5285,XAUUSD,7102601,-1,0.23,1722.7,1730.62,7.922,1661760000,1661786400,-183.816,SL
5287,XAUUSD,7102602,-1,0.09,1720.47,1736.31,15.836,1661769900,1661788200,-143.154,SL
5291,XAUUSD,7102602,-1,0.08,1732.16,1724.09,16.369,1661854200,1661880600,64.008,TP
5294,XAUUSD,7102602,-1,0.08,1719.98,1714.04,17.496,1661940900,1661946300,46.992,TP
5297,XAUUSD,7102601,-1,0.2,1713.94,1722.26,8.316,1661947200,1661966700,-167.72,SL
5302,XAUUSD,7102602,-1,0.08,1701.43,1694.81,16.926,1662031200,1662050100,52.432,TP
5300,XAUUSD,7102601,-1,0.21,1705.76,1711.88,7.706,1662004800,1662132600,-130.896,SL
5306,XAUUSD,7102602,-1,0.08,1712.76,1699.67,16.282,1662465000,1662520800,103.766,TP
5311,XAUUSD,7102602,-1,0.07,1685.96,1674.16,19.345,1663236600,1663264200,82.075,TP
5314,XAUUSD,7102602,-1,0.08,1657.02,1677.66,20.642,1663325400,1663349100,-165.696,SL
5309,XAUUSD,7102601,-1,0.19,1687.23,1680.1,8.656,1663228800,1663349400,133.338,SL
5318,XAUUSD,7102602,-1,0.06,1663.82,1683.84,20.022,1663582200,1663796400,-121.109,SL
5321,XAUUSD,7102602,-1,0.06,1655.82,1678.54,22.725,1663841100,1663860900,-136.77,SL
5324,XAUUSD,7102602,-1,0.06,1666.34,1658.64,22.892,1663929900,1663936500,45.768,TP
5327,XAUUSD,7102601,-1,0.14,1645.96,1657.61,11.655,1663948800,1663949400,-164.15,SL
5330,XAUUSD,7102601,-1,0.13,1627.73,1640.5,12.775,1664164800,1664164800,-166.985,SL
5333,XAUUSD,7102601,-1,0.11,1624.13,1638.98,14.845,1664242200,1664272800,-164.065,SL
5338,XAUUSD,7102601,-1,0.13,1619.96,1631.77,11.812,1664366400,1664371200,-154.466,SL
5336,XAUUSD,7102602,-1,0.05,1617.97,1641.57,23.602,1664360100,1664382000,-118.36,SL
5342,XAUUSD,7102602,-1,0.06,1661.69,1684.14,22.452,1664793600,1664817600,-135.132,SL
5345,XAUUSD,7102602,-1,0.05,1683.93,1671.38,23.757,1665398700,1665423300,62.415,TP
5348,XAUUSD,7102602,-1,0.05,1661.18,1648.95,23.432,1665494100,1665675900,59.8615,TP
5351,XAUUSD,7102602,-1,0.05,1658.59,1645.8,25.582,1665749100,1665766800,63.59,TP
5354,XAUUSD,7102602,-1,0.05,1638.08,1624.54,24.172,1666173900,1666241700,66.6614,TP
5356,XAUUSD,7102601,-1,0.16,1634.72,1644.47,9.752,1666195200,1666288500,-159.324,SL
5360,XAUUSD,7102601,-1,0.19,1621.55,1629.96,8.413,1666339200,1666367700,-161.177,SL
5362,XAUUSD,7102602,-1,0.06,1619.27,1641.51,22.243,1666347000,1666371000,-133.878,SL
5366,XAUUSD,7102602,-1,0.05,1650.99,1639.47,22.903,1666606800,1666701900,57.0059,TP
5369,XAUUSD,7102602,-1,0.05,1659.54,1649.14,23.442,1666866600,1666956600,51.4091,TP
5372,XAUUSD,7102602,-1,0.05,1631.2,1622.95,22.633,1667470200,1667477700,40.885,TP
5375,XAUUSD,7102602,1,0.05,1765.54,1782.66,27.107,1668164400,1668505500,82.5599,TP
5378,XAUUSD,7102602,1,0.04,1781.79,1754.5,27.288,1668599100,1668701100,-112.683,SL
5381,XAUUSD,7102602,1,0.06,1745.96,1753.68,21.867,1669113000,1669256700,39.5125,TP
5384,XAUUSD,7102602,1,0.08,1755.25,1763.13,15.855,1669630800,1669638900,62.44,TP
5387,XAUUSD,7102602,1,0.08,1755.48,1770.33,15.778,1669717800,1669856700,109.635,TP
5390,XAUUSD,7102601,1,0.14,1806.73,1795.69,11.038,1670212800,1670238300,-155.512,SL
5393,XAUUSD,7102602,1,0.07,1777,1785.97,19.098,1670333700,1670431500,60.4201,TP
5396,XAUUSD,7102602,1,0.06,1798.63,1778.62,20.008,1670592600,1670879100,-122.115,SL
5399,XAUUSD,7102602,1,0.05,1784.76,1792.97,22.788,1671182100,1671209700,40.71,TP
5402,XAUUSD,7102602,1,0.06,1798.17,1804.75,20.025,1671445500,1671533100,37.3916,TP
5405,XAUUSD,7102602,1,0.06,1808.12,1814.94,19.655,1672137000,1672160700,40.47,TP
5408,XAUUSD,7102601,1,0.2,1840.62,1832.83,7.795,1672732800,1672751400,-157.3,SL
5410,XAUUSD,7102602,1,0.07,1846.23,1827.66,18.568,1672737900,1672767300,-130.466,SL
5414,XAUUSD,7102602,1,0.07,1849.49,1862.33,17.787,1672823400,1672827300,89.411,TP
5417,XAUUSD,7102601,1,0.17,1860.87,1851.52,9.345,1672833600,1672851900,-160.055,SL
5422,XAUUSD,7102602,1,0.06,1880.87,1893.95,20.135,1673256000,1673537700,69.4838,TP
5425,XAUUSD,7102602,1,0.06,1901.94,1910.6,20.855,1673604600,1673628600,51.51,TP
5428,XAUUSD,7102602,1,0.06,1911.28,1925.03,20.115,1674036300,1674058500,82.05,TP
5433,XAUUSD,7102602,1,0.06,1911.88,1922.07,21.735,1674121800,1674149100,60.69,TP
5436,XAUUSD,7102602,1,0.06,1937.61,1915.08,22.525,1674209400,1674492000,-137.336,SL
5431,US30,7102603,1,0.42,33259.3,33635.5,979.927,1674091800,1674523800,149.816,EXPERT
5440,XAUUSD,7102602,1,0.07,1940.48,1921.98,18.498,1674551100,1674579300,-129.976,SL
5420,XAUUSD,7102601,1,0.14,1868.39,1915.83,11.135,1673227800,1675152000,573.123,SL
5444,XAUUSD,7102601,1,0.16,1953.92,1943.65,10.275,1675301400,1675353300,-165.52,SL
5447,XAUUSD,7102602,1,0.05,1877.14,1885.7,24.995,1675764300,1675850100,40.9951,TP
5450,XAUUSD,7102602,1,0.05,1881.87,1856.24,25.625,1675935600,1676007000,-129.897,SL
5453,XAUUSD,7102602,-1,0.05,1855.97,1846.42,23.375,1676288400,1676392200,47.1175,TP
5456,XAUUSD,7102602,-1,0.05,1838.96,1820.95,24.895,1676453700,1676628000,88.655,TP
5459,XAUUSD,7102602,-1,0.07,1836.15,1829.45,17.765,1676971200,1677099600,46.0882,TP
5468,XAUUSD,7102602,-1,0.08,1810.8,1826.55,15.755,1677576300,1677605100,-126.6,SL
5463,US500,7102603,1,3.46,4002.51,3978.48,118.721,1677031200,1677807000,-112.594,EXPERT
5465,NAS100,7102603,1,0.8,12081.9,12025.4,512.173,1677031200,1677807000,-65.7392,EXPERT
5461,US30,7102603,1,0.45,33163.8,32980,905.263,1677029400,1677807000,-114.36,EXPERT
5471,XAUUSD,7102602,-1,0.07,1830.44,1848.28,17.836,1677748800,1677849300,-125.699,SL
5477,XAUUSD,7102602,1,0.09,1857.22,1842.43,14.795,1678095600,1678194000,-136.324,SL
5482,XAUUSD,7102602,1,0.06,1889.57,1906.29,19.715,1678710600,1678725600,99.87,TP
5480,XAUUSD,7102601,1,0.19,1864.43,1889.21,8.474,1678478400,1678878300,452.915,SL
5486,XAUUSD,7102602,1,0.06,1905.85,1912.81,22.575,1678886700,1678890600,41.37,TP
5489,XAUUSD,7102601,1,0.1,1928.04,1913.02,15.025,1678896000,1678915800,-150.95,SL
5492,XAUUSD,7102602,1,0.05,1924.74,1941.58,25.305,1678976100,1679067000,82.3586,TP
5495,XAUUSD,7102601,1,0.11,1945.18,1967.71,14.045,1679068800,1679332200,243.668,SL
5497,XAUUSD,7102602,1,0.04,1997.4,1968.13,29.275,1679307000,1679332200,-117.38,SL
5501,XAUUSD,7102602,1,0.04,1969.78,1983.96,33.775,1680170700,1680205500,56.42,TP
5504,XAUUSD,7102602,1,0.04,1964.8,1979.64,31.545,1680522600,1680535800,59.06,TP
5507,XAUUSD,7102601,1,0.13,2021,2009.07,11.935,1680638400,1680759900,-172.115,SL
5510,XAUUSD,7102602,1,0.04,2020.77,1990.63,30.145,1680788400,1681105500,-123.314,SL
5513,XAUUSD,7102602,1,0.05,2002.22,2015.43,24.908,1681209300,1681275600,64.1798,TP
5518,XAUUSD,7102602,1,0.05,2024.61,2032.68,25.425,1681382100,1681399800,40.025,TP
5521,XAUUSD,7102601,1,0.14,2045.28,2034.09,11.195,1681401600,1681407900,-157.71,SL
5516,NAS100,7102603,1,1.04,12829.9,13075.3,392.462,1681351200,1681435800,252.617,EXPERT
5525,XAUUSD,7102602,1,0.05,2014.6,1987.71,26.888,1681726200,1681753200,-134.79,SL
5528,XAUUSD,7102602,1,0.05,2002.26,2010.76,27.235,1681813800,1681842000,42.125,TP
5531,XAUUSD,7102602,1,0.04,2004.52,1975.63,28.895,1681997400,1682095800,-117.085,SL
5534,XAUUSD,7102602,1,0.05,1985.14,1993.33,25.304,1682337600,1682389800,39.0607,TP
5537,US30,7102603,1,0.68,33335.9,33778.5,601.208,1682559000,1682645400,296.514,EXPERT
5540,XAUUSD,7102602,1,0.05,1988.03,1995.84,24.788,1682948700,1682954400,38.71,TP
5543,XAUUSD,7102601,1,0.12,2054.7,2041.95,12.755,1683172800,1683178500,-153.9,SL
5546,US500,7102603,1,3.82,4073.21,4130.28,107.723,1683252000,1683514800,214.917,EXPERT
5548,NAS100,7102603,1,1.04,13019,13236,394.106,1683252000,1683514800,222.994,EXPERT
5552,XAUUSD,7102602,1,0.04,2025.17,2034.78,28.484,1683556200,1683663300,36.9088,TP
5555,XAUUSD,7102602,1,0.04,2037.72,2009.39,28.334,1683815100,1683869400,-114.847,SL
5558,XAUUSD,7102602,1,0.05,2020.08,1993.64,26.444,1684147500,1684264200,-134.11,SL
5561,XAUUSD,7102602,-1,0.05,1977.02,1968.21,27.246,1684404300,1684423800,43.72,TP
5564,XAUUSD,7102602,-1,0.06,1970.99,1959.91,21.995,1684766700,1684830600,65.7014,TP
5567,XAUUSD,7102602,-1,0.07,1958.26,1977.41,19.155,1684836900,1684877100,-134.575,SL
5570,US30,7102603,1,0.54,32790.7,33242.2,757.174,1684978200,1685323800,236.9,EXPERT
5573,XAUUSD,7102602,-1,0.06,1960.13,1981.64,21.512,1685613900,1685644500,-129.522,SL
5576,XAUUSD,7102602,-1,0.06,1939.61,1959.99,20.376,1685961900,1685984400,-122.676,SL
5579,XAUUSD,7102602,-1,0.06,1957.08,1950.22,20.076,1686047400,1686163500,40.4369,TP
5582,XAUUSD,7102602,-1,0.06,1930.32,1952.29,21.975,1686823500,1686847800,-132.27,SL
5587,XAUUSD,7102602,-1,0.07,1926.4,1919.78,19.315,1687433700,1687449900,45.885,TP
5585,NAS100,7102603,1,0.89,14851.2,15057.5,461.283,1687399200,1687483800,180.977,EXPERT
5591,XAUUSD,7102602,-1,0.07,1921.37,1912.7,17.875,1687874700,1687886100,60.165,TP
5594,XAUUSD,7102602,-1,0.07,1909.02,1901.31,19.075,1687950600,1688052600,52.3328,TP
5597,XAUUSD,7102602,-1,0.07,1902.58,1920.65,18.075,1688124300,1688151600,-127.015,SL
5600,XAUUSD,7102602,-1,0.08,1912.91,1928.75,15.835,1688381100,1688403600,-127.24,SL
5603,US30,7102603,1,0.66,33766.5,34238,618.582,1688952600,1689125400,302.423,EXPERT
5608,XAUUSD,7102602,1,0.09,1957.36,1963.23,15.415,1689593700,1689675900,49.5571,TP
5611,XAUUSD,7102602,1,0.1,1980.16,1987,16.775,1689762000,1689833700,58.5909,TP
5606,XAUUSD,7102601,1,0.24,1939.07,1966.77,6.928,1689148800,1689874800,591.116,SL
5615,XAUUSD,7102602,1,0.1,1964.15,1968.98,15.035,1690193100,1690363500,41.5626,TP
5618,XAUUSD,7102602,1,0.1,1971.44,1980.32,14.965,1690370100,1690434600,79.012,TP
5621,XAUUSD,7102602,1,0.1,1959.64,1965.39,15.724,1690812900,1690817400,56.76,TP
5624,XAUUSD,7102602,1,0.09,1952.67,1934.96,17.715,1690984200,1690997100,-160.065,SL
5627,XAUUSD,7102602,-1,0.08,1932.26,1926.15,18.265,1691057100,1691163000,47.8502,TP
5630,US30,7102603,1,0.76,35084.4,35476,640.914,1691371800,1691458200,292.358,EXPERT
5634,XAUUSD,7102602,-1,0.1,1934.9,1925.13,16.385,1691406900,1691507400,96.5122,TP
5638,XAUUSD,7102602,-1,0.11,1923.8,1915.68,17.015,1691590500,1691615700,88.495,TP
5632,US500,7102603,1,5.33,4488.66,4489.39,92.8187,1691377200,1692063000,-33.2676,EXPERT
5642,XAUUSD,7102602,-1,0.13,1903.29,1898.74,14.285,1692102000,1692113400,58.175,TP
5647,XAUUSD,7102601,-1,0.38,1894.28,1900.48,6.205,1692235800,1692284400,-238.45,SL
5652,XAUUSD,7102601,-1,0.32,1888.26,1895.12,6.865,1692302400,1692333000,-223.599,SL
5654,NAS100,7102603,1,0.85,14684.9,14921,500.232,1692324000,1692667800,195.788,EXPERT
5649,US500,7102603,1,5.71,4404.86,4387.9,104.967,1692237600,1692754200,-116.256,EXPERT
5645,US30,7102603,1,0.78,34784.2,34502.7,772.609,1692235800,1692840600,-256.168,EXPERT
5660,XAUUSD,7102602,-1,0.11,1916.8,1911.26,13.745,1692888900,1692984300,59.5293,TP
5663,XAUUSD,7102602,-1,0.12,1920.62,1915.84,12.585,1693317300,1693322100,56.58,TP
5668,XAUUSD,7102602,1,0.12,1944.38,1950.28,13.645,1693571400,1693582200,70.02,TP
5666,XAUUSD,7102601,1,0.28,1936.51,1932.33,6.918,1693339200,1693913700,-177.048,SL
5672,XAUUSD,7102602,-1,0.11,1923.75,1919.47,13.435,1693996200,1694019600,46.255,TP
5675,XAUUSD,7102602,-1,0.14,1918.61,1912.99,11.187,1694522100,1694529000,77.742,TP
5680,XAUUSD,7102601,-1,0.36,1904.26,1909.74,5.485,1694707200,1694713800,-199.98,SL
5678,XAUUSD,7102602,-1,0.13,1906.19,1918.21,12.025,1694686200,1694769300,-157.925,SL
5684,XAUUSD,7102602,1,0.13,1934.89,1939.72,10.655,1695120900,1695228000,57.9796,TP
5689,XAUUSD,7102602,-1,0.12,1895.24,1886.95,12.115,1695813900,1695832800,98.58,TP
5687,XAUUSD,7102601,-1,0.34,1901.05,1872.65,4.995,1695778200,1695983400,955.976,SL
5695,XAUUSD,7102602,-1,0.17,1838.06,1828.37,14.885,1696248300,1696266900,163.455,TP
5698,XAUUSD,7102602,-1,0.17,1821.47,1813.99,16.745,1696500900,1696520100,125.885,TP
5693,XAUUSD,7102601,-1,0.32,1853.46,1834.87,8.162,1696017600,1696616700,581.214,SL
5702,XAUUSD,7102601,1,0.4,1923.32,1914.77,8.555,1697419800,1697446200,-345,SL
5705,XAUUSD,7102602,1,0.12,1920.3,1927.92,20.535,1697538000,1697556000,90.54,TP
5708,XAUUSD,7102602,1,0.12,1944.61,1963.57,21.685,1697632500,1697745900,216.028,TP
5713,XAUUSD,7102602,1,0.12,1982.21,1992.14,23.795,1697798400,1697824800,118.26,TP
5711,XAUUSD,7102601,1,0.35,1974.71,1967.03,9.695,1697765400,1698022800,-281.874,SL
5717,XAUUSD,7102602,1,0.11,1979.06,1954.5,24.565,1698057300,1698156000,-274.3,SL
5720,XAUUSD,7102601,1,0.29,2001.85,1991.53,10.315,1698629400,1698663900,-301.165,SL
5723,XAUUSD,7102602,1,0.09,1984.99,1993.89,23.855,1698849900,1699025400,68.5223,TP
5726,XAUUSD,7102602,1,0.11,1970.91,1979.84,19.588,1700041200,1700153100,87.6036,TP
5729,XAUUSD,7102601,1,0.45,2012.29,2005.9,6.395,1701057600,1701110100,-290.925,SL
5732,XAUUSD,7102601,1,0.43,2021.66,2033.94,6.025,1701187200,1701359400,471.122,SL
5735,XAUUSD,7102601,1,0.3,2067.53,2115.27,10.005,1701460800,1701654000,1420.46,SL
5738,XAUUSD,7102601,1,0.28,2087.95,2075.4,12.555,1701662400,1701679800,-353.5,SL
5741,XAUUSD,7102602,1,0.12,2054.36,2061.43,23.595,1703247000,1703251500,83.94,TP
5744,XAUUSD,7102601,1,0.45,2067.47,2059.49,7.978,1703260800,1703267400,-362.16,SL
5747,XAUUSD,7102601,1,0.39,2082.07,2073.25,8.818,1703707200,1703761800,-383.76,SL
5750,XAUUSD,7102602,1,0.11,2074.19,2052.17,22.018,1703841000,1704287400,-249.894,SL
5753,XAUUSD,7102602,1,0.13,2049.32,2030.89,18.435,1704361200,1704468600,-244.624,SL
5756,XAUUSD,7102602,1,0.11,2034.29,2043.29,19.575,1704881400,1704987000,87.9702,TP
5759,XAUUSD,7102602,1,0.1,2038.19,2045.34,21.135,1705051800,1705064100,70.75,TP
5762,XAUUSD,7102602,1,0.11,2058.61,2037.76,20.855,1705315800,1705414200,-233.627,SL
5765,XAUUSD,7102602,1,0.1,2031.44,2011.4,20.045,1706089500,1706131500,-201.15,SL
5768,XAUUSD,7102602,1,0.12,2037.71,2043.88,16.645,1706607300,1706631300,73.14,TP
5771,XAUUSD,7102602,1,0.11,2039.13,2044.93,17.865,1706696700,1706718600,62.975,TP
5774,XAUUSD,7102602,-1,0.11,2023.13,2041.45,18.315,1707224700,1707324000,-202.857,SL
5777,XAUUSD,7102602,1,0.12,2031.12,2036.66,15.905,1708594500,1708713000,61.9887,TP
5780,XAUUSD,7102601,1,0.39,2047.88,2041.66,6.225,1709222400,1709289000,-257.682,SL
5782,XAUUSD,7102602,1,0.14,2048.59,2053.81,14.075,1709284500,1709296500,72.17,TP
5788,XAUUSD,7102602,1,0.17,2085.01,2090,15.765,1709543100,1709567700,83.725,TP
5791,XAUUSD,7102602,1,0.17,2121.09,2130.36,17.225,1709634600,1709652000,156.315,TP
5794,XAUUSD,7102602,1,0.15,2163.93,2173.52,20.695,1709892900,1709911800,142.725,TP
5786,XAUUSD,7102601,1,0.33,2051.84,2165.38,6.695,1709308800,1709913900,3669.07,SL
5798,XAUUSD,7102602,1,0.12,2170.49,2179.98,25.375,1710507300,1710971400,101.112,TP
5801,XAUUSD,7102601,1,0.38,2199.15,2189.25,9.905,1710993600,1711040400,-379.05,SL
5804,XAUUSD,7102602,1,0.12,2182.3,2190.64,25.365,1711538400,1711543200,99.18,TP
5807,XAUUSD,7102602,1,0.12,2206.53,2219.85,26.075,1711632300,1711654200,159.06,TP
5810,XAUUSD,7102601,1,0.32,2242.05,2230.65,11.695,1711935000,1711992000,-366.88,SL
5813,XAUUSD,7102602,1,0.11,2262.42,2275.64,27.445,1712056200,1712078400,144.595,TP
5816,XAUUSD,7102601,1,0.24,2287.11,2271.38,15.725,1712107800,1712139900,-379.08,SL
5819,XAUUSD,7102601,1,0.21,2294.01,2276.83,17.185,1712174400,1712290500,-391.841,SL
5822,XAUUSD,7102602,1,0.08,2290.67,2313.32,32.035,1712315100,1712338200,180.6,TP
5825,XAUUSD,7102601,1,0.21,2327.49,2311.25,16.245,1712347200,1712538900,-350.085,SL
5828,XAUUSD,7102601,1,0.18,2342.39,2324.93,17.458,1712563200,1712589900,-315.504,SL
5833,XAUUSD,7102601,1,0.16,2357.86,2340.21,17.645,1712664000,1712688900,-283.44,SL
5831,XAUUSD,7102602,1,0.07,2355.43,2323.17,32.265,1712657700,1712765400,-228.861,SL
5839,XAUUSD,7102602,1,0.06,2397.76,2418.54,37.385,1712916600,1712942100,124.23,TP
5837,XAUUSD,7102601,1,0.14,2375.7,2382.51,16.345,1712885400,1712946600,94.29,SL
5843,XAUUSD,7102602,1,0.04,2381.89,2398.75,45.525,1713447000,1713501000,65.6874,TP
5846,XAUUSD,7102602,1,0.05,2323.8,2342.35,43.395,1714042200,1714066500,92.425,TP
5849,XAUUSD,7102602,1,0.05,2344.44,2300.17,44.275,1714127100,1714497000,-225.295,SL
5852,XAUUSD,7102602,1,0.05,2293.4,2304.65,36.245,1714571700,1714582800,55.875,TP
5855,XAUUSD,7102602,1,0.06,2316.76,2340.34,34.145,1714991400,1715294100,130.43,TP
5858,XAUUSD,7102601,1,0.23,2354.22,2344.07,11.485,1715328000,1715599500,-243.241,SL
5860,XAUUSD,7102602,1,0.08,2369.63,2338.28,31.348,1715335500,1715609400,-254.229,SL
5864,XAUUSD,7102602,1,0.06,2347.09,2358.2,29.755,1715688600,1715721000,66.21,TP
5867,XAUUSD,7102601,1,0.19,2383.86,2371.55,12.315,1715803200,1715877600,-256.103,SL
5870,XAUUSD,7102602,1,0.05,2386.94,2399.71,30.375,1715940900,1715962200,63.475,TP
5873,XAUUSD,7102601,1,0.17,2408.06,2413.74,12.138,1715976000,1716219600,89.1331,SL
5876,XAUUSD,7102602,1,0.05,2340.32,2354.53,32.815,1716545700,1716828300,68.8903,TP
5881,XAUUSD,7102602,1,0.06,2340.88,2358.17,31.135,1717077600,1717171200,101.203,TP
5883,US500,7102603,1,2.32,5225.64,5291.91,247.256,1717124400,1717383600,151.408,EXPERT
5879,US30,7102603,1,0.34,38175.7,38746,1698.82,1717038000,1717383600,188.865,EXPERT
5888,XAUUSD,7102602,1,0.07,2331.53,2347.9,29.938,1717422600,1717443600,114.114,TP
5891,XAUUSD,7102602,-1,0.07,2307.34,2339.62,32.285,1718289600,1718868900,-229.648,SL
5894,XAUUSD,7102602,1,0.09,2332.98,2309.33,23.648,1719318000,1719408000,-216.651,SL
5897,XAUUSD,7102602,-1,0.08,2308.61,2294.48,24.395,1719408300,1719420300,112.44,TP
5900,XAUUSD,7102602,1,0.08,2328.76,2338.04,25.565,1719571800,1719588600,73.64,TP
5903,XAUUSD,7102602,1,0.09,2329.3,2339.77,22.915,1719836400,1720000500,87.1456,TP
5906,XAUUSD,7102602,1,0.09,2342.94,2357.34,22.725,1720001700,1720024800,128.925,TP
5909,XAUUSD,7102602,1,0.1,2367.11,2377.4,23.055,1720176300,1720195800,102.25,TP
5911,XAUUSD,7102601,1,0.29,2372.36,2364,9.655,1720195200,1720464000,-255.208,SL
5915,XAUUSD,7102602,1,0.09,2372.99,2382.51,23.595,1720605900,1720629900,85.005,TP
5918,XAUUSD,7102602,1,0.09,2383.47,2395.23,24.065,1720696500,1720711800,105.165,TP
5921,XAUUSD,7102601,1,0.25,2406.52,2395.32,11.198,1720713600,1720798200,-290.921,SL
5924,XAUUSD,7102602,1,0.08,2415.51,2427.42,24.275,1721051700,1721065800,94.68,TP
5929,XAUUSD,7102602,1,0.08,2434.45,2448.32,25.535,1721124900,1721151000,110.36,TP
5927,XAUUSD,7102601,1,0.2,2430.47,2444.65,13.015,1721073600,1721340300,244.815,SL
5934,XAUUSD,7102602,1,0.09,2473.74,2444.07,29.665,1721297100,1721340300,-267.615,SL
5932,NAS100,7102603,1,1.36,19898.2,19300.3,597.81,1721271600,1721790000,-833.965,SL
5940,XAUUSD,7102602,1,0.07,2404.55,2420.29,30.285,1721735400,1721835000,107.148,TP
5938,US500,7102603,1,4.97,5536.32,5414.43,121.893,1721617200,1721876400,-632.585,SL
5949,XAUUSD,7102602,1,0.04,2391.62,2406.15,31.895,1722334200,1722369600,57.82,TP
5947,US500,7102603,1,2.86,5419.99,5450.68,154.143,1721962800,1722394800,78.6771,EXPERT
5944,NAS100,7102603,1,0.53,19138.8,19554.8,835.719,1721876400,1722481200,206.803,EXPERT
5958,XAUUSD,7102602,1,0.03,2397.86,2416.43,39.035,1723040700,1723137000,52.2393,TP
5954,US500,7102603,1,1.86,5221.01,5334.73,242.114,1722999600,1723172400,203.98,EXPERT
5956,NAS100,7102603,1,0.37,17964.1,18508.3,1216.64,1722999600,1723172400,196.198,EXPERT
5960,US30,7102603,1,0.28,38688.5,39501.3,1566.03,1723086000,1723172400,225.479,EXPERT
5966,XAUUSD,7102602,1,0.05,2437.94,2451.3,36.268,1723457700,1723480500,66.46,TP
5969,XAUUSD,7102602,1,0.05,2474.44,2436.79,37.655,1723635600,1723737600,-194.234,SL
5974,XAUUSD,7102602,1,0.06,2509.22,2520.05,34.315,1724150400,1724151900,64.53,TP
5972,XAUUSD,7102601,1,0.15,2491.88,2487.68,14.675,1723824000,1724344200,-98.6359,SL
5980,XAUUSD,7102602,1,0.06,2523.62,2494.59,29.034,1724936100,1725049500,-176.936,SL
5978,NAS100,7102603,1,0.81,19141,19541.1,690.528,1724900400,1725246000,317.994,EXPERT
5984,XAUUSD,7102602,1,0.07,2505.51,2479.13,26.385,1725277500,1725381900,-187.858,SL
5987,XAUUSD,7102602,1,0.07,2507.34,2520.5,25.655,1725534600,1725549600,91.595,TP
5994,US30,7102603,1,0.62,40345.6,40819,928.353,1725850800,1725937200,288.688,EXPERT
5990,US500,7102603,1,3.71,5411.6,5491.85,155.274,1725850800,1726023600,289.868,EXPERT
5992,NAS100,7102603,1,0.71,18422.8,18815.7,803.212,1725850800,1726023600,273.793,EXPERT
6001,XAUUSD,7102602,1,0.11,2570.49,2584,26.245,1726224600,1726254300,147.895,TP
6004,XAUUSD,7102602,1,0.12,2577.45,2588.05,24.775,1726666500,1726693500,126.3,TP
5999,XAUUSD,7102601,1,0.27,2550.89,2565.95,11.404,1726171200,1726696800,362.171,SL
6008,XAUUSD,7102602,1,0.11,2579.55,2607.21,27.355,1726741200,1726826700,299.089,TP
6011,XAUUSD,7102602,1,0.11,2608.07,2630.4,28.134,1726827000,1727072700,240.41,TP
6013,XAUUSD,7102601,1,0.25,2610.01,2641.3,14.755,1726833600,1727703300,699.625,SL
6017,XAUUSD,7102602,1,0.11,2645.99,2657.61,27.245,1727780100,1727800200,126.995,TP
6020,XAUUSD,7102602,1,0.12,2652.3,2625.77,26.535,1728298800,1728408600,-324.106,SL
6023,XAUUSD,7102602,1,0.11,2617.84,2628.84,28.155,1728563700,1728579600,120.285,TP
6026,XAUUSD,7102602,1,0.12,2652.95,2667.61,26.355,1728990600,1729019100,175.02,TP
6031,XAUUSD,7102601,1,0.32,2679.78,2667.68,12.095,1729080000,1729101900,-389.28,SL
6029,XAUUSD,7102602,1,0.11,2678.95,2697.94,27.994,1729079700,1729224600,190.072,TP
6037,XAUUSD,7102602,1,0.13,2733.07,2744.84,24.875,1729510800,1729626600,146.634,TP
6040,XAUUSD,7102602,1,0.13,2754.53,2728.81,25.725,1729680000,1729703400,-335.335,SL
6034,XAUUSD,7102601,1,0.33,2692.44,2723.84,11.555,1729195200,1729704300,978.86,SL
6044,XAUUSD,7102602,1,0.11,2736.64,2755.24,27.725,1729764600,1730178000,189.954,TP
6049,XAUUSD,7102601,1,0.33,2769.61,2757.89,11.715,1730232000,1730393400,-445.038,SL
6052,US500,7102603,1,6.28,5718.99,5794.45,120.04,1730430000,1730858400,452.948,EXPERT
6046,US30,7102603,1,1.13,42295.9,42323.9,842.206,1730084400,1730858400,-51.727,EXPERT
6054,XAUUSD,7102602,1,0.09,2744.76,2717.36,27.395,1730722500,1730881500,-254.72,SL
6059,XAUUSD,7102602,1,0.09,2665.48,2686.42,32.928,1730971500,1730995200,187.848,TP
6062,XAUUSD,7102602,-1,0.08,2600.11,2576.39,36.145,1731403500,1731535200,188.583,TP
6065,XAUUSD,7102602,-1,0.08,2550.72,2590.38,39.665,1731575700,1731900300,-319.019,SL
6068,XAUUSD,7102602,-1,0.07,2627.74,2667.36,39.625,1732093500,1732184700,-279.41,SL
6071,XAUUSD,7102602,1,0.07,2694.22,2718.61,40.915,1732268100,1732498800,167.372,TP
6074,XAUUSD,7102602,1,0.08,2674.03,2689.85,34.765,1733834700,1733849100,126.04,TP
6077,XAUUSD,7102602,-1,0.1,2643.99,2631.81,30.535,1734433200,1734555600,120.315,TP
6080,XAUUSD,7102602,-1,0.09,2616.62,2601.11,34.955,1734960300,1735578600,136.294,TP
6083,XAUUSD,7102602,1,0.16,2647.81,2628.19,19.624,1736170500,1736177700,-315.104,SL
6086,XAUUSD,7102602,1,0.14,2653.94,2661.7,21.095,1736327400,1736352000,107.59,TP
6089,XAUUSD,7102602,1,0.15,2668.11,2679.59,21.075,1736426400,1736504400,164.955,TP
6091,XAUUSD,7102601,1,0.31,2672.74,2660.89,12.324,1736438400,1736790900,-395.026,SL
6095,XAUUSD,7102602,1,0.12,2684.07,2697.89,24.355,1736935800,1736994000,150.111,TP
6098,XAUUSD,7102602,1,0.13,2702.62,2714.91,24.075,1737023100,1737042000,158.795,TP
6100,XAUUSD,7102601,1,0.33,2705.59,2694.36,11.225,1737028800,1737336000,-400.037,SL
6106,XAUUSD,7102602,1,0.12,2731.39,2758.06,23.655,1737452400,1737532200,314.108,TP
6109,XAUUSD,7102602,1,0.12,2759.36,2775.38,26.485,1737545100,1737694800,171.251,TP
6112,XAUUSD,7102602,1,0.13,2779.14,2754.27,24.875,1737725700,1737951600,-329.789,SL
6104,XAUUSD,7102601,1,0.31,2726.28,2751.89,11.365,1737446400,1737964800,713.563,SL
6116,XAUUSD,7102602,1,0.12,2766.62,2774.4,25.455,1738228500,1738234200,92.46,TP
6119,XAUUSD,7102601,1,0.36,2795.71,2784.61,11.098,1738267200,1738546500,-432.815,SL
6122,XAUUSD,7102602,1,0.11,2796.74,2820.45,25.738,1738578300,1738601100,260.062,TP
6125,XAUUSD,7102601,1,0.28,2817.28,2841.98,13.465,1738612800,1738860900,628.527,SL
6127,XAUUSD,7102602,1,0.11,2864.28,2886.63,30.455,1738749600,1739177100,221.074,TP
6131,XAUUSD,7102602,1,0.1,2892.49,2919.06,31.965,1739179800,1739238000,260.508,TP
6133,XAUUSD,7102601,1,0.25,2903.22,2894.25,16.195,1739188800,1739285400,-236.979,SL
6137,XAUUSD,7102602,1,0.08,2937.45,2899.52,37.935,1739528400,1739553900,-304.04,SL
6142,XAUUSD,7102601,1,0.28,2945.63,2931.58,14.055,1739966400,1739973600,-395.5,SL
6145,XAUUSD,7102601,1,0.28,2951.64,2938.89,12.755,1740052800,1740061200,-359.1,SL
6140,XAUUSD,7102602,1,0.08,2940.13,2955.6,41.025,1739961600,1740412800,105.224,TP
6149,XAUUSD,7102602,1,0.07,2872.69,2885.49,36.815,1741007100,1741022400,89.075,TP
6152,XAUUSD,7102602,1,0.08,2899.38,2911.95,34.895,1741080600,1741083900,100.04,TP
6155,XAUUSD,7102602,1,0.07,2915.34,2934.32,37.015,1741340700,1741806300,123.085,TP
6158,XAUUSD,7102602,1,0.07,2947.8,2959.52,38.625,1741869300,1741887600,81.585,TP
6163,XAUUSD,7102602,1,0.08,2994.15,3006.99,38.105,1741954200,1742273700,94.8003,TP
6166,XAUUSD,7102602,1,0.1,3018.32,3036.51,32.025,1742292900,1742314800,181.15,TP
6161,XAUUSD,7102601,1,0.25,2980.28,3012.71,14.895,1741896000,1742575500,716.709,SL
6170,XAUUSD,7102602,1,0.11,3026.11,3038.18,30.495,1742811000,1743060900,106.695,TP
6173,XAUUSD,7102602,1,0.11,3040.14,3057.29,30.455,1743080400,1743096900,187.825,TP
6176,XAUUSD,7102601,1,0.33,3061.97,3111.47,12.505,1743134400,1743534000,1600.06,SL
6179,XAUUSD,7102601,1,0.19,3151.44,3129.07,22.3672,1743652800,1743668700,-426.307,SL
6182,XAUUSD,7102602,1,0.08,3128.02,3088.5,39.5157,1743775800,1743780600,-316.686,SL
6185,XAUUSD,7102602,1,0.06,3017.59,3053.02,51.825,1744124400,1744208100,209.396,TP
6190,XAUUSD,7102602,1,0.05,3223.36,3258.63,68.1125,1744370700,1744772400,168.594,TP
6193,XAUUSD,7102602,1,0.04,3297.2,3340.57,73.6785,1744798500,1744841100,173.206,TP
6196,XAUUSD,7102602,1,0.04,3394.37,3440.04,76.6665,1745229900,1745288100,180.32,TP
6188,XAUUSD,7102601,1,0.11,3179.68,3394.65,35.1396,1744335000,1745349600,2313.85,SL
6200,XAUUSD,7102602,1,0.04,3262.7,3297.69,79.9361,1746189300,1746447600,137.715,TP
6203,XAUUSD,7102602,1,0.05,3331.22,3257.59,73.6254,1746800100,1747044000,-371.017,SL
6206,XAUUSD,7102602,1,0.04,3235.95,3264.19,75.3636,1747742400,1747760400,112.666,TP
6209,XAUUSD,7102602,1,0.05,3333.69,3259.97,73.7245,1747997400,1748485800,-384.142,SL
6212,XAUUSD,7102602,1,0.05,3281.25,3316.05,65.7675,1748514300,1748534100,173.663,TP
6215,XAUUSD,7102602,1,0.06,3345.95,3389.95,58.3558,1748858700,1748913600,260.505,TP
6217,XAUUSD,7102601,1,0.17,3371.8,3345.58,26.2179,1748894400,1748969100,-455.679,SL
6221,XAUUSD,7102602,1,0.06,3388.06,3328.91,59.1497,1749126600,1749230100,-358.393,SL
6224,XAUUSD,7102602,1,0.06,3328.06,3359.66,54.781,1749464700,1749656100,183.079,TP
6227,XAUUSD,7102601,1,0.18,3416.7,3394.06,22.6415,1749787200,1750092600,-418.247,SL
6230,XAUUSD,7102602,1,0.07,3374.75,3331,43.7451,1750688100,1750754700,-310.308,SL
6233,XAUUSD,7102602,1,0.06,3344.32,3299.3,45.0226,1750933200,1751005200,-273.607,SL
6236,XAUUSD,7102602,1,0.06,3336.44,3361.11,43.712,1751364900,1751505300,135.296,TP
6239,XAUUSD,7102602,-1,0.06,3283.93,3328.11,44.175,1752061200,1752139200,-267.127,SL
6242,XAUUSD,7102602,1,0.05,3328.73,3342.24,43.1951,1752142200,1752225300,64.6854,TP
6245,XAUUSD,7102602,1,0.06,3345.77,3365.9,40.1726,1752240600,1752257700,120.344,TP
6248,XAUUSD,7102602,1,0.06,3374.71,3334.86,39.8549,1752489000,1752597300,-242.613,SL
6251,XAUUSD,7102602,1,0.06,3342.4,3359.4,38.2423,1752666900,1752689700,101.566,TP
6254,XAUUSD,7102602,1,0.06,3345,3357.4,37.6657,1752834000,1752849900,74.006,TP
6257,XAUUSD,7102602,1,0.07,3371.95,3395.1,33.6649,1753107900,1753116300,161.526,TP
6259,XAUUSD,7102601,1,0.21,3387.52,3392.88,15.3061,1753113600,1753297200,89.2707,SL
6267,XAUUSD,7102602,1,0.05,3363.97,3381.72,40.9742,1754316900,1754325900,88.3789,TP
6263,US30,7102603,1,1.03,44137.8,44236.4,829.588,1754017200,1754362800,84.0286,EXPERT
6265,US500,7102603,1,5.87,6249.31,6359.17,125.341,1754276400,1754535600,608.971,EXPERT
6272,XAUUSD,7102602,1,0.08,3388.1,3345.8,42.299,1754561400,1754926200,-347.253,SL
6275,XAUUSD,7102602,1,0.08,3358.3,3373.28,38.7767,1755080100,1755142200,107.002,TP
6278,NAS100,7102603,1,1.75,23359,23516.2,559.957,1755658800,1756090800,235.517,EXPERT
6281,XAUUSD,7102602,1,0.11,3369.97,3379.89,30.1846,1756133100,1756178400,102.643,TP
6284,XAUUSD,7102602,1,0.11,3399.71,3413.14,29.9169,1756381200,1756402800,146.994,TP
6289,XAUUSD,7102602,1,0.11,3548.91,3568.8,36.2288,1756910100,1756928400,218.033,TP
6287,XAUUSD,7102601,1,0.3,3415.68,3535.33,14.3323,1756411200,1756964700,3474.79,SL
6295,XAUUSD,7102602,1,0.1,3600.29,3619.56,39.843,1757325900,1757337000,191.97,TP
6298,XAUUSD,7102602,1,0.09,3649.8,3677.25,44.0071,1757508000,1757962200,221.422,TP
6301,XAUUSD,7102602,1,0.09,3696.04,3652.88,43.1606,1758021300,1758145800,-394.149,SL
6293,XAUUSD,7102601,1,0.2,3580.56,3638.74,22.9112,1757088000,1758186600,1017.35,SL
6305,XAUUSD,7102602,1,0.08,3671.92,3708.07,45.0487,1758198300,1758533400,279.694,TP
6308,XAUUSD,7102602,1,0.1,3722.25,3756.66,40.2326,1758541500,1758600900,337.649,TP
6313,XAUUSD,7102602,1,0.1,3759.44,3782.02,40.8361,1758627000,1758629400,225.139,TP
6316,XAUUSD,7102602,1,0.09,3778.33,3734.94,43.3872,1758710400,1758743100,-391.115,SL
6310,XAUUSD,7102601,1,0.22,3720.41,3726.41,21.5356,1758542400,1758749100,105.314,SL
6320,XAUUSD,7102602,1,0.09,3751.82,3773.8,43.0251,1758796800,1758906300,192.076,TP
6323,XAUUSD,7102601,1,0.21,3805.17,3803.25,22.7996,1759132800,1759234200,-54.0791,SL
6325,XAUUSD,7102602,1,0.1,3822.51,3878.42,41.2709,1759155600,1759315800,546.639,TP
6331,XAUUSD,7102601,1,0.18,3893.06,3866.38,26.6764,1759320000,1759334100,-481.436,SL
6329,XAUUSD,7102602,1,0.08,3878.33,3828.95,49.3753,1759316100,1759427100,-409.728,SL
6335,XAUUSD,7102602,1,0.07,3862.99,3887.72,51.684,1759487400,1759509900,172.592,TP
6340,XAUUSD,7102602,1,0.08,3945.5,3991.8,50.5408,1759748700,1759889700,360.12,TP
6338,XAUUSD,7102601,1,0.19,3900.68,3986.96,24.0971,1759723200,1760038500,1579.79,SL
6343,XAUUSD,7102602,1,0.07,4039.01,3983.41,55.5979,1759921800,1760038800,-402.64,SL
6347,XAUUSD,7102602,1,0.06,3997.05,4044.55,60.655,1760098200,1760318700,280.943,TP
6354,XAUUSD,7102602,1,0.06,4078.53,4131.98,63.1112,1760356500,1760415000,316.504,TP
6350,US500,7102603,1,9.38,6602.43,6650.96,135.149,1760324400,1760583600,394.887,EXPERT
6352,NAS100,7102603,1,1.83,24585.9,24743.8,690.464,1760324400,1760583600,245.148,EXPERT
6359,XAUUSD,7102602,1,0.05,4200.72,4247.41,72.4909,1760523000,1760628600,223.455,TP
6356,XAUUSD,7102601,1,0.13,4124.57,4267.68,37.2055,1760414400,1760718900,1817.68,SL
6365,XAUUSD,7102602,1,0.05,4279.33,4331.82,87.1271,1760972400,1760980800,262.115,TP
6368,XAUUSD,7102602,1,0.03,3985.58,4026.57,127.575,1761732600,1761741900,122.746,TP
6371,XAUUSD,7102602,1,0.03,3989.34,4056.57,128.015,1761825900,1762755000,185.023,TP
6373,US500,7102603,1,8.74,6773.52,6844.02,153.278,1762308000,1762826400,547.146,EXPERT
6376,XAUUSD,7102602,1,0.05,4078.78,4146.18,75.8311,1762766100,1762839000,333.503,TP
6380,XAUUSD,7102601,1,0.17,4199.71,4169.23,30.4844,1762977600,1763065800,-552.121,SL
6382,XAUUSD,7102602,1,0.06,4220.36,4144.6,75.7629,1763028000,1763126100,-458.821,SL
6388,XAUUSD,7102602,1,0.06,4048.63,4089.14,73.2587,1763470200,1763536500,238.92,TP
6391,XAUUSD,7102602,1,0.05,4103.79,4026.21,77.5835,1763553000,1763715600,-400.727,SL
6386,US30,7102603,1,1.05,46663.8,46423.8,1273.48,1763431200,1763949600,-308.572,EXPERT
6395,XAUUSD,7102602,1,0.04,4172.4,4209.21,83.2888,1764164100,1764354300,136.79,TP
6398,XAUUSD,7102601,1,0.21,4255.66,4232.5,23.1551,1764561600,1764565800,-487.727,SL
6401,XAUUSD,7102602,1,0.05,4258.91,4190.51,68.3958,1764590700,1764675000,-345.563,SL
6404,XAUUSD,7102602,1,0.06,4230.36,4175.35,55.0131,1764927000,1765267500,-338.185,SL
6407,XAUUSD,7102602,1,0.07,4202.56,4231.28,47.2813,1765278600,1765404600,196.041,TP
6412,XAUUSD,7102602,1,0.07,4287.37,4306.23,48.9479,1765530600,1765536600,131.545,TP
6410,XAUUSD,7102601,1,0.16,4278.89,4278.49,24.9976,1765483200,1765562400,-17.9466,SL
6418,XAUUSD,7102602,1,0.06,4347.7,4295.48,52.2227,1765796100,1765822800,-313.756,SL
6416,NAS100,7102603,1,1.6,25183,25024.8,664.081,1765764000,1766109600,-299.761,EXPERT
6421,US500,7102603,1,5.63,6729.48,6854.67,143.714,1766023200,1766368800,690.033,EXPERT
6425,XAUUSD,7102601,1,0.16,4382.97,4471.15,26.2396,1766376000,1766998500,1344.01,SL
6428,XAUUSD,7102602,1,0.06,4381.84,4316.36,65.4849,1767088200,1767167100,-397.306,SL
6435,XAUUSD,7102602,1,0.06,4382.98,4312.63,70.3456,1767348000,1767384600,-422.494,SL
6431,US500,7102603,1,11.66,6866.79,6896.35,112.102,1767319200,1767664800,313.567,EXPERT
6433,NAS100,7102603,1,2.3,25333.5,25412.3,567.235,1767319200,1767664800,158.732,EXPERT
6438,XAUUSD,7102602,1,0.05,4427.84,4483.91,72.3392,1767608400,1767717900,276.606,TP
6443,XAUUSD,7102601,1,0.15,4570.17,4541.08,33.9202,1768190400,1768584600,-500.823,SL
6445,XAUUSD,7102602,1,0.06,4619.29,4550.39,68.9045,1768481400,1768584600,-418.078,SL
6451,XAUUSD,7102602,1,0.06,4719.5,4777.18,65.1324,1768901100,1768959900,341.28,TP
6449,XAUUSD,7102601,1,0.13,4657.48,4781.91,35.4374,1768795200,1769031300,1597.98,SL
6454,US500,7102603,1,10.42,6800.25,6892.54,131.556,1768960800,1769047200,920.416,EXPERT
6456,NAS100,7102603,1,1.95,25003.1,25436.9,702.122,1768960800,1769047200,817.492,EXPERT
6461,XAUUSD,7102602,1,0.06,4831.28,4888.29,73.7417,1769072700,1769109600,341.63,TP
6466,XAUUSD,7102602,1,0.05,5096.5,5176.73,85.8727,1769506500,1769554200,400.787,TP
6469,XAUUSD,7102602,1,0.05,5272.68,5386.76,95.9369,1769591400,1769640000,570.066,TP
6464,XAUUSD,7102601,1,0.12,4904.83,5464.9,44.0277,1769112000,1769652000,6653.42,SL
6473,XAUUSD,7102601,1,0.09,5545.88,5475.7,70.1766,1769659200,1769683200,-632.219,SL
6476,XAUUSD,7102602,1,0.02,4900.4,5049.13,243.008,1770111000,1770174600,295.813,TP
6479,US500,7102603,1,7.86,6755.62,6957.08,201.419,1770343200,1770602400,1573.19,EXPERT
6481,NAS100,7102603,1,1.38,24269.1,25273.4,1140.94,1770343200,1770688800,1372.66,EXPERT
6485,XAUUSD,7102602,1,0.03,5020.22,5079.85,161.977,1771491900,1771625100,176.401,TP
6488,XAUUSD,7102601,1,0.14,5157.38,5117.33,44.1381,1771819200,1771948500,-572.836,SL
6491,XAUUSD,7102601,1,0.14,5354.96,5310.01,44.9543,1772415000,1772421900,-630.34,SL
6494,XAUUSD,7102601,1,0.13,5325.1,5277.88,47.2208,1772424000,1772474400,-614.781,SL
6496,XAUUSD,7102602,1,0.05,5401.08,5296.05,105.027,1772442600,1772474400,-525.487,SL
6500,XAUUSD,7102602,1,0.03,5194.96,5063.82,131.141,1772626200,1772730300,-400.702,SL
6503,XAUUSD,7102602,1,0.02,5190.78,5052.95,137.83,1773142800,1773424500,-283.685,SL
6505,US30,7102603,1,0.59,46727.7,46939.2,1970.72,1773370800,1773802800,108.668,EXPERT
6509,XAUUSD,7102602,-1,0.02,4739.27,4619.79,136.705,1773917100,1773933000,238.83,TP
6512,XAUUSD,7102602,-1,0.03,4691.03,4629.53,109.435,1776949800,1777365600,183.132,TP
6515,XAUUSD,7102602,-1,0.04,4619.95,4542.09,89.015,1777374300,1777479600,310.669,TP
6518,US30,7102603,1,1.2,48680.9,49782.4,1122.88,1777512600,1777599000,1310.22,EXPERT
6521,XAUUSD,7102602,-1,0.05,4585.47,4540.29,91.895,1777631700,1777900200,224.884,TP
6524,XAUUSD,7102602,-1,0.05,4686.53,4647.12,93.805,1778675100,1778801100,194.772,TP
6527,XAUUSD,7102602,-1,0.06,4554.93,4453.05,88.275,1778844900,1779889500,603.27,TP
6530,XAUUSD,7102602,-1,0.06,4497.85,4452.25,87.515,1780310700,1780332900,273.15,TP
6533,XAUUSD,7102602,-1,0.06,4453.19,4411.7,87.705,1780484400,1780674900,245.587,TP
6540,XAUUSD,7102601,-1,0.16,4288.47,4329.84,41.375,1780920000,1780928400,-663.12,SL
6545,XAUUSD,7102602,-1,0.06,4163.98,4108.01,91.155,1781089500,1781117400,335.37,TP
6543,XAUUSD,7102601,-1,0.13,4262.98,4160.86,45.705,1781038800,1781210400,1320.64,SL
6536,US500,7102603,1,10.03,7363.21,7393.82,166.346,1780884000,1781227800,221.278,EXPERT
6538,NAS100,7102603,1,1.51,28866.7,29414.6,1101.76,1780884000,1781227800,776.428,EXPERT
6551,XAUUSD,7102602,-1,0.05,4266.56,4212.92,109.415,1781784000,1781820000,267.825,TP
6554,XAUUSD,7102602,-1,0.05,4104.97,4016.72,105.155,1782211500,1782314700,440.304,TP
6557,XAUUSD,7102601,-1,0.15,3987.45,4032.16,44.705,1782316800,1782319800,-671.625,SL
6560,XAUUSD,7102602,-1,0.06,4034.11,3997.61,91.765,1782737700,1782790500,217.881,TP
6563,XAUUSD,7102602,-1,0.06,3961.18,4055.91,94.725,1782900900,1782923700,-568.77,SL
6566,XAUUSD,7102602,-1,0.06,4143.05,4084.68,89.895,1783341000,1783509300,348.392,TP
6569,XAUUSD,7102602,-1,0.06,4088.51,4050.89,94.045,1783509600,1783512000,225.33,TP
6572,XAUUSD,7102602,-1,0.06,4020.22,3979.42,90.535,1784112000,1784217600,242.38,TP
6575,XAUUSD,7102602,-1,0.07,4110.3,4081.21,78.585,1784801400,1784816400,203.105,TP
6578,XAUUSD,7102602,-1,0.07,4032.1,4104.53,72.435,1785242400,1785361800,-508.318,SL
6581,XAUUSD,7102602,-1,0.07,4069.53,4034.37,72.335,1785494100,1785515700,245.665,TP
6584,XAUUSD,7102602,-1,0.08,4046.78,4116.91,70.125,1785760500,1785908100,-563.367,SL
6587,XAUUSD,7102602,1,0.06,4300.11,4369.3,83.3888,1786101300,1786117200,414.727,TP
6590,XAUUSD,7102602,1,0.06,4423.74,4338.09,85.648,1786537500,1786678200,-530.415,SL
6593,XAUUSD,7102602,1,0.06,4362.66,4414.07,90.4739,1786718700,1786940400,304.006,TP
6598,XAUUSD,7102602,1,0.06,4362.58,4400.5,86.0339,1787139900,1787153700,227.077,TP
6601,XAUUSD,7102601,1,0.18,4521.11,4484.22,36.8865,1787189400,1787201400,-665.216,SL
6606,XAUUSD,7102602,1,0.05,4572.93,4631.86,98.1512,1787311200,1787342700,294.294,TP
6596,US30,7102603,1,1.8,53471.9,53468.1,950.754,1787016600,1787621400,-137.507,EXPERT
6604,NAS100,7102603,1,2.06,29254.8,29377,782.095,1787277600,1787794200,181.585,EXPERT
6608,XAUUSD,7102601,1,0.16,4584.49,4575.71,40.3619,1787313600,1787835600,-209.323,SL
6616,XAUUSD,7102601,-1,0.15,4306.93,4350.08,43.155,1788336000,1788366300,-648.375,SL
6619,XAUUSD,7102602,1,0.05,4444.36,4502.36,103.351,1788447600,1788458700,289.646,TP
6614,US30,7102603,1,1.95,53243.9,53650.6,871.902,1788226200,1788485400,692.372,EXPERT
6625,US500,7102603,1,13.03,7595.99,7656.41,131.595,1789092000,1789349400,767.986,EXPERT
6628,XAUUSD,7102602,-1,0.06,4318.88,4284.06,94.435,1789380600,1789388700,208.47,TP
6631,XAUUSD,7102601,-1,0.17,4270.81,4311.32,40.512,1789401600,1789415100,-689.894,SL
6634,XAUUSD,7102602,-1,0.06,4277.65,4366.1,88.455,1789469700,1789592400,-531.865,SL
6623,US30,7102603,1,1.66,52066.1,52018.4,1029.19,1789090200,1790040600,-229.821,EXPERT
