ticket,symbol,magic,dir,volume,open,close,sl_dist,t_open,t_close,pnl,reason
1001,XAUUSD,7102602,1,0.06,671.33,673.43,6.15,1180957200,1180978200,12.18,TP
1004,XAUUSD,7102602,1,0.06,673.13,667.38,5.75,1181053200,1181136000,-35.5338,SL
1007,XAUUSD,7102602,-1,0.06,655.62,650.62,6.44,1181302800,1181322000,29.58,TP
1010,XAUUSD,7102602,-1,0.05,651.82,649.62,6.72,1181647500,1181659800,10.65,TP
1013,XAUUSD,7102602,-1,0.05,644.42,651.71,7.29,1181732700,1181753400,-36.8,SL
1016,XAUUSD,7102602,-1,0.05,650.02,657.92,7.9,1181907300,1182151200,-39.9409,SL
1019,XAUUSD,7102602,-1,0.05,654.82,661.87,7.05,1182250200,1182279000,-35.6,SL
1022,XAUUSD,7102602,-1,0.05,651.82,648.72,7.77,1182429600,1182447000,15.15,TP
1025,XAUUSD,7102602,-1,0.05,651.22,649.02,7.08,1182765900,1182784800,10.65,TP
1028,XAUUSD,7102602,-1,0.06,648.32,645.22,6.2,1182853200,1182875100,18.18,TP
1031,XAUUSD,7102602,-1,0.06,647.02,653.54,6.52,1183720500,1183739700,-39.54,SL
1034,XAUUSD,7102601,1,0.16,665.13,662.31,2.82,1184140800,1184164500,-46.24,SL
1037,XAUUSD,7102602,1,0.05,664.33,666.83,6.79,1184244000,1184254800,12.15,TP
1040,XAUUSD,7102601,1,0.17,667.03,664.33,2.7,1184256000,1184344800,-48.8223,SL
1042,XAUUSD,7102602,1,0.06,668.43,670.63,6.51,1184321100,1184776200,10.9501,TP
1048,XAUUSD,7102602,1,0.06,673.73,675.63,6.24,1184842500,1184871000,10.98,TP
1051,XAUUSD,7102602,1,0.06,684.33,686.93,6.28,1185200400,1185287700,14.556,TP
1046,XAUUSD,7102601,1,0.17,673.23,679.71,2.65,1184788800,1185330300,96.6586,SL
1055,XAUUSD,7102602,-1,0.05,659.42,666.77,7.35,1185965400,1185982500,-37.1,SL
1058,XAUUSD,7102602,1,0.05,665.73,668.03,7.55,1186056000,1186155000,10.6424,TP
1061,XAUUSD,7102602,1,0.05,674.43,666.99,7.44,1186400400,1186497900,-38.0632,SL
1064,XAUUSD,7102602,1,0.05,671.33,663.68,7.65,1187012100,1187180400,-39.6222,SL
1067,XAUUSD,7102602,1,0.04,668.63,672.53,8.6,1188565500,1188568800,15.32,TP
1072,XAUUSD,7102602,1,0.06,674.13,676.13,5.84,1188906000,1188920400,11.58,TP
1075,XAUUSD,7102602,1,0.06,685.03,687.73,6.16,1189073100,1189088400,15.78,TP
1078,XAUUSD,7102602,1,0.05,706.53,699.37,7.16,1189419300,1189445700,-36.15,SL
1070,XAUUSD,7102601,1,0.16,672.53,705.52,2.88,1188576000,1189612800,509.904,SL
1082,XAUUSD,7102602,1,0.05,707.53,710.33,8.09,1189780500,1189783200,13.65,TP
1085,XAUUSD,7102601,1,0.11,716.63,712.33,4.3,1189785600,1189793700,-48.07,SL
1088,XAUUSD,7102602,1,0.04,712.73,715.93,8.36,1190025900,1190042700,12.52,TP
1091,XAUUSD,7102602,1,0.04,717.83,720.43,8.42,1190109900,1190118900,10.12,TP
1096,XAUUSD,7102602,1,0.04,728.23,733.53,9.68,1190283300,1190300400,20.92,TP
1094,XAUUSD,7102601,1,0.09,724.13,724.22,5,1190165400,1190712000,-5.81349,SL
1100,XAUUSD,7102602,1,0.04,731.83,735.43,10.31,1190894400,1190902800,14.12,TP
1103,XAUUSD,7102601,1,0.11,744.83,740.33,4.5,1190995200,1191305700,-52.774,SL
1106,XAUUSD,7102602,1,0.03,746.43,751.03,10.82,1192097400,1192125600,13.59,TP
1109,XAUUSD,7102601,1,0.11,751.23,746.88,4.35,1192132800,1192136700,-48.62,SL
1112,XAUUSD,7102602,1,0.03,748.53,752.13,10.87,1192187100,1192428000,10.2465,TP
1115,XAUUSD,7102602,1,0.04,756.33,762.13,10.22,1192444800,1192520100,22.4563,TP
1117,XAUUSD,7102601,1,0.12,755.93,754.55,4.1,1192449600,1192551600,-18.7911,SL
1121,XAUUSD,7102602,1,0.03,762.13,766.33,11.49,1192716900,1192717800,12.39,TP
1124,XAUUSD,7102601,1,0.08,768.93,763,5.93,1192757400,1192809600,-48,SL
1129,XAUUSD,7102602,1,0.03,778.73,788.4,10.59,1193409600,1193623500,28.4403,TP
1127,XAUUSD,7102601,1,0.14,772.83,783.82,3.36,1193371200,1193726100,149.511,SL
1132,XAUUSD,7102602,1,0.04,793.93,783.48,10.45,1193663400,1193726400,-42.563,SL
1136,XAUUSD,7102602,1,0.03,785.43,791.03,11.09,1193835900,1193851500,16.59,TP
1139,XAUUSD,7102601,1,0.08,798.23,792.56,5.67,1193882700,1193912400,-45.92,SL
1142,XAUUSD,7102602,1,0.03,792.13,796.33,11.9,1194008100,1194014400,12.39,TP
1145,XAUUSD,7102601,1,0.07,807.03,800.67,6.36,1194033600,1194253500,-45.8723,SL
1148,XAUUSD,7102602,1,0.03,805.53,809.63,11.49,1194270600,1194286500,12.09,TP
1151,XAUUSD,7102602,1,0.03,815.73,823.63,11.39,1194345900,1194367500,23.49,TP
1153,XAUUSD,7102601,1,0.08,818.43,828.79,5.59,1194350400,1194462000,81.313,SL
1156,XAUUSD,7102602,1,0.03,838.03,823.72,12.2,1194427800,1194483900,-44.28,SL
1160,XAUUSD,7102602,1,0.02,807.13,811.73,15.4,1195038600,1195043400,9.06,TP
1163,XAUUSD,7102602,1,0.02,786.83,800.53,16.49,1195549500,1195591500,27.26,TP
1166,XAUUSD,7102602,1,0.02,829.93,835.63,16.85,1196071500,1196074500,11.26,TP
1169,XAUUSD,7102602,1,0.02,799.53,804.23,15.52,1197278100,1197300000,9.26,TP
1172,XAUUSD,7102602,1,0.02,807.73,813.63,16.03,1197459000,1197471600,11.66,TP
1175,XAUUSD,7102602,1,0.02,796.23,801.1,14.17,1197973200,1197986100,9.6,TP
1178,XAUUSD,7102602,1,0.02,803.33,808.23,15.04,1198055100,1198248300,8.68143,TP
1183,XAUUSD,7102602,1,0.03,829.13,833.93,11.34,1198843200,1198857900,14.19,TP
1181,XAUUSD,7102601,1,0.11,818.53,829.17,4.26,1198684800,1199120100,109.328,SL
1189,XAUUSD,7102602,1,0.04,858.43,863.43,10.67,1199352000,1199355000,19.72,TP
1187,XAUUSD,7102601,1,0.1,842.23,854,5.05,1199275200,1199462400,111.752,SL
1193,XAUUSD,7102602,1,0.04,860.73,865.33,10.72,1199708100,1199781000,17.5962,TP
1196,XAUUSD,7102602,1,0.03,872.83,882.9,10.94,1199783700,1199840700,29.5976,TP
1198,XAUUSD,7102601,1,0.07,872.63,871.1,6.72,1199793600,1199972700,-14.9571,SL
1202,XAUUSD,7102602,1,0.02,895.53,902.03,14.79,1200043200,1200297900,12.5865,TP
1207,XAUUSD,7102602,1,0.03,907.73,893.4,14.33,1200305100,1200420600,-43.6145,SL
1204,XAUUSD,7102601,1,0.06,900.93,892.7,8.23,1200297600,1200431700,-50.629,SL
1211,XAUUSD,7102602,1,0.02,884.93,866.69,18.24,1200577200,1200920700,-37.1575,SL
1214,XAUUSD,7102602,1,0.02,864.43,876.43,17.69,1200999900,1201011600,23.86,TP
1219,XAUUSD,7102602,1,0.02,917.53,924.33,20.84,1201252200,1201540500,13.1809,TP
1222,XAUUSD,7102602,1,0.02,932.73,913.36,19.37,1201609200,1201882200,-40.2944,SL
1217,XAUUSD,7102601,1,0.05,914.43,909.07,9.26,1201248000,1201882500,-32.0928,SL
1226,XAUUSD,7102602,1,0.02,894.03,900.63,20.15,1202292900,1202311500,13.06,TP
1229,XAUUSD,7102602,1,0.02,909.13,918.73,19.74,1202380200,1202487900,18.7816,TP
1232,XAUUSD,7102602,1,0.02,913.63,897.3,16.33,1202980500,1203098400,-33.0772,SL
1235,XAUUSD,7102602,1,0.03,912.63,918.63,13.62,1203418500,1203421500,17.79,TP
1240,XAUUSD,7102602,1,0.02,943.13,948.33,15.72,1203586200,1203586500,10.26,TP
1238,XAUUSD,7102601,1,0.07,938.73,933.18,6.79,1203557400,1203958800,-41.3608,SL
1246,XAUUSD,7102602,1,0.02,959.03,964.83,16.46,1204203600,1204217700,11.46,TP
1249,XAUUSD,7102602,1,0.02,987.43,972.17,15.26,1204638300,1204650600,-30.66,SL
1244,XAUUSD,7102601,1,0.07,956.23,968.62,6.88,1204099200,1204650900,80.0352,SL
1253,XAUUSD,7102602,1,0.02,978.63,961.04,17.59,1205143500,1205162700,-35.32,SL
1256,XAUUSD,7102602,1,0.02,975.13,980.93,17.98,1205235000,1205238900,11.46,TP
1259,XAUUSD,7102602,1,0.02,989.53,997.13,18.97,1205405100,1205418300,15.06,TP
1262,XAUUSD,7102601,1,0.07,996.93,989.94,6.99,1205424000,1205437200,-49.42,SL
1265,XAUUSD,7102601,1,0.06,1027.43,1020.12,7.31,1205726400,1205747100,-44.28,SL
1268,XAUUSD,7102602,1,0.02,1003.13,1011.33,20.22,1205836500,1205851500,16.26,TP
1271,XAUUSD,7102602,1,0.01,992.33,970.02,22.31,1205923800,1205938500,-22.38,SL
1274,XAUUSD,7102602,-1,0.01,913.42,940.63,27.21,1206013200,1206491100,-27.3822,SL
1277,XAUUSD,7102602,-1,0.01,881.82,909.61,27.79,1207148100,1207325700,-27.9604,SL
1280,XAUUSD,7102602,-1,0.01,916.82,908.62,19.68,1207663500,1207666800,8.13,TP
1283,XAUUSD,7102602,-1,0.01,903.62,924.05,20.43,1207736400,1207758600,-20.5,SL
1286,XAUUSD,7102601,1,0.07,950.63,944.56,6.07,1208433600,1208439900,-42.98,SL
1289,XAUUSD,7102602,-1,0.02,915.12,908.92,17.63,1208776800,1208959200,12.1582,TP
1292,XAUUSD,7102602,-1,0.01,877.92,865.52,19.47,1209117900,1209551400,12.2564,TP
1295,XAUUSD,7102602,-1,0.02,871.12,861.62,18.17,1209637200,1209652200,18.86,TP
1298,XAUUSD,7102602,-1,0.02,871.92,865.72,16.84,1210161900,1210171500,12.26,TP
1301,XAUUSD,7102602,-1,0.02,879.62,870.92,15.3,1210586700,1210689600,17.211,TP
1304,XAUUSD,7102602,-1,0.02,860.72,876.73,16.01,1210761600,1210863600,-32.3041,SL
1309,XAUUSD,7102602,1,0.02,910.53,917.9,14.56,1211192100,1211301300,14.3235,TP
1307,XAUUSD,7102601,1,0.06,896.73,912.9,7.38,1210953600,1211900400,88.9985,SL
1312,XAUUSD,7102602,1,0.02,924.23,907.91,16.32,1211538600,1211901600,-33.346,SL
1316,XAUUSD,7102602,-1,0.02,894.32,888.62,16.49,1212059400,1212072900,11.26,TP
1319,XAUUSD,7102602,-1,0.02,881.12,896.83,15.71,1212401100,1212426600,-31.56,SL
1322,XAUUSD,7102602,-1,0.02,869.72,885.95,16.23,1212660300,1212754800,-32.6488,SL
1325,XAUUSD,7102602,-1,0.02,898.32,890.52,15.32,1213021500,1213064400,15.4104,TP
1328,XAUUSD,7102602,-1,0.02,882.42,873.82,15.65,1213092300,1213116900,17.06,TP
1331,XAUUSD,7102602,-1,0.02,865.92,883.71,17.79,1213279200,1213626900,-35.8167,SL
1334,XAUUSD,7102602,-1,0.02,879.62,896.33,16.35,1213711800,1213837500,-33.758,SL
1337,XAUUSD,7102602,1,0.02,903.13,885.76,17.37,1213963500,1214231400,-35.1554,SL
1340,XAUUSD,7102602,-1,0.02,884.92,880.02,16.39,1214397600,1214411700,9.66,TP
1345,XAUUSD,7102602,1,0.02,921.83,932.93,18.27,1214563800,1214820900,21.7766,TP
1348,XAUUSD,7102602,1,0.02,929.13,935.63,16.57,1214907000,1214924400,12.86,TP
1343,XAUUSD,7102601,1,0.06,915.03,926.74,6.54,1214530200,1215403800,62.9708,SL
1352,XAUUSD,7102602,1,0.02,932.23,916.31,15.92,1215512100,1215536100,-31.98,SL
1355,XAUUSD,7102602,1,0.02,924.43,931.83,17.09,1215599100,1215701700,13.8095,TP
1360,XAUUSD,7102602,1,0.02,975.73,981.53,15.27,1216116300,1216120500,11.46,TP
1358,XAUUSD,7102601,1,0.06,945.73,967.69,6.82,1215739800,1216226400,128.67,SL
1363,XAUUSD,7102602,1,0.02,977.33,960.93,16.4,1216211100,1216227900,-32.94,SL
1367,XAUUSD,7102602,1,0.02,963.33,969.83,17.02,1216383300,1216716000,12.2731,TP
1370,XAUUSD,7102602,1,0.02,973.73,957.47,16.26,1216728000,1216742400,-32.66,SL
1373,XAUUSD,7102602,-1,0.02,909.42,904.42,15.66,1217849400,1217856600,9.86,TP
1378,XAUUSD,7102601,-1,0.07,874.62,881.33,6.71,1217986200,1218010500,-47.46,SL
1376,XAUUSD,7102602,-1,0.02,882.02,870.12,16.27,1217943000,1218126000,23.4649,TP
1384,XAUUSD,7102602,-1,0.02,859.32,850.12,16.72,1218198900,1218476100,18.2124,TP
1382,XAUUSD,7102601,-1,0.07,870.22,822.71,6.94,1218139200,1218551700,331.584,SL
1388,XAUUSD,7102602,-1,0.02,827.12,818.92,20.76,1218724200,1218726000,16.26,TP
1391,XAUUSD,7102601,-1,0.04,793.72,805.39,11.67,1218772800,1219167600,-47.1362,SL
1393,XAUUSD,7102602,-1,0.01,784.02,806.81,22.79,1218796200,1219167600,-22.9041,SL
1397,XAUUSD,7102602,-1,0.02,828.12,822.32,16.8,1220273700,1220281500,11.46,TP
1400,XAUUSD,7102602,-1,0.02,798.92,815.41,16.49,1220365800,1220627700,-33.3423,SL
1403,XAUUSD,7102602,-1,0.02,809.92,803.62,16.93,1220868300,1220875800,12.46,TP
1406,XAUUSD,7102602,-1,0.02,794.82,787.32,17.24,1220957400,1220972100,14.86,TP
1411,XAUUSD,7102602,-1,0.02,742.02,763.51,21.49,1221128100,1221253500,-43.1615,SL
1409,XAUUSD,7102601,-1,0.04,780.82,779.93,11.06,1220976000,1221440700,2.77502,SL
1415,XAUUSD,7102602,-1,0.01,775.32,765.42,22.04,1221479100,1221486000,9.83,TP
1418,XAUUSD,7102602,1,0.01,858.03,888.23,33.97,1221834600,1222097700,29.9967,TP
1421,XAUUSD,7102602,1,0.01,890.63,904.63,37.82,1222250700,1222444200,13.3918,TP
1424,XAUUSD,7102602,1,0.01,873.63,886.53,33.69,1223374800,1223381700,12.83,TP
1427,XAUUSD,7102602,1,0.01,908.83,873.64,35.19,1223460300,1223664600,-35.8157,SL
1430,XAUUSD,7102602,-1,0.01,853.42,835.12,40.37,1223901300,1223913300,18.23,TP
1435,XAUUSD,7102602,-1,0.01,792.92,776.92,38.68,1224513900,1224595800,15.9079,TP
1438,XAUUSD,7102602,-1,0.01,755.32,739.22,40.29,1224671700,1224702600,16.03,TP
1441,XAUUSD,7102602,-1,0.01,716.42,701.22,40.62,1224763200,1224774000,15.13,TP
1433,XAUUSD,7102601,-1,0.03,805.22,727.02,15.18,1224172800,1224870000,233.884,SL
1444,XAUUSD,7102602,-1,0.01,696.02,737.03,41.01,1224843900,1224872100,-41.08,SL
1448,XAUUSD,7102602,-1,0.01,708.02,747.9,39.88,1225104000,1225183200,-39.9703,SL
1451,XAUUSD,7102602,-1,0.01,741.02,729.42,36.59,1225279800,1225423500,11.4465,TP
1454,XAUUSD,7102602,-1,0.01,724.72,762.29,37.57,1225448400,1225818000,-37.6801,SL
1457,XAUUSD,7102602,1,0.01,802.33,816.63,23.54,1227522000,1227524400,14.23,TP
1460,XAUUSD,7102602,1,0.01,817.53,825.7,25.32,1227605100,1227624000,8.1,TP
1463,XAUUSD,7102602,-1,0.01,765.12,754.22,22.64,1228209000,1228488000,10.7225,TP
1466,XAUUSD,7102602,-1,0.01,767.22,790.52,23.3,1228814400,1228914600,-23.3916,SL
1469,XAUUSD,7102602,1,0.01,820.73,837.73,22.91,1228992900,1229357700,16.6793,TP
1472,XAUUSD,7102602,1,0.01,854.53,862.23,23.93,1229505600,1229525400,7.63,TP
1475,XAUUSD,7102601,1,0.06,881.93,873.22,8.3,1230523200,1230564000,-52.68,SL
1478,XAUUSD,7102602,1,0.02,864.83,846.22,18.61,1231321200,1231344600,-37.36,SL
1481,XAUUSD,7102602,1,0.02,858.03,864.63,20.32,1231506600,1231524300,13.06,TP
1484,XAUUSD,7102601,-1,0.04,828.52,834.83,10.95,1231776000,1232118300,-26.0634,SL
1486,XAUUSD,7102602,-1,0.02,814.12,836.06,21.94,1231847400,1232118300,-44.2461,SL
1492,XAUUSD,7102602,1,0.02,898.13,906.73,22.16,1232961300,1232969700,17.06,TP
1490,XAUUSD,7102601,1,0.04,871.73,882.4,11.05,1232712000,1233174300,40.7501,SL
1496,XAUUSD,7102601,1,0.05,921.83,911.45,10.38,1233316800,1233332100,-52.25,SL
1499,XAUUSD,7102601,1,0.04,927.83,917.04,10.79,1233345600,1233543000,-44.0061,SL
1502,XAUUSD,7102602,1,0.01,903.83,910.73,22.44,1233655800,1233673200,6.83,TP
1505,XAUUSD,7102602,1,0.01,916.73,894.26,22.47,1233926700,1234190100,-22.6791,SL
1508,XAUUSD,7102602,1,0.02,900.23,907.53,18.85,1234273200,1234275600,14.46,TP
1511,XAUUSD,7102602,1,0.02,917.93,926,20.06,1234343400,1234354200,16,TP
1516,XAUUSD,7102602,1,0.02,941.53,947.93,20.77,1234429500,1234455300,12.66,TP
1519,XAUUSD,7102602,1,0.02,943.43,949.43,18.22,1234781100,1234845900,11.5724,TP
1522,XAUUSD,7102602,1,0.02,962.43,981.33,16.8,1234864800,1234989600,37.364,TP
1525,XAUUSD,7102602,1,0.02,977.13,983.73,18.06,1235121600,1235132700,13.06,TP
1514,XAUUSD,7102601,1,0.05,938.23,979.08,8.99,1234368000,1235403000,195.095,SL
1529,XAUUSD,7102602,1,0.02,955.63,933.56,22.07,1235640600,1235666400,-44.28,SL
1532,XAUUSD,7102602,1,0.02,946.33,955.83,21.91,1235725800,1235744400,18.86,TP
1535,XAUUSD,7102602,1,0.02,957.53,936.16,21.37,1235985900,1236009000,-42.88,SL
1538,XAUUSD,7102602,1,0.01,938.13,947.33,22.72,1237466100,1237472400,9.13,TP
1541,XAUUSD,7102602,-1,0.03,893.12,888.41,14.41,1239712200,1239718500,13.92,TP
1544,XAUUSD,7102602,-1,0.03,884.86,897.8,12.94,1240317300,1240502100,-39.3261,SL
1547,XAUUSD,7102601,1,0.08,906.11,899.6,6.51,1240516800,1240884300,-55.9665,SL
1550,XAUUSD,7102602,-1,0.03,889.56,883.04,14.32,1240928700,1241101200,19.0511,TP
1553,XAUUSD,7102602,-1,0.02,880.9,896.44,15.54,1241174100,1241451000,-31.2692,SL
1556,XAUUSD,7102602,1,0.03,917.54,922.67,14.13,1242123000,1242135900,15.18,TP
1559,XAUUSD,7102601,1,0.1,925.78,920.54,5.24,1242187200,1242222900,-53.1,SL
1562,XAUUSD,7102602,1,0.03,931.41,936.22,12.75,1242824400,1242833400,14.22,TP
1567,XAUUSD,7102602,1,0.03,954.56,958.56,12.25,1242996000,1243001400,11.79,TP
1565,XAUUSD,7102601,1,0.1,937.88,945.77,5.1,1242835200,1243335900,69.5205,SL
1571,XAUUSD,7102602,1,0.03,951.08,955.08,11.21,1243432800,1243445700,11.79,TP
1574,XAUUSD,7102602,1,0.03,951.73,958.14,11.64,1243515300,1243524000,19.02,TP
1579,XAUUSD,7102602,1,0.03,970.66,979.24,11.92,1243593000,1243614600,25.53,TP
1582,XAUUSD,7102602,1,0.03,987.34,975.36,11.98,1243850700,1243873500,-36.15,SL
1577,XAUUSD,7102601,1,0.08,965.54,969.81,6.24,1243584000,1243932600,31.213,SL
1586,XAUUSD,7102602,1,0.03,978.48,986.81,12.33,1243947300,1244013000,24.3295,TP
1589,XAUUSD,7102602,1,0.03,972.5,977.46,14.16,1244127600,1244134500,14.67,TP
1592,XAUUSD,7102602,1,0.02,981.82,966.71,15.11,1244212500,1244213100,-30.36,SL
1595,XAUUSD,7102602,1,0.02,955.51,963.5,15.41,1244555400,1244640000,15.5486,TP
1598,XAUUSD,7102602,-1,0.02,930.82,923.24,16.64,1245060600,1245669900,14.6564,TP
1601,XAUUSD,7102602,1,0.03,946.36,933.67,12.69,1246023000,1246374300,-39.1403,SL
1604,XAUUSD,7102602,-1,0.04,924.69,918.79,10.83,1246875000,1247041500,23.1148,TP
1607,XAUUSD,7102602,-1,0.03,917.36,910.55,11.79,1247063100,1247073300,20.22,TP
1610,XAUUSD,7102602,-1,0.03,910.5,922.26,11.76,1247220300,1247513100,-35.566,SL
1615,XAUUSD,7102601,1,0.12,951.99,947.68,4.31,1248091200,1248108300,-52.56,SL
1613,XAUUSD,7102602,1,0.04,948.06,956.41,9.14,1248087300,1248347700,30.2169,TP
1619,XAUUSD,7102602,-1,0.04,934.77,948.96,10.31,1249038000,1249062300,-57.04,SL
1622,XAUUSD,7102602,1,0.04,955.6,959.02,10.59,1249296300,1249307100,13.4,TP
1627,XAUUSD,7102602,1,0.03,966.89,970.98,11.46,1249566300,1249569600,12.06,TP
1625,XAUUSD,7102601,1,0.09,963.62,957.71,5.91,1249416000,1249588800,-59.1267,SL
1631,XAUUSD,7102602,1,0.03,953.67,957.95,12.63,1250160300,1250167200,12.63,TP
1634,XAUUSD,7102602,1,0.03,958.64,946.77,11.87,1250256600,1250271000,-35.82,SL
1637,XAUUSD,7102602,-1,0.03,932.52,943.79,11.27,1250676300,1250697000,-34.02,SL
1640,XAUUSD,7102602,-1,0.03,939.31,950.78,11.47,1250778900,1250864700,-34.6984,SL
1643,XAUUSD,7102602,1,0.03,948.1,952.5,11.01,1251207600,1251211500,12.99,TP
1646,XAUUSD,7102602,1,0.03,949.71,954.29,11.59,1251281100,1251469200,11.796,TP
1651,XAUUSD,7102602,1,0.03,979.88,984.96,12.42,1251974700,1251979800,15.03,TP
1654,XAUUSD,7102602,1,0.03,992.05,996.34,13.51,1252074900,1252318800,12.2043,TP
1649,XAUUSD,7102601,1,0.09,965.17,991.48,5.36,1251907200,1252526700,226.66,SL
1660,XAUUSD,7102601,1,0.07,1008.95,1001.68,7.27,1252684800,1252694400,-51.38,SL
1658,XAUUSD,7102602,1,0.03,1003.91,1012.23,13.08,1252680300,1253086800,23.3697,TP
1664,XAUUSD,7102601,1,0.08,1016.22,1009.88,6.34,1253088000,1253267700,-56.2479,SL
1666,XAUUSD,7102602,1,0.03,1019.72,1003.08,14.1,1253101800,1253495100,-52.4545,SL
1670,XAUUSD,7102602,1,0.03,1014.44,1002.81,11.63,1253613900,1253808900,-36.9509,SL
1673,XAUUSD,7102602,1,0.03,994.74,1002.57,12.89,1254149400,1254314100,22.3713,TP
1676,XAUUSD,7102602,1,0.03,1023.5,1029.19,12.85,1254829800,1254838800,16.86,TP
1681,XAUUSD,7102602,1,0.03,1043.9,1050.41,14.54,1254909900,1254971700,17.884,TP
1684,XAUUSD,7102602,1,0.03,1056.73,1062.2,12.77,1255428300,1255429500,16.2,TP
1679,XAUUSD,7102601,1,0.08,1035.61,1052.31,6.14,1254844800,1255606500,118.874,SL
1688,XAUUSD,7102602,1,0.03,1056.72,1064.3,14,1255948200,1255991700,22.53,TP
1691,XAUUSD,7102602,1,0.03,1064.73,1051.2,13.53,1256308800,1256318400,-40.8,SL
1696,XAUUSD,7102602,1,0.03,1089.97,1094.86,14.88,1257416100,1257501900,13.9609,TP
1699,XAUUSD,7102602,1,0.03,1108.38,1118.22,13.81,1257757800,1257956700,28.2972,TP
1694,XAUUSD,7102601,1,0.07,1081.81,1101.86,7,1257307200,1258074600,126.894,SL
1703,XAUUSD,7102602,1,0.03,1109.41,1115.72,14.33,1258104300,1258133400,18.72,TP
1708,XAUUSD,7102602,1,0.03,1141.73,1146.83,14.98,1258535400,1258537500,15.09,TP
1706,XAUUSD,7102601,1,0.08,1124.03,1134.21,6.24,1258344000,1258625700,73.9073,SL
1714,XAUUSD,7102602,1,0.03,1169.98,1180.35,14.6,1259059200,1259152500,30.3645,TP
1712,XAUUSD,7102601,1,0.07,1164.56,1172.62,7.5,1258948800,1259306100,48.3516,SL
1718,XAUUSD,7102602,1,0.02,1187.36,1198.73,18.18,1259658300,1259661900,22.6,TP
1721,XAUUSD,7102601,1,0.05,1208.09,1196.98,11.11,1259726400,1259937300,-59.6071,SL
1724,XAUUSD,7102602,1,0.01,1138.07,1110.34,27.73,1260351000,1260552000,-28.4897,SL
1727,XAUUSD,7102602,-1,0.01,1116.52,1106.5,28.9,1260792300,1261071600,9.7927,TP
1730,XAUUSD,7102602,1,0.03,1126.03,1132.53,14.96,1262769300,1262793900,19.29,TP
1733,XAUUSD,7102601,1,0.06,1155.72,1147.58,8.14,1263182400,1263297900,-50.3138,SL
1735,XAUUSD,7102602,1,0.03,1157.45,1142.36,15.09,1263203400,1263321900,-46.0069,SL
1739,XAUUSD,7102602,1,0.02,1132.5,1139.57,16.17,1263376200,1263431700,12.957,TP
1742,XAUUSD,7102602,1,0.02,1137.14,1119.65,17.49,1263813000,1264001400,-35.8136,SL
1745,XAUUSD,7102602,-1,0.02,1109.93,1103.26,18.1,1264068600,1264074000,13.2,TP
1748,XAUUSD,7102602,-1,0.02,1091.97,1081.09,17.44,1264497600,1264703400,21.3776,TP
1751,XAUUSD,7102602,1,0.02,1124.47,1107.07,17.4,1265191500,1265222700,-34.94,SL
1754,XAUUSD,7102602,-1,0.02,1104.64,1098.52,18.12,1265274600,1265295900,12.1,TP
1757,XAUUSD,7102602,-1,0.02,1056.36,1049.75,20.88,1265361900,1265362200,13.08,TP
1760,XAUUSD,7102602,1,0.02,1115.43,1126.71,18.56,1266311400,1266414600,22.0781,TP
1763,XAUUSD,7102602,1,0.02,1108.68,1115.58,19.85,1266572400,1266593100,13.66,TP
1766,XAUUSD,7102602,1,0.02,1119.9,1102.7,17.2,1266916200,1266942000,-34.54,SL
1769,XAUUSD,7102602,1,0.02,1113.31,1119.86,18.93,1267177200,1267433700,12.6187,TP
1772,XAUUSD,7102602,1,0.02,1122.39,1128.03,17.03,1267434600,1267548000,10.7984,TP
1775,XAUUSD,7102601,1,0.07,1136.07,1129.08,6.99,1267560000,1267720200,-54.2895,SL
1777,XAUUSD,7102602,1,0.02,1138.75,1120.78,17.97,1267703100,1268068800,-36.7722,SL
1781,XAUUSD,7102602,1,0.03,1127.48,1112.58,14.9,1268223000,1268242800,-44.91,SL
1784,XAUUSD,7102602,-1,0.02,1106.16,1100.74,15.25,1268298300,1268318700,10.7,TP
1787,XAUUSD,7102602,1,0.03,1125.72,1111.07,14.65,1268916600,1269015900,-44.6759,SL
1790,XAUUSD,7102602,-1,0.03,1101.06,1096.27,14.04,1269346200,1269351300,14.16,TP
1793,XAUUSD,7102602,-1,0.02,1097.89,1090.96,14.84,1269427200,1269441300,13.72,TP
1796,XAUUSD,7102602,1,0.03,1118.57,1125.16,13.85,1270121400,1270137000,19.56,TP
1801,XAUUSD,7102602,1,0.03,1149.16,1153.55,12.75,1270737300,1270800000,12.4326,TP
1804,XAUUSD,7102602,1,0.03,1156.4,1162.32,12.51,1270808100,1270834200,17.55,TP
1799,XAUUSD,7102601,1,0.09,1142.29,1153.53,5.36,1270656000,1271129100,91.0219,SL
1808,XAUUSD,7102602,1,0.03,1155.52,1160,11.57,1271170200,1271241900,12.7027,TP
1811,XAUUSD,7102602,1,0.03,1142.48,1149.07,12.48,1271760300,1271876100,19.0376,TP
1814,XAUUSD,7102602,1,0.03,1143.09,1147.61,12.55,1272032700,1272040500,13.35,TP
1817,XAUUSD,7102602,1,0.03,1169.76,1174.14,13.18,1272537300,1272596100,12.3953,TP
1820,XAUUSD,7102602,1,0.03,1174.66,1178.98,13.28,1272624900,1272642000,12.75,TP
1825,XAUUSD,7102602,1,0.04,1183.18,1187.17,11.58,1272972000,1272974400,15.68,TP
1823,XAUUSD,7102601,1,0.08,1179.61,1173.13,6.48,1272643200,1272991800,-55.2857,SL
1829,XAUUSD,7102602,1,0.03,1172.09,1158.95,13.14,1273057500,1273072200,-39.63,SL
1832,XAUUSD,7102602,1,0.03,1179.41,1185.97,13.55,1273147200,1273162500,19.47,TP
1835,XAUUSD,7102601,1,0.07,1196.66,1188.79,7.87,1273176000,1273177500,-55.58,SL
1838,XAUUSD,7102601,1,0.06,1204.02,1195.47,8.55,1273195800,1273238700,-51.72,SL
1841,XAUUSD,7102602,1,0.02,1210.21,1218.49,16.17,1273573200,1273585500,16.42,TP
1846,XAUUSD,7102602,1,0.02,1235,1243.05,18.28,1273661700,1273665000,15.96,TP
1849,XAUUSD,7102602,1,0.02,1240.01,1246.19,18.44,1273832400,1273839000,12.22,TP
1844,XAUUSD,7102601,1,0.05,1221.44,1219.46,9.94,1273593600,1273856400,-14.9725,SL
1853,XAUUSD,7102602,1,0.02,1184.23,1201.57,22.88,1274441100,1274828100,33.8163,TP
1856,XAUUSD,7102602,1,0.02,1208.89,1215.64,21.2,1274868300,1274892300,13.36,TP
1859,XAUUSD,7102602,1,0.02,1223.45,1206.94,16.51,1275389400,1275588900,-34.6557,SL
1862,XAUUSD,7102602,1,0.02,1207.89,1213.21,16.39,1275659700,1275674100,10.5,TP
1865,XAUUSD,7102601,1,0.06,1240.67,1232.21,8.46,1275940800,1276075800,-53.4503,SL
1867,XAUUSD,7102602,1,0.03,1246.66,1231.52,15.14,1275996000,1276077300,-46.1968,SL
1871,XAUUSD,7102602,1,0.02,1221.96,1227.17,15.88,1276265100,1276268100,10.28,TP
1874,XAUUSD,7102602,1,0.02,1247.36,1252.68,16.98,1276866600,1276868400,10.5,TP
1877,XAUUSD,7102601,1,0.09,1256.19,1250.34,5.85,1276876800,1277145000,-55.0076,SL
1880,XAUUSD,7102602,1,0.02,1245.01,1227.59,17.42,1277295300,1277308200,-34.98,SL
1883,XAUUSD,7102602,1,0.02,1259,1243.37,15.63,1277727600,1277747100,-31.4,SL
1886,XAUUSD,7102602,-1,0.02,1201.72,1195.22,17.37,1278426900,1278430800,12.86,TP
1889,XAUUSD,7102602,-1,0.02,1185.65,1204.48,18.83,1278502200,1278551100,-38.0004,SL
1892,XAUUSD,7102602,-1,0.02,1163.42,1179.29,15.87,1280411400,1280515200,-31.9449,SL
1895,XAUUSD,7102602,-1,0.02,1193.43,1207.2,13.77,1281096600,1281106800,-27.68,SL
1898,XAUUSD,7102601,1,0.07,1208.92,1203.3,5.62,1281110400,1281122700,-39.83,SL
1901,XAUUSD,7102602,1,0.02,1205.46,1192.46,13,1281537300,1281547200,-26.14,SL
1904,XAUUSD,7102602,1,0.02,1203.19,1207.18,13.04,1281614400,1281619200,7.84,TP
1909,XAUUSD,7102602,1,0.02,1217.56,1222.63,12.22,1281709200,1281955800,9.62872,TP
1912,XAUUSD,7102602,1,0.03,1227.22,1231.69,11.14,1282040700,1282154400,12.6385,TP
1907,XAUUSD,7102601,1,0.06,1213.08,1218.55,6.29,1281628800,1282642800,21.1694,SL
1916,XAUUSD,7102602,1,0.03,1235.96,1239.48,11.68,1282733400,1282748400,10.35,TP
1919,XAUUSD,7102602,1,0.03,1244.11,1232.38,11.73,1282827300,1282925100,-35.9671,SL
1922,XAUUSD,7102602,1,0.03,1239.78,1245.46,9.75,1283265900,1283267400,16.83,TP
1925,XAUUSD,7102601,1,0.08,1245.68,1240.95,4.73,1283270400,1283524500,-46.0134,SL
1927,XAUUSD,7102602,1,0.03,1250.9,1240.16,10.74,1283335800,1283524500,-34.7135,SL
1931,XAUUSD,7102601,1,0.08,1256.98,1252.29,4.69,1283875200,1284031500,-44.2148,SL
1933,XAUUSD,7102602,1,0.02,1260.78,1249.87,10.91,1283951100,1284052500,-23.1102,SL
1937,XAUUSD,7102602,1,0.02,1257.26,1263.55,9.74,1284469800,1284478800,12.44,TP
1942,XAUUSD,7102602,1,0.02,1271.28,1275.4,11.33,1284549000,1284641400,6.93794,TP
1945,XAUUSD,7102602,1,0.03,1280.41,1285.32,10.23,1285069200,1285100400,14.52,TP
1948,XAUUSD,7102602,1,0.03,1294.6,1283.09,11.51,1285154400,1285665600,-38.2943,SL
1951,XAUUSD,7102602,1,0.03,1314.16,1302.57,11.59,1285848000,1285866300,-34.98,SL
1940,XAUUSD,7102601,1,0.05,1265.33,1297.79,5.99,1284480000,1285867500,144.245,SL
1955,XAUUSD,7102602,1,0.02,1313.25,1318.86,11.13,1285929300,1285949400,11.08,TP
1960,XAUUSD,7102602,1,0.03,1328.3,1342.93,10.6,1286289300,1286331600,43.0657,TP
1957,XAUUSD,7102601,1,0.06,1316.09,1330.13,6.54,1285934400,1286506500,75.2322,SL
1964,XAUUSD,7102602,1,0.03,1341.78,1349.39,12.59,1286548500,1286557500,22.62,TP
1967,XAUUSD,7102601,1,0.06,1353.24,1345.6,7.64,1286769600,1286806500,-46.26,SL
1970,XAUUSD,7102602,1,0.02,1352.08,1359.15,13.99,1286895000,1286963400,13.5874,TP
1975,XAUUSD,7102602,1,0.02,1360.07,1366.37,14.76,1286964300,1286985600,12.46,TP
1972,XAUUSD,7102601,1,0.05,1355.92,1362.83,8.12,1286956800,1287159600,30.0017,SL
1979,XAUUSD,7102602,1,0.02,1363.97,1370.9,15.55,1287413700,1287420600,13.72,TP
1982,XAUUSD,7102602,1,0.02,1370.03,1353.87,16.16,1287486300,1287495600,-32.46,SL
1985,XAUUSD,7102602,1,0.01,1348.07,1328.54,19.53,1287667800,1287682800,-19.6,SL
1988,XAUUSD,7102602,1,0.01,1329.63,1335.77,19.78,1288271100,1288277100,6.07,TP
1991,XAUUSD,7102602,1,0.01,1365.01,1345.33,19.68,1288610100,1288802700,-20.1638,SL
1994,XAUUSD,7102602,1,0.01,1358.93,1369.08,20.32,1288866300,1288880100,10.08,TP
1997,XAUUSD,7102601,1,0.04,1376.58,1397.08,9.13,1288886400,1289337000,79.1561,SL
1999,XAUUSD,7102602,1,0.02,1415.91,1395.89,20.02,1289302200,1289337000,-40.18,SL
2003,XAUUSD,7102602,1,0.01,1404.81,1373,22.32,1289381100,1289783100,-32.9536,SL
2006,XAUUSD,7102602,1,0.01,1357.08,1370.28,25.18,1290074100,1290526500,12.5078,TP
2009,XAUUSD,7102602,1,0.01,1379.76,1357.77,21.99,1290593700,1290775500,-22.8995,SL
2012,XAUUSD,7102602,1,0.01,1367.56,1380.76,18.89,1291022100,1291127700,12.9212,TP
2015,XAUUSD,7102602,1,0.02,1394.33,1403.38,18.26,1291206300,1291390800,16.2659,TP
2020,XAUUSD,7102602,1,0.02,1423.66,1428.56,16.35,1291712700,1291725000,9.66,TP
2018,XAUUSD,7102601,1,0.05,1403.03,1406.06,8.33,1291392000,1291745700,12.6335,SL
2024,XAUUSD,7102602,1,0.02,1393.71,1400.74,17.32,1293534000,1293544800,13.92,TP
2027,XAUUSD,7102601,1,0.09,1411.85,1406.77,5.08,1293652800,1293717600,-52.1677,SL
2030,XAUUSD,7102601,1,0.09,1416.28,1411.22,5.06,1294027200,1294131600,-48.114,SL
2032,XAUUSD,7102602,1,0.02,1422.83,1408.81,14.02,1294063200,1294131600,-28.612,SL
2036,XAUUSD,7102602,-1,0.02,1362.82,1356.55,14.96,1294394400,1294408800,12.4,TP
2039,XAUUSD,7102602,-1,0.02,1368.22,1384.07,15.85,1294660800,1294747200,-31.9163,SL
2042,XAUUSD,7102602,-1,0.02,1370.56,1364.92,16.63,1295436300,1295511300,10.9117,TP
2045,XAUUSD,7102602,-1,0.02,1362.44,1354.59,17.13,1295514300,1295532600,15.56,TP
2048,XAUUSD,7102602,-1,0.02,1347.29,1341.72,14.86,1295861700,1295901600,11,TP
2051,XAUUSD,7102602,-1,0.02,1328.93,1322.94,15.34,1295950500,1295955600,11.84,TP
2054,XAUUSD,7102602,-1,0.02,1332.35,1327.83,14.4,1296048900,1296057600,8.9,TP
2057,XAUUSD,7102602,-1,0.02,1340.69,1334.37,15.21,1296119100,1296134400,12.5,TP
2060,XAUUSD,7102602,-1,0.02,1328.01,1345.82,17.81,1296474900,1296756000,-36.131,SL
2063,XAUUSD,7102602,-1,0.01,1348.97,1367.2,18.23,1297172700,1297186200,-18.3,SL
2068,XAUUSD,7102602,1,0.02,1376.91,1382.18,13.73,1297849200,1297953900,9.14006,TP
2071,XAUUSD,7102602,1,0.03,1398.33,1404.22,10.42,1298282400,1298305500,17.46,TP
2066,XAUUSD,7102601,1,0.06,1373.12,1392.72,6.07,1297771200,1298372700,108.309,SL
2075,XAUUSD,7102602,1,0.03,1402.89,1408.34,11.86,1298453400,1298476800,16.14,TP
2078,XAUUSD,7102601,1,0.08,1411.84,1405.69,6.15,1298491200,1298579100,-54.936,SL
2080,XAUUSD,7102602,1,0.03,1416.14,1403.37,12.77,1298542500,1298579100,-38.52,SL
2084,XAUUSD,7102602,1,0.02,1415.94,1421.82,12.49,1298979900,1298987700,11.62,TP
2086,XAUUSD,7102601,1,0.06,1418.93,1419.2,6.99,1298980800,1299163200,-4.06089,SL
2090,XAUUSD,7102602,1,0.02,1439.13,1444.2,15.01,1299494700,1299507300,10,TP
2093,XAUUSD,7102602,1,0.02,1434.07,1418.6,15.47,1299583500,1299762000,-32.8279,SL
2096,XAUUSD,7102602,1,0.02,1418.09,1423.9,16.63,1299836100,1299872400,11.48,TP
2099,XAUUSD,7102602,1,0.02,1402.74,1409.27,18.35,1300283400,1300413900,11.2086,TP
2102,XAUUSD,7102602,1,0.02,1414.27,1421.61,18.55,1300443000,1300458300,14.54,TP
2105,XAUUSD,7102602,1,0.02,1424.03,1432.66,16.73,1301494200,1301576100,15.8161,TP
2108,XAUUSD,7102602,1,0.02,1434.68,1439.03,14.31,1301914500,1302021300,8.12188,TP
2113,XAUUSD,7102602,1,0.02,1459.28,1466.83,14.99,1302092400,1302252600,13.1769,TP
2111,XAUUSD,7102601,1,0.06,1452.01,1454.3,7.35,1302033600,1302585600,3.94365,SL
2116,XAUUSD,7102602,1,0.02,1468.98,1453.93,15.05,1302258900,1302586500,-31.1376,SL
2120,XAUUSD,7102602,1,0.02,1461.93,1447.86,14.07,1302604800,1302624300,-28.28,SL
2123,XAUUSD,7102602,1,0.02,1459.88,1466.28,15.25,1302701100,1302795900,11.3247,TP
2128,XAUUSD,7102602,1,0.02,1478.38,1484.96,15.81,1302873900,1302888300,13.02,TP
2131,XAUUSD,7102602,1,0.02,1496.53,1501.18,14.54,1303211100,1303289100,8.70277,TP
2126,XAUUSD,7102601,1,0.06,1476.83,1496.32,7.27,1302840000,1303833900,104.142,SL
2134,XAUUSD,7102602,1,0.03,1506.19,1512.19,13.83,1303816500,1303917000,17.1006,TP
2138,XAUUSD,7102601,1,0.07,1523.13,1547.1,7.35,1303934400,1304304600,159.09,SL
2141,XAUUSD,7102602,1,0.02,1542.52,1523.94,18.58,1304519100,1304529600,-37.3,SL
2144,XAUUSD,7102602,1,0.01,1505.33,1517.3,23.92,1304936100,1305077700,11.4376,TP
2147,XAUUSD,7102602,1,0.01,1526.21,1501.56,24.65,1305113700,1305140400,-24.72,SL
2150,XAUUSD,7102602,1,0.01,1511.48,1484.75,26.73,1305281700,1305314100,-26.8,SL
2153,XAUUSD,7102602,1,0.01,1493.68,1501.73,25.66,1305714000,1305888000,7.066,TP
2156,XAUUSD,7102601,1,0.09,1537.58,1531.6,5.98,1306526400,1306900800,-60.7876,SL
2159,XAUUSD,7102601,1,0.1,1545.43,1540.35,5.08,1306958400,1306967700,-51.5,SL
2162,XAUUSD,7102602,1,0.03,1543.68,1529.4,14.28,1307020200,1307038200,-43.05,SL
2165,XAUUSD,7102601,1,0.05,1551.73,1543.5,8.23,1307390400,1307394600,-41.5,SL
2168,XAUUSD,7102602,1,0.03,1547.58,1534.72,12.86,1307447100,1307529300,-39.4976,SL
2171,XAUUSD,7102602,1,0.02,1545.03,1549.6,13.6,1308655500,1308758400,8.52766,TP
2174,XAUUSD,7102601,1,0.08,1554.18,1548.72,5.46,1308772800,1308778800,-44.24,SL
2177,XAUUSD,7102602,-1,0.02,1510.93,1526.52,15.59,1309961100,1309968000,-31.32,SL
2180,XAUUSD,7102602,1,0.02,1547.35,1552.63,16.71,1310378700,1310397600,10.42,TP
2185,XAUUSD,7102602,1,0.02,1569.78,1574.84,15.63,1310551800,1310555100,9.98,TP
2183,XAUUSD,7102601,1,0.05,1566.6,1574.38,8.01,1310520600,1310976300,32.4994,SL
2188,XAUUSD,7102602,1,0.02,1591.77,1574.63,17.14,1310645700,1310976300,-35.3915,SL
2192,XAUUSD,7102601,1,0.03,1599.15,1586.51,12.64,1310990400,1311109200,-38.8656,SL
2195,XAUUSD,7102601,1,0.04,1613.59,1604.35,9.24,1311566400,1311874200,-42.174,SL
2197,XAUUSD,7102602,1,0.01,1618.92,1628.92,25.79,1311594000,1311957000,8.44957,TP
2201,XAUUSD,7102602,1,0.01,1617.75,1626.14,25.16,1312199400,1312218000,8.32,TP
2204,XAUUSD,7102601,1,0.04,1637.23,1654.69,9.09,1312300800,1312484700,65.5013,SL
2206,XAUUSD,7102602,1,0.01,1672.38,1644.17,28.21,1312367100,1312486500,-29.0414,SL
2210,XAUUSD,7102602,1,0.01,1668.83,1690.38,22.66,1312545000,1312765800,21.2258,TP
2213,XAUUSD,7102601,1,0.02,1686.46,1731.47,15.26,1312776000,1312908900,89.3551,SL
2216,XAUUSD,7102601,1,0.01,1802.89,1778.11,24.78,1313035200,1313056200,-24.85,SL
2219,XAUUSD,7102601,1,0.04,1817.29,1843.9,10.97,1313683200,1313767500,105.045,SL
2221,XAUUSD,7102602,1,0.01,1853.96,1881.88,39.42,1313749200,1314003300,27.5671,TP
2225,XAUUSD,7102601,1,0.03,1887.95,1872.66,15.29,1314014400,1314021600,-46.08,SL
2228,XAUUSD,7102601,1,0.02,1906.38,1888.68,17.7,1314063000,1314093900,-35.54,SL
2231,XAUUSD,7102601,1,0.03,1912.68,1898.97,13.71,1315296000,1315306500,-41.34,SL
2234,XAUUSD,7102601,1,0.04,1693.76,1682.63,11.13,1318852800,1318860300,-44.8,SL
2237,XAUUSD,7102602,-1,0.01,1662.57,1649.29,32.47,1318932900,1318949100,13.21,TP
2240,XAUUSD,7102602,-1,0.01,1648.95,1634.02,35.27,1319018700,1319082000,14.7233,TP
2243,XAUUSD,7102601,1,0.02,1697.11,1707.05,15.11,1319572800,1320040200,16.5728,SL
2246,XAUUSD,7102602,1,0.01,1732.61,1745.33,32.61,1320231600,1320330600,11.854,TP
2249,XAUUSD,7102601,1,0.03,1762.04,1747.42,14.62,1320336000,1320339900,-44.07,SL
2252,XAUUSD,7102601,1,0.02,1764.42,1749.46,14.96,1320350400,1320428400,-30.5988,SL
2257,XAUUSD,7102602,1,0.01,1773.04,1791.21,29,1320656700,1320700800,18.1,TP
2255,XAUUSD,7102601,1,0.03,1771.92,1766.58,12.12,1320652800,1320876900,-17.8707,SL
2261,XAUUSD,7102602,1,0.01,1769.53,1786.89,30.03,1321008600,1321040700,17.29,TP
2264,XAUUSD,7102602,-1,0.01,1706,1693.73,27.32,1321877100,1321897800,12.2,TP
2267,XAUUSD,7102602,-1,0.01,1696.88,1684.46,32.43,1322044800,1322067600,12.35,TP
2270,XAUUSD,7102602,-1,0.01,1682.17,1712.95,30.78,1322212800,1322475300,-30.8967,SL
2273,XAUUSD,7102602,-1,0.01,1712.79,1702.71,28.14,1322644800,1322650200,10.01,TP
2276,XAUUSD,7102602,-1,0.01,1683.52,1652.92,25.33,1323683700,1323747000,30.4837,TP
2279,XAUUSD,7102602,-1,0.01,1627.31,1614.11,30.63,1323870300,1323879600,13.13,TP
2282,XAUUSD,7102601,-1,0.05,1557.02,1550.19,9.15,1325122200,1325192700,33.8,SL
2285,XAUUSD,7102602,-1,0.01,1605.84,1629.07,23.23,1325770800,1325866200,-23.345,SL
2288,XAUUSD,7102601,1,0.04,1645.21,1635.53,9.68,1326283200,1326288000,-39,SL
2291,XAUUSD,7102601,1,0.05,1649.73,1641.11,8.62,1326369600,1326430500,-44.7104,SL
2294,XAUUSD,7102601,1,0.05,1664.87,1656.51,8.36,1326801600,1326817800,-42.15,SL
2297,XAUUSD,7102602,1,0.01,1659.15,1673.54,20.47,1326878100,1327317900,13.0516,TP
2299,XAUUSD,7102601,1,0.04,1670.73,1660.98,9.75,1327305600,1327492500,-41.3228,SL
2302,XAUUSD,7102602,1,0.01,1673.88,1655.66,18.22,1327318200,1327494900,-18.8007,SL
2308,XAUUSD,7102602,1,0.01,1714.14,1722.05,21.88,1327569000,1327591500,7.84,TP
2311,XAUUSD,7102602,1,0.01,1724.58,1734.47,21.77,1327665000,1327693500,9.82,TP
2314,XAUUSD,7102602,1,0.01,1740.02,1749.18,20.98,1328001900,1328106000,8.82447,TP
2317,XAUUSD,7102602,1,0.01,1752.62,1760.47,22.36,1328179200,1328205600,7.78,TP
2306,XAUUSD,7102601,1,0.03,1690.18,1734.5,9.61,1327521600,1328288400,124.02,SL
2321,XAUUSD,7102602,1,0.01,1727.55,1736.14,22.71,1328605800,1328637300,8.52,TP
2324,XAUUSD,7102602,1,0.01,1739.74,1713.82,25.92,1328778600,1328883300,-26.2545,SL
2327,XAUUSD,7102602,1,0.01,1731.15,1708.48,22.66,1329124800,1329405900,-24.0577,SL
2330,XAUUSD,7102601,1,0.05,1775.17,1766.77,8.4,1329960600,1330342200,-45.0636,SL
2332,XAUUSD,7102602,1,0.01,1782.83,1762.51,20.32,1330082700,1330347000,-20.6608,SL
2336,XAUUSD,7102602,1,0.02,1774.44,1782.55,16.68,1330422600,1330442700,16.08,TP
2339,XAUUSD,7102602,-1,0.01,1708.36,1700.91,23.33,1330942800,1330945200,7.38,TP
2342,XAUUSD,7102602,-1,0.01,1698.65,1689.66,23.65,1331028000,1331035200,8.92,TP
2345,XAUUSD,7102602,-1,0.01,1697.53,1688.73,26.17,1331290800,1331305200,8.73,TP
2348,XAUUSD,7102602,-1,0.01,1665.96,1652.02,29.31,1331726400,1331737200,13.87,TP
2351,XAUUSD,7102601,-1,0.03,1644.66,1658.02,13.36,1331740800,1331838000,-40.7007,SL
2354,XAUUSD,7102602,-1,0.01,1654.38,1644.66,27.18,1332241200,1332255600,9.65,TP
2357,XAUUSD,7102602,-1,0.01,1645.82,1636.61,26.78,1332414000,1332417600,9.14,TP
2360,XAUUSD,7102602,-1,0.01,1659.01,1684.87,25.86,1332760500,1332782700,-25.93,SL
2363,XAUUSD,7102602,-1,0.01,1655.52,1647.22,26.49,1333023900,1333045800,8.23,TP
2366,XAUUSD,7102602,-1,0.01,1639.03,1631.91,21.62,1333533900,1333539600,7.05,TP
2369,XAUUSD,7102601,-1,0.04,1621.85,1631.51,9.66,1333555200,1333665000,-39.4601,SL
2372,XAUUSD,7102602,-1,0.01,1642.48,1663.55,21.07,1334063400,1334249100,-21.3243,SL
2375,XAUUSD,7102602,-1,0.01,1650.76,1667.73,16.97,1335521100,1335548100,-17.04,SL
2378,XAUUSD,7102602,-1,0.02,1653.11,1644.94,15.62,1335955500,1336037700,15.9245,TP
2381,XAUUSD,7102602,-1,0.02,1628.53,1620.18,14.75,1336473300,1336490400,16.56,TP
2384,XAUUSD,7102601,-1,0.05,1614.95,1601.84,7.36,1336492800,1336668900,64.3145,SL
2389,XAUUSD,7102601,-1,0.04,1577.85,1587.29,9.44,1336737600,1336756200,-38.04,SL
2386,XAUUSD,7102602,-1,0.02,1586.17,1568.56,17.63,1336563600,1336994100,34.6387,TP
2395,XAUUSD,7102602,-1,0.02,1528.5,1547.71,19.21,1337163300,1337187000,-38.56,SL
2393,XAUUSD,7102601,-1,0.04,1561.68,1554.78,9.24,1336996800,1337266500,26.4626,SL
2399,XAUUSD,7102602,-1,0.01,1590.74,1583.44,20.9,1337602200,1337682900,7.18574,TP
2402,XAUUSD,7102602,-1,0.01,1554.69,1542.4,22.41,1337771700,1337793600,12.22,TP
2405,XAUUSD,7102602,-1,0.01,1552.62,1576.74,24.12,1337857500,1337875200,-24.19,SL
2408,XAUUSD,7102602,-1,0.01,1550.72,1578.26,23.86,1338552300,1338564900,-27.61,SL
2411,XAUUSD,7102602,1,0.01,1635.13,1609.05,26.08,1338980100,1339088400,-26.8916,SL
2414,XAUUSD,7102602,-1,0.01,1594.63,1584.87,27.29,1339410900,1339432500,9.69,TP
2417,XAUUSD,7102602,-1,0.01,1568.91,1562,21.81,1340621400,1340899500,6.62113,TP
2420,XAUUSD,7102601,-1,0.05,1551.8,1559.72,7.92,1340913600,1340949300,-40.1657,SL
2423,XAUUSD,7102602,-1,0.01,1588.09,1610.58,22.49,1341240300,1341309900,-22.6044,SL
2426,XAUUSD,7102602,-1,0.01,1567.8,1559.18,22.68,1342088100,1342106700,8.55,TP
2429,XAUUSD,7102602,-1,0.01,1583.46,1576.16,21.65,1342441200,1342546500,7.18586,TP
2432,XAUUSD,7102602,-1,0.01,1576.76,1568.13,20.6,1342616700,1342626300,8.56,TP
2435,XAUUSD,7102602,-1,0.01,1573.42,1564.95,18.72,1343039400,1343056800,8.4,TP
2438,XAUUSD,7102602,1,0.01,1608.39,1615.12,19.56,1343300100,1343310600,6.66,TP
2441,XAUUSD,7102602,1,0.01,1620.47,1628.79,18.4,1343388600,1343400000,8.25,TP
2444,XAUUSD,7102602,1,0.01,1617.28,1600.52,16.76,1343815500,1343838300,-16.83,SL
2447,XAUUSD,7102602,1,0.02,1625.38,1611.04,14.34,1344864000,1344889200,-28.82,SL
2450,XAUUSD,7102602,1,0.02,1616.06,1601.68,14.38,1344939900,1344958800,-28.9,SL
2453,XAUUSD,7102602,1,0.02,1625.88,1631.07,12.61,1345545000,1345562700,10.24,TP
2456,XAUUSD,7102602,1,0.02,1641.83,1646.28,13.84,1345634400,1345669200,8.76,TP
2461,XAUUSD,7102602,1,0.02,1665.63,1676.76,14.53,1345716600,1346040900,21.0993,TP
2459,XAUUSD,7102601,1,0.05,1652.93,1658.34,6.23,1345685400,1346127000,22.8775,SL
2465,XAUUSD,7102602,1,0.02,1665.86,1651.44,14.42,1346156100,1346349000,-31.0074,SL
2468,XAUUSD,7102602,1,0.02,1659.04,1664.81,14.28,1346410800,1346433300,11.4,TP
2471,XAUUSD,7102601,1,0.04,1681.84,1690.36,7.75,1346443200,1346997600,26.5551,SL
2473,XAUUSD,7102602,1,0.02,1706.66,1691.05,15.61,1346928300,1346997600,-31.8794,SL
2479,XAUUSD,7102602,1,0.01,1733.45,1739.44,16.82,1347365100,1347447600,5.65538,TP
2477,XAUUSD,7102601,1,0.04,1725.2,1720.51,8.92,1347033600,1347563400,-25.3866,SL
2483,XAUUSD,7102601,1,0.04,1752.96,1754.36,7.84,1347566400,1347921000,3.15989,SL
2486,XAUUSD,7102601,1,0.04,1786.84,1778.53,8.31,1348243200,1348249800,-33.52,SL
2489,XAUUSD,7102602,1,0.01,1768.88,1774.75,17.3,1348570500,1348587300,5.8,TP
2492,XAUUSD,7102602,1,0.01,1783.18,1789.99,20.39,1348834800,1349107200,6.46927,TP
2495,XAUUSD,7102602,1,0.01,1786.49,1794.41,17.24,1349345100,1349364300,7.85,TP
2498,XAUUSD,7102602,1,0.01,1766.71,1774.02,16.97,1349950500,1349969100,7.24,TP
2501,XAUUSD,7102602,1,0.01,1741.73,1746.89,15.72,1350381900,1350407100,5.09,TP
2504,XAUUSD,7102602,-1,0.02,1722.36,1715.77,14.86,1350987000,1350995400,13.04,TP
2507,XAUUSD,7102602,-1,0.01,1677.76,1693.62,15.86,1352109000,1352210700,-15.9768,SL
2510,XAUUSD,7102601,1,0.03,1737.81,1726.99,10.82,1352448000,1352747700,-33.4646,SL
2513,XAUUSD,7102602,1,0.01,1727.45,1733.14,16.62,1352813100,1352918700,5.35641,TP
2516,XAUUSD,7102602,1,0.01,1735.17,1743.47,16.05,1353406800,1353690900,6.9092,TP
2519,XAUUSD,7102601,1,0.06,1750.92,1745.56,5.36,1353700800,1354019700,-35.7882,SL
2522,XAUUSD,7102602,-1,0.02,1715.61,1710.8,13.21,1354540200,1354603500,9.38472,TP
2525,XAUUSD,7102602,-1,0.01,1692.4,1676.58,16.1,1355404500,1355856000,15.6086,TP
2528,XAUUSD,7102602,-1,0.01,1671.01,1665.55,16.22,1355924400,1355931600,5.39,TP
2531,XAUUSD,7102602,-1,0.01,1643.14,1626.26,17.85,1357293300,1357306800,16.81,TP
2534,XAUUSD,7102602,-1,0.01,1655.23,1648.52,16.7,1357552800,1357572000,6.64,TP
2537,XAUUSD,7102602,-1,0.02,1657.38,1652.91,13.1,1359371100,1359387300,8.8,TP
2540,XAUUSD,7102602,-1,0.02,1676.02,1671.47,13.12,1359625800,1359645300,8.96,TP
2543,XAUUSD,7102602,-1,0.02,1664.99,1677.33,12.34,1359977100,1360004700,-24.82,SL
2546,XAUUSD,7102602,-1,0.02,1642.14,1635.98,13.77,1360665000,1360869300,11.8145,TP
2551,XAUUSD,7102602,-1,0.02,1629.8,1624.08,15.41,1360925100,1360940700,11.3,TP
2554,XAUUSD,7102602,-1,0.02,1611.52,1604.41,15.27,1361189700,1361294700,13.9906,TP
2557,XAUUSD,7102602,-1,0.02,1604.6,1599.83,15.32,1361360700,1361364300,9.4,TP
2549,XAUUSD,7102601,-1,0.04,1634.39,1577.41,7.43,1360872000,1361465700,226.402,SL
2561,XAUUSD,7102602,-1,0.02,1589.39,1608.24,18.85,1361870700,1361901000,-37.84,SL
2564,XAUUSD,7102602,-1,0.01,1593.09,1586.18,21.09,1362049500,1362074100,6.84,TP
2567,XAUUSD,7102602,-1,0.01,1575.89,1567.35,21.92,1362388800,1362756600,8.20672,TP
2570,XAUUSD,7102602,-1,0.02,1583.12,1577.13,16.95,1363270200,1363275000,11.84,TP
2573,XAUUSD,7102602,-1,0.03,1602.47,1615.97,13.5,1363694400,1363880700,-41.2461,SL
2576,XAUUSD,7102602,-1,0.02,1603.64,1593.88,13.08,1364214900,1364224800,19.38,TP
2579,XAUUSD,7102602,-1,0.03,1599.59,1593.63,13.21,1364299500,1364378400,17.5367,TP
2582,XAUUSD,7102602,-1,0.02,1593.77,1607.69,13.92,1364378700,1364404200,-27.98,SL
2585,XAUUSD,7102602,-1,0.03,1598.24,1592.92,12.93,1364905500,1364916000,15.75,TP
2588,XAUUSD,7102601,-1,0.09,1574.95,1555.95,5.25,1364932800,1365108300,168.808,SL
2591,XAUUSD,7102602,-1,0.02,1557.54,1551.3,17.97,1365763800,1365768600,12.34,TP
2594,XAUUSD,7102601,-1,0.06,1537.72,1449.66,8.41,1365782400,1366005900,527.692,SL
2597,XAUUSD,7102601,-1,0.04,1447.04,1364.62,14.33,1366012800,1366097700,329.25,SL
2600,XAUUSD,7102602,-1,0.01,1411.04,1453.96,42.92,1366714200,1366903500,-43.1486,SL
2603,XAUUSD,7102602,-1,0.01,1467.17,1452.84,46.83,1366972200,1367002800,14.26,TP
2606,XAUUSD,7102602,-1,0.02,1451.97,1442.42,24.14,1368185700,1368194100,18.96,TP
2609,XAUUSD,7102602,-1,0.02,1431.06,1419.43,21.54,1368535800,1368609600,23.0408,TP
2612,XAUUSD,7102602,-1,0.02,1411.61,1393.26,22.78,1368612600,1368642000,36.56,TP
2617,XAUUSD,7102602,-1,0.02,1385.05,1373.88,24.62,1368700500,1368703200,22.2,TP
2614,XAUUSD,7102601,-1,0.04,1411.96,1373.73,11.9,1368619200,1369076400,151.871,SL
2621,XAUUSD,7102602,-1,0.01,1380.11,1362.53,27.51,1369137900,1369155300,17.51,TP
2624,XAUUSD,7102602,-1,0.01,1386.33,1374.93,34.48,1369398900,1369761000,11.2528,TP
2627,XAUUSD,7102602,-1,0.01,1406.2,1397.44,28.97,1370340900,1370357400,8.69,TP
2630,XAUUSD,7102602,-1,0.01,1397.17,1386.4,28.97,1370435400,1370622000,10.5438,TP
2633,XAUUSD,7102602,-1,0.02,1380,1372.5,21.19,1370861400,1370946900,14.783,TP
2636,XAUUSD,7102602,-1,0.02,1377.17,1368.49,18.6,1371556500,1371574500,17.22,TP
2641,XAUUSD,7102602,-1,0.02,1328.36,1312.07,20.38,1371722700,1371726000,32.44,TP
2639,XAUUSD,7102601,-1,0.08,1349.28,1306.21,6.77,1371691800,1371739800,344,SL
2645,XAUUSD,7102601,-1,0.06,1296.12,1306.25,10.13,1371744000,1371746400,-61.2,SL
2648,XAUUSD,7102601,-1,0.05,1282.77,1294.14,11.37,1371778200,1371802500,-57.2,SL
2653,XAUUSD,7102602,-1,0.02,1237.41,1204.16,22.79,1372244400,1372366500,66.1557,TP
2651,XAUUSD,7102601,-1,0.04,1252.26,1217.67,12.47,1372233600,1372440300,137.538,SL
2657,XAUUSD,7102602,-1,0.01,1275.5,1306.95,31.45,1373626500,1374455400,-31.8052,SL
2660,XAUUSD,7102602,-1,0.02,1314.6,1337.92,23.32,1374754800,1374793800,-46.78,SL
2663,XAUUSD,7102602,1,0.02,1332,1310.98,21.02,1375101600,1375292700,-42.9911,SL
2666,XAUUSD,7102602,-1,0.02,1311.16,1301.71,22.12,1375705200,1375726200,18.76,TP
2669,XAUUSD,7102601,-1,0.06,1276.89,1287.1,10.21,1375848000,1375899600,-61.68,SL
2672,XAUUSD,7102602,-1,0.02,1306.47,1329.57,23.1,1376050800,1376271300,-46.413,SL
2675,XAUUSD,7102602,1,0.02,1327.26,1336.78,21.71,1376481900,1376529600,17.6757,TP
2678,XAUUSD,7102602,1,0.02,1371.6,1383.41,23.63,1377169500,1377277200,23.0597,TP
2681,XAUUSD,7102602,1,0.02,1409.09,1420.6,23.71,1377601500,1377617100,22.88,TP
2684,XAUUSD,7102602,1,0.02,1395.59,1372.44,23.15,1378387800,1378402500,-46.44,SL
2687,XAUUSD,7102601,-1,0.08,1339.47,1326.38,7.13,1378987200,1379115300,103.866,SL
2689,XAUUSD,7102602,-1,0.02,1306.29,1330.59,23.5,1379074800,1379293500,-48.8137,SL
2693,XAUUSD,7102602,-1,0.02,1320.73,1310.51,23.48,1379328900,1379342100,20.3,TP
2696,XAUUSD,7102601,-1,0.05,1299.42,1310.93,11.51,1379476800,1379535300,-57.9,SL
2699,XAUUSD,7102602,1,0.01,1373.74,1345.6,28.14,1379585400,1379698200,-28.4187,SL
2702,XAUUSD,7102602,-1,0.02,1324.2,1311.36,24.39,1380637200,1380641100,25.54,TP
2705,XAUUSD,7102601,-1,0.05,1285.34,1296.41,11.07,1380657600,1380715200,-55.879,SL
2708,XAUUSD,7102602,-1,0.02,1320.37,1313.3,22.53,1381235700,1381320300,13.9267,TP
2711,XAUUSD,7102602,-1,0.02,1299.75,1291.61,23.67,1381405800,1381443900,16.14,TP
2714,XAUUSD,7102602,-1,0.02,1285.52,1277.83,24.08,1381492500,1381506000,15.24,TP
2717,XAUUSD,7102601,-1,0.05,1267.02,1277.39,10.37,1381507200,1381746000,-52.3769,SL
2720,XAUUSD,7102602,-1,0.02,1265.29,1255.55,23.4,1381834200,1381838400,19.34,TP
2722,XAUUSD,7102601,-1,0.05,1256.28,1266.94,10.66,1381838400,1381848000,-53.65,SL
2726,XAUUSD,7102602,-1,0.02,1314.08,1335.5,21.42,1382360700,1382462400,-43.0531,SL
2729,XAUUSD,7102602,1,0.02,1342.03,1351.27,22.38,1382609700,1382639700,18.34,TP
2732,XAUUSD,7102602,1,0.02,1349.14,1358.75,20.37,1383135300,1383147000,19.08,TP
2735,XAUUSD,7102601,-1,0.08,1303.77,1310.7,6.93,1383840000,1383844200,-56,SL
2738,XAUUSD,7102601,-1,0.07,1294.67,1285.36,7.98,1383926400,1384393200,63.1902,SL
2741,XAUUSD,7102602,-1,0.03,1270.1,1265.37,14.79,1384867200,1384953900,13.8738,TP
2744,XAUUSD,7102601,-1,0.08,1244.65,1247.45,6.86,1384997400,1385413500,-23.5125,SL
2747,XAUUSD,7102601,-1,0.09,1225.52,1230.33,6.18,1386014400,1386173700,-44.5309,SL
2750,XAUUSD,7102602,-1,0.02,1238.78,1230.86,20.42,1387278000,1387293600,15.7,TP
2753,XAUUSD,7102602,-1,0.02,1218.35,1210.63,21.34,1387446000,1387448700,15.3,TP
2756,XAUUSD,7102601,-1,0.06,1203.27,1212.97,9.7,1387454400,1388071800,-60.0204,SL
2759,XAUUSD,7102602,-1,0.02,1205.59,1197.37,16.64,1388394600,1388442000,16.3,TP
2762,XAUUSD,7102602,-1,0.03,1225.21,1220.04,15.42,1389177000,1389199200,15.3,TP
2765,XAUUSD,7102602,-1,0.03,1238.86,1234.54,14.02,1390388100,1390443000,12.4409,TP
2768,XAUUSD,7102602,1,0.03,1263.32,1267.4,13.1,1390569600,1390570200,12.03,TP
2771,XAUUSD,7102602,1,0.03,1256.48,1260.89,14.31,1391000100,1391004000,13.02,TP
2774,XAUUSD,7102602,1,0.02,1263.4,1270.11,17.72,1391766600,1391787000,13.28,TP
2777,XAUUSD,7102602,1,0.03,1293.9,1298.76,15.7,1392298500,1392316500,14.37,TP
2780,XAUUSD,7102602,1,0.03,1309.01,1316.99,15.95,1392368700,1392385500,23.73,TP
2783,XAUUSD,7102601,1,0.1,1327.35,1321.49,5.86,1392609600,1392703200,-61.3296,SL
2786,XAUUSD,7102602,1,0.03,1315.27,1321.33,14.2,1392891900,1392933300,17.97,TP
2789,XAUUSD,7102602,1,0.03,1321.62,1326.61,14.49,1392977400,1393014900,14.76,TP
2792,XAUUSD,7102602,1,0.03,1330.57,1340.16,12.93,1393235100,1393347600,27.9473,TP
2794,XAUUSD,7102601,1,0.09,1334.16,1327.49,6.67,1393243200,1393437000,-64.3411,SL
2798,XAUUSD,7102602,1,0.03,1331.76,1337.61,14.69,1393503000,1393810800,16.1221,TP
2801,XAUUSD,7102602,1,0.03,1345.84,1354.4,13.89,1393837800,1393870200,25.47,TP
2804,XAUUSD,7102601,1,0.08,1351.67,1344.2,7.47,1393876800,1393920600,-61.9709,SL
2807,XAUUSD,7102602,1,0.03,1338.83,1349.11,14.9,1394462700,1394544900,30.016,TP
2810,XAUUSD,7102601,1,0.08,1357.4,1366.68,7.46,1394611200,1395090900,65.3047,SL
2812,US500,7102603,1,3.97,1848.24,1859.08,38.9331,1394762400,1395108000,40.1534,EXPERT
2814,US30,7102603,1,0.46,16125.5,16249.2,334.64,1394762400,1395108000,53.994,EXPERT
2816,NAS100,7102603,1,1.7,3620.67,3698.92,91.1292,1395025200,1395194400,130.598,EXPERT
2822,XAUUSD,7102601,-1,0.1,1291.67,1297.76,6.09,1395972300,1396000500,-61.6,SL
2825,XAUUSD,7102601,-1,0.09,1284.71,1290.99,6.28,1396315800,1396450500,-57.4699,SL
2828,XAUUSD,7102602,-1,0.03,1299.6,1313.01,13.41,1396868700,1396957800,-40.5481,SL
2835,XAUUSD,7102602,-1,0.03,1308.49,1303.19,14,1397052300,1397053800,15.69,TP
2832,US500,7102603,1,4,1847.75,1871.97,38.9631,1396922400,1397093400,91.0711,EXPERT
2830,US30,7102603,1,0.5,16263,16437.5,310.557,1396920600,1397093400,80.86,EXPERT
2840,XAUUSD,7102602,1,0.03,1319.13,1326.4,13.13,1397124300,1397437500,20.3915,TP
2843,XAUUSD,7102601,1,0.1,1326.04,1319.97,6.07,1397448000,1397489400,-61.4,SL
2846,XAUUSD,7102601,-1,0.11,1273.45,1279.07,5.62,1398355200,1398357300,-62.59,SL
2849,XAUUSD,7102602,-1,0.03,1300.6,1295.68,14.95,1398689400,1398705000,14.55,TP
2852,XAUUSD,7102602,-1,0.03,1291.76,1287.25,15.01,1398766800,1398772500,13.32,TP
2855,XAUUSD,7102602,-1,0.03,1283.49,1276.89,15.6,1398939900,1399044600,19.483,TP
2858,XAUUSD,7102602,1,0.03,1314.15,1299.22,14.93,1399461000,1399482000,-45,SL
2861,NAS100,7102603,1,1.44,3534.57,3613.4,108.395,1399600800,1399944600,111.522,EXPERT
2864,XAUUSD,7102602,-1,0.03,1289.68,1304.06,14.38,1399990500,1400075100,-43.4578,SL
2869,XAUUSD,7102602,-1,0.03,1292.57,1288.02,15.17,1400235300,1400255100,13.44,TP
2867,US30,7102603,1,0.55,16449.8,16507.4,282.167,1400203800,1400722200,21.0955,EXPERT
2873,XAUUSD,7102602,-1,0.04,1285.09,1277.09,11.14,1401185400,1401204000,31.72,TP
2878,XAUUSD,7102602,-1,0.04,1255.63,1251.26,11.65,1401447900,1401462600,17.2,TP
2876,XAUUSD,7102601,-1,0.14,1277.19,1253.35,4.23,1401206400,1401983100,327.427,SL
2882,XAUUSD,7102602,-1,0.04,1252.53,1248.64,10.84,1402062000,1402072800,15.28,TP
2885,XAUUSD,7102602,-1,0.05,1266.56,1276.12,9.56,1403089500,1403134200,-48.15,SL
2888,XAUUSD,7102602,1,0.05,1282.13,1288.04,9.74,1403172600,1403191200,29.2,TP
2891,XAUUSD,7102601,1,0.09,1321.93,1314.86,7.07,1403227800,1403232900,-64.26,SL
2894,XAUUSD,7102602,1,0.04,1318.9,1322.79,11.78,1403609100,1403610000,15.28,TP
2897,XAUUSD,7102601,1,0.08,1323.37,1316.06,7.31,1403611200,1403671200,-60.6511,SL
2900,XAUUSD,7102601,1,0.11,1327.36,1321.65,5.71,1404178200,1404314700,-65.8077,SL
2903,XAUUSD,7102602,1,0.05,1321.79,1325.35,9.65,1404828600,1404897300,16.4421,TP
2906,XAUUSD,7102602,1,0.05,1326.45,1334.76,10.3,1404917400,1404993600,38.1558,TP
2909,XAUUSD,7102602,1,0.04,1335.58,1339.78,10.72,1404993900,1404994800,16.52,TP
2912,XAUUSD,7102601,1,0.11,1340.23,1334.84,5.39,1405008000,1405035900,-60.06,SL
2915,XAUUSD,7102602,1,0.04,1310.56,1299,11.56,1405424100,1405446900,-46.52,SL
2918,XAUUSD,7102602,1,0.04,1314.2,1301.38,12.82,1405937400,1406175900,-55.5524,SL
2921,XAUUSD,7102602,-1,0.04,1291.14,1287.26,11.59,1407160500,1407176700,15.24,TP
2924,XAUUSD,7102601,1,0.11,1318.51,1312.97,5.54,1407484800,1407510000,-61.71,SL
2927,XAUUSD,7102602,1,0.04,1310.52,1315.15,12.08,1407766500,1407857100,17.4406,TP
2930,XAUUSD,7102602,1,0.04,1315.4,1318.98,12.01,1408011900,1408030200,14.04,TP
2933,XAUUSD,7102602,-1,0.04,1283.79,1280.22,10.62,1409312700,1409651100,13.7142,TP
2936,XAUUSD,7102602,-1,0.06,1270,1258.58,8.65,1409664300,1409880600,67.0445,TP
2938,XAUUSD,7102601,-1,0.12,1259.21,1264.48,5.27,1409880600,1409907300,-64.08,SL
2942,XAUUSD,7102602,-1,0.04,1265.66,1259.9,10.5,1410183900,1410195300,22.76,TP
2945,XAUUSD,7102601,-1,0.11,1252.18,1258.15,5.67,1410206400,1410224700,-66.8234,SL
2948,XAUUSD,7102602,-1,0.04,1253.43,1249.24,11.34,1410260400,1410289200,16.48,TP
2951,XAUUSD,7102601,-1,0.1,1249.01,1254.97,5.96,1410292800,1410302700,-60.3,SL
2954,XAUUSD,7102602,-1,0.04,1253.21,1249.11,11.64,1410349200,1410362400,16.12,TP
2957,XAUUSD,7102601,-1,0.09,1245.29,1226.33,6.14,1410379200,1411471500,166.008,SL
2960,XAUUSD,7102602,-1,0.04,1207.12,1219.73,12.61,1411640100,1411666800,-50.72,SL
2963,XAUUSD,7102602,-1,0.04,1221.46,1211.92,13.1,1411740000,1412079000,37.6097,TP
2966,XAUUSD,7102601,-1,0.1,1206.07,1212.22,6.15,1412092800,1412093400,-62.2,SL
2969,XAUUSD,7102602,-1,0.03,1214.48,1207.06,13.27,1412244600,1412329800,21.9489,TP
2972,XAUUSD,7102602,-1,0.03,1206.38,1199.4,13.52,1412331900,1412350200,20.73,TP
2975,XAUUSD,7102601,-1,0.09,1202.29,1203.43,6.86,1412352000,1412621100,-11.1878,SL
2978,XAUUSD,7102602,-1,0.03,1228.3,1242.28,13.98,1413201600,1413390900,-42.3556,SL
2981,XAUUSD,7102602,-1,0.03,1236.25,1251.2,14.95,1413555000,1413885900,-45.2671,SL
2984,XAUUSD,7102602,1,0.03,1251.92,1238.7,13.22,1413886200,1414062900,-42.1488,SL
2987,XAUUSD,7102601,-1,0.11,1210.68,1215.58,4.9,1414634700,1414641900,-54.67,SL
2990,XAUUSD,7102602,-1,0.03,1204.46,1193.7,11.78,1414665900,1414742700,31.9701,TP
2995,XAUUSD,7102602,-1,0.04,1175.54,1156.97,12.51,1414749900,1415172600,73.6105,TP
2992,XAUUSD,7102601,-1,0.1,1203.97,1147.28,5.25,1414670400,1415371500,563.626,SL
2998,XAUUSD,7102602,-1,0.03,1145.59,1159.59,14,1415185200,1415381400,-42.5903,SL
3002,XAUUSD,7102602,-1,0.03,1167.5,1158.62,17.21,1415627400,1415644800,26.43,TP
3005,XAUUSD,7102602,-1,0.02,1156.19,1177.26,21.07,1415872200,1415986800,-42.3445,SL
3008,XAUUSD,7102602,-1,0.03,1180.48,1171.42,16.64,1417179900,1417203900,26.97,TP
3011,XAUUSD,7102602,1,0.02,1206.86,1213,19.43,1418119200,1418136300,12.14,TP
3014,XAUUSD,7102601,-1,0.08,1180.56,1188.26,7.7,1419278400,1419596400,-63.4657,SL
3017,XAUUSD,7102602,1,0.03,1211.15,1219.98,17.72,1420536300,1420569600,26.28,TP
3020,XAUUSD,7102602,1,0.03,1241.89,1252.43,17.42,1421144100,1421328600,29.1553,TP
3023,XAUUSD,7102601,1,0.06,1276.74,1276.23,10.49,1421438400,1422280800,-12.9304,SL
3026,XAUUSD,7102602,1,0.02,1284.1,1264.51,19.59,1422957300,1422977400,-39.32,SL
3029,XAUUSD,7102602,1,0.02,1266.58,1246.78,19.8,1423042500,1423236600,-41.2903,SL
3032,XAUUSD,7102602,-1,0.02,1238.09,1230.74,19.58,1423570200,1423672800,14.4915,TP
3035,XAUUSD,7102601,-1,0.09,1222.92,1230.11,7.19,1423684800,1423737000,-66.254,SL
3038,XAUUSD,7102602,-1,0.03,1223.78,1214.34,15.3,1424165100,1424189700,28.11,TP
3041,XAUUSD,7102601,-1,0.1,1206.3,1212.71,6.41,1424203200,1424293500,-65.1359,SL
3044,XAUUSD,7102601,-1,0.09,1192.25,1199.4,7.15,1424692800,1424704800,-64.98,SL
3047,XAUUSD,7102602,-1,0.03,1197.75,1191.53,13.65,1424772600,1424797200,18.45,TP
3050,XAUUSD,7102602,-1,0.03,1204,1199.07,14.94,1425466500,1425488700,14.58,TP
3053,XAUUSD,7102602,-1,0.03,1200.88,1196.11,15.14,1425548400,1425639300,14.0001,TP
3058,XAUUSD,7102602,-1,0.03,1158.99,1154.43,13.82,1425984900,1426093200,13.3732,TP
3056,XAUUSD,7102601,-1,0.1,1182.25,1165.9,6.13,1425657600,1426153500,160.867,SL
3062,XAUUSD,7102602,-1,0.03,1147.61,1162.47,14.86,1426673400,1426712700,-44.79,SL
3065,XAUUSD,7102602,-1,0.03,1168.77,1161.11,15.64,1426761600,1426777800,22.77,TP
3068,XAUUSD,7102602,-1,0.03,1180.64,1196.22,15.58,1427110200,1427293200,-47.1485,SL
3071,XAUUSD,7102602,-1,0.03,1190.4,1182.91,13.74,1427709900,1427726400,22.26,TP
3074,XAUUSD,7102602,-1,0.03,1178.82,1192.96,14.14,1427799000,1427901600,-42.7286,SL
3077,XAUUSD,7102602,-1,0.04,1188.9,1200.75,11.85,1429014000,1429128900,-47.8125,SL
3080,XAUUSD,7102602,1,0.04,1208.87,1195.9,12.97,1429181700,1429205400,-52.16,SL
3083,XAUUSD,7102602,-1,0.04,1190.63,1186.25,12.93,1429879200,1429894500,17.24,TP
3086,XAUUSD,7102601,-1,0.11,1175.86,1181.73,5.87,1429905600,1430105100,-65.7003,SL
3089,XAUUSD,7102601,-1,0.09,1173.24,1179.87,6.63,1430496000,1430524200,-60.3,SL
3092,XAUUSD,7102602,-1,0.03,1181.61,1196.66,15.05,1430996100,1431435900,-45.6564,SL
3095,XAUUSD,7102602,1,0.03,1219.56,1226.04,14.25,1431609300,1431622500,19.23,TP
3098,XAUUSD,7102601,1,0.09,1229.08,1223.1,5.98,1431950400,1431967200,-54.45,SL
3101,XAUUSD,7102602,1,0.03,1210.26,1197.02,13.24,1432128600,1432632900,-43.2515,SL
3104,XAUUSD,7102602,-1,0.03,1185.61,1181.59,13.26,1432730700,1432831500,11.553,TP
3107,XAUUSD,7102602,-1,0.04,1186.36,1196.98,10.62,1433154300,1433175600,-42.76,SL
3110,XAUUSD,7102602,-1,0.03,1185.88,1181.82,10.95,1433245800,1433360400,11.8706,TP
3113,XAUUSD,7102602,-1,0.03,1181.44,1176.83,11.88,1433412600,1433431800,13.62,TP
3116,XAUUSD,7102601,-1,0.09,1178.85,1179.58,5.62,1433433600,1433850000,-8.0804,SL
3119,XAUUSD,7102602,-1,0.03,1179.03,1174.93,10.95,1434365100,1434372600,12.09,TP
3122,XAUUSD,7102602,-1,0.03,1182.89,1179.17,11.61,1434451200,1434471600,10.95,TP
3125,XAUUSD,7102602,-1,0.03,1175.58,1171.93,11.85,1435141200,1435160400,10.74,TP
3128,XAUUSD,7102602,-1,0.03,1179,1171.8,11.31,1435573500,1435669500,21.2917,TP
3131,XAUUSD,7102602,-1,0.03,1163.77,1159.88,11.67,1435831500,1435849200,11.46,TP
3133,XAUUSD,7102601,-1,0.11,1165.41,1170.3,4.89,1435838400,1435918800,-54.9162,SL
3137,XAUUSD,7102602,-1,0.04,1164.02,1174,9.98,1436180100,1436212800,-40.2,SL
3140,XAUUSD,7102602,-1,0.03,1155.98,1151.14,11.12,1436783100,1436975100,14.1172,TP
3145,XAUUSD,7102602,-1,0.03,1089.13,1103.99,14.86,1437576600,1437648300,-45.0636,SL
3143,XAUUSD,7102601,-1,0.14,1139.37,1080.33,3.51,1437148800,1437714900,822.583,SL
3149,XAUUSD,7102602,-1,0.03,1093.87,1083.68,14.82,1438006500,1438249800,29.9033,TP
3152,XAUUSD,7102602,-1,0.03,1081.35,1097.72,16.37,1438343100,1438359600,-49.32,SL
3155,XAUUSD,7102602,-1,0.03,1091.6,1085.86,16.89,1438612500,1438651800,16.9195,TP
3158,XAUUSD,7102602,-1,0.03,1120.31,1114.18,14.22,1439461500,1439480400,18.18,TP
3161,XAUUSD,7102602,-1,0.03,1123.84,1139.55,15.71,1440772800,1440782700,-47.34,SL
3164,XAUUSD,7102602,1,0.03,1142.56,1127.1,15.46,1441188300,1441288800,-48.1489,SL
3167,XAUUSD,7102601,-1,0.12,1102.57,1107.74,5.17,1441828800,1441833600,-62.88,SL
3170,XAUUSD,7102602,-1,0.04,1103.49,1114.65,11.16,1442241600,1442418600,-45.166,SL
3173,XAUUSD,7102602,-1,0.04,1118.97,1130.38,11.41,1442492100,1442524200,-45.92,SL
3176,XAUUSD,7102602,1,0.04,1132.03,1136.24,11.85,1442574300,1442578800,16.56,TP
3179,XAUUSD,7102602,-1,0.04,1122.74,1117.49,12.79,1443616500,1443627600,20.72,TP
3182,XAUUSD,7102602,-1,0.04,1111.72,1107.45,13.5,1443693900,1443786900,16.6763,TP
3185,XAUUSD,7102602,1,0.04,1139.75,1143.95,13.38,1444128000,1444146000,16.52,TP
3188,XAUUSD,7102602,1,0.03,1150.02,1158.95,14.46,1444387500,1444416900,26.58,TP
3191,XAUUSD,7102602,1,0.04,1167.6,1154.36,13.24,1444657200,1444714500,-53.9503,SL
3194,XAUUSD,7102602,1,0.03,1175.13,1183.21,14.57,1444818600,1444855800,24.03,TP
3197,XAUUSD,7102601,1,0.1,1183.95,1177.55,6.4,1444872600,1444923600,-64.7,SL
3200,XAUUSD,7102602,1,0.04,1173.7,1179.26,12.73,1445335500,1445358900,21.96,TP
3203,XAUUSD,7102602,1,0.04,1169.57,1174.24,13.73,1445508300,1445600100,17.6894,TP
3206,XAUUSD,7102602,1,0.04,1166.94,1171.18,12.9,1445865300,1446022800,15.2579,TP
3209,XAUUSD,7102602,1,0.04,1172.62,1179.67,12.46,1446033900,1446050400,27.92,TP
3214,XAUUSD,7102602,-1,0.04,1136.73,1130.64,11.89,1446467400,1446563400,23.9541,TP
3217,XAUUSD,7102602,-1,0.04,1088.17,1083.15,13.44,1447248300,1447341300,19.438,TP
3212,XAUUSD,7102601,-1,0.1,1149.34,1092.83,6.22,1446148800,1447644300,559.495,SL
3221,XAUUSD,7102601,-1,0.1,1069.16,1075.68,6.52,1447790400,1447880400,-66.1973,SL
3224,XAUUSD,7102602,-1,0.04,1079.9,1073.6,12.59,1448015100,1448249700,24.8003,TP
3227,XAUUSD,7102602,-1,0.04,1074.04,1067.65,11.59,1448451000,1448600700,24.8039,TP
3230,XAUUSD,7102602,-1,0.04,1065.48,1058.56,11.68,1448625900,1448636700,27.4,TP
3233,XAUUSD,7102601,-1,0.15,1055.48,1060,4.51,1448640000,1448641800,-68.85,SL
3236,XAUUSD,7102601,-1,0.11,1049.97,1055.86,5.89,1449115200,1449153600,-65.56,SL
3239,XAUUSD,7102602,-1,0.04,1059.79,1072.37,12.58,1449222600,1449245100,-50.6,SL
3242,XAUUSD,7102602,-1,0.04,1063.01,1077.2,14.19,1449837900,1449852600,-57.04,SL
3245,XAUUSD,7102602,-1,0.03,1070.87,1064.45,14.31,1450086600,1450121400,19.05,TP
3248,XAUUSD,7102602,-1,0.04,1060,1074.16,14.16,1450180200,1450280700,-57.0378,SL
3251,XAUUSD,7102602,-1,0.04,1071.02,1066.19,11.58,1451306100,1451478900,18.8025,TP
3254,XAUUSD,7102602,1,0.04,1091.07,1096.37,14.25,1453198200,1453285200,20.2566,TP
3257,XAUUSD,7102602,1,0.03,1104.03,1110.31,14.79,1453367400,1453778100,17.1144,TP
3260,XAUUSD,7102602,1,0.04,1115.65,1123.36,12.19,1453799400,1453928700,29.8754,TP
3263,XAUUSD,7102602,1,0.05,1123.38,1128.9,10.77,1454317800,1454366700,27.25,TP
3266,XAUUSD,7102602,1,0.05,1130.09,1133.37,10.67,1454502300,1454518800,16.05,TP
3271,XAUUSD,7102602,1,0.04,1144.03,1148.08,11.77,1454583000,1454598000,15.92,TP
3274,XAUUSD,7102602,1,0.04,1158.07,1161.97,12.18,1454673000,1454686200,15.32,TP
3269,XAUUSD,7102601,1,0.13,1142.17,1147.27,5.23,1454549400,1454688300,63.0951,SL
3280,XAUUSD,7102602,1,0.04,1169.73,1174.03,12.45,1454929500,1454934000,16.92,TP
3283,XAUUSD,7102602,1,0.03,1217.84,1234.28,15.73,1455186900,1455198600,49.11,TP
3278,XAUUSD,7102601,1,0.09,1165.93,1241.32,7.4,1454895000,1455221700,669.669,SL
3287,XAUUSD,7102602,1,0.02,1209.51,1227.46,20.49,1455623700,1455825600,34.2853,TP
3290,XAUUSD,7102602,1,0.02,1232.81,1240.21,24.13,1456315800,1456327800,14.66,TP
3293,XAUUSD,7102602,1,0.02,1239.3,1215.48,23.82,1456393200,1456509600,-48.1571,SL
3296,XAUUSD,7102602,1,0.02,1229.1,1237.73,20.83,1456737000,1456780800,17.12,TP
3301,XAUUSD,7102602,1,0.02,1264.29,1271.27,21.83,1457086800,1457089200,13.82,TP
3299,XAUUSD,7102601,1,0.08,1257.23,1254.55,8.44,1457035200,1457492700,-28.1731,SL
3304,XAUUSD,7102602,1,0.03,1268.91,1248.71,20.2,1457353500,1457540100,-61.9687,SL
3308,XAUUSD,7102602,1,0.02,1262.78,1239.91,22.87,1458210600,1458716700,-47.4093,SL
3311,XAUUSD,7102602,1,0.03,1217.74,1225.8,19.85,1459160700,1459267500,23.4102,TP
3314,XAUUSD,7102602,1,0.03,1230.88,1237.11,18.98,1459419600,1459433700,18.48,TP
3317,XAUUSD,7102602,1,0.03,1233.19,1241.22,17.06,1460030100,1460046300,23.88,TP
3320,XAUUSD,7102602,1,0.03,1253.56,1262.1,15.21,1460369700,1460461500,24.8336,TP
3323,XAUUSD,7102601,1,0.1,1260.95,1254.24,6.71,1460462400,1460480100,-67.8,SL
3326,XAUUSD,7102602,1,0.03,1243.69,1227.52,16.17,1460632200,1460659200,-48.72,SL
3331,XAUUSD,7102601,1,0.09,1269.17,1261.4,7.77,1461254400,1461255300,-70.56,SL
3329,XAUUSD,7102602,1,0.03,1260.64,1245.11,15.53,1461243000,1461295800,-47.3721,SL
3337,XAUUSD,7102602,1,0.03,1256.65,1275.3,16.52,1461841800,1461904200,55.1597,TP
3335,NAS100,7102603,1,1.64,4413.12,4304.12,108.997,1461747600,1461952800,-184.367,SL
3340,XAUUSD,7102601,1,0.09,1275.63,1282.27,7.18,1461916800,1462298400,55.5756,SL
3343,XAUUSD,7102602,1,0.03,1301.48,1283.53,17.95,1462272300,1462298400,-54.06,SL
3347,XAUUSD,7102602,1,0.02,1282.11,1288.25,19.76,1462536000,1462548600,12.14,TP
3350,XAUUSD,7102602,1,0.02,1267.41,1275.24,18.38,1462875300,1462974000,15.1331,TP
3353,XAUUSD,7102602,1,0.03,1275.67,1285.27,17.5,1462974900,1463412600,25.6708,TP
3356,XAUUSD,7102602,-1,0.03,1248.68,1242.18,14.58,1464011700,1464087600,19.1859,TP
3359,XAUUSD,7102602,-1,0.03,1222.22,1214.85,15.71,1464178200,1464327300,21.4923,TP
3362,XAUUSD,7102602,1,0.04,1251.3,1259.23,14.53,1465381200,1465402200,31.44,TP
3367,XAUUSD,7102602,1,0.04,1284.8,1296.6,13.54,1465820700,1466025900,45.3498,TP
3373,US30,7102603,1,0.65,17762.5,17484.6,277.86,1465894800,1466096400,-189.531,SL
3365,XAUUSD,7102601,1,0.13,1269.01,1299.47,5.41,1465502400,1466105100,377.219,SL
3378,XAUUSD,7102602,1,0.03,1287.43,1297.09,16.29,1466170500,1466203800,28.77,TP
3369,US500,7102603,1,5.35,2080.99,2089.63,33.802,1465894800,1466499600,31.0982,EXPERT
3371,NAS100,7102603,1,2.34,4429.76,4411.17,77.3298,1465894800,1466586000,-59.5478,EXPERT
3383,XAUUSD,7102601,1,0.05,1337.6,1325.01,12.59,1466755200,1466757000,-63.3,SL
3386,XAUUSD,7102602,1,0.02,1323.11,1331.16,25.08,1467194700,1467361800,14.3477,TP
3389,XAUUSD,7102602,1,0.02,1337.23,1352.74,25.09,1467369900,1467609000,30.4707,TP
3392,XAUUSD,7102601,1,0.09,1363.24,1355.17,8.07,1467777600,1467909300,-78.8841,SL
3394,XAUUSD,7102602,1,0.02,1371.89,1348.5,23.39,1467809100,1467991800,-48.5855,SL
3398,XAUUSD,7102602,1,0.03,1342.65,1323.6,19.05,1468406100,1468506900,-59.2062,SL
3401,XAUUSD,7102602,1,0.03,1334.21,1315.58,18.63,1468927500,1469029500,-56.7106,SL
3404,XAUUSD,7102602,1,0.02,1319.25,1327.34,19.55,1469097900,1469126100,16.04,TP
3407,XAUUSD,7102602,1,0.03,1323.57,1332.25,16.31,1469534700,1469654700,25.2248,TP
3410,XAUUSD,7102602,1,0.04,1354.33,1361.03,14.07,1470132600,1470150600,26.52,TP
3412,XAUUSD,7102601,1,0.09,1359.45,1352.21,7.24,1470139200,1470291300,-73.2676,SL
3416,XAUUSD,7102602,1,0.03,1361.49,1346.56,14.93,1470320100,1470411000,-45.6236,SL
3419,XAUUSD,7102602,1,0.04,1350.46,1337.2,13.26,1471345500,1471467600,-54.143,SL
3422,XAUUSD,7102602,1,0.04,1343.42,1331.41,12.01,1471947000,1472053200,-49.138,SL
3425,XAUUSD,7102602,-1,0.04,1320.23,1315.23,11.19,1472551500,1472586600,19.72,TP
3428,XAUUSD,7102602,-1,0.04,1306.97,1319.38,12.41,1472724300,1472829900,-50.0659,SL
3431,XAUUSD,7102602,1,0.04,1328.85,1332.51,11.74,1473156600,1473168000,14.36,TP
3434,XAUUSD,7102602,1,0.03,1348.26,1334.8,13.46,1473333300,1473414000,-41.2031,SL
3443,XAUUSD,7102602,1,0.03,1330,1316.95,13.05,1473674700,1473802500,-39.9682,SL
3439,NAS100,7102603,1,1.68,4644.49,4733.14,88.2946,1473670800,1473930000,141.176,EXPERT
3447,XAUUSD,7102602,-1,0.04,1319.63,1314.15,13.12,1473934200,1473957300,21.64,TP
3437,US500,7102603,1,4.06,2113.03,2141.39,36.5966,1473670800,1474016400,105.055,EXPERT
3441,US30,7102603,1,0.5,17951,18173.2,292.722,1473670800,1474016400,100.528,EXPERT
3452,XAUUSD,7102602,-1,0.04,1312.68,1307.63,13.31,1474030800,1474042800,19.92,TP
3455,XAUUSD,7102602,1,0.05,1338.55,1326.53,12.02,1474638000,1474995600,-62.4945,SL
3458,XAUUSD,7102602,-1,0.05,1319.57,1313.95,11.5,1475156700,1475267100,27.5666,TP
3461,XAUUSD,7102602,-1,0.06,1307.64,1303.42,9.92,1475576100,1475594400,24.9,TP
3464,XAUUSD,7102602,-1,0.04,1263.34,1258.69,13.41,1475749800,1475769600,18.32,TP
3467,XAUUSD,7102602,-1,0.04,1254.8,1248.36,13.66,1476191400,1476458700,24.7829,TP
3470,XAUUSD,7102602,-1,0.04,1250.37,1264.06,13.69,1476702900,1476804900,-55.1794,SL
3473,XAUUSD,7102602,-1,0.06,1271.79,1268.54,9.17,1477488300,1477502700,19.08,TP
3476,XAUUSD,7102602,-1,0.06,1266.93,1262.68,9.17,1477650000,1477668600,25.08,TP
3479,XAUUSD,7102602,-1,0.06,1275.41,1271.59,9.66,1477908300,1477945500,22.5,TP
3482,XAUUSD,7102601,1,0.14,1287.19,1292.91,5.07,1478016000,1478173500,68.0249,SL
3485,XAUUSD,7102602,-1,0.04,1287.94,1280.26,12.55,1478510700,1478542200,30.44,TP
3490,XAUUSD,7102602,-1,0.02,1205.3,1194.85,23.87,1479462900,1479915000,20.5581,TP
3493,XAUUSD,7102602,-1,0.02,1182.09,1175.15,22.97,1479982500,1480042800,13.6743,TP
3496,XAUUSD,7102602,-1,0.04,1188.21,1181.93,13.97,1480417500,1480433400,24.84,TP
3499,XAUUSD,7102602,-1,0.04,1186.94,1179.8,14.68,1480500300,1480522500,28.28,TP
3502,XAUUSD,7102602,-1,0.04,1172.29,1187.6,15.31,1480681200,1480899900,-61.6508,SL
3505,XAUUSD,7102602,-1,0.04,1171.2,1161.39,14.64,1480932600,1480957500,38.96,TP
3508,XAUUSD,7102602,-1,0.03,1164.41,1158.95,15.66,1481291700,1481310600,16.17,TP
3511,XAUUSD,7102602,-1,0.04,1152.47,1146.72,13.83,1481538300,1481753100,22.4622,TP
3514,XAUUSD,7102602,-1,0.04,1134.11,1124.54,14.55,1481804700,1481827200,38,TP
3517,XAUUSD,7102602,-1,0.04,1131.93,1145.03,13.1,1482229800,1482831900,-53.4343,SL
3520,XAUUSD,7102602,-1,0.05,1138.6,1149.89,11.29,1482930300,1482992400,-57.2759,SL
3523,XAUUSD,7102602,-1,0.05,1148.8,1159.61,10.81,1483443300,1483467300,-54.4,SL
3488,XAUUSD,7102601,-1,0.04,1231.45,1173.26,16.85,1478894400,1483592400,225.588,SL
3527,XAUUSD,7102602,1,0.05,1191.25,1179.5,11.75,1484131200,1484153700,-59.1,SL
3530,XAUUSD,7102602,1,0.04,1202.45,1189.83,12.62,1484216100,1484325600,-51.4906,SL
3533,XAUUSD,7102602,1,0.04,1213.48,1201.23,12.25,1484647800,1484796900,-52.2297,SL
3536,XAUUSD,7102602,1,0.04,1205.16,1212.47,13.13,1484825100,1484948100,28.2239,TP
3539,XAUUSD,7102602,-1,0.04,1181.35,1194.67,13.32,1485510600,1485738600,-53.6924,SL
3542,XAUUSD,7102602,1,0.04,1204.45,1211.35,11.7,1485871200,1485880200,27.32,TP
3545,XAUUSD,7102602,1,0.04,1212.02,1199.5,12.52,1485949200,1485968700,-50.36,SL
3548,XAUUSD,7102602,1,0.04,1218.02,1225.61,12.94,1486032600,1486387200,28.5917,TP
3551,XAUUSD,7102602,1,0.04,1225.7,1230.67,12.33,1486387500,1486410600,19.6,TP
3554,XAUUSD,7102602,1,0.04,1237.28,1242.65,12.44,1486551000,1486572000,21.2,TP
3557,XAUUSD,7102602,1,0.04,1227.24,1231.87,13.28,1486731300,1486747200,18.24,TP
3560,XAUUSD,7102602,1,0.04,1237.73,1242.37,13.46,1487242200,1487333400,17.5229,TP
3563,XAUUSD,7102602,1,0.05,1237.98,1241.99,11.67,1487762700,1487860500,16.864,TP
3566,XAUUSD,7102602,1,0.05,1254.35,1260.28,11.76,1487928600,1488219000,28.3399,TP
3571,XAUUSD,7102602,-1,0.05,1203.37,1198.29,11.67,1489056600,1489115100,24.8832,TP
3574,XAUUSD,7102602,-1,0.05,1201.18,1197.82,10.53,1489485900,1489529100,16.45,TP
3569,XAUUSD,7102601,-1,0.13,1221.03,1211.59,5.53,1488902400,1489611600,118.327,SL
3578,XAUUSD,7102602,1,0.05,1227.93,1235.05,11.95,1489660200,1490005200,33.3746,TP
3581,XAUUSD,7102602,1,0.05,1248.81,1253.37,11.1,1490180700,1490579700,17.6865,TP
3584,XAUUSD,7102602,1,0.05,1252.3,1241.53,10.77,1490788200,1490933400,-58.021,SL
3587,XAUUSD,7102602,1,0.06,1258.66,1249.51,9.15,1491303900,1491405300,-56.4716,SL
3590,XAUUSD,7102602,1,0.06,1258.3,1262.78,9.68,1491907500,1491927000,26.46,TP
3595,XAUUSD,7102602,1,0.05,1288.44,1292.53,11.21,1492088700,1492392000,18.1322,TP
3598,XAUUSD,7102602,1,0.05,1286.84,1291.04,11.2,1492518300,1492540500,20.65,TP
3593,XAUUSD,7102601,1,0.12,1274.87,1277.96,5.88,1491960600,1492620900,19.7266,SL
3602,XAUUSD,7102602,1,0.05,1281.8,1285.8,12.3,1492682700,1492797900,18.6711,TP
3605,XAUUSD,7102602,1,0.05,1265.82,1269.94,12.3,1493206800,1493246700,20.25,TP
3610,XAUUSD,7102602,-1,0.05,1223.58,1218.81,11.63,1494341400,1494350100,23.5,TP
3608,XAUUSD,7102601,-1,0.15,1237.89,1228.41,4.7,1493861400,1494580800,137.074,SL
3618,XAUUSD,7102602,1,0.05,1263.62,1252.02,11.6,1495114800,1495127400,-58.35,SL
3621,XAUUSD,7102602,1,0.05,1252.42,1257.1,12.55,1495197600,1495417800,22.0912,TP
3624,XAUUSD,7102602,1,0.05,1257.59,1263.07,10.79,1495464900,1495507200,26.0874,TP
3614,US500,7102603,1,6.22,2364.29,2390.98,30.3721,1495098000,1495530000,157.385,EXPERT
3616,US30,7102603,1,0.71,20652.1,20882.2,265.812,1495098000,1495530000,154.763,EXPERT
3629,XAUUSD,7102602,1,0.06,1261.98,1269.32,10.66,1495793100,1495835700,43.62,TP
3631,XAUUSD,7102601,1,0.16,1266.11,1261.54,4.57,1495814400,1496157300,-80.4332,SL
3635,XAUUSD,7102602,1,0.05,1263.84,1267.26,11,1496226300,1496246100,16.75,TP
3638,XAUUSD,7102601,1,0.16,1280.53,1282.31,4.62,1496635200,1496932800,11.6319,SL
3640,XAUUSD,7102602,1,0.06,1290.12,1280.73,9.39,1496748300,1496939700,-61.4853,SL
3644,XAUUSD,7102602,-1,0.05,1250.19,1246.02,11.11,1497867000,1497903300,20.5,TP
3647,XAUUSD,7102602,-1,0.07,1241.45,1237.51,9.13,1498475100,1498490400,27.09,TP
3650,US500,7102603,1,6.09,2421,2445.18,31.5676,1498640400,1498726800,138.624,EXPERT
3654,US30,7102603,1,0.91,21331.7,21489.2,209.999,1498640400,1498726800,131.899,EXPERT
3658,XAUUSD,7102602,-1,0.06,1246.42,1242.27,10.29,1498733400,1498750800,24.48,TP
3661,XAUUSD,7102602,-1,0.06,1242.59,1237.32,10.55,1498818000,1499063400,30.9931,TP
3664,XAUUSD,7102602,-1,0.07,1235.17,1228.77,8.55,1499077200,1499097600,44.31,TP
3667,XAUUSD,7102602,-1,0.06,1223.37,1218.9,10.17,1499251200,1499259600,26.4,TP
3670,XAUUSD,7102601,-1,0.17,1218.02,1222.56,4.54,1499270400,1499274600,-78.37,SL
3652,NAS100,7102603,1,1.21,5656.05,5640.9,157.95,1498640400,1499331600,-31.663,EXPERT
3674,XAUUSD,7102602,-1,0.06,1223.66,1219.63,10.13,1499336400,1499393100,23.5559,TP
3677,XAUUSD,7102601,-1,0.15,1211.44,1216.6,5.16,1499457600,1499797500,-79.461,SL
3679,XAUUSD,7102602,-1,0.06,1209.81,1220.65,10.84,1499767800,1499832000,-65.6628,SL
3683,XAUUSD,7102602,-1,0.05,1216.67,1228.12,11.45,1499866500,1500046200,-58.2776,SL
3686,XAUUSD,7102602,-1,0.06,1237.44,1247.42,9.98,1500547200,1500572700,-60.3,SL
3691,XAUUSD,7102602,1,0.06,1248.24,1252.69,10.38,1500635100,1500665100,26.28,TP
3689,XAUUSD,7102601,1,0.18,1246.49,1246.21,4.23,1500580800,1501050900,-20.0603,SL
3695,XAUUSD,7102601,1,0.17,1261.26,1256.89,4.37,1501119000,1501177200,-75.48,SL
3698,XAUUSD,7102601,1,0.15,1268.97,1263.95,5.02,1501272000,1501600500,-82.1684,SL
3703,XAUUSD,7102601,1,0.16,1273.03,1268.62,4.41,1501617600,1501628100,-71.68,SL
3700,NAS100,7102603,1,1.69,5902.37,5907.24,113.308,1501578000,1501750800,0.475499,EXPERT
3707,XAUUSD,7102602,1,0.06,1261.25,1264.8,9.54,1502190600,1502199900,20.88,TP
3710,XAUUSD,7102602,1,0.05,1268.7,1274.59,10.31,1502273100,1502292000,29.1,TP
3713,XAUUSD,7102601,1,0.15,1275.15,1270.34,4.81,1502294400,1502296500,-73.2,SL
3718,XAUUSD,7102602,1,0.05,1280.49,1285.63,11.06,1502372700,1502383500,25.35,TP
3716,XAUUSD,7102601,1,0.14,1277.38,1277.57,4.84,1502328600,1502768400,-6.57143,SL
3721,US500,7102603,1,7.05,2437.6,2469.78,27.1701,1502442000,1502787600,220.163,EXPERT
3723,NAS100,7102603,1,1.48,5773.76,5922.84,128.709,1502442000,1502787600,217.266,EXPERT
3725,US30,7102603,1,0.96,21862.8,22035.4,198.415,1502442000,1502787600,157.531,EXPERT
3733,XAUUSD,7102601,1,0.15,1295.59,1290.63,4.96,1503057600,1503080700,-75.45,SL
3736,XAUUSD,7102602,1,0.06,1287.66,1293.14,10.75,1503309900,1503333000,32.46,TP
3731,US30,7102603,1,0.79,21765.8,21880.4,248.057,1503046800,1503478800,80.5286,EXPERT
3740,XAUUSD,7102602,1,0.05,1287.89,1292.22,10.99,1503496200,1503677700,17.3611,TP
3743,XAUUSD,7102602,1,0.06,1299.25,1306.02,10.13,1503931500,1503943500,40.2,TP
3746,XAUUSD,7102601,1,0.17,1307.65,1312.58,4.51,1503950400,1504040700,79.2177,SL
3748,XAUUSD,7102602,1,0.05,1321.69,1310,11.69,1504001700,1504042800,-58.8,SL
3752,XAUUSD,7102601,1,0.12,1335.69,1329.23,6.46,1504497600,1504610700,-80.8063,SL
3757,XAUUSD,7102601,1,0.12,1341.48,1335.07,6.41,1504661400,1504727700,-77.76,SL
3754,XAUUSD,7102602,1,0.04,1338.87,1345.08,13.71,1504519800,1504798200,20.4794,TP
3763,XAUUSD,7102601,1,0.13,1348.87,1343.22,5.65,1504834200,1504893300,-74.36,SL
3759,US30,7102603,1,0.75,21777,22073.9,262.479,1504688400,1505206800,203.574,EXPERT
3767,XAUUSD,7102602,1,0.05,1314.83,1302,12.83,1505908200,1505942400,-64.5,SL
3770,XAUUSD,7102602,-1,0.04,1293.25,1306.94,13.69,1505988600,1506363300,-55.3275,SL
3773,XAUUSD,7102602,-1,0.04,1289.43,1283.91,13.51,1506512100,1506527400,21.8,TP
3776,XAUUSD,7102602,-1,0.05,1271.78,1266.55,12.57,1506940500,1507246200,24.9157,TP
3779,XAUUSD,7102602,1,0.06,1296.75,1301.34,10.95,1507803900,1507909200,25.9346,TP
3782,XAUUSD,7102602,1,0.07,1305.87,1296.64,9.23,1508149800,1508189400,-65.1,SL
3785,XAUUSD,7102602,-1,0.06,1282.4,1276.22,10.13,1508323200,1508725800,35.5914,TP
3788,XAUUSD,7102602,-1,0.06,1279.54,1276.19,10.19,1508839500,1508857200,19.68,TP
3791,XAUUSD,7102602,-1,0.06,1278.15,1274.05,10.69,1509014700,1509030000,24.18,TP
3794,XAUUSD,7102602,-1,0.06,1269.01,1279.69,10.68,1509358800,1509538500,-64.9245,SL
3797,XAUUSD,7102602,-1,0.06,1274.54,1268.3,10.84,1509634800,1509731700,36.8074,TP
3800,XAUUSD,7102602,-1,0.06,1274.99,1285.24,10.25,1510824000,1510934400,-62.133,SL
3803,XAUUSD,7102601,1,0.15,1293.61,1288.67,4.94,1510948800,1511193000,-78.1158,SL
3806,XAUUSD,7102602,1,0.06,1291.86,1296.47,9.56,1511777100,1511796900,27.24,TP
3809,XAUUSD,7102601,1,0.21,1298.54,1294.9,3.64,1511798400,1511800800,-77.91,SL
3812,XAUUSD,7102602,1,0.06,1296.64,1286.78,9.86,1511947500,1511969100,-59.58,SL
3815,XAUUSD,7102602,-1,0.05,1281.17,1277.51,10.56,1512038100,1512055800,17.95,TP
3820,XAUUSD,7102602,-1,0.06,1255.75,1247.85,10.18,1512650100,1512681600,46.98,TP
3818,XAUUSD,7102601,-1,0.18,1260.38,1248.68,4.07,1512633600,1513188300,206.85,SL
3824,XAUUSD,7102602,-1,0.06,1264.71,1274.29,9.58,1513850700,1513966200,-58.1111,SL
3831,XAUUSD,7102602,1,0.08,1293.05,1298.57,8.27,1514454900,1514561100,42.0177,TP
3827,XAUUSD,7102601,1,0.25,1278.11,1312.15,3.08,1514289600,1514955300,814.646,SL
3829,NAS100,7102603,1,1.95,6436.08,6514.74,102.682,1514451600,1514970000,146.051,EXPERT
3836,XAUUSD,7102602,1,0.07,1311.44,1316.79,9.38,1515061200,1515079500,36.96,TP
3839,XAUUSD,7102601,1,0.14,1321.58,1315.8,5.78,1515115800,1515168600,-81.9,SL
3842,XAUUSD,7102602,1,0.06,1313.88,1318.26,10.44,1515578700,1515587700,25.86,TP
3845,XAUUSD,7102601,1,0.16,1328.47,1323.5,4.97,1515744000,1515771000,-80.64,SL
3847,XAUUSD,7102602,1,0.06,1331,1338.54,11.53,1515755100,1515791100,44.82,TP
3851,XAUUSD,7102601,1,0.14,1337.55,1331.92,5.63,1515979800,1516106400,-82.6682,SL
3854,XAUUSD,7102602,1,0.05,1330.17,1335.84,12.01,1516280100,1516357200,26.9863,TP
3857,XAUUSD,7102602,1,0.06,1343.91,1347.96,10.37,1516786800,1516790700,23.88,TP
3860,XAUUSD,7102601,1,0.19,1348.84,1353.42,4.22,1516795200,1516896900,73.8643,SL
3863,XAUUSD,7102602,1,0.05,1355.47,1343.17,12.3,1516957800,1517235600,-62.8812,SL
3866,XAUUSD,7102602,1,0.06,1343.72,1350.85,11.11,1517313300,1517526300,37.4347,TP
3869,US500,7102603,1,3.43,2751.6,2690.82,60.7804,1517821200,1517864400,-208.464,SL
3871,NAS100,7102603,1,1.12,6748.44,6563.41,185.026,1517821200,1517868000,-207.226,SL
3873,US30,7102603,1,0.33,25370.5,24744.1,626.38,1517821200,1517868000,-206.704,SL
3875,XAUUSD,7102602,1,0.05,1334.08,1338.68,12.75,1517825100,1517868300,22.65,TP
3885,XAUUSD,7102602,1,0.04,1331.69,1317.24,14.45,1517994900,1518030600,-58.08,SL
3883,NAS100,7102603,1,0.71,6425.6,6194.68,230.911,1517907600,1518202800,-168.487,SL
3881,US500,7102603,1,2.05,2598.22,2645.38,79.9967,1517907600,1518512400,89.2642,EXPERT
3890,XAUUSD,7102602,1,0.03,1329.51,1336.6,13.33,1518517800,1518587700,20.4507,TP
3893,XAUUSD,7102601,1,0.09,1358.62,1352.17,6.45,1518768000,1518798300,-58.68,SL
3895,XAUUSD,7102602,1,0.03,1360.45,1345.22,15.23,1518776100,1518815100,-45.9,SL
3899,XAUUSD,7102602,1,0.03,1340.65,1329.07,11.58,1519638300,1519744200,-35.561,SL
3902,XAUUSD,7102602,-1,0.03,1312.22,1306.75,13.06,1519898700,1519914600,16.2,TP
3907,XAUUSD,7102602,-1,0.04,1320.55,1331.3,10.75,1520330400,1520351400,-43.28,SL
3905,US30,7102603,1,0.15,24593,24490.2,872.154,1519981200,1520413200,-17.58,EXPERT
3913,NAS100,7102603,1,0.55,6611.82,6788.83,228.146,1521795600,1522141200,95.9405,EXPERT
3917,XAUUSD,7102601,1,0.09,1341.75,1339.67,5.78,1521806400,1522232400,-24.9122,SL
3911,US500,7102603,1,1.69,2626.72,2633.98,75.0692,1521795600,1522659600,5.36975,EXPERT
3915,US30,7102603,1,0.15,23800.9,24086.7,818.862,1521795600,1522659600,37.2658,EXPERT
3923,XAUUSD,7102602,1,0.03,1336.26,1340.66,12.75,1522836900,1522839600,12.99,TP
3926,XAUUSD,7102602,1,0.03,1338.95,1345.98,12.55,1523370900,1523452500,20.2659,TP
3929,XAUUSD,7102601,1,0.09,1358.63,1352.79,5.84,1523476800,1523480400,-53.19,SL
3932,XAUUSD,7102602,1,0.03,1341.81,1346.56,14.12,1523619300,1523644800,14.04,TP
3935,XAUUSD,7102602,1,0.03,1347.27,1351.87,13.42,1524055500,1524064500,13.59,TP
3938,XAUUSD,7102602,1,0.03,1354.42,1341.4,13.02,1524132300,1524162900,-39.27,SL
3945,XAUUSD,7102602,-1,0.03,1323.88,1316.8,12.47,1524650700,1524767100,20.6995,TP
3943,NAS100,7102603,1,0.55,6522.22,6738.73,246.628,1524621600,1524792600,116.281,EXPERT
3941,US30,7102603,1,0.19,24047.5,24349.7,702.881,1524619800,1524792600,53.8527,EXPERT
3950,XAUUSD,7102602,-1,0.05,1317.54,1310.57,10.18,1525082700,1525107300,34.5,TP
3953,XAUUSD,7102602,-1,0.05,1310.07,1305.13,10.23,1525172700,1525194600,24.35,TP
3956,US30,7102603,1,0.23,23879.9,24285.2,715.819,1525311000,1525656600,91.0534,EXPERT
3958,XAUUSD,7102602,-1,0.05,1309.75,1306.48,10.88,1525428300,1525797600,15.6349,TP
3962,XAUUSD,7102602,-1,0.06,1307.3,1317.28,9.98,1525860300,1525887900,-60.3,SL
3965,XAUUSD,7102602,-1,0.06,1318.38,1315.14,9.16,1526308500,1526331600,19.02,TP
3968,XAUUSD,7102602,-1,0.06,1309.78,1305.59,9.13,1526383500,1526398200,24.72,TP
3973,XAUUSD,7102602,-1,0.05,1290.88,1287.1,10.9,1526474400,1526481600,18.55,TP
3971,XAUUSD,7102601,-1,0.15,1292.62,1295.88,4.6,1526434200,1526986800,-53.1781,SL
3976,XAUUSD,7102602,-1,0.05,1288.09,1298.69,10.6,1526555400,1527176100,-54.6065,SL
3980,XAUUSD,7102602,-1,0.06,1296.02,1305.33,9.31,1527588900,1527593400,-56.28,SL
3983,XAUUSD,7102602,-1,0.05,1296.27,1306.42,10.15,1527675600,1527758700,-51.6424,SL
3986,XAUUSD,7102602,-1,0.05,1297.54,1294.71,8.87,1527862800,1527863700,13.8,TP
3989,XAUUSD,7102602,-1,0.05,1295.72,1292.67,8.99,1528287000,1528446300,14.1796,TP
3992,XAUUSD,7102602,-1,0.06,1296.56,1304.27,7.71,1528714800,1528979100,-47.7623,SL
3995,XAUUSD,7102601,-1,0.12,1276.36,1281.18,4.82,1529092800,1529106600,-58.68,SL
3998,XAUUSD,7102602,-1,0.05,1278.6,1273.63,8.58,1529410500,1529418000,24.5,TP
4003,XAUUSD,7102602,-1,0.05,1272.58,1269.35,9.42,1529493000,1529530200,15.8,TP
4006,XAUUSD,7102602,-1,0.06,1262.4,1257.34,8.66,1530009600,1530015600,29.94,TP
4009,XAUUSD,7102602,-1,0.06,1249.24,1245.02,9.56,1530180900,1530555900,24.4832,TP
4001,XAUUSD,7102601,-1,0.11,1273.45,1253.74,5.28,1529424000,1530638100,210.651,SL
4013,XAUUSD,7102602,-1,0.06,1253.17,1262.44,9.27,1530788400,1531139400,-56.4586,SL
4016,XAUUSD,7102602,-1,0.06,1254.51,1249.28,8.65,1531222800,1531231500,30.96,TP
4019,XAUUSD,7102602,-1,0.06,1248.58,1241.6,9.39,1531320600,1531367700,40.8391,TP
4022,XAUUSD,7102602,-1,0.06,1243.61,1239.69,9.45,1531476900,1531484400,23.1,TP
4027,XAUUSD,7102602,-1,0.06,1221.86,1215.04,10.14,1531912500,1532011500,39.8863,TP
4025,XAUUSD,7102601,-1,0.17,1226.61,1224.34,4.27,1531857600,1532031300,35.0816,SL
4031,XAUUSD,7102602,-1,0.06,1228.86,1223.08,9.94,1532340600,1532373900,34.26,TP
4034,XAUUSD,7102602,-1,0.06,1227.39,1220.84,11.13,1532601300,1532690400,38.6762,TP
4037,XAUUSD,7102602,-1,0.06,1218.92,1215.15,9.99,1533033900,1533053700,22.2,TP
4040,XAUUSD,7102602,-1,0.06,1216.87,1212.83,11.08,1533208500,1533240600,23.82,TP
4043,XAUUSD,7102601,-1,0.17,1209.23,1213.84,4.61,1533259800,1533310200,-79.56,SL
4045,XAUUSD,7102602,-1,0.06,1204.32,1215.06,10.74,1533294000,1533310200,-64.86,SL
4049,XAUUSD,7102602,-1,0.06,1211.95,1206.55,10.16,1533550200,1533892500,30.7683,TP
4052,XAUUSD,7102602,-1,0.07,1206.77,1201.3,8.83,1534155600,1534164900,37.8,TP
4057,XAUUSD,7102602,-1,0.06,1186.09,1178.42,9.98,1534334400,1534357800,45.6,TP
4055,XAUUSD,7102601,-1,0.18,1201.34,1173.49,4.44,1534176000,1534397100,497.085,SL
4061,XAUUSD,7102602,-1,0.06,1192.69,1187.93,10.99,1534932900,1535018400,27.5422,TP
4064,XAUUSD,7102602,-1,0.06,1187.08,1197.9,10.82,1535018700,1535130000,-65.5375,SL
4067,XAUUSD,7102602,-1,0.05,1203.05,1198.73,11.86,1535377200,1535647200,20.4123,TP
4070,XAUUSD,7102602,-1,0.07,1194.65,1203.98,9.32,1536057600,1536236100,-66.7297,SL
4073,XAUUSD,7102602,-1,0.06,1198.33,1194.04,10.17,1536315000,1536336000,25.32,TP
4076,XAUUSD,7102602,-1,0.07,1203.56,1200.21,9.41,1536834000,1536945000,22.7264,TP
4079,XAUUSD,7102602,-1,0.07,1196.82,1206.18,9.36,1537265400,1537371900,-66.243,SL
4082,XAUUSD,7102602,-1,0.07,1206.24,1203.05,9.37,1537535700,1537543800,21.84,TP
4085,XAUUSD,7102602,-1,0.07,1199.31,1196.33,9.85,1537962300,1537975200,20.37,TP
4088,XAUUSD,7102602,-1,0.06,1194.27,1190.15,10.2,1538058300,1538062200,24.3,TP
4091,XAUUSD,7102601,-1,0.21,1186.89,1190.92,4.03,1538064000,1538157300,-86.7898,SL
4094,XAUUSD,7102602,-1,0.07,1186.43,1196.03,9.6,1538388300,1538494800,-67.9211,SL
4097,XAUUSD,7102602,-1,0.06,1194.06,1185.18,10.11,1538995800,1539013200,52.86,TP
4100,XAUUSD,7102602,1,0.06,1225.27,1230.97,11.4,1539597900,1539605400,33.78,TP
4103,XAUUSD,7102602,1,0.06,1229.25,1232.79,11.45,1539686700,1540292400,12.9684,TP
4106,XAUUSD,7102602,1,0.06,1234.18,1237.64,11.21,1540548900,1540554900,20.34,TP
4109,XAUUSD,7102602,1,0.07,1223.64,1230.48,9.67,1541066700,1541085900,47.39,TP
4112,XAUUSD,7102602,1,0.06,1234.83,1224.26,10.57,1541154900,1541536200,-66.0987,SL
4115,XAUUSD,7102602,1,0.06,1232.67,1222.18,10.49,1541585700,1541667900,-66.731,SL
4120,XAUUSD,7102602,-1,0.07,1205.64,1200.04,9.82,1542015900,1542108900,38.4766,TP
4118,XAUUSD,7102601,-1,0.15,1208.08,1212.45,5.38,1541793600,1542227700,-68.105,SL
4124,XAUUSD,7102602,1,0.07,1225.08,1228.18,9.27,1542705900,1542727800,21.21,TP
4127,XAUUSD,7102602,1,0.07,1223.12,1226.13,9.8,1542792000,1542814200,20.58,TP
4130,XAUUSD,7102602,1,0.07,1228.69,1218.74,9.95,1542888900,1543338300,-74.0667,SL
4133,XAUUSD,7102602,1,0.07,1227.02,1217.96,9.06,1543484100,1543595400,-65.2189,SL
4136,XAUUSD,7102602,1,0.08,1228.92,1235.42,7.76,1543828200,1543897800,49.9356,TP
4139,XAUUSD,7102602,1,0.08,1238.68,1246.55,7.92,1543919100,1544204400,54.8366,TP
4142,XAUUSD,7102602,1,0.08,1247.9,1239.29,8.61,1544520900,1544780100,-77.0445,SL
4145,XAUUSD,7102602,1,0.09,1238.54,1241.1,7.62,1545038400,1545060600,22.41,TP
4148,XAUUSD,7102602,1,0.08,1249.41,1253.26,7.89,1545133500,1545237600,28.7132,TP
4151,XAUUSD,7102602,1,0.08,1247.59,1252.13,8.38,1545297000,1545305100,35.76,TP
4154,XAUUSD,7102602,1,0.07,1264.72,1272.38,9.06,1545646500,1545804000,51.7731,TP
4159,XAUUSD,7102602,1,0.07,1272.7,1276.82,9.83,1545908700,1545937500,28.35,TP
4162,XAUUSD,7102602,1,0.07,1281.94,1288.98,10.09,1545991500,1546477500,41.9309,TP
4156,XAUUSD,7102601,1,0.14,1268.39,1281.78,5.63,1545681600,1546619400,156.426,SL
4166,XAUUSD,7102602,1,0.06,1292.5,1281.51,10.99,1546855800,1546960200,-67.5412,SL
4169,XAUUSD,7102602,1,0.06,1294.8,1284.12,10.68,1547198700,1547811000,-72.787,SL
4172,XAUUSD,7102602,1,0.08,1280.86,1283.74,7.91,1548148800,1548151200,22.48,TP
4175,XAUUSD,7102602,1,0.08,1286.18,1277.82,8.36,1548238800,1548343200,-72.1415,SL
4178,XAUUSD,7102602,1,0.08,1284.56,1288.42,7.83,1548407400,1548430500,30.32,TP
4183,XAUUSD,7102602,1,0.09,1307.1,1310.82,7.86,1548753600,1548774600,32.85,TP
4186,XAUUSD,7102602,1,0.08,1316.06,1320.96,8.44,1548844500,1548884400,38.64,TP
4189,XAUUSD,7102602,1,0.08,1321.68,1325.38,8.91,1548926700,1548948900,29.04,TP
4181,XAUUSD,7102601,1,0.2,1297.91,1313.96,4.15,1548446400,1549257300,287.467,SL
4193,XAUUSD,7102602,1,0.09,1312.06,1317.04,7.62,1549962300,1550077200,42.3878,TP
4196,XAUUSD,7102602,1,0.08,1315.2,1318.73,8.65,1550223600,1550236200,27.68,TP
4201,XAUUSD,7102602,1,0.08,1327.04,1330.74,8.14,1550571900,1550588100,29.04,TP
4199,XAUUSD,7102601,1,0.17,1327.18,1332.23,4.86,1550505600,1550749800,67.3038,SL
4205,XAUUSD,7102602,1,0.06,1322.22,1326.17,10.53,1551345900,1551360300,23.28,TP
4208,XAUUSD,7102602,-1,0.06,1292.55,1288.51,11.18,1551691800,1551696000,23.82,TP
4211,XAUUSD,7102602,-1,0.06,1284.99,1296.37,11.38,1551778200,1552059000,-69.772,SL
4214,XAUUSD,7102602,-1,0.07,1295.5,1292.09,9.92,1552310700,1552326000,23.38,TP
4217,XAUUSD,7102602,1,0.07,1306.48,1310.62,10.34,1552476600,1552514100,28.49,TP
4220,XAUUSD,7102602,1,0.07,1304.24,1310.1,10.24,1552906800,1553011500,39.136,TP
4223,XAUUSD,7102601,1,0.18,1314.48,1309.75,4.73,1553133900,1553190900,-86.4,SL
4225,XAUUSD,7102602,1,0.07,1319.68,1309.97,9.71,1553162700,1553190900,-68.46,SL
4229,XAUUSD,7102602,1,0.06,1312.36,1316.84,10.33,1553249100,1553504400,25.2563,TP
4232,XAUUSD,7102602,1,0.07,1317.28,1323.3,9.91,1553509500,1553547900,41.65,TP
4234,XAUUSD,7102601,1,0.15,1321.83,1316.33,5.5,1553544000,1553595900,-86.5792,SL
4238,XAUUSD,7102602,1,0.06,1318.87,1308.54,10.33,1553691900,1553724900,-62.4,SL
4241,XAUUSD,7102602,-1,0.06,1288.28,1283.03,10.68,1554113400,1554393900,30.0053,TP
4244,XAUUSD,7102602,-1,0.08,1286.61,1283.12,8.81,1555324500,1555344900,27.36,TP
4247,XAUUSD,7102602,-1,0.08,1283.33,1278.67,8.44,1555416300,1555428900,36.72,TP
4250,XAUUSD,7102602,-1,0.08,1271.43,1267,8.22,1556028600,1556035200,34.88,TP
4253,XAUUSD,7102602,-1,0.08,1283.25,1280.17,8.38,1556532300,1556546700,24.08,TP
4256,XAUUSD,7102602,-1,0.08,1270.75,1279.29,8.54,1556796300,1556902800,-69.1624,SL
4259,XAUUSD,7102602,-1,0.08,1280.88,1289.58,8.7,1557138600,1557320400,-70.7299,SL
4262,XAUUSD,7102601,1,0.21,1289.99,1285.88,4.11,1557331200,1557333900,-87.78,SL
4265,XAUUSD,7102601,1,0.2,1291.8,1290.55,4.28,1557763200,1558020900,-46.2144,SL
4267,XAUUSD,7102602,1,0.07,1298.73,1288.9,9.83,1557921000,1558028700,-73.4585,SL
4271,XAUUSD,7102602,-1,0.06,1284.52,1280.36,10.39,1558099500,1558112400,24.54,TP
4274,XAUUSD,7102602,-1,0.07,1274.45,1270.43,9.7,1558353000,1558456500,27.4016,TP
4277,XAUUSD,7102602,-1,0.09,1275.65,1283.4,7.75,1559211300,1559238000,-70.38,SL
4280,XAUUSD,7102602,1,0.08,1295.89,1300.09,8.19,1559297700,1559323800,33.04,TP
4285,XAUUSD,7102602,1,0.08,1313.64,1317.86,8.06,1559556900,1559571900,33.2,TP
4288,XAUUSD,7102602,1,0.08,1328.32,1319.88,8.44,1559643000,1559661300,-68.08,SL
4291,XAUUSD,7102602,1,0.08,1335.04,1343.85,8.96,1559729100,1559748600,69.92,TP
4283,XAUUSD,7102601,1,0.18,1304.86,1331,4.4,1559332800,1559757600,458.382,SL
4295,XAUUSD,7102602,1,0.07,1333.98,1340.37,9.92,1559816700,1559921400,42.8117,TP
4298,XAUUSD,7102602,1,0.06,1337.62,1348.76,11.87,1560337200,1560504000,61.5238,TP
4303,XAUUSD,7102601,1,0.17,1354.26,1349.1,5.16,1560513600,1560527400,-88.91,SL
4301,XAUUSD,7102602,1,0.05,1357.19,1344.57,12.62,1560506700,1560542400,-63.45,SL
4307,XAUUSD,7102602,1,0.05,1348.33,1357.71,12.3,1560867900,1560985800,45.5213,TP
4310,XAUUSD,7102601,1,0.13,1360.04,1392.12,6.6,1560994200,1561109700,413.374,SL
4313,XAUUSD,7102601,1,0.07,1415.29,1404.48,11.63,1561406400,1561531800,-79.1991,SL
4316,XAUUSD,7102602,1,0.03,1393.8,1403.16,19.24,1562063700,1562092500,27.87,TP
4319,XAUUSD,7102602,1,0.03,1406.36,1417.06,22.51,1562580300,1562792700,30.6099,TP
4322,XAUUSD,7102601,1,0.11,1440.56,1432.42,8.14,1563499800,1563556800,-90.31,SL
4325,XAUUSD,7102602,1,0.04,1423.35,1429.53,18.31,1563964200,1564065600,21.827,TP
4330,XAUUSD,7102602,1,0.04,1461.25,1482.33,15.67,1565012700,1565151600,82.2447,TP
4333,XAUUSD,7102602,1,0.04,1492.68,1509.44,17.69,1565187900,1565197200,66.76,TP
4336,XAUUSD,7102602,1,0.04,1502.83,1514.24,18.85,1565610900,1565646000,45.36,TP
4328,XAUUSD,7102601,1,0.08,1453.37,1502.75,10.79,1564992000,1565714700,379.877,SL
4339,XAUUSD,7102602,1,0.03,1526.52,1506.14,20.38,1565693400,1565714700,-61.35,SL
4343,XAUUSD,7102602,1,0.03,1505.15,1515.23,24.14,1565788200,1565793600,30.03,TP
4346,XAUUSD,7102601,1,0.12,1545.22,1537.58,7.64,1566792000,1566813300,-92.52,SL
4349,XAUUSD,7102602,1,0.03,1534.63,1543.13,22.94,1566900900,1566932400,25.29,TP
4352,XAUUSD,7102602,1,0.03,1545.18,1521.39,23.79,1567002600,1567113000,-73.6973,SL
4355,XAUUSD,7102602,1,0.04,1528.67,1535.14,18.45,1567505700,1567526700,25.6,TP
4358,XAUUSD,7102602,1,0.03,1502.67,1515.72,20.2,1568283600,1568301000,38.94,TP
4361,XAUUSD,7102602,1,0.03,1506.72,1485.38,21.34,1568373300,1568842800,-66.287,SL
4364,XAUUSD,7102602,1,0.03,1497.9,1506.31,22.34,1568892900,1568970600,24.3332,TP
4367,XAUUSD,7102602,1,0.04,1520.24,1528.1,18.18,1569237600,1569350400,30.2296,TP
4370,XAUUSD,7102602,-1,0.04,1460.02,1478.44,18.42,1569926100,1569950400,-73.96,SL
4373,XAUUSD,7102602,1,0.03,1504.2,1512,20.07,1570106100,1570122000,23.19,TP
4376,XAUUSD,7102602,-1,0.03,1486.5,1477.13,21.18,1570804500,1570813500,27.9,TP
4379,XAUUSD,7102602,-1,0.03,1484.83,1504.51,19.68,1571315700,1571965500,-60.2443,SL
4382,XAUUSD,7102602,1,0.05,1507.14,1513,14.03,1572001200,1572017400,28.95,TP
4385,XAUUSD,7102602,1,0.06,1507.7,1495.21,12.49,1572257100,1572280800,-75.36,SL
4388,XAUUSD,7102602,1,0.06,1500.54,1506.12,12.3,1572519600,1572527100,33.06,TP
4391,XAUUSD,7102602,1,0.06,1514.6,1502.37,12.23,1572607500,1572941700,-76.5712,SL
4394,XAUUSD,7102602,-1,0.05,1465.49,1460.2,14.74,1573218900,1573222500,26.1,TP
4397,XAUUSD,7102602,-1,0.05,1462.54,1477.46,14.92,1573816800,1574242800,-75.5625,SL
4400,XAUUSD,7102602,-1,0.05,1469.12,1462.86,14.19,1574337900,1574368200,30.95,TP
4403,XAUUSD,7102602,-1,0.06,1457.3,1452.86,11.05,1574676900,1574739900,25.9775,TP
4406,XAUUSD,7102602,-1,0.06,1457.36,1454.01,11.22,1574862000,1574870700,19.68,TP
4409,XAUUSD,7102602,-1,0.08,1458.4,1455.32,9.25,1575279900,1575282600,24.08,TP
4412,US30,7102603,1,0.59,27795,27412.1,382.941,1575336600,1575388800,-225.933,SL
4414,US500,7102603,1,5.37,3112.27,3069.96,42.308,1575338400,1575388800,-227.174,SL
4420,XAUUSD,7102601,1,0.13,1479.14,1474.23,4.91,1575406800,1575458700,-67.6738,SL
4422,XAUUSD,7102602,1,0.05,1481.99,1471.05,10.94,1575450300,1575646200,-59.5556,SL
4416,NAS100,7102603,1,1.41,8300.95,8399.54,160.952,1575338400,1575856800,125.346,EXPERT
4427,XAUUSD,7102602,1,0.05,1478.52,1483.24,11.77,1576488600,1577089800,15.3548,TP
4430,XAUUSD,7102602,1,0.06,1484.66,1490.14,9.44,1577091900,1577173800,31.0982,TP
4435,XAUUSD,7102602,1,0.07,1492.04,1499,8.48,1577186100,1577209800,48.23,TP
4438,XAUUSD,7102602,1,0.1,1524.86,1517.22,7.64,1577783700,1577810100,-77.1,SL
4432,XAUUSD,7102601,1,0.23,1487.84,1542.1,3.17,1577160000,1578064800,1214.44,SL
4441,XAUUSD,7102602,1,0.09,1544.21,1575.89,8.24,1578045900,1578272700,282.357,TP
4445,XAUUSD,7102601,1,0.12,1578.05,1570.65,7.4,1578283200,1578303000,-89.64,SL
4448,XAUUSD,7102602,1,0.06,1569.71,1583.73,11.99,1578389700,1578446400,82.2572,TP
4451,XAUUSD,7102601,1,0.08,1593.76,1582.85,10.91,1578456000,1578480600,-87.84,SL
4454,XAUUSD,7102602,1,0.04,1546.02,1555.43,19.675,1578998700,1579104000,36.3951,TP
4457,XAUUSD,7102602,1,0.04,1557.96,1565.15,18.518,1579692000,1579803600,25.6306,TP
4460,XAUUSD,7102602,1,0.06,1583.36,1570.35,13.008,1580126700,1580232300,-79.918,SL
4469,XAUUSD,7102602,1,0.06,1569.67,1575.56,13.498,1580294700,1580334300,34.932,TP
4464,US500,7102603,1,4.33,3248.37,3292.76,55.346,1580176800,1580434200,178.445,EXPERT
4466,NAS100,7102603,1,1.2,8969.04,9216.08,198.234,1580176800,1580434200,285.822,EXPERT
4462,US30,7102603,1,0.46,28525,28874.2,510.441,1580175000,1580434200,147.776,EXPERT
4472,XAUUSD,7102602,1,0.05,1581.53,1586.34,13.458,1580376000,1580492700,22.5078,TP
4478,XAUUSD,7102601,1,0.14,1589.56,1582.64,6.925,1580693400,1580699100,-97.93,SL
4481,XAUUSD,7102602,1,0.05,1562.13,1570.79,16.325,1580894100,1581092400,38.1618,TP
4484,XAUUSD,7102602,1,0.05,1575.92,1582.43,14.808,1581594900,1581699300,31.0062,TP
4489,XAUUSD,7102602,1,0.06,1606.17,1612.31,13.415,1582107000,1582152900,36.39,TP
4492,XAUUSD,7102602,1,0.06,1612.67,1618.71,12.885,1582205700,1582212900,35.79,TP
4495,XAUUSD,7102602,1,0.07,1632.86,1645.76,12.118,1582275900,1582303500,89.824,TP
4487,XAUUSD,7102601,1,0.21,1601.79,1667.08,4.565,1582056000,1582506900,1338.4,SL
4501,XAUUSD,7102602,1,0.05,1670.65,1680.03,14.765,1582535400,1582539900,46.525,TP
4499,XAUUSD,7102601,1,0.12,1661.96,1663.59,8.605,1582516800,1582579500,18.66,SL
4505,XAUUSD,7102602,1,0.04,1646.65,1628.29,18.365,1582707900,1582734900,-73.74,SL
4508,XAUUSD,7102602,1,0.03,1607.82,1632.82,26.818,1583148000,1583256900,74.0674,TP
4511,XAUUSD,7102602,1,0.02,1683.09,1648.68,34.405,1583494800,1583515500,-68.95,SL
4514,XAUUSD,7102601,1,0.06,1700.3,1684.97,15.328,1583726400,1583734500,-92.388,SL
4517,XAUUSD,7102602,1,0.02,1666.12,1627.84,38.278,1583921100,1584025200,-78.1963,SL
4520,XAUUSD,7102602,-1,0.01,1521.86,1484.98,48.245,1584362400,1584366900,36.805,TP
4523,XAUUSD,7102602,-1,0.01,1482.38,1532.36,49.982,1584445500,1584467100,-50.052,SL
4526,XAUUSD,7102602,-1,0.01,1502.19,1467.17,55.032,1584528300,1584599100,34.8243,TP
4529,XAUUSD,7102602,1,0.02,1631.12,1645.53,38.485,1586170200,1586191800,28.67,TP
4534,XAUUSD,7102602,1,0.02,1691.58,1703.66,30.618,1586772900,1586801700,24.024,TP
4537,XAUUSD,7102602,1,0.02,1726.04,1742.85,30.178,1586862300,1586884800,33.484,TP
4532,XAUUSD,7102601,1,0.07,1651.86,1707.63,13.388,1586203200,1586947800,373.823,SL
4541,XAUUSD,7102602,1,0.02,1725.26,1736.74,31.235,1587032400,1587048900,22.81,TP
4544,XAUUSD,7102602,1,0.02,1688.49,1702.01,30.378,1587393900,1587409200,26.904,TP
4547,XAUUSD,7102602,1,0.02,1695.8,1665.89,29.908,1587463800,1587478500,-59.956,SL
4550,XAUUSD,7102602,1,0.02,1692.07,1703.87,31.235,1587552300,1587557700,23.45,TP
4553,XAUUSD,7102602,1,0.02,1720.78,1733.1,33.125,1587640200,1587659400,24.49,TP
4556,XAUUSD,7102602,1,0.02,1731.27,1700.17,31.098,1587730800,1588048800,-63.3874,SL
4559,XAUUSD,7102602,1,0.03,1712.09,1683.2,28.888,1588076700,1588274100,-90.0115,SL
4562,XAUUSD,7102602,1,0.03,1706.58,1717.65,26.608,1588594500,1588881600,29.1275,TP
4565,XAUUSD,7102602,1,0.03,1721.78,1696.17,25.615,1588940100,1589203200,-77.8348,SL
4568,XAUUSD,7102602,1,0.03,1703.47,1712.7,22.388,1589279700,1589384400,26.7058,TP
4573,XAUUSD,7102602,1,0.04,1764.98,1742.73,22.248,1589812200,1589818200,-89.272,SL
4571,XAUUSD,7102601,1,0.11,1731.58,1736.58,9.528,1589486400,1589820300,48.4166,SL
4577,XAUUSD,7102602,1,0.03,1736.15,1712.74,23.408,1590142800,1590515700,-72.0194,SL
4580,XAUUSD,7102602,1,0.04,1721.51,1733.06,21.018,1590660900,1590774000,44.8777,TP
4583,XAUUSD,7102602,1,0.03,1732.78,1742.94,24.715,1591957500,1591980600,30.255,TP
4586,XAUUSD,7102602,1,0.03,1733.13,1743.75,24.108,1592578200,1592590200,31.656,TP
4589,XAUUSD,7102601,1,0.13,1748.6,1755.84,7.908,1592798400,1593046800,75.7472,SL
4591,XAUUSD,7102602,1,0.04,1774.11,1753.26,20.848,1592999400,1593188700,-87.979,SL
4595,XAUUSD,7102601,1,0.13,1783.69,1775.94,7.748,1593547200,1593616800,-105.17,SL
4598,XAUUSD,7102602,1,0.04,1770.67,1776.81,18.608,1593688500,1593710400,24.288,TP
4601,XAUUSD,7102602,1,0.05,1777.39,1784.36,16.865,1594029900,1594049700,34.475,TP
4604,XAUUSD,7102601,1,0.14,1796.1,1795.33,7.558,1594152000,1594317900,-27.1748,SL
4606,XAUUSD,7102602,1,0.04,1815.2,1797.14,18.058,1594294200,1594317900,-72.512,SL
4610,XAUUSD,7102602,1,0.04,1804.43,1812.79,17.838,1594381200,1594657800,32.0689,TP
4613,XAUUSD,7102602,1,0.05,1811.96,1795.3,16.665,1594810800,1594939800,-87.8232,SL
4616,XAUUSD,7102602,1,0.06,1811.24,1816.54,14.385,1595245800,1595259000,31.35,TP
4619,XAUUSD,7102602,1,0.05,1824.43,1832.27,15.128,1595331600,1595344200,38.86,TP
4621,XAUUSD,7102601,1,0.19,1824.08,1849.9,5.338,1595332800,1595416200,483.942,SL
4627,XAUUSD,7102602,1,0.04,1878.57,1891.08,18.225,1595502300,1595528100,49.74,TP
4630,XAUUSD,7102602,1,0.04,1893.26,1902.07,18.965,1595585700,1595606700,34.94,TP
4633,XAUUSD,7102602,1,0.05,1945.01,1977.12,18.505,1595858400,1595910000,158.692,TP
4625,XAUUSD,7102601,1,0.11,1872.9,1953.36,9.258,1595467800,1595916000,874.685,SL
4639,XAUUSD,7102602,1,0.02,2039.5,2066.89,34.448,1596624300,1596732300,52.775,TP
4637,XAUUSD,7102601,1,0.09,1999.83,2038.94,12.008,1596571200,1596819600,337.355,SL
4643,NAS100,7102603,1,0.68,10937.2,11113.5,418.362,1597197600,1597282200,115.433,EXPERT
4645,XAUUSD,7102602,1,0.02,1928.7,1991.97,46.355,1597228500,1597725900,122.834,TP
4649,XAUUSD,7102602,1,0.02,2008.8,1961.38,47.425,1597747500,1597859700,-95.6018,SL
4652,US30,7102603,1,0.44,27690.3,27967.5,654.714,1597887000,1598232600,117.218,EXPERT
4655,XAUUSD,7102602,1,0.02,1949.07,1974.45,45.175,1598609100,1598836200,50.0098,TP
4658,XAUUSD,7102602,1,0.02,1990.16,1950.57,39.595,1598955600,1599064500,-79.9321,SL
4661,US500,7102603,1,2.06,3319.25,3380.35,141.103,1599616800,1600133400,117.743,EXPERT
4663,NAS100,7102603,1,0.41,11023.6,11285.1,693.471,1599616800,1600133400,101.824,EXPERT
4667,XAUUSD,7102602,1,0.04,1969.83,1946.45,23.378,1600178100,1600318500,-98.5772,SL
4670,XAUUSD,7102602,1,0.04,1955.83,1931.65,24.178,1600431600,1600691400,-98.1839,SL
4673,XAUUSD,7102602,-1,0.04,1896.85,1875.36,23.872,1600771500,1600852500,85.4609,TP
4676,US30,7102603,1,0.26,26805.5,27228,1120.53,1600911000,1601256600,107.114,EXPERT
4678,XAUUSD,7102602,-1,0.03,1859.58,1886.77,27.195,1601040600,1601353500,-82.1068,SL
4682,XAUUSD,7102602,-1,0.03,1882.9,1910.71,27.812,1601466900,1601577000,-84.1173,SL
4685,XAUUSD,7102602,-1,0.03,1890.36,1917.07,26.712,1601892600,1601918400,-80.346,SL
4688,XAUUSD,7102601,1,0.09,1923.63,1911.87,11.758,1602273600,1602566700,-111.748,SL
4691,XAUUSD,7102602,-1,0.03,1891.31,1916.59,25.285,1602763500,1603120200,-76.3822,SL
4700,XAUUSD,7102602,1,0.04,1920.7,1930.99,23.485,1603278000,1603302000,40.86,TP
4696,US500,7102603,1,2.44,3447.48,3463.06,118.287,1603159200,1603416600,29.8582,EXPERT
4694,US30,7102603,1,0.32,28316.4,28428.9,897.863,1603157400,1603416600,27.2006,EXPERT
4698,NAS100,7102603,1,0.53,11721.2,11638.6,536.655,1603159200,1603681200,-51.0276,EXPERT
4706,XAUUSD,7102602,-1,0.05,1901.62,1893.13,19.065,1603797300,1603894800,41.8601,TP
4708,US30,7102603,1,0.31,27337.6,26417.4,920.225,1603848600,1603980000,-290.07,SL
4716,XAUUSD,7102602,-1,0.03,1874.96,1865.78,21.532,1603983000,1603985100,27.324,TP
4710,US500,7102603,1,2.71,3368.76,3262.18,106.573,1603850400,1603987200,-294.002,SL
4720,XAUUSD,7102602,-1,0.04,1888.78,1908.4,19.622,1604395800,1604423400,-78.768,SL
4713,NAS100,7102603,1,0.51,11206.2,11276.2,505.972,1603936800,1604453400,31.2504,EXPERT
4724,XAUUSD,7102602,1,0.03,1912.27,1920.36,22.405,1604568300,1604583900,24.045,TP
4729,XAUUSD,7102602,1,0.03,1948.13,1959.88,24.615,1604656200,1604677500,35.025,TP
4727,XAUUSD,7102601,1,0.07,1931.82,1926.91,12.888,1604592000,1604930400,-39.0174,SL
4733,XAUUSD,7102602,-1,0.02,1887.34,1875.92,29.865,1605518400,1605534600,22.69,TP
4736,XAUUSD,7102602,-1,0.02,1856.88,1842.15,31.245,1605783000,1606150500,29.1024,TP
4739,XAUUSD,7102602,-1,0.02,1817.79,1802.79,27.515,1606221000,1606236000,29.85,TP
4742,XAUUSD,7102601,-1,0.1,1770.33,1779.91,9.582,1606723200,1606727700,-96.52,SL
4745,XAUUSD,7102602,-1,0.03,1833.84,1826.26,22.222,1607337000,1607337000,22.524,TP
4748,XAUUSD,7102602,-1,0.03,1860.58,1849.86,24.222,1607433000,1607531700,31.7881,TP
4751,XAUUSD,7102602,-1,0.03,1831.71,1823.46,25.022,1607597700,1607948700,24.2277,TP
4754,US500,7102603,1,3.06,3654.29,3695.86,81.1309,1607997600,1608082200,124.999,EXPERT
4757,XAUUSD,7102602,1,0.03,1872.1,1881.4,24.408,1608196200,1608201300,27.696,TP
4760,XAUUSD,7102601,1,0.1,1878.98,1876.11,10.228,1608206400,1608552300,-35.1339,SL
4763,XAUUSD,7102602,1,0.04,1883.15,1890.72,21.945,1609236900,1609359300,28.8323,TP
4768,XAUUSD,7102602,1,0.04,1927.79,1943.41,20.935,1609754700,1609779000,62.18,TP
4771,XAUUSD,7102602,1,0.04,1944.57,1954.3,21.978,1609846200,1609902000,37.4564,TP
4766,XAUUSD,7102601,1,0.11,1916.89,1932.36,9.008,1609732800,1609944000,162.88,SL
4774,XAUUSD,7102602,1,0.04,1955.7,1934.82,20.885,1609932600,1609944000,-83.82,SL
4778,US500,7102603,1,2.45,3756.56,3803.16,117.162,1610935200,1611106200,110.553,EXPERT
4781,XAUUSD,7102602,-1,0.03,1852.58,1844,25.085,1611653700,1611719400,25.3607,TP
4784,XAUUSD,7102602,-1,0.03,1842.96,1834.88,24.955,1611752700,1611765600,24.015,TP
4791,XAUUSD,7102602,-1,0.04,1851,1839.65,23.615,1612257300,1612274400,45.1,TP
4789,US500,7102603,1,2.77,3716.3,3837.45,103.78,1611799200,1612315800,327.454,EXPERT
4787,US30,7102603,1,0.39,30289.9,30702.5,726.699,1611797400,1612315800,151.699,EXPERT
4796,XAUUSD,7102602,-1,0.04,1835.21,1826.83,24.145,1612345800,1612410300,32.6087,TP
4799,XAUUSD,7102602,-1,0.04,1815.1,1796.3,23.074,1612437000,1612455000,74.904,TP
4802,XAUUSD,7102601,-1,0.1,1789.25,1800.79,11.545,1612468800,1612519800,-116.648,SL
4805,XAUUSD,7102602,-1,0.04,1808.06,1831.72,23.665,1612781700,1612800000,-94.94,SL
4808,XAUUSD,7102602,-1,0.03,1816.62,1807.33,25.495,1613123700,1613487300,27.3714,TP
4811,XAUUSD,7102602,-1,0.04,1784.91,1776.35,23.305,1613556300,1613575800,33.98,TP
4814,XAUUSD,7102601,-1,0.1,1778.74,1789.47,10.735,1613577600,1613660700,-109.531,SL
4817,XAUUSD,7102601,-1,0.1,1767.01,1778.37,11.365,1613707200,1613750100,-114.35,SL
4822,NAS100,7102603,1,0.87,13595.4,13260.3,335.095,1613959200,1614031200,-291.53,SL
4825,NAS100,7102603,1,0.71,13233.1,12834.7,398.473,1614045600,1614096000,-282.914,SL
4820,US500,7102603,1,4.02,3907.52,3834.83,72.6775,1613959200,1614096000,-295.221,SL
4827,XAUUSD,7102602,-1,0.04,1805.32,1795.51,21.215,1614079500,1614181500,38.7394,TP
4832,XAUUSD,7102602,-1,0.03,1792.34,1781.35,22.272,1614244200,1614267000,32.754,TP
4837,XAUUSD,7102602,-1,0.03,1757.51,1739.72,23.705,1614331200,1614359100,53.145,TP
4835,XAUUSD,7102601,-1,0.07,1760.33,1752.97,11.935,1614326400,1614586200,50.6579,SL
4841,XAUUSD,7102601,-1,0.06,1711.52,1726.08,14.565,1614657600,1614686400,-87.81,SL
4844,XAUUSD,7102601,-1,0.06,1700.13,1713.88,13.746,1614888000,1615166100,-83.4625,SL
4847,XAUUSD,7102602,-1,0.02,1702.68,1692.3,28.782,1615194300,1615200600,20.616,TP
4850,XAUUSD,7102601,-1,0.06,1680.6,1694.92,14.325,1615233600,1615281900,-86.6504,SL
4853,XAUUSD,7102602,-1,0.02,1708.7,1740.35,31.652,1615383000,1615915800,-64.0195,SL
4856,XAUUSD,7102602,-1,0.02,1729.41,1755.11,25.696,1615990800,1616046600,-51.8227,SL
4859,XAUUSD,7102602,-1,0.02,1745.63,1737.63,24.786,1616063100,1616063700,15.868,TP
4862,XAUUSD,7102602,-1,0.03,1729.13,1715.58,22.052,1616407500,1617036000,39.4235,TP
4865,XAUUSD,7102602,-1,0.04,1701.79,1689.58,17.362,1617098700,1617114000,48.552,TP
4867,XAUUSD,7102601,-1,0.1,1697.88,1702.75,8.292,1617105600,1617212700,-49.888,SL
4871,XAUUSD,7102602,-1,0.03,1735.49,1754,18.512,1617804900,1617899400,-56.1804,SL
4874,XAUUSD,7102602,1,0.03,1766.73,1773.25,21.145,1618572000,1618579200,19.335,TP
4877,XAUUSD,7102602,1,0.03,1784.29,1766.4,17.888,1618829100,1618896600,-54.6855,SL
4880,XAUUSD,7102602,1,0.03,1790.21,1770.69,19.518,1619189400,1619199000,-58.764,SL
4883,XAUUSD,7102602,1,0.03,1780.3,1793.01,16.685,1620036900,1620061200,37.905,TP
4886,NAS100,7102603,1,0.51,13795.1,13416.2,378.836,1620093600,1620151200,-193.21,SL
4891,XAUUSD,7102602,1,0.03,1795.29,1808.29,18.507,1620296100,1620319200,38.799,TP
4894,XAUUSD,7102602,1,0.03,1822.75,1832.16,19.878,1620387600,1620401400,28.026,TP
4889,NAS100,7102603,1,0.41,13483.9,13745.4,413.105,1620266400,1620615600,105.039,EXPERT
4898,XAUUSD,7102602,1,0.03,1840.16,1820.63,19.528,1620654900,1620750000,-59.6352,SL
4901,US30,7102603,1,0.22,33590.5,34391.5,843.639,1620869400,1621215000,173.299,EXPERT
4903,US500,7102603,1,1.78,4068.04,4175.05,105.264,1620871200,1621220400,187.608,EXPERT
4905,NAS100,7102603,1,0.34,13017.5,13397.1,548.916,1620871200,1621220400,127.318,EXPERT
4907,XAUUSD,7102602,1,0.03,1836.69,1853.44,21.958,1620993900,1621238700,49.2016,TP
4913,XAUUSD,7102601,1,0.11,1869.38,1860.65,8.728,1621310400,1621424700,-99.9197,SL
4916,XAUUSD,7102601,1,0.1,1882.18,1872.74,9.445,1621454400,1621458300,-95.15,SL
4919,XAUUSD,7102602,1,0.03,1877.43,1884.14,22.148,1621598700,1621610700,19.926,TP
4922,XAUUSD,7102602,1,0.04,1887.33,1901.06,18.618,1621937100,1622001600,53.4875,TP
4927,XAUUSD,7102602,1,0.04,1908.42,1888.27,20.148,1622025900,1622133000,-84.3487,SL
4924,XAUUSD,7102601,1,0.1,1895.55,1886.39,9.165,1621972800,1622214600,-106.84,SL
4933,XAUUSD,7102602,1,0.03,1874.09,1892.4,19.768,1622802900,1622827500,54.726,TP
4931,NAS100,7102603,1,0.71,13526.9,13765.5,299.937,1622772000,1623034800,167.523,EXPERT
4939,XAUUSD,7102602,-1,0.03,1809.28,1793.73,24.912,1623925200,1623940800,46.434,TP
4944,US500,7102603,1,4.22,4160.54,4229.55,68.3542,1624244400,1624325400,287.754,EXPERT
4942,US30,7102603,1,0.41,33236.4,33918.9,699.504,1624239000,1624325400,277.14,EXPERT
4948,XAUUSD,7102602,-1,0.03,1779.11,1768.32,24.772,1624359000,1624964700,31.1167,TP
4951,XAUUSD,7102602,-1,0.03,1755.26,1780.05,24.792,1625050800,1625155200,-75.0284,SL
4937,XAUUSD,7102601,-1,0.08,1814.26,1785.35,11.592,1623893400,1625232600,224.79,SL
4955,XAUUSD,7102602,-1,0.06,1798.76,1814.37,15.612,1626101400,1626189300,-94.393,SL
4960,XAUUSD,7102601,1,0.13,1832.46,1824.05,8.408,1626350400,1626355500,-110.214,SL
4958,XAUUSD,7102602,1,0.05,1833.89,1816.21,17.678,1626343800,1626444900,-90.1374,SL
4964,XAUUSD,7102602,-1,0.05,1804.39,1795.74,17.292,1626866100,1626882300,42.89,TP
4967,XAUUSD,7102602,-1,0.05,1796.93,1791.07,17.882,1626952200,1627050600,28.6891,TP
4970,XAUUSD,7102602,-1,0.05,1797.7,1814.37,16.672,1627482900,1627531500,-84.4629,SL
4973,XAUUSD,7102602,-1,0.06,1798.67,1793.84,15.442,1628245200,1628263800,28.548,TP
4976,XAUUSD,7102601,-1,0.15,1776.27,1693.2,7.542,1628265600,1628475000,1244.24,SL
4979,XAUUSD,7102601,-1,0.09,1727.47,1740.08,12.612,1628481600,1628483100,-114.138,SL
4982,XAUUSD,7102602,-1,0.04,1729.14,1721.08,24.692,1628595600,1628614800,31.952,TP
4985,XAUUSD,7102602,-1,0.03,1771.52,1798.1,26.578,1629125400,1629732600,-80.9854,SL
4988,XAUUSD,7102601,1,0.14,1821.28,1812.89,8.388,1630296000,1630314600,-118.412,SL
4991,XAUUSD,7102602,1,0.06,1816.59,1821.98,16.085,1630586700,1630683000,30.2913,TP
4994,XAUUSD,7102601,1,0.18,1823.73,1817.05,6.678,1630684800,1631004600,-131.51,SL
4997,XAUUSD,7102602,-1,0.06,1783.53,1771.41,16.222,1631787300,1631804100,72.288,TP
5000,XAUUSD,7102601,-1,0.14,1762.5,1766.22,8.053,1631808000,1632158400,-54.4656,SL
5003,XAUUSD,7102602,-1,0.05,1759.63,1778.28,18.646,1632219300,1632246000,-93.58,SL
5006,XAUUSD,7102602,-1,0.04,1760.3,1753.39,21.266,1632392100,1632414900,27.376,TP
5009,XAUUSD,7102602,-1,0.04,1748.92,1737.27,20.366,1632747300,1632823200,46.1416,TP
5014,XAUUSD,7102601,-1,0.12,1730.15,1740.12,9.972,1632844800,1632846300,-120.504,SL
5012,XAUUSD,7102602,-1,0.04,1736.17,1722.32,20.316,1632823500,1632947700,54.9434,TP
5017,XAUUSD,7102601,-1,0.13,1724.48,1733.53,9.052,1632945600,1632980400,-120.456,SL
5021,XAUUSD,7102602,-1,0.04,1755.74,1746.63,20.272,1633342800,1633518000,35.7599,TP
5024,XAUUSD,7102602,-1,0.05,1753.4,1772.08,18.682,1633953300,1634133000,-94.2481,SL
5027,XAUUSD,7102602,1,0.04,1794.98,1774.08,20.898,1634205900,1634310900,-84.9695,SL
5030,XAUUSD,7102602,-1,0.05,1761.69,1779.76,18.072,1634561400,1634637600,-90.9551,SL
5033,XAUUSD,7102602,1,0.05,1794.2,1804.39,18.504,1634897100,1634917200,50.58,TP
5036,XAUUSD,7102602,1,0.05,1801.83,1783.36,18.468,1635161100,1635268500,-94.0706,SL
5039,XAUUSD,7102602,1,0.05,1796.28,1779.43,16.848,1635848400,1635919800,-85.9556,SL
5042,XAUUSD,7102602,1,0.04,1797.41,1804.38,18.714,1636106700,1636135800,27.584,TP
5047,XAUUSD,7102602,1,0.05,1827.52,1832.85,17.668,1636465500,1636558200,24.9108,TP
5050,XAUUSD,7102602,1,0.04,1855.92,1869.36,20.478,1636623900,1636938000,51.227,TP
5053,XAUUSD,7102602,1,0.05,1870.08,1877.1,18.934,1637060100,1637075700,34.73,TP
5045,XAUUSD,7102601,1,0.11,1814.23,1849.83,9.148,1636142400,1637095800,362.942,SL
5057,XAUUSD,7102602,1,0.04,1856.41,1863,20.588,1637141100,1637157600,26.088,TP
5060,XAUUSD,7102602,-1,0.04,1801.23,1792.17,20.332,1637664900,1637679300,35.952,TP
5063,XAUUSD,7102602,-1,0.04,1788.51,1781.4,22.245,1637758200,1637770200,28.14,TP
5066,XAUUSD,7102601,-1,0.1,1774.1,1785.09,10.995,1638302400,1638345300,-111.143,SL
5069,XAUUSD,7102601,-1,0.1,1763.17,1774.09,10.922,1638475200,1638508800,-110.411,SL
5072,XAUUSD,7102602,-1,0.04,1766.36,1789.45,23.095,1638530100,1638936300,-93.254,SL
5075,XAUUSD,7102602,-1,0.05,1770.54,1789.15,18.615,1639131600,1639152000,-93.425,SL
5078,XAUUSD,7102602,-1,0.05,1767.33,1761,16.795,1639559100,1639601100,31.275,TP
5081,XAUUSD,7102602,1,0.05,1807.48,1790.98,16.505,1639731900,1640037000,-84.2485,SL
5086,XAUUSD,7102601,1,0.2,1815.49,1810.14,5.348,1640692800,1640707800,-108.36,SL
5084,XAUUSD,7102602,1,0.06,1816.06,1801.28,14.778,1640682900,1640779500,-90.7436,SL
5090,XAUUSD,7102601,1,0.15,1824.54,1817.93,6.614,1640966400,1641222300,-104.45,SL
5093,XAUUSD,7102602,1,0.05,1810.06,1818.7,15.535,1641897300,1641932700,42.825,TP
5096,XAUUSD,7102602,1,0.04,1829.03,1811.86,17.168,1642155600,1642503600,-71.174,SL
5099,XAUUSD,7102601,1,0.13,1840.62,1833.26,7.365,1642622400,1642760100,-111.275,SL
5101,XAUUSD,7102602,1,0.05,1842.75,1848.62,15.738,1642756800,1643129100,26.2009,TP
5105,XAUUSD,7102601,1,0.11,1850.03,1842.13,7.904,1643140800,1643212800,-90.819,SL
5108,XAUUSD,7102601,-1,0.1,1791.17,1799.6,8.432,1643371200,1643646900,-85.5177,SL
5111,XAUUSD,7102602,1,0.04,1827.89,1833.1,17.124,1644583200,1644592200,20.544,TP
5114,XAUUSD,7102601,1,0.1,1860.27,1852.26,8.008,1644802200,1644815400,-80.78,SL
5117,XAUUSD,7102601,1,0.08,1878.11,1868.84,9.268,1644912000,1644919800,-74.704,SL
5120,XAUUSD,7102602,1,0.03,1856.65,1862.39,18.698,1645002600,1645029300,17.016,TP
5123,XAUUSD,7102602,1,0.03,1884.71,1894.08,19.268,1645093800,1645111800,27.906,TP
5125,XAUUSD,7102601,1,0.08,1888.57,1945.88,9.558,1645099200,1645720200,441.648,SL
5128,XAUUSD,7102602,1,0.03,1950.1,1928.12,21.978,1645703400,1645722900,-66.144,SL
5132,XAUUSD,7102602,1,0.02,1945.18,1957.98,33.318,1646214600,1646411700,23.1053,TP
5135,XAUUSD,7102601,1,0.06,1998.05,1983.66,14.388,1646625600,1646639700,-86.748,SL
5138,XAUUSD,7102602,1,0.02,2002.06,1968.59,33.472,1646656800,1646667000,-67.084,SL
5141,XAUUSD,7102601,1,0.05,2006.5,2018.07,17.478,1646740800,1646826600,55.944,SL
5144,XAUUSD,7102602,1,0.01,1995.49,1950.45,45.038,1646914500,1647276900,-45.7162,SL
5147,XAUUSD,7102602,1,0.01,1939.53,1952.3,41.828,1647516600,1648132800,10.6314,TP
5150,XAUUSD,7102602,1,0.02,1952.28,1963.48,37.358,1648133100,1648143000,22.264,TP
5153,XAUUSD,7102602,1,0.03,1929.58,1943.01,23.913,1649066700,1649176800,39.1852,TP
5156,XAUUSD,7102602,1,0.03,1925.62,1934.24,24.818,1649245800,1649350800,23.0085,TP
5159,XAUUSD,7102602,1,0.03,1948.26,1956.04,21.258,1649675400,1649676900,23.136,TP
5164,XAUUSD,7102602,1,0.03,1975.08,1985.81,23.628,1649848800,1650250200,27.4582,TP
5167,XAUUSD,7102602,1,0.04,1991.38,1971.14,20.238,1650278700,1650382800,-82.4412,SL
5162,XAUUSD,7102601,1,0.08,1970.65,1964.36,11.353,1649779200,1650384000,-67.7996,SL
5171,XAUUSD,7102602,1,0.03,1950.7,1929.88,20.818,1650459900,1650640500,-66.2501,SL
5174,XAUUSD,7102602,-1,0.03,1911.04,1890.51,21.117,1650894300,1651057800,61.072,TP
5177,XAUUSD,7102602,-1,0.03,1882.47,1866.72,22.187,1651490700,1651505700,47.049,TP
5180,XAUUSD,7102602,-1,0.03,1855.4,1879.31,23.912,1651572600,1651700700,-72.1017,SL
5183,XAUUSD,7102602,-1,0.02,1892.52,1882.15,25.417,1651746600,1651773900,20.606,TP
5186,XAUUSD,7102602,-1,0.03,1869.1,1856.4,24.802,1652091600,1652102700,37.884,TP
5189,XAUUSD,7102602,-1,0.02,1846.8,1835.46,25.662,1652350500,1652381100,22.536,TP
5194,XAUUSD,7102602,-1,0.03,1802.04,1789.18,26.88,1652697600,1652698200,38.37,TP
5192,XAUUSD,7102601,-1,0.07,1819.69,1822.17,11.812,1652405400,1652738100,-18.2162,SL
5198,XAUUSD,7102602,-1,0.03,1854.97,1842.85,26.127,1653478200,1653504600,36.159,TP
5201,XAUUSD,7102602,-1,0.03,1842.58,1831.11,25.792,1653575400,1654071300,33.5776,TP
5204,XAUUSD,7102602,-1,0.03,1829.25,1850.01,20.762,1654085700,1654111200,-62.496,SL
5207,XAUUSD,7102601,1,0.11,1873.43,1865.25,8.178,1654228800,1654250400,-90.728,SL
5210,XAUUSD,7102602,-1,0.03,1864.72,1856.2,19.502,1654250700,1654279200,25.344,TP
5213,XAUUSD,7102602,-1,0.04,1849.19,1843.28,17.844,1654771800,1654794300,23.344,TP
5216,XAUUSD,7102601,-1,0.08,1817.87,1829.31,11.437,1655170200,1655197200,-92.056,SL
5219,XAUUSD,7102602,-1,0.03,1816.56,1805.25,22.752,1655218500,1655245200,33.714,TP
5222,XAUUSD,7102601,-1,0.07,1808.3,1820.7,12.402,1655256600,1655285400,-87.304,SL
5225,XAUUSD,7102602,-1,0.02,1827.56,1819.37,25.522,1655374500,1655388000,16.236,TP
5228,XAUUSD,7102602,-1,0.02,1832.33,1822.53,24.217,1655820600,1656043200,18.9565,TP
5231,XAUUSD,7102602,-1,0.03,1813.9,1806.86,20.278,1656585900,1656599700,20.916,TP
5236,XAUUSD,7102601,-1,0.1,1794.63,1803.15,8.516,1656676800,1656695700,-85.86,SL
5234,XAUUSD,7102602,-1,0.03,1793.9,1813.88,19.977,1656670500,1656911700,-60.292,SL
5240,XAUUSD,7102602,-1,0.04,1805.22,1796.4,16.812,1656939900,1657037100,34.7912,TP
5245,XAUUSD,7102602,-1,0.03,1761.64,1751.85,19.212,1657113000,1657127700,29.154,TP
5248,XAUUSD,7102602,-1,0.03,1739.07,1731.99,21.161,1657276500,1657579200,20.8818,TP
5243,XAUUSD,7102601,-1,0.07,1767.18,1739.16,10.706,1657051200,1657734600,192.97,SL
5252,XAUUSD,7102602,-1,0.03,1717.02,1704.27,21.062,1657793100,1657815600,38.034,TP
5255,XAUUSD,7102601,-1,0.08,1705.69,1716.77,11.082,1657828800,1657862100,-89.5961,SL
5260,XAUUSD,7102602,-1,0.03,1687.9,1681.21,22.072,1658398200,1658411100,19.854,TP
5258,XAUUSD,7102601,-1,0.11,1696.12,1703.94,7.824,1658367000,1658418300,-86.834,SL
5264,XAUUSD,7102602,-1,0.03,1716.97,1736.94,19.966,1658841600,1658958600,-60.2511,SL
5267,XAUUSD,7102602,-1,0.03,1770.42,1760.75,18.192,1659436800,1659480900,28.794,TP
5270,XAUUSD,7102602,1,0.03,1790.89,1797.93,19.178,1660043700,1660061100,20.916,TP
5273,XAUUSD,7102602,1,0.03,1795.01,1802.03,20.136,1660137000,1660145400,20.862,TP
5276,XAUUSD,7102602,1,0.03,1793.3,1802.2,20.044,1660228500,1660348500,25.6578,TP
5279,XAUUSD,7102602,-1,0.03,1775.78,1769.41,18.856,1660647600,1660745700,18.764,TP
5284,XAUUSD,7102602,-1,0.04,1750.37,1743.56,18.542,1660914300,1661155500,26.7579,TP
5287,XAUUSD,7102602,-1,0.05,1740.97,1733.7,16.122,1661162700,1661168700,35.99,TP
5282,XAUUSD,7102601,-1,0.13,1752.9,1748.85,7.032,1660896000,1661273400,50.4564,SL
5291,XAUUSD,7102602,-1,0.04,1751.31,1744.82,16.292,1661512200,1661524200,25.672,TP
5294,XAUUSD,7102601,-1,0.12,1722.7,1730.62,7.922,1661760000,1661786400,-95.904,SL
5296,XAUUSD,7102602,-1,0.05,1720.47,1736.31,15.836,1661769900,1661788200,-79.53,SL
5300,XAUUSD,7102602,-1,0.04,1732.16,1724.09,16.369,1661854200,1661880600,32.004,TP
5303,XAUUSD,7102602,-1,0.04,1719.98,1714.04,17.496,1661940900,1661946300,23.496,TP
5306,XAUUSD,7102601,-1,0.11,1713.94,1722.26,8.316,1661947200,1661966700,-92.246,SL
5311,XAUUSD,7102602,-1,0.04,1701.43,1694.81,16.926,1662031200,1662050100,26.216,TP
5309,XAUUSD,7102601,-1,0.11,1705.76,1711.88,7.706,1662004800,1662132600,-68.5646,SL
5315,XAUUSD,7102602,-1,0.04,1712.76,1699.67,16.282,1662465000,1662520800,51.8829,TP
5320,XAUUSD,7102602,-1,0.03,1685.96,1674.16,19.345,1663236600,1663264200,35.175,TP
5323,XAUUSD,7102602,-1,0.04,1657.02,1677.66,20.642,1663325400,1663349100,-82.848,SL
5318,XAUUSD,7102601,-1,0.1,1687.23,1680.1,8.656,1663228800,1663349400,70.1778,SL
5327,XAUUSD,7102602,-1,0.03,1663.82,1683.84,20.022,1663582200,1663796400,-60.5543,SL
5330,XAUUSD,7102602,-1,0.03,1655.82,1678.54,22.725,1663841100,1663860900,-68.385,SL
5333,XAUUSD,7102602,-1,0.03,1666.34,1658.64,22.892,1663929900,1663936500,22.884,TP
5336,XAUUSD,7102601,-1,0.07,1645.96,1657.61,11.655,1663948800,1663949400,-82.075,SL
5339,XAUUSD,7102601,-1,0.06,1627.73,1640.5,12.775,1664164800,1664164800,-77.07,SL
5342,XAUUSD,7102601,-1,0.05,1624.13,1638.98,14.845,1664242200,1664272800,-74.575,SL
5347,XAUUSD,7102601,-1,0.06,1619.96,1631.77,11.812,1664366400,1664371200,-71.292,SL
5345,XAUUSD,7102602,-1,0.02,1617.97,1641.57,23.602,1664360100,1664382000,-47.344,SL
5351,XAUUSD,7102602,-1,0.02,1661.69,1684.14,22.452,1664793600,1664817600,-45.044,SL
5354,XAUUSD,7102602,-1,0.02,1683.93,1671.38,23.757,1665398700,1665423300,24.966,TP
5357,XAUUSD,7102602,-1,0.02,1661.18,1648.95,23.432,1665494100,1665675900,23.9446,TP
5360,XAUUSD,7102602,-1,0.02,1658.59,1645.8,25.582,1665749100,1665766800,25.436,TP
5363,XAUUSD,7102602,-1,0.02,1638.08,1624.54,24.172,1666173900,1666241700,26.6646,TP
5365,XAUUSD,7102601,-1,0.07,1634.72,1644.47,9.752,1666195200,1666288500,-69.7041,SL
5369,XAUUSD,7102601,-1,0.07,1621.55,1629.96,8.413,1666339200,1666367700,-59.381,SL
5371,XAUUSD,7102602,-1,0.02,1619.27,1641.51,22.243,1666347000,1666371000,-44.626,SL
5375,XAUUSD,7102602,-1,0.02,1650.99,1639.47,22.903,1666606800,1666701900,22.8024,TP
5378,XAUUSD,7102602,-1,0.02,1659.54,1649.14,23.442,1666866600,1666956600,20.5636,TP
5381,XAUUSD,7102602,-1,0.02,1631.2,1622.95,22.633,1667470200,1667477700,16.354,TP
5384,XAUUSD,7102602,1,0.01,1765.54,1782.66,27.107,1668164400,1668505500,16.512,TP
5387,XAUUSD,7102602,1,0.01,1781.79,1754.5,27.288,1668599100,1668701100,-28.1707,SL
5390,XAUUSD,7102602,1,0.02,1745.96,1753.68,21.867,1669113000,1669256700,13.1708,TP
5393,XAUUSD,7102602,1,0.03,1755.25,1763.13,15.855,1669630800,1669638900,23.415,TP
5396,XAUUSD,7102602,1,0.03,1755.48,1770.33,15.778,1669717800,1669856700,41.113,TP
5399,XAUUSD,7102601,1,0.06,1806.73,1795.69,11.038,1670212800,1670238300,-66.648,SL
5402,XAUUSD,7102602,1,0.02,1777,1785.97,19.098,1670333700,1670431500,17.2629,TP
5405,XAUUSD,7102602,1,0.02,1798.63,1778.62,20.008,1670592600,1670879100,-40.705,SL
5408,XAUUSD,7102602,1,0.02,1784.76,1792.97,22.788,1671182100,1671209700,16.284,TP
5411,XAUUSD,7102602,1,0.02,1798.17,1804.75,20.025,1671445500,1671533100,12.4639,TP
5414,XAUUSD,7102602,1,0.02,1808.12,1814.94,19.655,1672137000,1672160700,13.49,TP
5417,XAUUSD,7102601,1,0.08,1840.62,1832.83,7.795,1672732800,1672751400,-62.92,SL
5419,XAUUSD,7102602,1,0.03,1846.23,1827.66,18.568,1672737900,1672767300,-55.914,SL
5423,XAUUSD,7102602,1,0.02,1849.49,1862.33,17.787,1672823400,1672827300,25.546,TP
5426,XAUUSD,7102601,1,0.06,1860.87,1851.52,9.345,1672833600,1672851900,-56.49,SL
5431,XAUUSD,7102602,1,0.02,1880.87,1893.95,20.135,1673256000,1673537700,23.1613,TP
5434,XAUUSD,7102602,1,0.02,1901.94,1910.6,20.855,1673604600,1673628600,17.17,TP
5437,XAUUSD,7102602,1,0.02,1911.28,1925.03,20.115,1674036300,1674058500,27.35,TP
5442,XAUUSD,7102602,1,0.02,1911.88,1922.07,21.735,1674121800,1674149100,20.23,TP
5445,XAUUSD,7102602,1,0.02,1937.61,1915.08,22.525,1674209400,1674492000,-45.7787,SL
5440,US30,7102603,1,0.17,33259.3,33635.5,979.927,1674091800,1674523800,60.6396,EXPERT
5449,XAUUSD,7102602,1,0.03,1940.48,1921.98,18.498,1674551100,1674579300,-55.704,SL
5429,XAUUSD,7102601,1,0.05,1868.39,1915.83,11.135,1673227800,1675152000,204.687,SL
5453,XAUUSD,7102601,1,0.06,1953.92,1943.65,10.275,1675301400,1675353300,-62.07,SL
5456,XAUUSD,7102602,1,0.02,1877.14,1885.7,24.995,1675764300,1675850100,16.398,TP
5459,XAUUSD,7102602,1,0.02,1881.87,1856.24,25.625,1675935600,1676007000,-51.9586,SL
5462,XAUUSD,7102602,-1,0.02,1855.97,1846.42,23.375,1676288400,1676392200,18.847,TP
5465,XAUUSD,7102602,-1,0.02,1838.96,1820.95,24.895,1676453700,1676628000,35.462,TP
5468,XAUUSD,7102602,-1,0.03,1836.15,1829.45,17.765,1676971200,1677099600,19.7521,TP
5477,XAUUSD,7102602,-1,0.03,1810.8,1826.55,15.755,1677576300,1677605100,-47.475,SL
5472,US500,7102603,1,1.43,4002.51,3978.48,118.721,1677031200,1677807000,-46.5347,EXPERT
5474,NAS100,7102603,1,0.33,12081.9,12025.4,512.173,1677031200,1677807000,-27.1174,EXPERT
5470,US30,7102603,1,0.18,33163.8,32980,905.263,1677029400,1677807000,-45.7441,EXPERT
5480,XAUUSD,7102602,-1,0.02,1830.44,1848.28,17.836,1677748800,1677849300,-35.914,SL
5486,XAUUSD,7102602,1,0.03,1857.22,1842.43,14.795,1678095600,1678194000,-45.4415,SL
5491,XAUUSD,7102602,1,0.02,1889.57,1906.29,19.715,1678710600,1678725600,33.29,TP
5489,XAUUSD,7102601,1,0.06,1864.43,1889.21,8.474,1678478400,1678878300,143.026,SL
5495,XAUUSD,7102602,1,0.02,1905.85,1912.81,22.575,1678886700,1678890600,13.79,TP
5498,XAUUSD,7102601,1,0.04,1928.04,1913.02,15.025,1678896000,1678915800,-60.38,SL
5501,XAUUSD,7102602,1,0.02,1924.74,1941.58,25.305,1678976100,1679067000,32.9434,TP
5504,XAUUSD,7102601,1,0.04,1945.18,1967.71,14.045,1679068800,1679332200,88.6064,SL
5506,XAUUSD,7102602,1,0.02,1997.4,1968.13,29.275,1679307000,1679332200,-58.69,SL
5510,XAUUSD,7102602,1,0.01,1969.78,1983.96,33.775,1680170700,1680205500,14.105,TP
5513,XAUUSD,7102602,1,0.01,1964.8,1979.64,31.545,1680522600,1680535800,14.765,TP
5516,XAUUSD,7102601,1,0.05,2021,2009.07,11.935,1680638400,1680759900,-66.198,SL
5519,XAUUSD,7102602,1,0.01,2020.77,1990.63,30.145,1680788400,1681105500,-30.8284,SL
5522,XAUUSD,7102602,1,0.02,2002.22,2015.43,24.908,1681209300,1681275600,25.6719,TP
5527,XAUUSD,7102602,1,0.02,2024.61,2032.68,25.425,1681382100,1681399800,16.01,TP
5530,XAUUSD,7102601,1,0.05,2045.28,2034.09,11.195,1681401600,1681407900,-56.325,SL
5525,NAS100,7102603,1,0.41,12829.9,13075.3,392.462,1681351200,1681435800,99.5895,EXPERT
5534,XAUUSD,7102602,1,0.02,2014.6,1987.71,26.888,1681726200,1681753200,-53.916,SL
5537,XAUUSD,7102602,1,0.01,2002.26,2010.76,27.235,1681813800,1681842000,8.425,TP
5540,XAUUSD,7102602,1,0.01,2004.52,1975.63,28.895,1681997400,1682095800,-29.2712,SL
5543,XAUUSD,7102602,1,0.02,1985.14,1993.33,25.304,1682337600,1682389800,15.6243,TP
5546,US30,7102603,1,0.26,33335.9,33778.5,601.208,1682559000,1682645400,113.373,EXPERT
5549,XAUUSD,7102602,1,0.02,1988.03,1995.84,24.788,1682948700,1682954400,15.484,TP
5552,XAUUSD,7102601,1,0.05,2054.7,2041.95,12.755,1683172800,1683178500,-64.125,SL
5555,US500,7102603,1,1.56,4073.21,4130.28,107.723,1683252000,1683514800,87.7672,EXPERT
5557,NAS100,7102603,1,0.42,13019,13236,394.106,1683252000,1683514800,90.0554,EXPERT
5561,XAUUSD,7102602,1,0.02,2025.17,2034.78,28.484,1683556200,1683663300,18.4544,TP
5564,XAUUSD,7102602,1,0.02,2037.72,2009.39,28.334,1683815100,1683869400,-57.4237,SL
5567,XAUUSD,7102602,1,0.02,2020.08,1993.64,26.444,1684147500,1684264200,-53.6439,SL
5570,XAUUSD,7102602,-1,0.02,1977.02,1968.21,27.246,1684404300,1684423800,17.488,TP
5573,XAUUSD,7102602,-1,0.02,1970.99,1959.91,21.995,1684766700,1684830600,21.9005,TP
5576,XAUUSD,7102602,-1,0.03,1958.26,1977.41,19.155,1684836900,1684877100,-57.675,SL
5579,US30,7102603,1,0.23,32790.7,33242.2,757.174,1684978200,1685323800,100.902,EXPERT
5582,XAUUSD,7102602,-1,0.02,1960.13,1981.64,21.512,1685613900,1685644500,-43.174,SL
5585,XAUUSD,7102602,-1,0.03,1939.61,1959.99,20.376,1685961900,1685984400,-61.338,SL
5588,XAUUSD,7102602,-1,0.02,1957.08,1950.22,20.076,1686047400,1686163500,13.479,TP
5591,XAUUSD,7102602,-1,0.02,1930.32,1952.29,21.975,1686823500,1686847800,-44.09,SL
5596,XAUUSD,7102602,-1,0.02,1926.4,1919.78,19.315,1687433700,1687449900,13.11,TP
5594,NAS100,7102603,1,0.37,14851.2,15057.5,461.283,1687399200,1687483800,75.2375,EXPERT
5600,XAUUSD,7102602,-1,0.03,1921.37,1912.7,17.875,1687874700,1687886100,25.785,TP
5603,XAUUSD,7102602,-1,0.03,1909.02,1901.31,19.075,1687950600,1688052600,22.4283,TP
5606,XAUUSD,7102602,-1,0.03,1902.58,1920.65,18.075,1688124300,1688151600,-54.435,SL
5609,XAUUSD,7102602,-1,0.03,1912.91,1928.75,15.835,1688381100,1688403600,-47.715,SL
5612,US30,7102603,1,0.28,33766.5,34238,618.582,1688952600,1689125400,128.301,EXPERT
5617,XAUUSD,7102602,1,0.04,1957.36,1963.23,15.415,1689593700,1689675900,22.0254,TP
5620,XAUUSD,7102602,1,0.04,1980.16,1987,16.775,1689762000,1689833700,23.4364,TP
5615,XAUUSD,7102601,1,0.11,1939.07,1966.77,6.928,1689148800,1689874800,270.928,SL
5624,XAUUSD,7102602,1,0.05,1964.15,1968.98,15.035,1690193100,1690363500,20.7813,TP
5627,XAUUSD,7102602,1,0.05,1971.44,1980.32,14.965,1690370100,1690434600,39.506,TP
5630,XAUUSD,7102602,1,0.05,1959.64,1965.39,15.724,1690812900,1690817400,28.38,TP
5633,XAUUSD,7102602,1,0.04,1952.67,1934.96,17.715,1690984200,1690997100,-71.14,SL
5636,XAUUSD,7102602,-1,0.04,1932.26,1926.15,18.265,1691057100,1691163000,23.9251,TP
5639,US30,7102603,1,0.36,35084.4,35476,640.914,1691371800,1691458200,138.485,EXPERT
5643,XAUUSD,7102602,-1,0.04,1934.9,1925.13,16.385,1691406900,1691507400,38.6049,TP
5647,XAUUSD,7102602,-1,0.05,1923.8,1915.68,17.015,1691590500,1691615700,40.225,TP
5641,US500,7102603,1,2.55,4488.66,4489.39,92.8187,1691377200,1692063000,-15.916,EXPERT
5651,XAUUSD,7102602,-1,0.06,1903.29,1898.74,14.285,1692102000,1692113400,26.85,TP
5656,XAUUSD,7102601,-1,0.17,1894.28,1900.48,6.205,1692235800,1692284400,-106.675,SL
5661,XAUUSD,7102601,-1,0.14,1888.26,1895.12,6.865,1692302400,1692333000,-97.8246,SL
5663,NAS100,7102603,1,0.44,14684.9,14921,500.232,1692324000,1692667800,101.349,EXPERT
5658,US500,7102603,1,2.5,4404.86,4387.9,104.967,1692237600,1692754200,-50.9002,EXPERT
5654,US30,7102603,1,0.34,34784.2,34502.7,772.609,1692235800,1692840600,-111.663,EXPERT
5669,XAUUSD,7102602,-1,0.05,1916.8,1911.26,13.745,1692888900,1692984300,27.0588,TP
5672,XAUUSD,7102602,-1,0.06,1920.62,1915.84,12.585,1693317300,1693322100,28.29,TP
5677,XAUUSD,7102602,1,0.06,1944.38,1950.28,13.645,1693571400,1693582200,35.01,TP
5675,XAUUSD,7102601,1,0.13,1936.51,1932.33,6.918,1693339200,1693913700,-82.2008,SL
5681,XAUUSD,7102602,-1,0.05,1923.75,1919.47,13.435,1693996200,1694019600,21.025,TP
5684,XAUUSD,7102602,-1,0.07,1918.61,1912.99,11.187,1694522100,1694529000,38.871,TP
5689,XAUUSD,7102601,-1,0.17,1904.26,1909.74,5.485,1694707200,1694713800,-94.435,SL
5687,XAUUSD,7102602,-1,0.06,1906.19,1918.21,12.025,1694686200,1694769300,-72.8884,SL
5693,XAUUSD,7102602,1,0.06,1934.89,1939.72,10.655,1695120900,1695228000,26.7598,TP
5698,XAUUSD,7102602,-1,0.06,1895.24,1886.95,12.115,1695813900,1695832800,49.29,TP
5696,XAUUSD,7102601,-1,0.17,1901.05,1872.65,4.995,1695778200,1695983400,477.988,SL
5704,XAUUSD,7102602,-1,0.06,1838.06,1828.37,14.885,1696248300,1696266900,57.69,TP
5707,XAUUSD,7102602,-1,0.06,1821.47,1813.99,16.745,1696500900,1696520100,44.43,TP
5702,XAUUSD,7102601,-1,0.14,1853.46,1834.87,8.162,1696017600,1696616700,254.281,SL
5711,XAUUSD,7102601,1,0.14,1923.32,1914.77,8.555,1697419800,1697446200,-120.75,SL
5714,XAUUSD,7102602,1,0.04,1920.3,1927.92,20.535,1697538000,1697556000,30.18,TP
5717,XAUUSD,7102602,1,0.04,1944.61,1963.57,21.685,1697632500,1697745900,72.0093,TP
5722,XAUUSD,7102602,1,0.04,1982.21,1992.14,23.795,1697798400,1697824800,39.42,TP
5720,XAUUSD,7102601,1,0.12,1974.71,1967.03,9.695,1697765400,1698022800,-96.6424,SL
5726,XAUUSD,7102602,1,0.04,1979.06,1954.5,24.565,1698057300,1698156000,-99.7455,SL
5729,XAUUSD,7102601,1,0.11,2001.85,1991.53,10.315,1698629400,1698663900,-114.235,SL
5732,XAUUSD,7102602,1,0.04,1984.99,1993.89,23.855,1698849900,1699025400,30.4544,TP
5735,XAUUSD,7102602,1,0.05,1970.91,1979.84,19.588,1700041200,1700153100,39.8198,TP
5738,XAUUSD,7102601,1,0.18,2012.29,2005.9,6.395,1701057600,1701110100,-116.37,SL
5741,XAUUSD,7102601,1,0.19,2021.66,2033.94,6.025,1701187200,1701359400,208.17,SL
5744,XAUUSD,7102601,1,0.11,2067.53,2115.27,10.005,1701460800,1701654000,520.834,SL
5747,XAUUSD,7102601,1,0.09,2087.95,2075.4,12.555,1701662400,1701679800,-113.625,SL
5750,XAUUSD,7102602,1,0.04,2054.36,2061.43,23.595,1703247000,1703251500,27.98,TP
5753,XAUUSD,7102601,1,0.15,2067.47,2059.49,7.978,1703260800,1703267400,-120.72,SL
5756,XAUUSD,7102601,1,0.13,2082.07,2073.25,8.818,1703707200,1703761800,-127.92,SL
5759,XAUUSD,7102602,1,0.04,2074.19,2052.17,22.018,1703841000,1704287400,-90.8706,SL
5762,XAUUSD,7102602,1,0.05,2049.32,2030.89,18.435,1704361200,1704468600,-94.086,SL
5765,XAUUSD,7102602,1,0.05,2034.29,2043.29,19.575,1704881400,1704987000,39.9865,TP
5768,XAUUSD,7102602,1,0.04,2038.19,2045.34,21.135,1705051800,1705064100,28.3,TP
5771,XAUUSD,7102602,1,0.04,2058.61,2037.76,20.855,1705315800,1705414200,-84.9552,SL
5774,XAUUSD,7102602,1,0.04,2031.44,2011.4,20.045,1706089500,1706131500,-80.46,SL
5777,XAUUSD,7102602,1,0.05,2037.71,2043.88,16.645,1706607300,1706631300,30.475,TP
5780,XAUUSD,7102602,1,0.05,2039.13,2044.93,17.865,1706696700,1706718600,28.625,TP
5783,XAUUSD,7102602,-1,0.05,2023.13,2041.45,18.315,1707224700,1707324000,-92.2078,SL
5786,XAUUSD,7102602,1,0.05,2031.12,2036.66,15.905,1708594500,1708713000,25.8286,TP
5789,XAUUSD,7102601,1,0.18,2047.88,2041.66,6.225,1709222400,1709289000,-118.93,SL
5791,XAUUSD,7102602,1,0.06,2048.59,2053.81,14.075,1709284500,1709296500,30.93,TP
5797,XAUUSD,7102602,1,0.06,2085.01,2090,15.765,1709543100,1709567700,29.55,TP
5800,XAUUSD,7102602,1,0.05,2121.09,2130.36,17.225,1709634600,1709652000,45.975,TP
5803,XAUUSD,7102602,1,0.05,2163.93,2173.52,20.695,1709892900,1709911800,47.575,TP
5795,XAUUSD,7102601,1,0.16,2051.84,2165.38,6.695,1709308800,1709913900,1778.94,SL
5807,XAUUSD,7102602,1,0.04,2170.49,2179.98,25.375,1710507300,1710971400,33.704,TP
5810,XAUUSD,7102601,1,0.12,2199.15,2189.25,9.905,1710993600,1711040400,-119.7,SL
5813,XAUUSD,7102602,1,0.04,2182.3,2190.64,25.365,1711538400,1711543200,33.06,TP
5816,XAUUSD,7102602,1,0.04,2206.53,2219.85,26.075,1711632300,1711654200,53.02,TP
5819,XAUUSD,7102601,1,0.1,2242.05,2230.65,11.695,1711935000,1711992000,-114.65,SL
5822,XAUUSD,7102602,1,0.03,2262.42,2275.64,27.445,1712056200,1712078400,39.435,TP
5825,XAUUSD,7102601,1,0.08,2287.11,2271.38,15.725,1712107800,1712139900,-126.36,SL
5828,XAUUSD,7102601,1,0.07,2294.01,2276.83,17.185,1712174400,1712290500,-130.614,SL
5831,XAUUSD,7102602,1,0.03,2290.67,2313.32,32.035,1712315100,1712338200,67.725,TP
5834,XAUUSD,7102601,1,0.07,2327.49,2311.25,16.245,1712347200,1712538900,-116.695,SL
5837,XAUUSD,7102601,1,0.07,2342.39,2324.93,17.458,1712563200,1712589900,-122.696,SL
5842,XAUUSD,7102601,1,0.07,2357.86,2340.21,17.645,1712664000,1712688900,-124.005,SL
5840,XAUUSD,7102602,1,0.03,2355.43,2323.17,32.265,1712657700,1712765400,-98.0834,SL
5848,XAUUSD,7102602,1,0.02,2397.76,2418.54,37.385,1712916600,1712942100,41.41,TP
5846,XAUUSD,7102601,1,0.07,2375.7,2382.51,16.345,1712885400,1712946600,47.145,SL
5852,XAUUSD,7102602,1,0.02,2381.89,2398.75,45.525,1713447000,1713501000,32.8437,TP
5855,XAUUSD,7102602,1,0.02,2323.8,2342.35,43.395,1714042200,1714066500,36.97,TP
5858,XAUUSD,7102602,1,0.02,2344.44,2300.17,44.275,1714127100,1714497000,-90.118,SL
5861,XAUUSD,7102602,1,0.02,2293.4,2304.65,36.245,1714571700,1714582800,22.35,TP
5864,XAUUSD,7102602,1,0.02,2316.76,2340.34,34.145,1714991400,1715294100,43.4766,TP
5867,XAUUSD,7102601,1,0.1,2354.22,2344.07,11.485,1715328000,1715599500,-105.757,SL
5869,XAUUSD,7102602,1,0.03,2369.63,2338.28,31.348,1715335500,1715609400,-95.3361,SL
5873,XAUUSD,7102602,1,0.03,2347.09,2358.2,29.755,1715688600,1715721000,33.105,TP
5876,XAUUSD,7102601,1,0.09,2383.86,2371.55,12.315,1715803200,1715877600,-121.312,SL
5879,XAUUSD,7102602,1,0.02,2386.94,2399.71,30.375,1715940900,1715962200,25.39,TP
5882,XAUUSD,7102601,1,0.09,2408.06,2413.74,12.138,1715976000,1716219600,47.1881,SL
5885,XAUUSD,7102602,1,0.02,2340.32,2354.53,32.815,1716545700,1716828300,27.5561,TP
5890,XAUUSD,7102602,1,0.03,2340.88,2358.17,31.135,1717077600,1717171200,50.6014,TP
5892,US500,7102603,1,1.14,5225.64,5291.91,247.256,1717124400,1717383600,74.3988,EXPERT
5888,US30,7102603,1,0.16,38175.7,38746,1698.82,1717038000,1717383600,88.8778,EXPERT
5897,XAUUSD,7102602,1,0.03,2331.53,2347.9,29.938,1717422600,1717443600,48.906,TP
5900,XAUUSD,7102602,-1,0.03,2307.34,2339.62,32.285,1718289600,1718868900,-98.4208,SL
5903,XAUUSD,7102602,1,0.04,2332.98,2309.33,23.648,1719318000,1719408000,-96.2893,SL
5906,XAUUSD,7102602,-1,0.03,2308.61,2294.48,24.395,1719408300,1719420300,42.165,TP
5909,XAUUSD,7102602,1,0.03,2328.76,2338.04,25.565,1719571800,1719588600,27.615,TP
5912,XAUUSD,7102602,1,0.04,2329.3,2339.77,22.915,1719836400,1720000500,38.7314,TP
5915,XAUUSD,7102602,1,0.04,2342.94,2357.34,22.725,1720001700,1720024800,57.3,TP
5918,XAUUSD,7102602,1,0.04,2367.11,2377.4,23.055,1720176300,1720195800,40.9,TP
5920,XAUUSD,7102601,1,0.12,2372.36,2364,9.655,1720195200,1720464000,-105.603,SL
5924,XAUUSD,7102602,1,0.04,2372.99,2382.51,23.595,1720605900,1720629900,37.78,TP
5927,XAUUSD,7102602,1,0.04,2383.47,2395.23,24.065,1720696500,1720711800,46.74,TP
5930,XAUUSD,7102601,1,0.11,2406.52,2395.32,11.198,1720713600,1720798200,-128.005,SL
5933,XAUUSD,7102602,1,0.04,2415.51,2427.42,24.275,1721051700,1721065800,47.34,TP
5938,XAUUSD,7102602,1,0.04,2434.45,2448.32,25.535,1721124900,1721151000,55.18,TP
5936,XAUUSD,7102601,1,0.09,2430.47,2444.65,13.015,1721073600,1721340300,110.167,SL
5943,XAUUSD,7102602,1,0.03,2473.74,2444.07,29.665,1721297100,1721340300,-89.205,SL
5941,NAS100,7102603,1,0.52,19898.2,19300.3,597.81,1721271600,1721790000,-318.869,SL
5949,XAUUSD,7102602,1,0.03,2404.55,2420.29,30.285,1721735400,1721835000,45.9205,TP
5947,US500,7102603,1,2.46,5536.32,5414.43,121.893,1721617200,1721876400,-313.11,SL
5958,XAUUSD,7102602,1,0.02,2391.62,2406.15,31.895,1722334200,1722369600,28.91,TP
5956,US500,7102603,1,1.5,5419.99,5450.68,154.143,1721962800,1722394800,41.2642,EXPERT
5953,NAS100,7102603,1,0.3,19138.8,19554.8,835.719,1721876400,1722481200,117.058,EXPERT
5967,XAUUSD,7102602,1,0.02,2397.86,2416.43,39.035,1723040700,1723137000,34.8262,TP
5963,US500,7102603,1,1.09,5221.01,5334.73,242.114,1722999600,1723172400,119.537,EXPERT
5965,NAS100,7102603,1,0.21,17964.1,18508.3,1216.64,1722999600,1723172400,111.356,EXPERT
5969,US30,7102603,1,0.15,38688.5,39501.3,1566.03,1723086000,1723172400,120.792,EXPERT
5975,XAUUSD,7102602,1,0.02,2437.94,2451.3,36.268,1723457700,1723480500,26.584,TP
5978,XAUUSD,7102602,1,0.02,2474.44,2436.79,37.655,1723635600,1723737600,-77.6937,SL
5983,XAUUSD,7102602,1,0.03,2509.22,2520.05,34.315,1724150400,1724151900,32.265,TP
5981,XAUUSD,7102601,1,0.08,2491.88,2487.68,14.675,1723824000,1724344200,-52.6058,SL
5989,XAUUSD,7102602,1,0.03,2523.62,2494.59,29.034,1724936100,1725049500,-88.4678,SL
5987,NAS100,7102603,1,0.44,19141,19541.1,690.528,1724900400,1725246000,172.738,EXPERT
5993,XAUUSD,7102602,1,0.03,2505.51,2479.13,26.385,1725277500,1725381900,-80.5105,SL
5996,XAUUSD,7102602,1,0.03,2507.34,2520.5,25.655,1725534600,1725549600,39.255,TP
6003,US30,7102603,1,0.33,40345.6,40819,928.353,1725850800,1725937200,153.657,EXPERT
5999,US500,7102603,1,2,5411.6,5491.85,155.274,1725850800,1726023600,156.263,EXPERT
6001,NAS100,7102603,1,0.38,18422.8,18815.7,803.212,1725850800,1726023600,146.537,EXPERT
6010,XAUUSD,7102602,1,0.04,2570.49,2584,26.245,1726224600,1726254300,53.78,TP
6013,XAUUSD,7102602,1,0.04,2577.45,2588.05,24.775,1726666500,1726693500,42.1,TP
6008,XAUUSD,7102601,1,0.11,2550.89,2565.95,11.404,1726171200,1726696800,147.551,SL
6017,XAUUSD,7102602,1,0.03,2579.55,2607.21,27.355,1726741200,1726826700,81.5698,TP
6020,XAUUSD,7102602,1,0.03,2608.07,2630.4,28.134,1726827000,1727072700,65.5662,TP
6022,XAUUSD,7102601,1,0.08,2610.01,2641.3,14.755,1726833600,1727703300,223.88,SL
6026,XAUUSD,7102602,1,0.03,2645.99,2657.61,27.245,1727780100,1727800200,34.635,TP
6029,XAUUSD,7102602,1,0.04,2652.3,2625.77,26.535,1728298800,1728408600,-108.035,SL
6032,XAUUSD,7102602,1,0.03,2617.84,2628.84,28.155,1728563700,1728579600,32.805,TP
6035,XAUUSD,7102602,1,0.04,2652.95,2667.61,26.355,1728990600,1729019100,58.34,TP
6040,XAUUSD,7102601,1,0.1,2679.78,2667.68,12.095,1729080000,1729101900,-121.65,SL
6038,XAUUSD,7102602,1,0.03,2678.95,2697.94,27.994,1729079700,1729224600,51.8378,TP
6046,XAUUSD,7102602,1,0.04,2733.07,2744.84,24.875,1729510800,1729626600,45.1182,TP
6049,XAUUSD,7102602,1,0.04,2754.53,2728.81,25.725,1729680000,1729703400,-103.18,SL
6043,XAUUSD,7102601,1,0.11,2692.44,2723.84,11.555,1729195200,1729704300,326.287,SL
6053,XAUUSD,7102602,1,0.03,2736.64,2755.24,27.725,1729764600,1730178000,51.8058,TP
6058,XAUUSD,7102601,1,0.11,2769.61,2757.89,11.715,1730232000,1730393400,-148.346,SL
6061,US500,7102603,1,2.69,5718.99,5794.45,120.04,1730430000,1730858400,194.018,EXPERT
6055,US30,7102603,1,0.38,42295.9,42323.9,842.206,1730084400,1730858400,-17.3949,EXPERT
6063,XAUUSD,7102602,1,0.03,2744.76,2717.36,27.395,1730722500,1730881500,-84.9066,SL
6068,XAUUSD,7102602,1,0.03,2665.48,2686.42,32.928,1730971500,1730995200,62.616,TP
6071,XAUUSD,7102602,-1,0.03,2600.11,2576.39,36.145,1731403500,1731535200,70.7185,TP
6074,XAUUSD,7102602,-1,0.02,2550.72,2590.38,39.665,1731575700,1731900300,-79.7548,SL
6077,XAUUSD,7102602,-1,0.02,2627.74,2667.36,39.625,1732093500,1732184700,-79.8315,SL
6080,XAUUSD,7102602,1,0.02,2694.22,2718.61,40.915,1732268100,1732498800,47.8206,TP
6083,XAUUSD,7102602,1,0.03,2674.03,2689.85,34.765,1733834700,1733849100,47.265,TP
6086,XAUUSD,7102602,-1,0.03,2643.99,2631.81,30.535,1734433200,1734555600,36.0946,TP
6089,XAUUSD,7102602,-1,0.03,2616.62,2601.11,34.955,1734960300,1735578600,45.4313,TP
6092,XAUUSD,7102602,1,0.05,2647.81,2628.19,19.624,1736170500,1736177700,-98.47,SL
6095,XAUUSD,7102602,1,0.05,2653.94,2661.7,21.095,1736327400,1736352000,38.425,TP
6098,XAUUSD,7102602,1,0.05,2668.11,2679.59,21.075,1736426400,1736504400,54.9851,TP
6100,XAUUSD,7102601,1,0.1,2672.74,2660.89,12.324,1736438400,1736790900,-127.428,SL
6104,XAUUSD,7102602,1,0.04,2684.07,2697.89,24.355,1736935800,1736994000,50.0369,TP
6107,XAUUSD,7102602,1,0.04,2702.62,2714.91,24.075,1737023100,1737042000,48.86,TP
6109,XAUUSD,7102601,1,0.11,2705.59,2694.36,11.225,1737028800,1737336000,-133.346,SL
6115,XAUUSD,7102602,1,0.04,2731.39,2758.06,23.655,1737452400,1737532200,104.703,TP
6118,XAUUSD,7102602,1,0.04,2759.36,2775.38,26.485,1737545100,1737694800,57.0836,TP
6121,XAUUSD,7102602,1,0.04,2779.14,2754.27,24.875,1737725700,1737951600,-101.474,SL
6113,XAUUSD,7102601,1,0.11,2726.28,2751.89,11.365,1737446400,1737964800,253.2,SL
6125,XAUUSD,7102602,1,0.04,2766.62,2774.4,25.455,1738228500,1738234200,30.82,TP
6128,XAUUSD,7102601,1,0.11,2795.71,2784.61,11.098,1738267200,1738546500,-132.249,SL
6131,XAUUSD,7102602,1,0.04,2796.74,2820.45,25.738,1738578300,1738601100,94.568,TP
6134,XAUUSD,7102601,1,0.09,2817.28,2841.98,13.465,1738612800,1738860900,202.026,SL
6136,XAUUSD,7102602,1,0.03,2864.28,2886.63,30.455,1738749600,1739177100,60.293,TP
6140,XAUUSD,7102602,1,0.03,2892.49,2919.06,31.965,1739179800,1739238000,78.1525,TP
6142,XAUUSD,7102601,1,0.08,2903.22,2894.25,16.195,1739188800,1739285400,-75.8334,SL
6146,XAUUSD,7102602,1,0.02,2937.45,2899.52,37.935,1739528400,1739553900,-76.01,SL
6151,XAUUSD,7102601,1,0.09,2945.63,2931.58,14.055,1739966400,1739973600,-127.125,SL
6154,XAUUSD,7102601,1,0.1,2951.64,2938.89,12.755,1740052800,1740061200,-128.25,SL
6149,XAUUSD,7102602,1,0.02,2940.13,2955.6,41.025,1739961600,1740412800,26.3061,TP
6158,XAUUSD,7102602,1,0.02,2872.69,2885.49,36.815,1741007100,1741022400,25.45,TP
6161,XAUUSD,7102602,1,0.03,2899.38,2911.95,34.895,1741080600,1741083900,37.515,TP
6164,XAUUSD,7102602,1,0.02,2915.34,2934.32,37.015,1741340700,1741806300,35.167,TP
6167,XAUUSD,7102602,1,0.02,2947.8,2959.52,38.625,1741869300,1741887600,23.31,TP
6172,XAUUSD,7102602,1,0.02,2994.15,3006.99,38.105,1741954200,1742273700,23.7001,TP
6175,XAUUSD,7102602,1,0.03,3018.32,3036.51,32.025,1742292900,1742314800,54.345,TP
6170,XAUUSD,7102601,1,0.08,2980.28,3012.71,14.895,1741896000,1742575500,229.347,SL
6179,XAUUSD,7102602,1,0.03,3026.11,3038.18,30.495,1742811000,1743060900,29.0987,TP
6182,XAUUSD,7102602,1,0.03,3040.14,3057.29,30.455,1743080400,1743096900,51.225,TP
6185,XAUUSD,7102601,1,0.1,3061.97,3111.47,12.505,1743134400,1743534000,484.866,SL
6188,XAUUSD,7102601,1,0.06,3151.44,3129.07,22.3672,1743652800,1743668700,-134.623,SL
6191,XAUUSD,7102602,1,0.02,3128.02,3088.5,39.5157,1743775800,1743780600,-79.1715,SL
6194,XAUUSD,7102602,1,0.02,3017.59,3053.02,51.825,1744124400,1744208100,69.7987,TP
6199,XAUUSD,7102602,1,0.01,3223.36,3258.63,68.1125,1744370700,1744772400,33.7189,TP
6202,XAUUSD,7102602,1,0.01,3297.2,3340.57,73.6785,1744798500,1744841100,43.3015,TP
6205,XAUUSD,7102602,1,0.01,3394.37,3440.04,76.6665,1745229900,1745288100,45.0801,TP
6197,XAUUSD,7102601,1,0.03,3179.68,3394.65,35.1396,1744335000,1745349600,631.051,SL
6209,XAUUSD,7102602,1,0.01,3262.7,3297.69,79.9361,1746189300,1746447600,34.4288,TP
6212,XAUUSD,7102602,1,0.01,3331.22,3257.59,73.6254,1746800100,1747044000,-74.2034,SL
6215,XAUUSD,7102602,1,0.01,3235.95,3264.19,75.3636,1747742400,1747760400,28.1664,TP
6218,XAUUSD,7102602,1,0.01,3333.69,3259.97,73.7245,1747997400,1748485800,-76.8284,SL
6221,XAUUSD,7102602,1,0.01,3281.25,3316.05,65.7675,1748514300,1748534100,34.7325,TP
6224,XAUUSD,7102602,1,0.01,3345.95,3389.95,58.3558,1748858700,1748913600,43.4174,TP
6226,XAUUSD,7102601,1,0.05,3371.8,3345.58,26.2179,1748894400,1748969100,-134.023,SL
6230,XAUUSD,7102602,1,0.01,3388.06,3328.91,59.1497,1749126600,1749230100,-59.7322,SL
6233,XAUUSD,7102602,1,0.02,3328.06,3359.66,54.781,1749464700,1749656100,61.0265,TP
6236,XAUUSD,7102601,1,0.06,3416.7,3394.06,22.6415,1749787200,1750092600,-139.416,SL
6239,XAUUSD,7102602,1,0.02,3374.75,3331,43.7451,1750688100,1750754700,-88.6595,SL
6242,XAUUSD,7102602,1,0.02,3344.32,3299.3,45.0226,1750933200,1751005200,-91.2022,SL
6245,XAUUSD,7102602,1,0.02,3336.44,3361.11,43.712,1751364900,1751505300,45.0987,TP
6248,XAUUSD,7102602,-1,0.02,3283.93,3328.11,44.175,1752061200,1752139200,-89.0423,SL
6251,XAUUSD,7102602,1,0.02,3328.73,3342.24,43.1951,1752142200,1752225300,25.8742,TP
6254,XAUUSD,7102602,1,0.02,3345.77,3365.9,40.1726,1752240600,1752257700,40.1147,TP
6257,XAUUSD,7102602,1,0.02,3374.71,3334.86,39.8549,1752489000,1752597300,-80.871,SL
6260,XAUUSD,7102602,1,0.02,3342.4,3359.4,38.2423,1752666900,1752689700,33.8553,TP
6263,XAUUSD,7102602,1,0.03,3345,3357.4,37.6657,1752834000,1752849900,37.003,TP
6266,XAUUSD,7102602,1,0.03,3371.95,3395.1,33.6649,1753107900,1753116300,69.2254,TP
6268,XAUUSD,7102601,1,0.09,3387.52,3392.88,15.3061,1753113600,1753297200,38.2589,SL
6276,XAUUSD,7102602,1,0.02,3363.97,3381.72,40.9742,1754316900,1754325900,35.3516,TP
6272,US30,7102603,1,0.41,44137.8,44236.4,829.588,1754017200,1754362800,33.4483,EXPERT
6274,US500,7102603,1,2.73,6249.31,6359.17,125.341,1754276400,1754535600,283.218,EXPERT
6281,XAUUSD,7102602,1,0.02,3388.1,3345.8,42.299,1754561400,1754926200,-86.8134,SL
6284,XAUUSD,7102602,1,0.02,3358.3,3373.28,38.7767,1755080100,1755142200,26.7504,TP
6287,NAS100,7102603,1,0.62,23359,23516.2,559.957,1755658800,1756090800,83.4403,EXPERT
6290,XAUUSD,7102602,1,0.03,3369.97,3379.89,30.1846,1756133100,1756178400,27.9935,TP
6293,XAUUSD,7102602,1,0.03,3399.71,3413.14,29.9169,1756381200,1756402800,40.0894,TP
6298,XAUUSD,7102602,1,0.03,3548.91,3568.8,36.2288,1756910100,1756928400,59.4635,TP
6296,XAUUSD,7102601,1,0.09,3415.68,3535.33,14.3323,1756411200,1756964700,1042.44,SL
6304,XAUUSD,7102602,1,0.03,3600.29,3619.56,39.843,1757325900,1757337000,57.591,TP
6307,XAUUSD,7102602,1,0.02,3649.8,3677.25,44.0071,1757508000,1757962200,49.205,TP
6310,XAUUSD,7102602,1,0.02,3696.04,3652.88,43.1606,1758021300,1758145800,-87.5888,SL
6302,XAUUSD,7102601,1,0.06,3580.56,3638.74,22.9112,1757088000,1758186600,305.206,SL
6314,XAUUSD,7102602,1,0.02,3671.92,3708.07,45.0487,1758198300,1758533400,69.9234,TP
6317,XAUUSD,7102602,1,0.03,3722.25,3756.66,40.2326,1758541500,1758600900,101.295,TP
6322,XAUUSD,7102602,1,0.03,3759.44,3782.02,40.8361,1758627000,1758629400,67.5417,TP
6325,XAUUSD,7102602,1,0.02,3778.33,3734.94,43.3872,1758710400,1758743100,-86.9144,SL
6319,XAUUSD,7102601,1,0.06,3720.41,3726.41,21.5356,1758542400,1758749100,28.722,SL
6329,XAUUSD,7102602,1,0.02,3751.82,3773.8,43.0251,1758796800,1758906300,42.6836,TP
6332,XAUUSD,7102601,1,0.06,3805.17,3803.25,22.7996,1759132800,1759234200,-15.4512,SL
6334,XAUUSD,7102602,1,0.03,3822.51,3878.42,41.2709,1759155600,1759315800,163.992,TP
6340,XAUUSD,7102601,1,0.05,3893.06,3866.38,26.6764,1759320000,1759334100,-133.732,SL
6338,XAUUSD,7102602,1,0.02,3878.33,3828.95,49.3753,1759316100,1759427100,-102.432,SL
6344,XAUUSD,7102602,1,0.02,3862.99,3887.72,51.684,1759487400,1759509900,49.3121,TP
6349,XAUUSD,7102602,1,0.02,3945.5,3991.8,50.5408,1759748700,1759889700,90.0301,TP
6347,XAUUSD,7102601,1,0.06,3900.68,3986.96,24.0971,1759723200,1760038500,498.88,SL
6352,XAUUSD,7102602,1,0.02,4039.01,3983.41,55.5979,1759921800,1760038800,-115.04,SL
6356,XAUUSD,7102602,1,0.02,3997.05,4044.55,60.655,1760098200,1760318700,93.6476,TP
6365,XAUUSD,7102602,1,0.01,4078.53,4131.98,63.1112,1760356500,1760415000,52.7506,TP
6363,US30,7102603,1,0.38,45832.8,46301.6,983.072,1760324400,1760497200,171.322,EXPERT
6359,US500,7102603,1,2.78,6602.43,6650.96,135.149,1760324400,1760583600,117.035,EXPERT
6361,NAS100,7102603,1,0.54,24585.9,24743.8,690.464,1760324400,1760583600,72.3386,EXPERT
6371,XAUUSD,7102602,1,0.01,4200.72,4247.41,72.4909,1760523000,1760628600,44.6909,TP
6367,XAUUSD,7102601,1,0.04,4077.91,4266.27,37.6713,1760356800,1760718900,737.751,SL
6377,XAUUSD,7102602,1,0.01,4279.33,4331.82,87.1271,1760972400,1760980800,52.4229,TP
6380,XAUUSD,7102602,1,0.01,3985.58,4026.57,127.575,1761732600,1761741900,40.9154,TP
6383,XAUUSD,7102602,1,0.01,3989.34,4056.57,128.015,1761825900,1762755000,61.6743,TP
6385,US500,7102603,1,2.55,6773.52,6844.02,153.278,1762308000,1762826400,159.636,EXPERT
6388,XAUUSD,7102602,1,0.01,4078.78,4146.18,75.8311,1762766100,1762839000,66.7005,TP
6392,XAUUSD,7102601,1,0.05,4199.71,4169.23,30.4844,1762977600,1763065800,-162.389,SL
6394,XAUUSD,7102602,1,0.01,4220.36,4144.6,75.7629,1763028000,1763126100,-76.4702,SL
6400,XAUUSD,7102602,1,0.01,4048.63,4089.14,73.2587,1763470200,1763536500,39.82,TP
6403,XAUUSD,7102602,1,0.01,4103.79,4026.21,77.5835,1763553000,1763715600,-80.1454,SL
6398,US30,7102603,1,0.3,46663.8,46423.8,1273.48,1763431200,1763949600,-88.1633,EXPERT
6407,XAUUSD,7102602,1,0.01,4172.4,4209.21,83.2888,1764164100,1764354300,34.1975,TP
6410,XAUUSD,7102601,1,0.06,4255.66,4232.5,23.1551,1764561600,1764565800,-139.351,SL
6413,XAUUSD,7102602,1,0.01,4258.91,4190.51,68.3958,1764590700,1764675000,-69.1125,SL
6416,XAUUSD,7102602,1,0.02,4230.36,4175.35,55.0131,1764927000,1765267500,-112.728,SL
6419,XAUUSD,7102602,1,0.02,4202.56,4231.28,47.2813,1765278600,1765404600,56.0116,TP
6424,XAUUSD,7102602,1,0.02,4287.37,4306.23,48.9479,1765530600,1765536600,37.5843,TP
6422,XAUUSD,7102601,1,0.06,4278.89,4278.49,24.9976,1765483200,1765562400,-6.72996,SL
6430,XAUUSD,7102602,1,0.02,4347.7,4295.48,52.2227,1765796100,1765822800,-104.585,SL
6428,NAS100,7102603,1,0.58,25183,25024.8,664.081,1765764000,1766109600,-108.663,EXPERT
6433,US500,7102603,1,2.51,6729.48,6854.67,143.714,1766023200,1766368800,307.635,EXPERT
6437,XAUUSD,7102601,1,0.05,4382.97,4471.15,26.2396,1766376000,1766998500,420.002,SL
6440,XAUUSD,7102602,1,0.02,4381.84,4316.36,65.4849,1767088200,1767167100,-132.435,SL
6449,XAUUSD,7102602,1,0.01,4382.98,4312.63,70.3456,1767348000,1767384600,-70.4156,SL
6443,US500,7102603,1,3.51,6866.79,6896.35,112.102,1767319200,1767664800,94.3929,EXPERT
6445,NAS100,7102603,1,0.69,25333.5,25412.3,567.235,1767319200,1767664800,47.6197,EXPERT
6447,US30,7102603,1,0.51,48198.3,48944.5,760.269,1767319200,1767664800,371.022,EXPERT
6452,XAUUSD,7102602,1,0.01,4427.84,4483.91,72.3392,1767608400,1767717900,55.3212,TP
6458,XAUUSD,7102601,1,0.04,4570.17,4541.08,33.9202,1768190400,1768584600,-133.553,SL
6460,XAUUSD,7102602,1,0.01,4619.29,4550.39,68.9045,1768481400,1768584600,-69.6796,SL
6466,XAUUSD,7102602,1,0.02,4719.5,4777.18,65.1324,1768901100,1768959900,113.76,TP
6464,XAUUSD,7102601,1,0.04,4657.48,4781.91,35.4374,1768795200,1769031300,491.686,SL
6469,US500,7102603,1,3.07,6800.25,6892.54,131.556,1768960800,1769047200,271.178,EXPERT
6471,NAS100,7102603,1,0.57,25003.1,25436.9,702.122,1768960800,1769047200,238.959,EXPERT
6473,US30,7102603,1,0.38,48551.9,49178.2,1039.08,1768960800,1769047200,227.231,EXPERT
6479,XAUUSD,7102602,1,0.01,4831.28,4888.29,73.7417,1769072700,1769109600,56.9383,TP
6484,XAUUSD,7102602,1,0.01,5096.5,5176.73,85.8727,1769506500,1769554200,80.1573,TP
6487,XAUUSD,7102602,1,0.01,5272.68,5386.76,95.9369,1769591400,1769640000,114.013,TP
6482,XAUUSD,7102601,1,0.03,4904.83,5464.9,44.0277,1769112000,1769652000,1663.35,SL
6491,XAUUSD,7102601,1,0.02,5545.88,5475.7,70.1766,1769659200,1769683200,-140.493,SL
6494,US500,7102603,1,2.15,6755.62,6957.08,201.419,1770343200,1770602400,430.324,EXPERT
6496,NAS100,7102603,1,0.38,24269.1,25273.4,1140.94,1770343200,1770688800,377.98,EXPERT
6500,XAUUSD,7102601,1,0.04,5157.38,5117.33,44.1381,1771819200,1771948500,-163.667,SL
6503,XAUUSD,7102601,1,0.03,5354.96,5310.01,44.9543,1772415000,1772421900,-135.073,SL
6506,XAUUSD,7102601,1,0.03,5325.1,5277.88,47.2208,1772424000,1772474400,-141.872,SL
6508,XAUUSD,7102602,1,0.01,5401.08,5296.05,105.027,1772442600,1772474400,-105.097,SL
6512,XAUUSD,7102602,1,0.01,5194.96,5063.82,131.141,1772626200,1772730300,-133.567,SL
6515,XAUUSD,7102602,1,0.01,5190.78,5052.95,137.83,1773142800,1773424500,-141.843,SL
6517,US30,7102603,1,0.22,46727.7,46939.2,1970.72,1773370800,1773802800,40.5204,EXPERT
6521,XAUUSD,7102602,-1,0.01,4739.27,4619.79,136.705,1773917100,1773933000,119.415,TP
6524,XAUUSD,7102602,-1,0.01,4691.03,4629.53,109.435,1776949800,1777365600,61.044,TP
6527,XAUUSD,7102602,-1,0.01,4619.95,4542.09,89.015,1777374300,1777479600,77.6673,TP
6530,US30,7102603,1,0.39,48680.9,49782.4,1122.88,1777512600,1777599000,425.823,EXPERT
6533,XAUUSD,7102602,-1,0.01,4585.47,4540.29,91.895,1777631700,1777900200,44.9768,TP
6536,XAUUSD,7102602,-1,0.01,4686.53,4647.12,93.805,1778675100,1778801100,38.9543,TP
6539,XAUUSD,7102602,-1,0.01,4554.93,4453.05,88.275,1778844900,1779889500,100.545,TP
6542,XAUUSD,7102602,-1,0.01,4497.85,4452.25,87.515,1780310700,1780332900,45.525,TP
6545,XAUUSD,7102602,-1,0.01,4453.19,4411.7,87.705,1780484400,1780674900,40.9312,TP
6552,XAUUSD,7102601,-1,0.04,4288.47,4329.84,41.375,1780920000,1780928400,-165.78,SL
6557,XAUUSD,7102602,-1,0.01,4163.98,4108.01,91.155,1781089500,1781117400,55.895,TP
6555,XAUUSD,7102601,-1,0.03,4251.73,4160.86,45.705,1781035200,1781210400,271.043,SL
6548,US500,7102603,1,2.68,7363.21,7393.82,166.346,1780884000,1781227800,59.125,EXPERT
6550,NAS100,7102603,1,0.4,28866.7,29414.6,1101.76,1780884000,1781227800,205.676,EXPERT
6563,XAUUSD,7102602,-1,0.01,4266.56,4212.92,109.415,1781784000,1781820000,53.565,TP
6566,XAUUSD,7102602,-1,0.01,4104.97,4016.72,105.155,1782211500,1782314700,88.0609,TP
6569,XAUUSD,7102601,-1,0.04,3987.45,4032.16,44.705,1782316800,1782319800,-179.1,SL
6572,XAUUSD,7102602,-1,0.01,4034.11,3997.61,91.765,1782737700,1782790500,36.3134,TP
6575,XAUUSD,7102602,-1,0.01,3961.18,4055.91,94.725,1782900900,1782923700,-94.795,SL
6578,XAUUSD,7102602,-1,0.01,4143.05,4084.68,89.895,1783341000,1783509300,58.0653,TP
6581,XAUUSD,7102602,-1,0.01,4088.51,4050.89,94.045,1783509600,1783512000,37.555,TP
6584,XAUUSD,7102602,-1,0.01,4020.22,3979.42,90.535,1784112000,1784217600,40.3966,TP
6587,XAUUSD,7102602,-1,0.01,4110.3,4081.21,78.585,1784801400,1784816400,29.015,TP
6590,XAUUSD,7102602,-1,0.02,4032.1,4104.53,72.435,1785242400,1785361800,-145.234,SL
6593,XAUUSD,7102602,-1,0.02,4069.53,4034.37,72.335,1785494100,1785515700,70.19,TP
6596,XAUUSD,7102602,-1,0.02,4046.78,4116.91,70.125,1785760500,1785908100,-140.842,SL
6599,XAUUSD,7102602,1,0.01,4300.11,4369.3,83.3888,1786101300,1786117200,69.1212,TP
6602,XAUUSD,7102602,1,0.01,4423.74,4338.09,85.648,1786537500,1786678200,-88.4025,SL
6605,XAUUSD,7102602,1,0.01,4362.66,4414.07,90.4739,1786718700,1786940400,50.6676,TP
6610,XAUUSD,7102602,1,0.01,4362.58,4400.5,86.0339,1787139900,1787153700,37.8461,TP
6613,XAUUSD,7102601,1,0.04,4521.11,4484.22,36.8865,1787189400,1787201400,-147.826,SL
6618,XAUUSD,7102602,1,0.01,4572.93,4631.86,98.1512,1787311200,1787342700,58.8588,TP
6608,US30,7102603,1,0.47,53471.9,53468.1,950.754,1787016600,1787621400,-35.9047,EXPERT
6616,NAS100,7102603,1,0.56,29254.8,29377,782.095,1787277600,1787794200,49.3628,EXPERT
6620,XAUUSD,7102601,1,0.04,4584.49,4575.71,40.3619,1787313600,1787835600,-52.3309,SL
6628,XAUUSD,7102601,-1,0.04,4306.93,4350.08,43.155,1788336000,1788366300,-172.9,SL
6631,XAUUSD,7102602,1,0.01,4444.36,4502.36,103.351,1788447600,1788458700,57.9291,TP
6626,US30,7102603,1,0.51,53243.9,53650.6,871.902,1788226200,1788485400,181.082,EXPERT
6637,US500,7102603,1,3.41,7595.99,7656.41,131.595,1789092000,1789349400,200.985,EXPERT
6642,XAUUSD,7102602,-1,0.01,4318.88,4284.06,94.435,1789380600,1789388700,34.745,TP
6645,XAUUSD,7102601,-1,0.04,4270.81,4311.32,40.512,1789401600,1789415100,-162.328,SL
6648,XAUUSD,7102602,-1,0.01,4277.65,4366.1,88.455,1789469700,1789592400,-88.6442,SL
6639,NAS100,7102603,1,0.64,29086.6,29422.5,700.12,1789092000,1789695000,189.565,EXPERT
6635,US30,7102603,1,0.43,52066.1,52018.4,1029.19,1789090200,1790040600,-59.5319,EXPERT
