time,equity,balance,worst
1180656000,10000,10000,10000
1180915200,10016.2,10016.2,9980
1181001600,9986.62,10016.2,9980.24
1181088000,9968.86,9968.86,9968.86
1181174400,9968.86,9968.86,9968.86
1181260800,10003.4,10003.4,9959.76
1181520000,10003.4,10003.4,10003.4
1181606400,10018.3,10018.3,9994.27
1181692800,9974.12,9974.12,9974.12
1181779200,9974.12,9974.12,9974.12
1181865600,9930.81,9974.12,9930.21
1182124800,9926.19,9926.19,9926.19
1182211200,9876.35,9876.35,9876.35
1182297600,9876.35,9876.35,9876.35
1182384000,9894.53,9894.53,9847.55
1182470400,9894.53,9894.53,9894.53
1182729600,9907.31,9907.31,9887.33
1182816000,9931.55,9931.55,9889.71
1182902400,9931.55,9931.55,9931.55
1182988800,9931.55,9931.55,9931.55
1183075200,9931.55,9931.55,9931.55
1183334400,9931.55,9931.55,9931.55
1183420800,9931.55,9931.55,9931.55
1183507200,9931.55,9931.55,9931.55
1183593600,9931.55,9931.55,9931.55
1183680000,9885.42,9885.42,9885.42
1183939200,9885.42,9885.42,9885.42
1184025600,9885.42,9885.42,9885.42
1184112000,9824.73,9824.73,9824.73
1184198400,9831.2,9841.74,9812.83
1184284800,9768.82,9781.43,9743.63
1184544000,9756.91,9781.43,9743.62
1184630400,9751.3,9781.43,9736.61
1184716800,9785.22,9794.21,9749.2
1184803200,9872.76,9807.02,9736.82
1184889600,10009.1,9807.02,9833.16
1185148800,9932.44,9807.02,9906.46
1185235200,9966.47,9824,9929.54
1185321600,9949.09,9949.09,9949.09
1185408000,9949.09,9949.09,9949.09
1185494400,9949.09,9949.09,9949.09
1185753600,9949.09,9949.09,9949.09
1185840000,9949.09,9949.09,9949.09
1185926400,9904.57,9904.57,9904.57
1186012800,9901.56,9904.57,9883.57
1186099200,9917.34,9917.34,9896.76
1186358400,9895.12,9917.34,9882.54
1186444800,9871.66,9871.66,9871.66
1186531200,9871.66,9871.66,9871.66
1186617600,9871.66,9871.66,9871.66
1186704000,9871.66,9871.66,9871.66
1186963200,9851.25,9871.66,9851.25
1187049600,9859.03,9871.66,9833.85
1187136000,9824.11,9824.11,9824.11
1187222400,9824.11,9824.11,9824.11
1187308800,9824.11,9824.11,9824.11
1187568000,9824.11,9824.11,9824.11
1187654400,9824.11,9824.11,9824.11
1187740800,9824.11,9824.11,9824.11
1187827200,9824.11,9824.11,9824.11
1187913600,9824.11,9824.11,9824.11
1188172800,9824.11,9824.11,9824.11
1188259200,9824.11,9824.11,9824.11
1188345600,9824.11,9824.11,9824.11
1188432000,9824.11,9824.11,9824.11
1188518400,9839.21,9843.26,9813.26
1188777600,9823.16,9843.26,9811.21
1188864000,10028.5,9858.7,9807.16
1188950400,10036.3,9858.7,9960.51
1189036800,10311.2,9879.74,10006.3
1189123200,10405,9879.74,10249.2
1189382400,10406.3,9829.13,10334.4
1189468800,10578.1,9829.13,10400.3
1189555200,10466.5,10466.5,10466.5
1189641600,10466.5,10466.5,10466.5
1189728000,10421.7,10421.7,10421.7
1189987200,10440.5,10440.5,10398.9
1190073600,10455.7,10455.7,10432.1
1190160000,10420.5,10455.7,10396.9
1190246400,10579.7,10481.8,10410.9
1190332800,10543.6,10481.8,10501.7
1190592000,10531.4,10481.8,10490.8
1190678400,10474.1,10474.1,10474.1
1190764800,10474.1,10474.1,10474.1
1190851200,10491.7,10491.7,10462.6
1190937600,10471.9,10491.7,10449.7
1191196800,10509.5,10491.7,10432.7
1191283200,10424.6,10424.6,10424.6
1191369600,10424.6,10424.6,10424.6
1191456000,10424.6,10424.6,10424.6
1191542400,10424.6,10424.6,10424.6
1191801600,10424.6,10424.6,10424.6
1191888000,10424.6,10424.6,10424.6
1191974400,10424.6,10424.6,10424.6
1192060800,10380.8,10380.8,10380.8
1192147200,10377.1,10380.8,10367.6
1192406400,10440.1,10394.5,10360.5
1192492800,10399,10399,10350.1
1192579200,10399,10399,10399
1192665600,10415.6,10415.6,10393
1192752000,10355.6,10355.6,10355.6
1193011200,10355.6,10355.6,10355.6
1193097600,10355.6,10355.6,10355.6
1193184000,10355.6,10355.6,10355.6
1193270400,10355.6,10355.6,10355.6
1193356800,10654.1,10393.5,10335.8
1193616000,10683.2,10393.5,10561.8
1193702400,10532.5,10532.5,10532.5
1193788800,10554.6,10554.6,10524.1
1193875200,10491.5,10491.5,10491.5
1193961600,10483.5,10508,10479.9
1194220800,10465.1,10465.1,10433.8
1194307200,10552.3,10496.5,10450.4
1194393600,10549.2,10549.2,10535.8
1194480000,10549.2,10549.2,10549.2
1194566400,10549.2,10549.2,10549.2
1194825600,10549.2,10549.2,10549.2
1194912000,10549.2,10549.2,10549.2
1194998400,10562.8,10562.8,10546.5
1195084800,10562.8,10562.8,10562.8
1195171200,10562.8,10562.8,10562.8
1195430400,10562.8,10562.8,10562.8
1195516800,10603.7,10603.7,10557.1
1195603200,10603.7,10603.7,10603.7
1195689600,10603.7,10603.7,10603.7
1195776000,10603.7,10603.7,10603.7
1196035200,10620.6,10620.6,10599.2
1196121600,10620.6,10620.6,10620.6
1196208000,10620.6,10620.6,10620.6
1196294400,10620.6,10620.6,10620.6
1196380800,10620.6,10620.6,10620.6
1196640000,10620.6,10620.6,10620.6
1196726400,10620.6,10620.6,10620.6
1196812800,10620.6,10620.6,10620.6
1196899200,10620.6,10620.6,10620.6
1196985600,10620.6,10620.6,10620.6
1197244800,10634.5,10634.5,10616.4
1197331200,10634.5,10634.5,10634.5
1197417600,10652,10652,10624.6
1197504000,10652,10652,10652
1197590400,10652,10652,10652
1197849600,10652,10652,10652
1197936000,10666.4,10666.4,10649.3
1198022400,10661.1,10666.4,10648.7
1198108800,10648.4,10666.4,10634.4
1198195200,10679.4,10679.4,10643.9
1198454400,10679.4,10679.4,10679.4
1198627200,10750.2,10679.4,10668.9
1198800000,11022.2,10698.3,10751.7
1199059200,10849.3,10849.3,10849.3
1199232000,11011.4,10849.3,10840.9
1199318400,11141.2,10873.9,10973
1199404800,11008,11008,11008
1199664000,10990.4,11008,10982.5
1199750400,11169,11079.4,10989.4
1199836800,11146.5,11079.4,11068.2
1199923200,11060.1,11060.1,11060.1
1200009600,11061.8,11060.1,11034
1200268800,11098.9,11079,11045.9
1200355200,10967.9,10967.9,10967.9
1200441600,10967.9,10967.9,10967.9
1200528000,10948,10967.9,10939.4
1200614400,10953.6,10967.9,10921.9
1200873600,10912.1,10912.1,10912.1
1200960000,10947.9,10947.9,10897.4
1201046400,10947.9,10947.9,10947.9
1201132800,10947.9,10947.9,10947.9
1201219200,10967.5,10947.9,10862.5
1201478400,11045.2,10961.1,10936.9
1201564800,10985.2,10961.1,10967.5
1201651200,11018.3,10961.1,10930.3
1201737600,11011.6,10961.1,10949
1201824000,10875.9,10875.9,10875.9
1202083200,10875.9,10875.9,10875.9
1202169600,10875.9,10875.9,10875.9
1202256000,10889,10889,10867.7
1202342400,10889.7,10889,10862.2
1202428800,10907.7,10907.7,10884.5
1202688000,10907.7,10907.7,10907.7
1202774400,10907.7,10907.7,10907.7
1202860800,10907.7,10907.7,10907.7
1202947200,10893.8,10907.7,10870.5
1203033600,10858.1,10858.1,10858.1
1203292800,10858.1,10858.1,10858.1
1203379200,10875.9,10875.9,10856.3
1203465600,10875.9,10875.9,10875.9
1203552000,10925.1,10891.3,10864.2
1203638400,10962.5,10891.3,10858.5
1203897600,10838.1,10838.1,10838.1
1203984000,10838.1,10838.1,10838.1
1204070400,10865.8,10838.1,10799.7
1204156800,10948.2,10855.3,10806.6
1204243200,11006.2,10855.3,10913
1204502400,11075.4,10855.3,11000.6
1204588800,10900.8,10900.8,10900.8
1204675200,10900.8,10900.8,10900.8
1204761600,10900.8,10900.8,10900.8
1204848000,10900.8,10900.8,10900.8
1205107200,10847.8,10847.8,10847.8
1205193600,10859.3,10859.3,10846.4
1205280000,10859.3,10859.3,10859.3
1205366400,10810.8,10810.8,10810.8
1205452800,10810.8,10810.8,10810.8
1205712000,10751.7,10751.7,10751.7
1205798400,10768,10768,10750.1
1205884800,10723.2,10723.2,10723.2
1205971200,10726,10723.2,10708.4
1206057600,10722.2,10723.2,10718.7
1206316800,10720.7,10723.2,10709.8
1206403200,10697.1,10723.2,10696.7
1206489600,10695.9,10695.9,10695.9
1206576000,10695.9,10695.9,10695.9
1206662400,10695.9,10695.9,10695.9
1206921600,10695.9,10695.9,10695.9
1207008000,10695.9,10695.9,10695.9
1207094400,10673.7,10695.9,10671.7
1207180800,10671.9,10695.9,10668.7
1207267200,10667.9,10667.9,10667.9
1207526400,10667.9,10667.9,10667.9
1207612800,10684.2,10684.2,10667.1
1207699200,10643.2,10643.2,10643.2
1207785600,10643.2,10643.2,10643.2
1207872000,10643.2,10643.2,10643.2
1208131200,10643.2,10643.2,10643.2
1208217600,10643.2,10643.2,10643.2
1208304000,10643.2,10643.2,10643.2
1208390400,10594,10594,10594
1208476800,10594,10594,10594
1208736000,10592,10594,10566.8
1208822400,10586.9,10594,10573.4
1208908800,10606.2,10606.2,10578.7
1208995200,10606.2,10606.2,10606.2
1209081600,10585.4,10606.2,10569.2
1209340800,10575.1,10606.2,10570.6
1209427200,10614.9,10606.2,10574.1
1209513600,10630.7,10630.7,10611.1
1209600000,10649.6,10649.6,10629.7
1209686400,10649.6,10649.6,10649.6
1209945600,10649.6,10649.6,10649.6
1210032000,10649.6,10649.6,10649.6
1210118400,10661.8,10661.8,10648.6
1210204800,10661.8,10661.8,10661.8
1210291200,10661.8,10661.8,10661.8
1210550400,10653.8,10661.8,10645
1210636800,10679,10679,10650
1210723200,10668.5,10679,10658.6
1210809600,10646.7,10646.7,10646.7
1210896000,10696.9,10646.7,10641.9
1211155200,10679.8,10646.7,10637.8
1211241600,10798.9,10668.2,10654.6
1211328000,10883.4,10668.2,10780.9
1211414400,10807.5,10668.2,10784.4
1211500800,10824.2,10668.2,10769.7
1211760000,10861.7,10668.2,10816.1
1211846400,10707.2,10707.2,10707.2
1211932800,10707.2,10707.2,10707.2
1212019200,10718.5,10718.5,10704.4
1212105600,10718.5,10718.5,10718.5
1212364800,10686.9,10686.9,10686.9
1212451200,10686.9,10686.9,10686.9
1212537600,10686.9,10686.9,10686.9
1212624000,10668.2,10686.9,10666.9
1212710400,10654.2,10654.2,10654.2
1212969600,10663,10654.2,10642.4
1213056000,10686.7,10686.7,10656.7
1213142400,10686.7,10686.7,10686.7
1213228800,10671.7,10686.7,10671.7
1213574400,10650.9,10650.9,10650.9
1213660800,10644.3,10650.9,10636.3
1213747200,10617.2,10617.2,10617.2
1213833600,10617.2,10617.2,10617.2
1213920000,10617.7,10617.2,10607.4
1214179200,10582,10582,10582
1214265600,10582,10582,10582
1214352000,10591.7,10591.7,10576
1214438400,10591.7,10591.7,10591.7
1214524800,10699.2,10591.7,10556
1214784000,10684.3,10613.5,10634.2
1214870400,10792,10626.3,10657.7
1214956800,10818.4,10626.3,10737.4
1215043200,10752.3,10626.3,10707.1
1215129600,10735.2,10626.3,10714.5
1215388800,10699.8,10699.8,10699.8
1215475200,10667.8,10667.8,10667.8
1215561600,10673.8,10667.8,10651.4
1215648000,10681.6,10681.6,10668.4
1215734400,10801.7,10681.6,10650.1
1215993600,10854.6,10681.6,10735.9
1216080000,10917.6,10698.8,10844.1
1216166400,10799.5,10799.5,10799.5
1216252800,10799.5,10799.5,10799.5
1216339200,10784,10799.5,10771.7
1216598400,10806.5,10799.5,10783.8
1216684800,10762.8,10762.8,10762.8
1216771200,10762.8,10762.8,10762.8
1216857600,10762.8,10762.8,10762.8
1216944000,10762.8,10762.8,10762.8
1217203200,10762.8,10762.8,10762.8
1217289600,10762.8,10762.8,10762.8
1217376000,10762.8,10762.8,10762.8
1217462400,10762.8,10762.8,10762.8
1217548800,10762.8,10762.8,10762.8
1217808000,10777.6,10777.6,10760.4
1217894400,10791.3,10777.6,10765
1217980800,10726,10723.4,10714.7
1218067200,10713,10746.8,10710.6
1218153600,10794,10746.8,10710.6
1218412800,11120,10774.1,10761
1218499200,11153.1,11153.1,11117.6
1218585600,11153.1,11153.1,11153.1
1218672000,11169.3,11169.3,11145.1
1218758400,11154,11169.3,11108.6
1219017600,11141.2,11169.3,11077.7
1219104000,11064.6,11064.6,11064.6
1219190400,11064.6,11064.6,11064.6
1219276800,11064.6,11064.6,11064.6
1219363200,11064.6,11064.6,11064.6
1219622400,11064.6,11064.6,11064.6
1219708800,11064.6,11064.6,11064.6
1219795200,11064.6,11064.6,11064.6
1219881600,11064.6,11064.6,11064.6
1219968000,11064.6,11064.6,11064.6
1220227200,11081.8,11081.8,11061.6
1220313600,11062.8,11081.8,11050
1220400000,11071,11081.8,11053.5
1220486400,11090.8,11081.8,11034.1
1220572800,11031.8,11031.8,11031.8
1220832000,11050.5,11050.5,11027
1220918400,11086.4,11072.8,11018.2
1221004800,11228.9,11072.8,11055.2
1221091200,11237.7,11072.8,11209.1
1221177600,11033.8,11033.8,11033.8
1221436800,11053.4,11053.4,11026.2
1221523200,11053.4,11053.4,11053.4
1221609600,11053.4,11053.4,11053.4
1221696000,11053.4,11053.4,11053.4
1221782400,11074.7,11053.4,11049.1
1222041600,11083.4,11083.4,11056.9
1222128000,11083.4,11083.4,11083.4
1222214400,11075.3,11083.4,11072.4
1222300800,11068.9,11083.4,11055.7
1222387200,11096.8,11096.8,11057.8
1222646400,11096.8,11096.8,11096.8
1222732800,11096.8,11096.8,11096.8
1222819200,11096.8,11096.8,11096.8
1222905600,11096.8,11096.8,11096.8
1222992000,11096.8,11096.8,11096.8
1223251200,11096.8,11096.8,11096.8
1223337600,11109.7,11109.7,11095.5
1223424000,11105.7,11109.7,11091.8
1223510400,11116,11109.7,11081.5
1223596800,11073.8,11073.8,11073.8
1223856000,11092.1,11092.1,11066
1223942400,11092.1,11092.1,11092.1
1224028800,11092.1,11092.1,11092.1
1224115200,11114.8,11092.1,11078.9
1224201600,11159.9,11092.1,11052.4
1224460800,11115.5,11092.1,11072.7
1224547200,11221.2,11108,11087.5
1224633600,11453,11124,11219.6
1224720000,11458.9,11139.1,11403
1224806400,11409.9,11409.9,11409.9
1225065600,11386.6,11409.9,11370.9
1225152000,11369.9,11369.9,11369.9
1225238400,11351.3,11369.9,11336.4
1225324800,11371.5,11369.9,11333.4
1225411200,11376.5,11381.4,11364.9
1225670400,11377.3,11381.4,11366.9
1225756800,11343.7,11343.7,11343.7
1225843200,11343.7,11343.7,11343.7
1225929600,11343.7,11343.7,11343.7
1226016000,11343.7,11343.7,11343.7
1226275200,11343.7,11343.7,11343.7
1226361600,11343.7,11343.7,11343.7
1226448000,11343.7,11343.7,11343.7
1226534400,11343.7,11343.7,11343.7
1226620800,11343.7,11343.7,11343.7
1226880000,11343.7,11343.7,11343.7
1226966400,11343.7,11343.7,11343.7
1227052800,11343.7,11343.7,11343.7
1227139200,11343.7,11343.7,11343.7
1227225600,11343.7,11343.7,11343.7
1227484800,11372.2,11372.2,11341.7
1227571200,11388.4,11388.4,11343.2
1227657600,11388.4,11388.4,11388.4
1227744000,11388.4,11388.4,11388.4
1228089600,11388.4,11388.4,11388.4
1228176000,11362.7,11388.4,11346.6
1228262400,11366.6,11388.4,11351.9
1228348800,11381.3,11388.4,11353.8
1228435200,11409.8,11409.8,11372.7
1228694400,11409.8,11409.8,11409.8
1228780800,11391,11409.8,11383.8
1228867200,11363,11363,11363
1228953600,11359,11363,11355.6
1229040000,11375.9,11363,11336.4
1229299200,11396.4,11396.4,11365.1
1229385600,11396.4,11396.4,11396.4
1229472000,11411.6,11411.6,11385.6
1229558400,11411.6,11411.6,11411.6
1229644800,11411.6,11411.6,11411.6
1229904000,11411.6,11411.6,11411.6
1229990400,11411.6,11411.6,11411.6
1230076800,11411.6,11411.6,11411.6
1230249600,11411.6,11411.6,11411.6
1230508800,11341.4,11341.4,11341.4
1230595200,11341.4,11341.4,11341.4
1230681600,11341.4,11341.4,11341.4
1230854400,11341.4,11341.4,11341.4
1231113600,11341.4,11341.4,11341.4
1231200000,11341.4,11341.4,11341.4
1231286400,11285.4,11285.4,11285.4
1231372800,11285.4,11285.4,11285.4
1231459200,11298.4,11298.4,11258
1231718400,11331.3,11298.4,11295.4
1231804800,11317.3,11298.4,11254.3
1231891200,11382.4,11298.4,11263.7
1231977600,11359.8,11298.4,11328
1232064000,11215.1,11215.1,11215.1
1232323200,11215.1,11215.1,11215.1
1232409600,11215.1,11215.1,11215.1
1232496000,11215.1,11215.1,11215.1
1232582400,11215.1,11215.1,11215.1
1232668800,11323.9,11215.1,11204.1
1232928000,11387.8,11232.1,11299.4
1233014400,11370.1,11232.1,11332.3
1233100800,11283.1,11283.1,11283.1
1233187200,11283.1,11283.1,11283.1
1233273600,11190.2,11220.4,11189.2
1233532800,11165.4,11165.4,11165.4
1233619200,11179,11179,11158.6
1233705600,11179,11179,11179
1233792000,11179,11179,11179
1233878400,11158.3,11179,11153.6
1234137600,11133.7,11133.7,11133.7
1234224000,11148.1,11148.1,11132.1
1234310400,11150.8,11164.1,11142.1
1234396800,11194.3,11176.8,11139.4
1234483200,11184.5,11176.8,11136.7
1234742400,11176.9,11176.8,11156.9
1234828800,11380.2,11188.4,11173.7
1234915200,11488.9,11244.4,11312.7
1235001600,11453.8,11244.4,11416.9
1235088000,11590,11264,11425
1235347200,11498.1,11498.1,11498.1
1235433600,11498.1,11498.1,11498.1
1235520000,11498.1,11498.1,11498.1
1235606400,11453.8,11453.8,11453.8
1235692800,11472.7,11472.7,11441.8
1235952000,11429.8,11429.8,11429.8
1236038400,11429.8,11429.8,11429.8
1236124800,11429.8,11429.8,11429.8
1236211200,11429.8,11429.8,11429.8
1236297600,11429.8,11429.8,11429.8
1236556800,11429.8,11429.8,11429.8
1236643200,11429.8,11429.8,11429.8
1236729600,11429.8,11429.8,11429.8
1236816000,11429.8,11429.8,11429.8
1236902400,11429.8,11429.8,11429.8
1237161600,11429.8,11429.8,11429.8
1237248000,11429.8,11429.8,11429.8
1237334400,11429.8,11429.8,11429.8
1237420800,11448.1,11448.1,11421.2
1237507200,11448.1,11448.1,11448.1
1237766400,11448.1,11448.1,11448.1
1237852800,11448.1,11448.1,11448.1
1237939200,11448.1,11448.1,11448.1
1238025600,11448.1,11448.1,11448.1
1238112000,11448.1,11448.1,11448.1
1238371200,11448.1,11448.1,11448.1
1238457600,11448.1,11448.1,11448.1
1238544000,11448.1,11448.1,11448.1
1238630400,11448.1,11448.1,11448.1
1238716800,11448.1,11448.1,11448.1
1238976000,11448.1,11448.1,11448.1
1239062400,11448.1,11448.1,11448.1
1239148800,11448.1,11448.1,11448.1
1239235200,11448.1,11448.1,11448.1
1239321600,11448.1,11448.1,11448.1
1239580800,11448.1,11448.1,11448.1
1239667200,11462,11462,11435.5
1239753600,11462,11462,11462
1239840000,11462,11462,11462
1239926400,11462,11462,11462
1240185600,11462,11462,11462
1240272000,11463.9,11462,11420.2
1240358400,11432.6,11462,11426.5
1240444800,11389.4,11409.6,11360.8
1240531200,11501,11409.6,11385.9
1240790400,11399.6,11409.6,11394.8
1240876800,11330.3,11339.6,11324.8
1240963200,11317.5,11339.6,11299.1
1241049600,11358.7,11358.7,11307.7
1241136000,11337.5,11358.7,11331.7
1241395200,11311.8,11311.8,11311.8
1241481600,11311.8,11311.8,11311.8
1241568000,11311.8,11311.8,11311.8
1241654400,11311.8,11311.8,11311.8
1241740800,11311.8,11311.8,11311.8
1242000000,11311.8,11311.8,11311.8
1242086400,11332,11332,11307
1242172800,11268.3,11268.3,11268.3
1242259200,11268.3,11268.3,11268.3
1242345600,11268.3,11268.3,11268.3
1242604800,11268.3,11268.3,11268.3
1242777600,11274.5,11287.2,11244.2
1242864000,11480,11287.2,11252.8
1242950400,11539.7,11303,11434.7
1243209600,11519.8,11303,11480.5
1243296000,11393.3,11393.3,11393.3
1243382400,11413,11413,11383
1243468800,11438.3,11438.3,11401.3
1243555200,11601.1,11472.4,11423.2
1243814400,11516.6,11424.2,11506.6
1243900800,11479.4,11467.1,11456.7
1243987200,11499.5,11499.5,11473.7
1244073600,11519.1,11519.1,11485.3
1244160000,11473.6,11473.6,11473.6
1244419200,11473.6,11473.6,11473.6
1244505600,11472.8,11473.6,11462.5
1244592000,11496.9,11496.9,11469.1
1244678400,11496.9,11496.9,11496.9
1244764800,11496.9,11496.9,11496.9
1245024000,11500.6,11496.9,11475.6
1245110400,11484.3,11496.9,11471.4
1245196800,11461.5,11496.9,11460.9
1245283200,11491.1,11496.9,11460.4
1245369600,11484.3,11496.9,11471.7
1245628800,11518.9,11518.9,11483.8
1245715200,11518.9,11518.9,11518.9
1245801600,11518.9,11518.9,11518.9
1245888000,11518.9,11518.9,11518.9
1245974400,11478.7,11518.9,11477.5
1246233600,11484.6,11518.9,11469.3
1246320000,11466.7,11466.7,11466.7
1246406400,11466.7,11466.7,11466.7
1246492800,11466.7,11466.7,11466.7
1246579200,11466.7,11466.7,11466.7
1246838400,11459.8,11466.7,11459.2
1246924800,11468.3,11466.7,11431.8
1247011200,11522.5,11522.5,11466.8
1247097600,11522.5,11522.5,11522.5
1247184000,11504,11522.5,11503.9
1247443200,11475.1,11475.1,11475.1
1247529600,11475.1,11475.1,11475.1
1247616000,11475.1,11475.1,11475.1
1247702400,11475.1,11475.1,11475.1
1247788800,11475.1,11475.1,11475.1
1248048000,11418.6,11405,11394.5
1248134400,11404.7,11405,11381.2
1248220800,11412.3,11405,11382
1248307200,11450.4,11450.4,11411.8
1248393600,11450.4,11450.4,11450.4
1248652800,11450.4,11450.4,11450.4
1248739200,11450.4,11450.4,11450.4
1248825600,11450.4,11450.4,11450.4
1248912000,11450.4,11450.4,11450.4
1248998400,11379.1,11379.1,11379.1
1249257600,11395.8,11395.8,11367.4
1249344000,11421.1,11395.8,11384.7
1249430400,11385.7,11395.8,11340
1249516800,11339.6,11339.6,11339.6
1249603200,11339.6,11339.6,11339.6
1249862400,11339.6,11339.6,11339.6
1249948800,11339.6,11339.6,11339.6
1250035200,11339.6,11339.6,11339.6
1250121600,11356.5,11356.5,11337
1250208000,11308.7,11308.7,11308.7
1250467200,11308.7,11308.7,11308.7
1250553600,11308.7,11308.7,11308.7
1250640000,11263.4,11263.4,11263.4
1250726400,11252.9,11263.4,11248.4
1250812800,11217.1,11217.1,11217.1
1251072000,11217.1,11217.1,11217.1
1251158400,11234.4,11234.4,11210.4
1251244800,11214.2,11234.4,11195.3
1251331200,11230,11234.4,11199.5
1251417600,11250.1,11250.1,11226.3
1251676800,11250.1,11250.1,11250.1
1251763200,11250.1,11250.1,11250.1
1251849600,11378.7,11250.1,11231
1251936000,11580.7,11270.2,11343
1252022400,11593.7,11270.2,11457.9
1252281600,11610.2,11286.4,11536.4
1252368000,11670.7,11286.4,11575.6
1252454400,11563.5,11563.5,11563.5
1252540800,11563.5,11563.5,11563.5
1252627200,11509.7,11497.4,11486.8
1252886400,11474.1,11497.4,11453.5
1252972800,11507.4,11497.4,11448.7
1253059200,11518.7,11528.6,11481.5
1253145600,11464.4,11528.6,11420.4
1253232000,11388.3,11388.3,11388.3
1253491200,11388.3,11388.3,11388.3
1253577600,11388.7,11388.3,11378.9
1253664000,11361.1,11388.3,11353.3
1253750400,11339,11339,11339
1253836800,11339,11339,11339
1254096000,11325.3,11339,11314.6
1254182400,11331.8,11339,11299.2
1254268800,11368.9,11368.9,11324.6
1254355200,11368.9,11368.9,11368.9
1254441600,11368.9,11368.9,11368.9
1254700800,11368.9,11368.9,11368.9
1254787200,11436.7,11391.4,11364.2
1254873600,11500.7,11391.4,11399.1
1254960000,11573.5,11409.2,11475.5
1255046400,11578.4,11409.2,11487.9
1255305600,11615.6,11409.2,11522.5
1255392000,11731.8,11430.8,11562.9
1255478400,11716.7,11430.8,11640.2
1255564800,11594.3,11594.3,11594.3
1255651200,11594.3,11594.3,11594.3
1255910400,11624.3,11624.3,11558.7
1255996800,11624.3,11624.3,11624.3
1256083200,11624.3,11624.3,11624.3
1256169600,11624.3,11624.3,11624.3
1256256000,11569.9,11569.9,11569.9
1256515200,11569.9,11569.9,11569.9
1256601600,11569.9,11569.9,11569.9
1256688000,11569.9,11569.9,11569.9
1256774400,11569.9,11569.9,11569.9
1256860800,11569.9,11569.9,11569.9
1257120000,11569.9,11569.9,11569.9
1257292800,11644.7,11569.9,11557.8
1257379200,11623.9,11569.9,11582.8
1257465600,11700,11583.9,11615.5
1257724800,11770.5,11583.9,11699.7
1257811200,11786.4,11583.9,11662.3
1257897600,11915.7,11621.6,11772.8
1257984000,11792,11621.6,11789.9
1258070400,11809.7,11809.7,11758.6
1258329600,11959.8,11809.7,11803.7
1258416000,11992.8,11809.7,11847.3
1258502400,12016.2,11829.8,11936.5
1258588800,11931.5,11931.5,11931.5
1258675200,11931.5,11931.5,11931.5
1258934400,11888.4,11931.5,11885.8
1259020800,11940.8,11931.5,11869.7
1259107200,12178.7,11972,11931.6
1259193600,12171.2,11972,12105.4
1259280000,12034.1,12034.1,12034.1
1259539200,12034.1,12034.1,12034.1
1259625600,12068,12068,12030.7
1259712000,12131,12068,12055.7
1259798400,12042.6,12068,12037.7
1259884800,11996.5,11996.5,11996.5
1260144000,11996.5,11996.5,11996.5
1260230400,11996.5,11996.5,11996.5
1260316800,11984.2,11996.5,11953.7
1260403200,11989.3,11996.5,11961
1260489600,11939.5,11939.5,11939.5
1260748800,11914.2,11939.5,11914
1260835200,11925.8,11939.5,11913.4
1260921600,11892.7,11939.5,11889.4
1261008000,11959.1,11959.1,11887.5
1261094400,11959.1,11959.1,11959.1
1261353600,11959.1,11959.1,11959.1
1261440000,11959.1,11959.1,11959.1
1261526400,11959.1,11959.1,11959.1
1261612800,11959.1,11959.1,11959.1
1261958400,11959.1,11959.1,11959.1
1262044800,11959.1,11959.1,11959.1
1262131200,11959.1,11959.1,11959.1
1262217600,11959.1,11959.1,11959.1
1262563200,11959.1,11959.1,11959.1
1262649600,11959.1,11959.1,11959.1
1262736000,11984.8,11984.8,11940.1
1262822400,11984.8,11984.8,11984.8
1262908800,11984.8,11984.8,11984.8
1263168000,11902.1,11984.8,11897.3
1263254400,11871.7,11871.7,11871.7
1263340800,11887.8,11871.7,11830.5
1263427200,11891.2,11891.2,11887.8
1263513600,11891.2,11891.2,11891.2
1263772800,11889.6,11891.2,11876.5
1263859200,11893.4,11891.2,11865
1263945600,11837.4,11837.4,11837.4
1264032000,11857.2,11857.2,11835.8
1264118400,11857.2,11857.2,11857.2
1264377600,11857.2,11857.2,11857.2
1264464000,11835.5,11857.2,11826.5
1264550400,11860.1,11857.2,11825.4
1264636800,11889.3,11889.3,11843.9
1264723200,11889.3,11889.3,11889.3
1264982400,11889.3,11889.3,11889.3
1265068800,11889.3,11889.3,11889.3
1265155200,11836.9,11836.9,11836.9
1265241600,11855,11855,11829.6
1265328000,11868.1,11868.1,11853
1265587200,11868.1,11868.1,11868.1
1265673600,11868.1,11868.1,11868.1
1265760000,11868.1,11868.1,11868.1
1265846400,11868.1,11868.1,11868.1
1265932800,11868.1,11868.1,11868.1
1266192000,11868.1,11868.1,11868.1
1266278400,11875,11868.1,11853.7
1266364800,11901.2,11901.2,11867.6
1266451200,11901.2,11901.2,11901.2
1266537600,11921.7,11921.7,11894.4
1266796800,11921.7,11921.7,11921.7
1266883200,11869.9,11869.9,11869.9
1266969600,11869.9,11869.9,11869.9
1267056000,11869.9,11869.9,11869.9
1267142400,11882.6,11869.9,11849.1
1267401600,11872,11888.8,11857.6
1267488000,11899.4,11905,11858.6
1267574400,11926,11905,11863.2
1267660800,11804.2,11827.5,11788.2
1267747200,11815.3,11827.5,11792.6
1268006400,11772.3,11772.3,11772.3
1268092800,11772.3,11772.3,11772.3
1268179200,11727.4,11727.4,11727.4
1268265600,11743.5,11743.5,11714.9
1268352000,11743.5,11743.5,11743.5
1268611200,11743.5,11743.5,11743.5
1268697600,11743.5,11743.5,11743.5
1268784000,11743.5,11743.5,11743.5
1268870400,11742.5,11743.5,11720.2
1268956800,11698.8,11698.8,11698.8
1269216000,11698.8,11698.8,11698.8
1269302400,11713,11713,11695.9
1269388800,11733.5,11733.5,11711.5
1269475200,11733.5,11733.5,11733.5
1269561600,11733.5,11733.5,11733.5
1269820800,11733.5,11733.5,11733.5
1269907200,11733.5,11733.5,11733.5
1269993600,11733.5,11733.5,11733.5
1270080000,11753.1,11753.1,11717.5
1270166400,11753.1,11753.1,11753.1
1270425600,11753.1,11753.1,11753.1
1270512000,11753.1,11753.1,11753.1
1270598400,11817,11753.1,11742.6
1270684800,11829.7,11753.1,11759.4
1270771200,12055.6,11793.1,11821.4
1271030400,11936.2,11793.1,11912.4
1271116800,11883.1,11904.3,11851.6
1271203200,11925.5,11925.5,11876.1
1271289600,11925.5,11925.5,11925.5
1271376000,11925.5,11925.5,11925.5
1271635200,11925.5,11925.5,11925.5
1271721600,11915.2,11925.5,11905
1271808000,11950.9,11950.9,11905.2
1271980800,11968.7,11968.7,11917.5
1272240000,11968.7,11968.7,11968.7
1272326400,11968.7,11968.7,11968.7
1272412800,11968.7,11968.7,11968.7
1272499200,11964.9,11968.7,11937.7
1272585600,11977.4,12002.2,11959.2
1272844800,12039.1,12002.2,11964.4
1272931200,11945.8,11945.8,11945.8
1273017600,11892.9,11892.9,11892.9
1273104000,11847.4,11847.4,11847.4
1273190400,11778.5,11778.5,11778.5
1273449600,11778.5,11778.5,11778.5
1273536000,11855.1,11803.1,11765.2
1273622400,11926.6,11827,11832.4
1273708800,11898.7,11827,11857.3
1273795200,11827.4,11827.4,11827.4
1274054400,11827.4,11827.4,11827.4
1274140800,11827.4,11827.4,11827.4
1274227200,11827.4,11827.4,11827.4
1274313600,11827.4,11827.4,11827.4
1274400000,11817.3,11827.4,11799.4
1274659200,11841,11827.4,11817.1
1274745600,11861.2,11861.2,11828.6
1274832000,11874.6,11874.6,11858.2
1274918400,11874.6,11874.6,11874.6
1275004800,11874.6,11874.6,11874.6
1275264000,11874.6,11874.6,11874.6
1275350400,11879.2,11874.6,11862.6
1275436800,11872.3,11874.6,11844.8
1275523200,11822.6,11822.6,11822.6
1275609600,11838.4,11838.4,11789.2
1275868800,11831.2,11838.4,11827.7
1275955200,11768.7,11838.4,11737.1
1276041600,11720.9,11720.9,11720.9
1276128000,11720.9,11720.9,11720.9
1276214400,11736.3,11736.3,11717.9
1276473600,11736.3,11736.3,11736.3
1276560000,11736.3,11736.3,11736.3
1276646400,11736.3,11736.3,11736.3
1276732800,11736.3,11736.3,11736.3
1276819200,11781.5,11752.1,11734.8
1277078400,11690.9,11690.9,11690.9
1277164800,11690.9,11690.9,11690.9
1277251200,11656,11656,11656
1277337600,11656,11656,11656
1277424000,11656,11656,11656
1277683200,11608.9,11608.9,11608.9
1277769600,11608.9,11608.9,11608.9
1277856000,11608.9,11608.9,11608.9
1277942400,11608.9,11608.9,11608.9
1278028800,11608.9,11608.9,11608.9
1278288000,11608.9,11608.9,11608.9
1278374400,11621.7,11621.7,11604.5
1278460800,11583.7,11583.7,11583.7
1278547200,11583.7,11583.7,11583.7
1278633600,11583.7,11583.7,11583.7
1278892800,11583.7,11583.7,11583.7
1278979200,11583.7,11583.7,11583.7
1279065600,11583.7,11583.7,11583.7
1279152000,11583.7,11583.7,11583.7
1279238400,11583.7,11583.7,11583.7
1279497600,11583.7,11583.7,11583.7
1279584000,11583.7,11583.7,11583.7
1279670400,11583.7,11583.7,11583.7
1279756800,11583.7,11583.7,11583.7
1279843200,11583.7,11583.7,11583.7
1280102400,11583.7,11583.7,11583.7
1280188800,11583.7,11583.7,11583.7
1280275200,11583.7,11583.7,11583.7
1280361600,11575.2,11583.7,11571.7
1280448000,11551.8,11551.8,11551.8
1280707200,11551.8,11551.8,11551.8
1280793600,11551.8,11551.8,11551.8
1280880000,11551.8,11551.8,11551.8
1280966400,11551.8,11551.8,11551.8
1281052800,11464.7,11464.7,11464.7
1281312000,11464.7,11464.7,11464.7
1281398400,11464.7,11464.7,11464.7
1281484800,11438.6,11438.6,11438.6
1281571200,11450.7,11446.4,11434.7
1281657600,11443.3,11446.4,11407.2
1281916800,11535.7,11460.9,11438.8
1282003200,11520.7,11460.9,11515.8
1282089600,11586.8,11473.5,11458.1
1282176000,11592.1,11473.5,11566.2
1282262400,11556.8,11473.5,11524.8
1282521600,11543.4,11473.5,11521.8
1282608000,11498.2,11498.2,11498.2
1282694400,11508.6,11508.6,11485.8
1282780800,11479.5,11508.6,11477.6
1282867200,11472.6,11472.6,11472.6
1283126400,11472.6,11472.6,11472.6
1283212800,11502.5,11489.4,11458.3
1283299200,11438.3,11489.4,11428.4
1283385600,11522.9,11489.4,11431.9
1283472000,11397.2,11397.2,11397.2
1283731200,11397.2,11397.2,11397.2
1283817600,11381.9,11397.2,11377.4
1283904000,11362.7,11397.2,11345.1
1283990400,11318.3,11318.3,11318.3
1284076800,11318.3,11318.3,11318.3
1284336000,11318.3,11318.3,11318.3
1284422400,11358.5,11337,11313.4
1284508800,11331.1,11337,11305.7
1284595200,11394,11343.9,11313.3
1284681600,11404,11343.9,11376.4
1284940800,11411.3,11343.9,11389.6
1285027200,11475.6,11358.4,11340.3
1285113600,11479.9,11358.4,11450
1285200000,11511.2,11358.4,11448.2
1285286400,11524.9,11358.4,11488.6
1285545600,11512.2,11358.4,11509.1
1285632000,11567.1,11320.1,11407.8
1285718400,11555.6,11320.1,11543.4
1285804800,11458.2,11458.2,11458.2
1285891200,11498.7,11474.9,11447.2
1286150400,11448.1,11474.9,11446.2
1286236800,11685.7,11474.9,11446.8
1286323200,11644,11532.3,11643.8
1286496000,11644.2,11644.2,11584.7
1286755200,11590.2,11590.2,11590.2
1286841600,11589.2,11590.2,11567.8
1286928000,11725.4,11629.3,11584.6
1287014400,11766.8,11629.3,11713.7
1287100800,11665.3,11665.3,11665.3
1287360000,11685.8,11685.8,11662.7
1287446400,11637.2,11637.2,11637.2
1287532800,11637.2,11637.2,11637.2
1287619200,11598,11598,11598
1287705600,11598,11598,11598
1287964800,11598,11598,11598
1288051200,11598,11598,11598
1288137600,11598,11598,11598
1288224000,11610.1,11610.1,11594
1288310400,11610.1,11610.1,11610.1
1288569600,11582.1,11610.1,11577.7
1288656000,11592.2,11610.1,11579.9
1288742400,11569.8,11569.8,11569.8
1288828800,11667.3,11589.9,11567.5
1288915200,11689.8,11589.9,11573.9
1289174400,11730.2,11589.9,11638.5
1289260800,11648.7,11648.7,11648.7
1289347200,11639.7,11648.7,11606.7
1289433600,11583.2,11583.2,11583.2
1289779200,11583.2,11583.2,11583.2
1289865600,11583.2,11583.2,11583.2
1289952000,11583.2,11583.2,11583.2
1290038400,11587,11583.2,11572.9
1290124800,11582.2,11583.2,11567.3
1290384000,11589.3,11583.2,11574
1290470400,11595.7,11595.7,11581.6
1290556800,11580,11595.7,11574.4
1290643200,11580,11595.7,11569.8
1290729600,11549.9,11549.9,11549.9
1290988800,11546.5,11549.9,11524.8
1291075200,11575.8,11575.8,11539.7
1291161600,11561.4,11575.8,11550.6
1291248000,11558.7,11575.8,11551.2
1291334400,11632.9,11592,11556.1
1291593600,11705.2,11592,11624.4
1291680000,11621.7,11621.7,11621.7
1291766400,11621.7,11621.7,11621.7
1291852800,11621.7,11621.7,11621.7
1291939200,11621.7,11621.7,11621.7
1292284800,11621.7,11621.7,11621.7
1292371200,11621.7,11621.7,11621.7
1292457600,11621.7,11621.7,11621.7
1292544000,11621.7,11621.7,11621.7
1292803200,11621.7,11621.7,11621.7
1292889600,11621.7,11621.7,11621.7
1292976000,11621.7,11621.7,11621.7
1293062400,11621.7,11621.7,11621.7
1293148800,11621.7,11621.7,11621.7
1293408000,11621.7,11621.7,11621.7
1293494400,11635.6,11635.6,11619.7
1293580800,11640.2,11635.6,11608.6
1293667200,11571.9,11571.9,11571.9
1293753600,11571.9,11571.9,11571.9
1294012800,11524.2,11571.9,11507.4
1294099200,11475.5,11475.5,11475.5
1294185600,11475.5,11475.5,11475.5
1294272000,11475.5,11475.5,11475.5
1294358400,11487.9,11487.9,11474.4
1294617600,11471.8,11487.9,11470.3
1294704000,11456,11456,11456
1294790400,11456,11456,11456
1294876800,11456,11456,11456
1294963200,11456,11456,11456
1295222400,11456,11456,11456
1295308800,11456,11456,11456
1295395200,11455.2,11456,11438.9
1295481600,11482.4,11482.4,11454.4
1295568000,11482.4,11482.4,11482.4
1295827200,11493.4,11493.4,11475.8
1295913600,11505.3,11505.3,11492.6
1296000000,11514.2,11514.2,11500.7
1296086400,11526.7,11526.7,11511
1296172800,11526.7,11526.7,11526.7
1296432000,11515.2,11526.7,11507.8
1296518400,11496.8,11526.7,11496
1296604800,11514,11526.7,11496.4
1296691200,11490.5,11490.5,11490.5
1296777600,11490.5,11490.5,11490.5
1297036800,11490.5,11490.5,11490.5
1297123200,11453.9,11453.9,11453.9
1297209600,11453.9,11453.9,11453.9
1297296000,11453.9,11453.9,11453.9
1297382400,11453.9,11453.9,11453.9
1297641600,11453.9,11453.9,11453.9
1297728000,11443,11453.9,11429.1
1297814400,11457.8,11453.9,11398.6
1297900800,11530.8,11463.1,11447.4
1297987200,11580.3,11463.1,11515.2
1298246400,11724.9,11486.4,11576.3
1298332800,11612.7,11612.7,11612.7
1298419200,11634.5,11628.9,11590
1298505600,11528.5,11528.5,11528.5
1298592000,11528.5,11528.5,11528.5
1298851200,11528.5,11528.5,11528.5
1298937600,11634.7,11546,11512
1299024000,11638.3,11546,11603.8
1299110400,11541.2,11541.2,11541.2
1299196800,11541.2,11541.2,11541.2
1299456000,11551.2,11551.2,11536.2
1299542400,11538.5,11551.2,11529.3
1299628800,11537.6,11551.2,11528.4
1299715200,11518.4,11518.4,11518.4
1299801600,11529.9,11529.9,11491.4
1300060800,11529.9,11529.9,11529.9
1300147200,11529.9,11529.9,11529.9
1300233600,11502.5,11529.9,11498.3
1300320000,11541.1,11541.1,11501.1
1300406400,11555.6,11555.6,11533
1300665600,11555.6,11555.6,11555.6
1300752000,11555.6,11555.6,11555.6
1300838400,11555.6,11555.6,11555.6
1300924800,11555.6,11555.6,11555.6
1301011200,11555.6,11555.6,11555.6
1301270400,11555.6,11555.6,11555.6
1301356800,11555.6,11555.6,11555.6
1301443200,11552.1,11555.6,11531
1301529600,11571.5,11571.5,11546.6
1301616000,11571.5,11571.5,11571.5
1301875200,11572.7,11571.5,11558.3
1301961600,11595.4,11583.6,11555.8
1302048000,11629.8,11583.6,11575.9
1302134400,11608.4,11583.6,11556.8
1302220800,11759.6,11603.4,11593.1
1302480000,11646.2,11603.4,11614.1
1302566400,11518.9,11518.9,11518.9
1302652800,11509.7,11518.9,11501.2
1302739200,11530.2,11530.2,11502.2
1302825600,11586.6,11543.2,11490.3
1303084800,11654.5,11543.2,11544.3
1303171200,11695.3,11543.2,11593.9
1303257600,11732.2,11556.3,11665.7
1303344000,11782.6,11556.3,11698.3
1303689600,11688.1,11556.3,11680.9
1303776000,11662.9,11661.8,11622.4
1303862400,11713.3,11678.9,11642.6
1303948800,11767,11678.9,11677.9
1304035200,11861.9,11678.9,11737.8
1304294400,11860.7,11860.7,11860.7
1304380800,11860.7,11860.7,11860.7
1304467200,11804.8,11804.8,11804.8
1304553600,11804.8,11804.8,11804.8
1304640000,11804.8,11804.8,11804.8
1304899200,11825.4,11804.8,11791
1305072000,11778.7,11778.7,11778.7
1305158400,11778.7,11778.7,11778.7
1305244800,11725.1,11725.1,11725.1
1305504000,11725.1,11725.1,11725.1
1305590400,11725.1,11725.1,11725.1
1305676800,11730.5,11725.1,11715.2
1305763200,11726.4,11725.1,11708.5
1305849600,11739.2,11739.2,11722.9
1306108800,11739.2,11739.2,11739.2
1306195200,11739.2,11739.2,11739.2
1306281600,11739.2,11739.2,11739.2
1306368000,11739.2,11739.2,11739.2
1306454400,11720.3,11739.2,11689.9
1306713600,11739,11739.2,11700.8
1306800000,11706.1,11739.2,11679.5
1306886400,11615,11615,11615
1306972800,11571.9,11571.9,11571.9
1307059200,11571.9,11571.9,11571.9
1307318400,11522.1,11522.1,11522.1
1307404800,11513.3,11522.1,11487.2
1307491200,11482.6,11482.6,11482.6
1307577600,11482.6,11482.6,11482.6
1307664000,11482.6,11482.6,11482.6
1307923200,11482.6,11482.6,11482.6
1308009600,11482.6,11482.6,11482.6
1308096000,11482.6,11482.6,11482.6
1308182400,11482.6,11482.6,11482.6
1308268800,11482.6,11482.6,11482.6
1308528000,11482.6,11482.6,11482.6
1308614400,11484.9,11482.6,11473.8
1308700800,11446.9,11446.9,11446.9
1308787200,11446.9,11446.9,11446.9
1308873600,11446.9,11446.9,11446.9
1309132800,11446.9,11446.9,11446.9
1309219200,11446.9,11446.9,11446.9
1309305600,11446.9,11446.9,11446.9
1309392000,11446.9,11446.9,11446.9
1309478400,11446.9,11446.9,11446.9
1309824000,11446.9,11446.9,11446.9
1309910400,11415.6,11415.6,11415.6
1309996800,11415.6,11415.6,11415.6
1310083200,11415.6,11415.6,11415.6
1310342400,11426,11426,11406.3
1310428800,11426,11426,11426
1310515200,11518,11436,11413.2
1310601600,11518.7,11436,11477.5
1310688000,11584.3,11436,11443.1
1310947200,11446.7,11433.1,11422.8
1311033600,11394.2,11394.2,11394.2
1311120000,11394.2,11394.2,11394.2
1311206400,11394.2,11394.2,11394.2
1311292800,11394.2,11394.2,11394.2
1311552000,11386.9,11394.2,11367
1311638400,11411.5,11394.2,11358.3
1311724800,11388.6,11394.2,11361.7
1311811200,11347.7,11352.1,11334.8
1311897600,11360.5,11360.5,11342
1312156800,11368.8,11368.8,11352.6
1312243200,11458.6,11368.8,11347.7
1312329600,11457.6,11368.8,11425.5
1312416000,11405.3,11405.3,11405.3
1312502400,11421.3,11405.3,11384.7
1312761600,11485.4,11426.5,11425.5
1312848000,11515.9,11515.9,11485.3
1312934400,11515.9,11515.9,11515.9
1313020800,11491,11491,11491
1313107200,11491,11491,11491
1313366400,11491,11491,11491
1313452800,11491,11491,11491
1313539200,11491,11491,11491
1313625600,11519.7,11491,11467.4
1313712000,11609.9,11596.1,11504.1
1313971200,11577.6,11577.6,11577.6
1314057600,11542,11542,11542
1314144000,11542,11542,11542
1314230400,11542,11542,11542
1314316800,11542,11542,11542
1314576000,11542,11542,11542
1314662400,11542,11542,11542
1314748800,11542,11542,11542
1314835200,11542,11542,11542
1314921600,11542,11542,11542
1315180800,11542,11542,11542
1315267200,11500.7,11500.7,11500.7
1315353600,11500.7,11500.7,11500.7
1315440000,11500.7,11500.7,11500.7
1315526400,11500.7,11500.7,11500.7
1315785600,11500.7,11500.7,11500.7
1315872000,11500.7,11500.7,11500.7
1315958400,11500.7,11500.7,11500.7
1316044800,11500.7,11500.7,11500.7
1316131200,11500.7,11500.7,11500.7
1316390400,11500.7,11500.7,11500.7
1316476800,11500.7,11500.7,11500.7
1316563200,11500.7,11500.7,11500.7
1316649600,11500.7,11500.7,11500.7
1316736000,11500.7,11500.7,11500.7
1316995200,11500.7,11500.7,11500.7
1317081600,11500.7,11500.7,11500.7
1317168000,11500.7,11500.7,11500.7
1317254400,11500.7,11500.7,11500.7
1317340800,11500.7,11500.7,11500.7
1317600000,11500.7,11500.7,11500.7
1317686400,11500.7,11500.7,11500.7
1317772800,11500.7,11500.7,11500.7
1317859200,11500.7,11500.7,11500.7
1317945600,11500.7,11500.7,11500.7
1318204800,11500.7,11500.7,11500.7
1318291200,11500.7,11500.7,11500.7
1318377600,11500.7,11500.7,11500.7
1318464000,11500.7,11500.7,11500.7
1318550400,11500.7,11500.7,11500.7
1318809600,11455.9,11455.9,11455.9
1318896000,11469.1,11469.1,11453
1318982400,11473.4,11469.1,11456.7
1319068800,11483.8,11483.8,11472.8
1319155200,11483.8,11483.8,11483.8
1319414400,11483.8,11483.8,11483.8
1319500800,11501.5,11483.8,11482.2
1319587200,11557.5,11483.8,11475.7
1319673600,11622.3,11483.8,11506.6
1319760000,11611.6,11483.8,11584.8
1320019200,11508.7,11508.7,11508.7
1320105600,11508.7,11508.7,11508.7
1320192000,11511.5,11508.7,11495.2
1320278400,11472.4,11476.4,11466.7
1320364800,11430.6,11430.6,11430.6
1320624000,11512.2,11448.7,11388
1320710400,11493.2,11448.7,11461.8
1320796800,11430.8,11430.8,11430.8
1320883200,11430.8,11430.8,11430.8
1320969600,11448.1,11448.1,11421.8
1321228800,11448.1,11448.1,11448.1
1321315200,11448.1,11448.1,11448.1
1321401600,11448.1,11448.1,11448.1
1321488000,11448.1,11448.1,11448.1
1321574400,11448.1,11448.1,11448.1
1321833600,11460.3,11460.3,11440.3
1321920000,11460.3,11460.3,11460.3
1322006400,11472.6,11472.6,11457.3
1322092800,11472.6,11472.6,11472.6
1322179200,11463.1,11472.6,11456.7
1322438400,11441.7,11441.7,11441.7
1322524800,11441.7,11441.7,11441.7
1322611200,11451.7,11451.7,11441.1
1322697600,11451.7,11451.7,11451.7
1322784000,11451.7,11451.7,11451.7
1323043200,11451.7,11451.7,11451.7
1323129600,11451.7,11451.7,11451.7
1323216000,11451.7,11451.7,11451.7
1323302400,11451.7,11451.7,11451.7
1323388800,11451.7,11451.7,11451.7
1323648000,11468.4,11451.7,11446.3
1323734400,11482.2,11482.2,11467.1
1323820800,11495.3,11495.3,11477.3
1323907200,11495.3,11495.3,11495.3
1323993600,11495.3,11495.3,11495.3
1324252800,11495.3,11495.3,11495.3
1324339200,11495.3,11495.3,11495.3
1324425600,11495.3,11495.3,11495.3
1324512000,11495.3,11495.3,11495.3
1324598400,11495.3,11495.3,11495.3
1324944000,11495.3,11495.3,11495.3
1325030400,11495.3,11495.3,11495.3
1325116800,11529.1,11529.1,11486.6
1325203200,11529.1,11529.1,11529.1
1325548800,11529.1,11529.1,11529.1
1325635200,11529.1,11529.1,11529.1
1325721600,11511.7,11529.1,11509.9
1325808000,11505.8,11505.8,11505.8
1326067200,11505.8,11505.8,11505.8
1326153600,11505.8,11505.8,11505.8
1326240000,11457.1,11457.1,11457.1
1326326400,11449.4,11457.1,11426.7
1326412800,11412.3,11412.3,11412.3
1326672000,11412.3,11412.3,11412.3
1326758400,11370.2,11370.2,11370.2
1326844800,11371.4,11370.2,11353.5
1326931200,11366.8,11370.2,11359.4
1327017600,11373.8,11370.2,11354.9
1327276800,11404.7,11383.2,11357.2
1327363200,11354.6,11383.2,11331.8
1327449600,11377.1,11323.1,11319.3
1327536000,11409.1,11331,11347.3
1327622400,11472.7,11340.8,11399.9
1327881600,11462.6,11340.8,11414.6
1327968000,11481.8,11340.8,11429.9
1328054400,11504.7,11349.6,11454.3
1328140800,11548.8,11357.4,11482.2
1328227200,11481.4,11481.4,11481.4
1328486400,11481.4,11481.4,11481.4
1328572800,11489.9,11489.9,11463.9
1328659200,11489.9,11489.9,11489.9
1328745600,11480.6,11489.9,11475.9
1328832000,11463.7,11463.7,11463.7
1329091200,11452.6,11463.7,11448.5
1329177600,11453.2,11463.7,11444.2
1329264000,11458.3,11463.7,11450.3
1329350400,11439.6,11439.6,11439.6
1329436800,11439.6,11439.6,11439.6
1329696000,11439.6,11439.6,11439.6
1329782400,11439.6,11439.6,11439.6
1329868800,11439.6,11439.6,11439.6
1329955200,11454.9,11439.6,11424.5
1330041600,11422.6,11439.6,11401.6
1330300800,11373.9,11373.9,11373.9
1330387200,11390,11390,11372.2
1330473600,11390,11390,11390
1330646400,11390,11390,11390
1330905600,11397.4,11397.4,11389
1330992000,11406.3,11406.3,11395.4
1331078400,11406.3,11406.3,11406.3
1331164800,11406.3,11406.3,11406.3
1331251200,11415,11415,11401.4
1331510400,11415,11415,11415
1331596800,11415,11415,11415
1331683200,11452.9,11428.9,11404.4
1331769600,11388.2,11388.2,11388.2
1331856000,11388.2,11388.2,11388.2
1332115200,11388.2,11388.2,11388.2
1332201600,11397.8,11397.8,11387.7
1332288000,11397.8,11397.8,11397.8
1332374400,11407,11407,11396.7
1332460800,11407,11407,11407
1332720000,11381,11381,11381
1332806400,11381,11381,11381
1332892800,11381,11381,11381
1332979200,11389.3,11389.3,11372.4
1333065600,11389.3,11389.3,11389.3
1333324800,11389.3,11389.3,11389.3
1333411200,11389.3,11389.3,11389.3
1333497600,11389.3,11396.3,11375.4
1333584000,11356.9,11356.9,11356.9
1333929600,11356.9,11356.9,11356.9
1334016000,11338.9,11356.9,11336.3
1334102400,11338.9,11356.9,11336.3
1334188800,11335.5,11335.5,11335.5
1334275200,11335.5,11335.5,11335.5
1334534400,11335.5,11335.5,11335.5
1334620800,11335.5,11335.5,11335.5
1334707200,11335.5,11335.5,11335.5
1334793600,11335.5,11335.5,11335.5
1334880000,11335.5,11335.5,11335.5
1335139200,11335.5,11335.5,11335.5
1335225600,11335.5,11335.5,11335.5
1335312000,11335.5,11335.5,11335.5
1335398400,11335.5,11335.5,11335.5
1335484800,11318.5,11318.5,11318.5
1335744000,11318.5,11318.5,11318.5
1335830400,11318.5,11318.5,11318.5
1335916800,11317.4,11318.5,11311.6
1336003200,11326.4,11326.4,11316.9
1336089600,11326.4,11326.4,11326.4
1336348800,11326.4,11326.4,11326.4
1336435200,11385.2,11343,11321.3
1336521600,11445.6,11343,11378.3
1336608000,11389.6,11407.3,11375
1336694400,11377.3,11369.3,11359.4
1336953600,11418.2,11403.9,11369.3
1337040000,11464.3,11403.9,11392.7
1337126400,11451.3,11365.4,11401.6
1337212800,11391.8,11391.8,11391.8
1337299200,11391.8,11391.8,11391.8
1337558400,11387.8,11391.8,11386.3
1337644800,11399,11399,11387.3
1337731200,11411.2,11411.2,11388.7
1337817600,11387,11387,11387
1337904000,11387,11387,11387
1338163200,11387,11387,11387
1338249600,11387,11387,11387
1338336000,11387,11387,11387
1338422400,11387,11387,11387
1338508800,11359.4,11359.4,11359.4
1338768000,11359.4,11359.4,11359.4
1338854400,11359.4,11359.4,11359.4
1338940800,11345.2,11359.4,11339.9
1339027200,11332.5,11332.5,11332.5
1339113600,11332.5,11332.5,11332.5
1339372800,11342.2,11342.2,11328.3
1339459200,11342.2,11342.2,11342.2
1339545600,11342.2,11342.2,11342.2
1339632000,11342.2,11342.2,11342.2
1339718400,11342.2,11342.2,11342.2
1339977600,11342.2,11342.2,11342.2
1340064000,11342.2,11342.2,11342.2
1340150400,11342.2,11342.2,11342.2
1340236800,11342.2,11342.2,11342.2
1340323200,11342.2,11342.2,11342.2
1340582400,11324.3,11342.2,11322.6
1340668800,11337,11342.2,11323.7
1340755200,11334.8,11342.2,11327.6
1340841600,11339.8,11348.8,11327
1340928000,11316.7,11316.7,11316.7
1341187200,11306.3,11316.7,11302.1
1341273600,11294.1,11294.1,11294.1
1341360000,11294.1,11294.1,11294.1
1341446400,11294.1,11294.1,11294.1
1341532800,11294.1,11294.1,11294.1
1341792000,11294.1,11294.1,11294.1
1341878400,11294.1,11294.1,11294.1
1341964800,11294.1,11294.1,11294.1
1342051200,11302.7,11302.7,11292.3
1342137600,11302.7,11302.7,11302.7
1342396800,11295.8,11302.7,11291.1
1342483200,11309.8,11309.8,11286.8
1342569600,11318.4,11318.4,11306.4
1342656000,11318.4,11318.4,11318.4
1342742400,11318.4,11318.4,11318.4
1343001600,11326.8,11326.8,11317.3
1343088000,11326.8,11326.8,11326.8
1343174400,11326.8,11326.8,11326.8
1343260800,11333.5,11333.5,11320.3
1343347200,11341.7,11341.7,11330.8
1343606400,11341.7,11341.7,11341.7
1343692800,11341.7,11341.7,11341.7
1343779200,11324.9,11324.9,11324.9
1343865600,11324.9,11324.9,11324.9
1343952000,11324.9,11324.9,11324.9
1344211200,11324.9,11324.9,11324.9
1344297600,11324.9,11324.9,11324.9
1344384000,11324.9,11324.9,11324.9
1344470400,11324.9,11324.9,11324.9
1344556800,11324.9,11324.9,11324.9
1344816000,11296.1,11296.1,11296.1
1344902400,11267.2,11267.2,11267.2
1344988800,11267.2,11267.2,11267.2
1345075200,11267.2,11267.2,11267.2
1345161600,11267.2,11267.2,11267.2
1345420800,11267.2,11267.2,11267.2
1345507200,11277.4,11277.4,11262.1
1345593600,11286.2,11286.2,11262
1345680000,11376.3,11286.2,11282.5
1345766400,11389.9,11286.2,11325.1
1346025600,11362.3,11307.3,11355.1
1346112000,11331.3,11330.1,11319.2
1346198400,11309.7,11330.1,11302.4
1346284800,11299.1,11299.1,11299.1
1346371200,11338.9,11310.5,11272.7
1346630400,11350.8,11310.5,11323.3
1346716800,11360.7,11310.5,11333.1
1346803200,11350.6,11310.5,11328.6
1346889600,11364.5,11310.5,11342.3
1346976000,11341.8,11305.2,11299
1347235200,11306.7,11305.2,11302.1
1347321600,11327.9,11305.2,11304.8
1347408000,11330.6,11310.9,11307
1347494400,11348.4,11285.5,11283.1
1347580800,11373.5,11285.5,11334.3
1347840000,11288.6,11288.6,11288.6
1347926400,11288.6,11288.6,11288.6
1348012800,11288.6,11288.6,11288.6
1348099200,11288.6,11288.6,11288.6
1348185600,11255.1,11255.1,11255.1
1348444800,11255.1,11255.1,11255.1
1348531200,11260.9,11260.9,11248.6
1348617600,11260.9,11260.9,11260.9
1348704000,11260.9,11260.9,11260.9
1348790400,11245.6,11260.9,11244.8
1349049600,11267.4,11267.4,11240.7
1349136000,11267.4,11267.4,11267.4
1349222400,11267.4,11267.4,11267.4
1349308800,11275.2,11275.2,11265.4
1349395200,11275.2,11275.2,11275.2
1349654400,11275.2,11275.2,11275.2
1349740800,11275.2,11275.2,11275.2
1349827200,11275.2,11275.2,11275.2
1349913600,11282.5,11282.5,11274.3
1350000000,11282.5,11282.5,11282.5
1350259200,11282.5,11282.5,11282.5
1350345600,11287.6,11287.6,11277.2
1350432000,11287.6,11287.6,11287.6
1350518400,11287.6,11287.6,11287.6
1350604800,11287.6,11287.6,11287.6
1350864000,11287.6,11287.6,11287.6
1350950400,11294.1,11294.1,11286.9
1351036800,11294.1,11294.1,11294.1
1351123200,11294.1,11294.1,11294.1
1351209600,11294.1,11294.1,11294.1
1351468800,11294.1,11294.1,11294.1
1351555200,11294.1,11294.1,11294.1
1351641600,11294.1,11294.1,11294.1
1351728000,11294.1,11294.1,11294.1
1351814400,11294.1,11294.1,11294.1
1352073600,11285.6,11294.1,11284.9
1352160000,11278.1,11278.1,11278.1
1352246400,11278.1,11278.1,11278.1
1352332800,11278.1,11278.1,11278.1
1352419200,11266.5,11278.1,11245.7
1352678400,11244.6,11244.6,11244.6
1352764800,11242.1,11244.6,11234.9
1352851200,11250,11250,11237.5
1352937600,11250,11250,11250
1353024000,11250,11250,11250
1353283200,11250,11250,11250
1353369600,11242.5,11250,11236.9
1353456000,11243.2,11250,11235
1353542400,11242.4,11250,11241.4
1353628800,11255.1,11256.9,11241.9
1353888000,11245.2,11256.9,11224.5
1353974400,11221.1,11221.1,11221.1
1354060800,11221.1,11221.1,11221.1
1354147200,11221.1,11221.1,11221.1
1354233600,11221.1,11221.1,11221.1
1354492800,11217.1,11221.1,11206.7
1354579200,11230.5,11230.5,11216.9
1354665600,11230.5,11230.5,11230.5
1354752000,11230.5,11230.5,11230.5
1354838400,11230.5,11230.5,11230.5
1355097600,11230.5,11230.5,11230.5
1355184000,11230.5,11230.5,11230.5
1355270400,11230.5,11230.5,11230.5
1355356800,11224.5,11230.5,11220.2
1355443200,11222.6,11230.5,11221.7
1355702400,11223.3,11230.5,11222.1
1355788800,11246.1,11246.1,11219.4
1355875200,11251.5,11251.5,11242.5
1355961600,11251.5,11251.5,11251.5
1356048000,11251.5,11251.5,11251.5
1356307200,11251.5,11251.5,11251.5
1356480000,11251.5,11251.5,11251.5
1356566400,11251.5,11251.5,11251.5
1356652800,11251.5,11251.5,11251.5
1356912000,11251.5,11251.5,11251.5
1357084800,11251.5,11251.5,11251.5
1357171200,11251.5,11251.5,11251.5
1357257600,11268.3,11268.3,11247.1
1357516800,11274.9,11274.9,11264.4
1357603200,11274.9,11274.9,11274.9
1357689600,11274.9,11274.9,11274.9
1357776000,11274.9,11274.9,11274.9
1357862400,11274.9,11274.9,11274.9
1358121600,11274.9,11274.9,11274.9
1358208000,11274.9,11274.9,11274.9
1358294400,11274.9,11274.9,11274.9
1358380800,11274.9,11274.9,11274.9
1358467200,11274.9,11274.9,11274.9
1358726400,11274.9,11274.9,11274.9
1358812800,11274.9,11274.9,11274.9
1358899200,11274.9,11274.9,11274.9
1358985600,11274.9,11274.9,11274.9
1359072000,11274.9,11274.9,11274.9
1359331200,11283.7,11283.7,11272.2
1359417600,11283.7,11283.7,11283.7
1359504000,11283.7,11283.7,11283.7
1359590400,11292.7,11292.7,11279.5
1359676800,11292.7,11292.7,11292.7
1359936000,11267.9,11267.9,11267.9
1360022400,11267.9,11267.9,11267.9
1360108800,11267.9,11267.9,11267.9
1360195200,11267.9,11267.9,11267.9
1360281600,11267.9,11267.9,11267.9
1360540800,11267.9,11267.9,11267.9
1360627200,11244.4,11267.9,11244.2
1360713600,11265.3,11267.9,11244.4
1360800000,11273.8,11279.7,11251
1360886400,11375,11285.4,11271.8
1361145600,11373,11285.4,11346.1
1361232000,11411,11299.3,11352.2
1361318400,11569.1,11308.7,11396.8
1361404800,11535.1,11535.1,11535.1
1361491200,11535.1,11535.1,11535.1
1361750400,11535.1,11535.1,11535.1
1361836800,11497.3,11497.3,11497.3
1361923200,11497.3,11497.3,11497.3
1362009600,11504.1,11504.1,11493.2
1362096000,11504.1,11504.1,11504.1
1362355200,11504,11504.1,11498.1
1362441600,11503.4,11504.1,11493.2
1362528000,11494.8,11504.1,11493.9
1362614400,11500.2,11504.1,11494
1362700800,11512.3,11512.3,11497
1362960000,11512.3,11512.3,11512.3
1363046400,11512.3,11512.3,11512.3
1363132800,11512.3,11512.3,11512.3
1363219200,11524.2,11524.2,11508.7
1363305600,11524.2,11524.2,11524.2
1363564800,11524.2,11524.2,11524.2
1363651200,11490.2,11524.2,11483.8
1363737600,11508.2,11524.2,11486.2
1363824000,11482.9,11482.9,11482.9
1363910400,11482.9,11482.9,11482.9
1364169600,11512,11512,11480.5
1364256000,11508.7,11512,11505.5
1364342400,11501.6,11501.6,11501.6
1364428800,11501.6,11501.6,11501.6
1364515200,11501.6,11501.6,11501.6
1364774400,11501.6,11501.6,11501.6
1364860800,11491.4,11517.3,11490.1
1364947200,11662.8,11517.3,11487.3
1365033600,11686.1,11686.1,11651.8
1365120000,11686.1,11686.1,11686.1
1365379200,11686.1,11686.1,11686.1
1365465600,11686.1,11686.1,11686.1
1365552000,11686.1,11686.1,11686.1
1365638400,11686.1,11686.1,11686.1
1365724800,12088.5,11698.5,11684.5
1365984000,12714.1,12314.1,11991
1366070400,12725.7,12725.7,12709.9
1366156800,12725.7,12725.7,12725.7
1366243200,12725.7,12725.7,12725.7
1366329600,12725.7,12725.7,12725.7
1366588800,12725.7,12725.7,12725.7
1366675200,12722.2,12725.7,12708.3
1366761600,12704.4,12725.7,12703
1366848000,12682.5,12682.5,12682.5
1366934400,12696.8,12696.8,12666.3
1367193600,12696.8,12696.8,12696.8
1367280000,12696.8,12696.8,12696.8
1367366400,12696.8,12696.8,12696.8
1367452800,12696.8,12696.8,12696.8
1367539200,12696.8,12696.8,12696.8
1367798400,12696.8,12696.8,12696.8
1367884800,12696.8,12696.8,12696.8
1367971200,12696.8,12696.8,12696.8
1368057600,12696.8,12696.8,12696.8
1368144000,12715.7,12715.7,12694.2
1368403200,12715.7,12715.7,12715.7
1368489600,12722.8,12715.7,12698.9
1368576000,12867.2,12775.3,12688.1
1368662400,12946.7,12797.5,12854.6
1368748800,13130.3,12797.5,12908.1
1369008000,13025.3,13025.3,13025.3
1369094400,13060.4,13060.4,13017.8
1369180800,13060.4,13060.4,13060.4
1369267200,13060.4,13060.4,13060.4
1369353600,13059.5,13060.4,13051.7
1369612800,13051.9,13060.4,13049.5
1369699200,13071.6,13071.6,13050
1369785600,13071.6,13071.6,13071.6
1369872000,13071.6,13071.6,13071.6
1369958400,13071.6,13071.6,13071.6
1370217600,13071.6,13071.6,13071.6
1370304000,13089,13089,13068.8
1370390400,13073,13089,13061.7
1370476800,13053.3,13089,13034.7
1370563200,13110.1,13110.1,13046.4
1370822400,13087.2,13110.1,13082.3
1370908800,13132.3,13132.3,13083.4
1370995200,13132.3,13132.3,13132.3
1371081600,13132.3,13132.3,13132.3
1371168000,13132.3,13132.3,13132.3
1371427200,13132.3,13132.3,13132.3
1371513600,13158.1,13158.1,13124.5
1371600000,13158.1,13158.1,13158.1
1371686400,13598.2,13598.2,13149.8
1371772800,13518.1,13518.1,13518.1
1372032000,13518.1,13518.1,13518.1
1372118400,13518.1,13518.1,13518.1
1372204800,13680,13518.1,13501.5
1372291200,13887.3,13584.2,13546
1372377600,13790.5,13790.5,13790.5
1372636800,13790.5,13790.5,13790.5
1372723200,13790.5,13790.5,13790.5
1372809600,13790.5,13790.5,13790.5
1372896000,13790.5,13790.5,13790.5
1372982400,13790.5,13790.5,13790.5
1373241600,13790.5,13790.5,13790.5
1373328000,13790.5,13790.5,13790.5
1373414400,13790.5,13790.5,13790.5
1373500800,13790.5,13790.5,13790.5
1373587200,13768.2,13790.5,13768
1373846400,13769.7,13790.5,13751.3
1373932800,13754.8,13790.5,13749.5
1374019200,13788,13790.5,13739.6
1374105600,13770.2,13790.5,13763.1
1374192000,13746.8,13790.5,13744.6
1374451200,13726.9,13726.9,13726.9
1374537600,13726.9,13726.9,13726.9
1374624000,13726.9,13726.9,13726.9
1374710400,13680.1,13680.1,13680.1
1374796800,13680.1,13680.1,13680.1
1375056000,13667.6,13680.1,13663.9
1375142400,13661.2,13680.1,13635.1
1375228800,13615.7,13615.7,13615.7
1375315200,13615.7,13615.7,13615.7
1375401600,13615.7,13615.7,13615.7
1375660800,13643.8,13643.8,13612.1
1375747200,13643.8,13643.8,13643.8
1375833600,13561.6,13561.6,13561.6
1375920000,13561.6,13561.6,13561.6
1376006400,13534.8,13561.6,13534.1
1376265600,13515.1,13515.1,13515.1
1376352000,13515.1,13515.1,13515.1
1376438400,13530.3,13515.1,13498.9
1376524800,13532.8,13532.8,13530
1376611200,13532.8,13532.8,13532.8
1376870400,13532.8,13532.8,13532.8
1376956800,13532.8,13532.8,13532.8
1377043200,13532.8,13532.8,13532.8
1377129600,13540.5,13532.8,13519
1377216000,13555.9,13555.9,13526.4
1377475200,13555.9,13555.9,13555.9
1377561600,13578.8,13578.8,13552.2
1377648000,13578.8,13578.8,13578.8
1377734400,13578.8,13578.8,13578.8
1377820800,13578.8,13578.8,13578.8
1378080000,13578.8,13578.8,13578.8
1378166400,13578.8,13578.8,13578.8
1378252800,13578.8,13578.8,13578.8
1378339200,13532.3,13532.3,13532.3
1378425600,13532.3,13532.3,13532.3
1378684800,13532.3,13532.3,13532.3
1378771200,13532.3,13532.3,13532.3
1378857600,13532.3,13532.3,13532.3
1378944000,13709.5,13532.3,13471.3
1379030400,13632.7,13675.1,13622.9
1379289600,13646.6,13646.6,13620.4
1379376000,13646.6,13646.6,13646.6
1379462400,13565.6,13565.6,13565.6
1379548800,13549.7,13565.6,13537.3
1379635200,13508.7,13508.7,13508.7
1379894400,13508.7,13508.7,13508.7
1379980800,13508.7,13508.7,13508.7
1380067200,13508.7,13508.7,13508.7
1380153600,13508.7,13508.7,13508.7
1380240000,13508.7,13508.7,13508.7
1380499200,13508.7,13508.7,13508.7
1380585600,13501.3,13534.3,13486.5
1380672000,13456,13456,13456
1380758400,13456,13456,13456
1380844800,13456,13456,13456
1381104000,13456,13456,13456
1381190400,13454.7,13456,13436
1381276800,13470,13470,13453.2
1381363200,13486.1,13486.1,13445.3
1381449600,13434.8,13501.3,13430.7
1381708800,13428,13428,13428
1381795200,13383,13383,13383
1381881600,13383,13383,13383
1381968000,13383,13383,13383
1382054400,13383,13383,13383
1382313600,13376.6,13383,13370.6
1382400000,13339.9,13339.9,13339.9
1382486400,13339.9,13339.9,13339.9
1382572800,13358.3,13358.3,13324.1
1382659200,13358.3,13358.3,13358.3
1382918400,13358.3,13358.3,13358.3
1383004800,13358.3,13358.3,13358.3
1383091200,13377.3,13377.3,13354.5
1383177600,13377.3,13377.3,13377.3
1383264000,13377.3,13377.3,13377.3
1383523200,13377.3,13377.3,13377.3
1383609600,13377.3,13377.3,13377.3
1383696000,13377.3,13377.3,13377.3
1383782400,13314.3,13314.3,13314.3
1383868800,13357.3,13314.3,13296.6
1384128000,13398.9,13314.3,13356.6
1384214400,13517.3,13314.3,13386.4
1384300800,13480.6,13314.3,13431
1384387200,13386.6,13386.6,13386.6
1384473600,13386.6,13386.6,13386.6
1384732800,13386.6,13386.6,13386.6
1384819200,13373.5,13386.6,13359.5
1384905600,13400.4,13400.4,13366.4
1384992000,13411.6,13400.4,13340
1385078400,13453.8,13400.4,13354.4
1385337600,13371,13371,13371
1385424000,13371,13371,13371
1385510400,13371,13371,13371
1385596800,13371,13371,13371
1385683200,13371,13371,13371
1385942400,13419.4,13371,13366.5
1386028800,13382.2,13371,13360.5
1386115200,13316.6,13316.6,13316.6
1386201600,13316.6,13316.6,13316.6
1386288000,13316.6,13316.6,13316.6
1386547200,13316.6,13316.6,13316.6
1386633600,13316.6,13316.6,13316.6
1386720000,13316.6,13316.6,13316.6
1386806400,13316.6,13316.6,13316.6
1386892800,13316.6,13316.6,13316.6
1387152000,13316.6,13316.6,13316.6
1387238400,13332.3,13332.3,13313.8
1387324800,13332.3,13332.3,13332.3
1387411200,13420.9,13347.6,13306
1387497600,13329.1,13347.6,13320.5
1387756800,13367.4,13347.6,13326.1
1387843200,13347.1,13347.6,13346.4
1387929600,13346.5,13347.6,13345.8
1388016000,13287.6,13287.6,13287.6
1388102400,13287.6,13287.6,13287.6
1388361600,13312,13312,13278
1388448000,13312,13312,13312
1388534400,13312,13312,13312
1388620800,13312,13312,13312
1388707200,13312,13312,13312
1388966400,13312,13312,13312
1389052800,13312,13312,13312
1389139200,13327.3,13327.3,13291.2
1389225600,13327.3,13327.3,13327.3
1389312000,13327.3,13327.3,13327.3
1389571200,13327.3,13327.3,13327.3
1389657600,13327.3,13327.3,13327.3
1389744000,13327.3,13327.3,13327.3
1389830400,13327.3,13327.3,13327.3
1389916800,13327.3,13327.3,13327.3
1390176000,13327.3,13327.3,13327.3
1390262400,13327.3,13327.3,13327.3
1390348800,13330.2,13327.3,13313.6
1390435200,13339.8,13339.8,13327.1
1390521600,13355.8,13355.8,13337.5
1390780800,13355.8,13355.8,13355.8
1390867200,13355.8,13355.8,13355.8
1390953600,13368.8,13368.8,13354.3
1391040000,13368.8,13368.8,13368.8
1391126400,13368.8,13368.8,13368.8
1391385600,13368.8,13368.8,13368.8
1391472000,13368.8,13368.8,13368.8
1391558400,13368.8,13368.8,13368.8
1391644800,13368.8,13368.8,13368.8
1391731200,13388.8,13388.8,13347.6
1391990400,13388.8,13388.8,13388.8
1392076800,13388.8,13388.8,13388.8
1392163200,13388.8,13388.8,13388.8
1392249600,13403.1,13403.1,13377
1392336000,13426.9,13426.9,13397.6
1392595200,13435.4,13426.9,13357.3
1392681600,13353.3,13353.3,13353.3
1392768000,13353.3,13353.3,13353.3
1392854400,13371.2,13371.2,13329.1
1392940800,13386,13386,13362.1
1393200000,13432.5,13386,13321
1393286400,13481,13423.3,13355.2
1393372800,13351.8,13351.8,13351.8
1393459200,13348.6,13351.8,13336.9
1393545600,13353.9,13351.8,13315
1393804800,13388.3,13401.9,13353
1393891200,13332.1,13332.1,13332.1
1393977600,13332.1,13332.1,13332.1
1394064000,13332.1,13332.1,13332.1
1394150400,13332.1,13332.1,13332.1
1394409600,13333.4,13332.1,13323.2
1394496000,13362.2,13362.2,13322.1
1394582400,13437.3,13362.2,13331.8
1394668800,13469.2,13362.2,13411.7
1394755200,13577.5,13362.2,13423.2
1395014400,13560.2,13435.6,13478.2
1395100800,13626.3,13509.2,13543.8
1395187200,13620.6,13620.6,13620.2
1395273600,13620.6,13620.6,13620.6
1395360000,13620.6,13620.6,13620.6
1395619200,13620.6,13620.6,13620.6
1395705600,13620.6,13620.6,13620.6
1395792000,13620.6,13620.6,13620.6
1395878400,13620.6,13620.6,13620.6
1395964800,13540.5,13540.5,13540.5
1396224000,13540.5,13540.5,13540.5
1396310400,13590.7,13540.5,13498.3
1396396800,13463.9,13463.9,13463.9
1396483200,13463.9,13463.9,13463.9
1396569600,13463.9,13463.9,13463.9
1396828800,13468.2,13463.9,13452.2
1396915200,13411,13409.8,13342.1
1397001600,13570.3,13430.8,13407
1397088000,13565.5,13568.1,13552.2
1397174400,13602.1,13602.1,13541.7
1397433600,13522.2,13522.2,13522.2
1397520000,13522.2,13522.2,13522.2
1397606400,13522.2,13522.2,13522.2
1397692800,13522.2,13522.2,13522.2
1397779200,13522.2,13522.2,13522.2
1398038400,13522.2,13522.2,13522.2
1398124800,13522.2,13522.2,13522.2
1398211200,13522.2,13522.2,13522.2
1398297600,13448.3,13448.3,13448.3
1398384000,13448.3,13448.3,13448.3
1398643200,13467.7,13467.7,13434.8
1398729600,13485.4,13485.4,13464
1398816000,13485.4,13485.4,13485.4
1398902400,13478.1,13485.4,13461.8
1398988800,13511.4,13511.4,13465.5
1399248000,13511.4,13511.4,13511.4
1399334400,13511.4,13511.4,13511.4
1399420800,13451.4,13451.4,13451.4
1399507200,13451.4,13451.4,13451.4
1399593600,13472.1,13451.4,13428.4
1399852800,13538.6,13451.4,13469.9
1399939200,13518.9,13538.9,13501.6
1400025600,13481,13481,13481
1400112000,13481,13481,13481
1400198400,13524.5,13498.9,13449
1400457600,13522.9,13498.9,13482.7
1400544000,13456.9,13498.9,13448.4
1400630400,13517.1,13498.9,13451.1
1400716800,13515.8,13515.8,13515
1400803200,13515.8,13515.8,13515.8
1401062400,13515.8,13515.8,13515.8
1401148800,13754.6,13555.4,13508.3
1401235200,13870.4,13555.4,13730.7
1401321600,13917.3,13555.4,13839.8
1401408000,14052.7,13576.9,13850.4
1401667200,14149.3,13576.9,14044.2
1401753600,14132.1,13576.9,14099.6
1401840000,14152.2,13576.9,14074.6
1401926400,13997.9,13997.9,13997.9
1402012800,14020.8,14020.8,13965.1
1402272000,14020.8,14020.8,14020.8
1402358400,14020.8,14020.8,14020.8
1402444800,14020.8,14020.8,14020.8
1402531200,14020.8,14020.8,14020.8
1402617600,14020.8,14020.8,14020.8
1402876800,14020.8,14020.8,14020.8
1402963200,14020.8,14020.8,14020.8
1403049600,13953.4,13953.4,13953.4
1403136000,13994.3,13994.3,13933.5
1403222400,13915.8,13915.8,13915.8
1403481600,13915.8,13915.8,13915.8
1403568000,13870.7,13934.9,13857.6
1403654400,13851.5,13851.5,13851.5
1403740800,13851.5,13851.5,13851.5
1403827200,13851.5,13851.5,13851.5
1404086400,13851.5,13851.5,13851.5
1404172800,13824.5,13851.5,13799.1
1404259200,13767.7,13767.7,13767.7
1404345600,13767.7,13767.7,13767.7
1404432000,13767.7,13767.7,13767.7
1404691200,13767.7,13767.7,13767.7
1404777600,13748.1,13767.7,13708.5
1404864000,13794.4,13790.7,13737.4
1404950400,13779.4,13779.4,13779.4
1405036800,13779.4,13779.4,13779.4
1405296000,13779.4,13779.4,13779.4
1405382400,13721.2,13721.2,13721.2
1405468800,13721.2,13721.2,13721.2
1405555200,13721.2,13721.2,13721.2
1405641600,13721.2,13721.2,13721.2
1405900800,13709.8,13721.2,13701.1
1405987200,13683.6,13721.2,13658.2
1406073600,13668.5,13721.2,13662.8
1406160000,13651.8,13651.8,13651.8
1406246400,13651.8,13651.8,13651.8
1406505600,13651.8,13651.8,13651.8
1406592000,13651.8,13651.8,13651.8
1406678400,13651.8,13651.8,13651.8
1406764800,13651.8,13651.8,13651.8
1406851200,13633.6,13651.8,13547.7
1407110400,13735.7,13670.8,13583.6
1407196800,13595.9,13670.8,13522.9
1407283200,13583.5,13670.8,13476.8
1407369600,13501.7,13670.8,13446
1407456000,13601.7,13614.7,13337.6
1407715200,13643.5,13624.8,13594.5
1407801600,13678.3,13678.3,13630.4
1407888000,13678.3,13678.3,13678.3
1407974400,13695.9,13695.9,13643.9
1408060800,13695.9,13695.9,13695.9
1408320000,13695.9,13695.9,13695.9
1408406400,13695.9,13695.9,13695.9
1408492800,13695.9,13695.9,13695.9
1408579200,13695.9,13695.9,13695.9
1408665600,13695.9,13695.9,13695.9
1408924800,13695.9,13695.9,13695.9
1409011200,13695.9,13695.9,13695.9
1409097600,13695.9,13695.9,13695.9
1409184000,13695.9,13695.9,13695.9
1409270400,13670.5,13695.9,13649.7
1409529600,13681.7,13695.9,13658.2
1409616000,13740.6,13716.5,13671.7
1409702400,13712.7,13716.5,13703.8
1409788800,13770.1,13716.5,13663
1409875200,13714.6,13714.6,13714.6
1410134400,13692.1,13748.7,13691.5
1410220800,13611.9,13611.9,13611.9
1410307200,13571.1,13632.1,13568.4
1410393600,13668.8,13632.1,13565.7
1410480000,13793.5,13632.1,13666.8
1410739200,13750.7,13632.1,13703.1
1410825600,13725.4,13632.1,13663.7
1410912000,13865.9,13632.1,13694.5
1410998400,13841.9,13632.1,13817.4
1411084800,13942.6,13632.1,13809.7
1411344000,13951.9,13632.1,13899.1
1411430400,13835,13835,13835
1411516800,13996.3,13835,13831.9
1411603200,13931.6,13931.6,13931.6
1411689600,13944.7,13931.6,13926.3
1411948800,13953,13931.6,13921.5
1412035200,13897.7,13897.7,13897.7
1412121600,13897.7,13897.7,13897.7
1412208000,13871.4,13897.7,13743.5
1412294400,14205.8,13968.9,13853.6
1412553600,14082.1,14082.1,14082.1
1412640000,14082.1,14082.1,14082.1
1412726400,14082.1,14082.1,14082.1
1412812800,14082.1,14082.1,14082.1
1412899200,14082.1,14082.1,14082.1
1413158400,14039.5,14082.1,14036.2
1413244800,14072.9,14082.1,14034.7
1413331200,13959.5,14011.5,13910.1
1413417600,13959.5,14011.5,13902.1
1413504000,13998,14011.5,13955.2
1413763200,13981.3,14029.1,13978.3
1413849600,13949.5,13968.8,13940.7
1413936000,13911.8,13968.8,13906.5
1414022400,13898.5,13898.5,13898.5
1414108800,13898.5,13898.5,13898.5
1414368000,13898.5,13898.5,13898.5
1414454400,13898.5,13898.5,13898.5
1414540800,13898.5,13898.5,13898.5
1414627200,13899.4,13814,13738.9
1414713600,14346.6,13867.3,13837.8
1414972800,14462.4,13867.3,14319.4
1415059200,14409.5,13867.3,14306.2
1415145600,14891.6,13959.3,14385.1
1415232000,14889.5,13959.3,14747.2
1415318400,14733.8,14733.8,14733.8
1415577600,14769,14769,14724.8
1415664000,14769,14769,14769
1415750400,14769,14769,14769
1415836800,14747.5,14769,14732.7
1415923200,14705.5,14705.5,14705.5
1416182400,14705.5,14705.5,14705.5
1416268800,14705.5,14705.5,14705.5
1416355200,14705.5,14705.5,14705.5
1416441600,14705.5,14705.5,14705.5
1416528000,14705.5,14705.5,14705.5
1416787200,14705.5,14705.5,14705.5
1416873600,14705.5,14705.5,14705.5
1416960000,14705.5,14705.5,14705.5
1417046400,14705.5,14705.5,14705.5
1417132800,14741.5,14741.5,14669.5
1417392000,14741.5,14741.5,14741.5
1417478400,14820,14741.5,14738.1
1417564800,14847.1,14741.5,14802.5
1417651200,14847.6,14847.6,14847.6
1417737600,14847.6,14847.6,14847.6
1417996800,14847.6,14847.6,14847.6
1418083200,14865.8,14865.8,14836.9
1418169600,14865.8,14865.8,14865.8
1418256000,14881,14865.8,14825.2
1418342400,14534.9,14715.5,14521.5
1418601600,14429.6,14563.6,14374.1
1418688000,14301.9,14410.7,14275.5
1418774400,14532.3,14410.7,14290.6
1418860800,14615.4,14478.8,14522.6
1418947200,14613.7,14613.7,14610.7
1419206400,14650.8,14613.7,14605.7
1419292800,14647.9,14613.7,14568.1
1419379200,14670.6,14613.7,14605.9
1419552000,14534.3,14534.3,14534.3
1419811200,14534.3,14534.3,14534.3
1419897600,14534.3,14534.3,14534.3
1419984000,14534.3,14534.3,14534.3
1420156800,14534.3,14534.3,14534.3
1420416000,14479.8,14534.3,14453.1
1420502400,14198.1,14198.1,14198.1
1420588800,14242.6,14198.1,14197.4
1420675200,14319,14198.1,14240.5
1420761600,14317.9,14317.9,14317.1
1421020800,14317.9,14317.9,14317.9
1421107200,14295.2,14317.9,14288.3
1421193600,14290.3,14317.9,14283.4
1421280000,14337.4,14337.4,14284.3
1421366400,14471.9,14337.4,14294.8
1421625600,14439.9,14380.1,14413.7
1421712000,14463.3,14380.1,14405.7
1421798400,14559.3,14466.4,14460.6
1421884800,14605.5,14466.4,14474.2
1421971200,14558.6,14466.4,14503
1422230400,14453.4,14453.4,14453.4
1422316800,14453.4,14453.4,14453.4
1422403200,14453.4,14453.4,14453.4
1422489600,14590.5,14453.4,14393
1422576000,14439.2,14453.4,14428.8
1422835200,14545.6,14453.4,14346.1
1422921600,14486.8,14486.8,14486.8
1423008000,14493,14486.8,14464.9
1423094400,14478.1,14486.8,14453.6
1423180800,14424.9,14424.9,14424.9
1423440000,14424.9,14424.9,14424.9
1423526400,14431.9,14424.9,14420.6
1423612800,14478.2,14439.4,14423.2
1423699200,14373.1,14373.1,14373.1
1423785600,14373.1,14373.1,14373.1
1424044800,14373.1,14373.1,14373.1
1424131200,14358.9,14401.2,14357.8
1424217600,14336.1,14336.1,14336.1
1424304000,14336.1,14336.1,14336.1
1424390400,14336.1,14336.1,14336.1
1424649600,14278.3,14278.3,14278.3
1424736000,14296.8,14296.8,14265.9
1424822400,14296.8,14296.8,14296.8
1424908800,14296.8,14296.8,14296.8
1424995200,14296.8,14296.8,14296.8
1425254400,14296.8,14296.8,14296.8
1425340800,14296.8,14296.8,14296.8
1425427200,14311.3,14311.3,14285.9
1425513600,14314.5,14311.3,14285
1425600000,14463,14325.3,14309.4
1425859200,14539.2,14325.3,14361.2
1425945600,14331,14325.3,14286.7
1426032000,14374.4,14343.2,14302.3
1426118400,14379.3,14504,14271.9
1426204800,14392.7,14498.5,14329.5
1426464000,14522.4,14498.5,14375.8
1426550400,14515.5,14515.5,14509.6
1426636800,14455.7,14455.7,14455.7
1426723200,14478.5,14478.5,14453.3
1426809600,14478.5,14478.5,14478.5
1427068800,14448.4,14478.5,14445.1
1427155200,14437,14478.5,14434.6
1427241600,14431.4,14431.4,14431.4
1427328000,14385.2,14431.4,14273.2
1427414400,14402.5,14431.4,14337.2
1427673600,14584.9,14461,14375.5
1427760000,14561.4,14585.8,14537.4
1427846400,14528.9,14528.9,14528.9
1427932800,14528.9,14528.9,14528.9
1428019200,14528.9,14528.9,14528.9
1428278400,14528.9,14528.9,14528.9
1428364800,14528.9,14528.9,14528.9
1428451200,14528.9,14528.9,14528.9
1428537600,14528.9,14528.9,14528.9
1428624000,14528.9,14528.9,14528.9
1428883200,14528.9,14528.9,14528.9
1428969600,14505.1,14528.9,14477.2
1429056000,14469.1,14469.1,14469.1
1429142400,14416.9,14416.9,14416.9
1429228800,14416.9,14416.9,14416.9
1429488000,14473.7,14416.9,14414.6
1429574400,14484.6,14484.6,14473.7
1429660800,14484.6,14484.6,14484.6
1429747200,14484.6,14484.6,14484.6
1429833600,14443.5,14501.9,14440.7
1430092800,14430.2,14430.2,14430.2
1430179200,14430.2,14430.2,14430.2
1430265600,14430.2,14430.2,14430.2
1430352000,14430.2,14430.2,14430.2
1430438400,14363.2,14363.2,14363.2
1430697600,14363.2,14363.2,14363.2
1430784000,14363.2,14363.2,14363.2
1430870400,14363.2,14363.2,14363.2
1430956800,14351.3,14363.2,14341.8
1431043200,14337.5,14363.2,14326.6
1431302400,14352.2,14363.2,14331.8
1431388800,14317.5,14317.5,14317.5
1431475200,14317.5,14317.5,14317.5
1431561600,14336.8,14336.8,14303.9
1431648000,14336.8,14336.8,14336.8
1431907200,14276.3,14276.3,14276.3
1431993600,14276.3,14276.3,14276.3
1432080000,14271.9,14276.3,14265.9
1432166400,14261.6,14276.3,14247.7
1432252800,14255,14276.3,14247.1
1432512000,14262.5,14276.3,14250.7
1432598400,14233,14233,14233
1432684800,14379.5,14233,14221
1432771200,14366.9,14348.7,14328.4
1432857600,14323,14348.7,14306
1433116800,14289.1,14306,14268
1433203200,14243.3,14306,14202.3
1433289600,14316.4,14321.8,14237.8
1433376000,14332.4,14328.1,14291.7
1433462400,14412.5,14328.1,14327.8
1433721600,14366.5,14328.1,14338
1433808000,14293.7,14318.2,14226.3
1433894400,14482,14318.2,14291.4
1433980800,14488,14488,14479.2
1434067200,14488,14488,14488
1434326400,14508.2,14508.2,14485.5
1434412800,14526.4,14526.4,14497.3
1434499200,14526.4,14526.4,14526.4
1434585600,14526.4,14526.4,14526.4
1434672000,14526.4,14526.4,14526.4
1434931200,14526.4,14526.4,14526.4
1435017600,14526.4,14526.4,14526.4
1435104000,14544.3,14544.3,14501.6
1435190400,14544.3,14544.3,14544.3
1435276800,14544.3,14544.3,14544.3
1435536000,14532.8,14544.3,14518.5
1435622400,14565,14579.8,14531.1
1435708800,14641.8,14579.8,14565
1435795200,14634.7,14598.9,14584.6
1435881600,14592.9,14592.9,14592.9
1436140800,14532.6,14532.6,14532.6
1436227200,14532.6,14532.6,14532.6
1436313600,14532.6,14532.6,14532.6
1436400000,14493.8,14532.6,14492.9
1436486400,14562.7,14532.6,14492.9
1436745600,14536.4,14553.6,14535.2
1436832000,14547.5,14553.6,14533
1436918400,14577.1,14577.1,14544
1437004800,14577.1,14577.1,14577.1
1437091200,14694.2,14577.1,14566.8
1437350400,15445.2,14577.1,14686.5
1437436800,15348.8,14577.1,15218.8
1437523200,15496.5,14577.1,15348.8
1437609600,15542.6,14502,15231.3
1437696000,15674.6,15794.7,15530.9
1437955200,15557.3,15634.5,15528.9
1438041600,15666.1,15634.5,15468.9
1438128000,15674.9,15692,15629.1
1438214400,15738.9,15738.9,15666.7
1438300800,15673.1,15673.1,15673.1
1438560000,15692.2,15673.1,15665.1
1438646400,15695.7,15695.7,15691
1438732800,15695.7,15695.7,15695.7
1438819200,15695.7,15695.7,15695.7
1438905600,15695.7,15695.7,15695.7
1439164800,15695.7,15695.7,15695.7
1439251200,15695.7,15695.7,15695.7
1439337600,15695.7,15695.7,15695.7
1439424000,15726,15726,15690.6
1439510400,15726,15726,15726
1439769600,15726,15726,15726
1439856000,15726,15726,15726
1439942400,15726,15726,15726
1440028800,15726,15726,15726
1440115200,15726,15726,15726
1440374400,15726,15726,15726
1440460800,15726,15726,15726
1440547200,15726,15726,15726
1440633600,15726,15726,15726
1440720000,15647.1,15647.1,15647.1
1440979200,15647.1,15647.1,15647.1
1441065600,15647.1,15647.1,15647.1
1441152000,15599.3,15647.1,15594.1
1441238400,15566.8,15566.8,15566.8
1441324800,15566.8,15566.8,15566.8
1441584000,15566.8,15566.8,15566.8
1441670400,15566.8,15566.8,15566.8
1441756800,15472.5,15472.5,15472.5
1441843200,15472.5,15472.5,15472.5
1441929600,15472.5,15472.5,15472.5
1442188800,15434.4,15472.5,15429.1
1442275200,15452.3,15472.5,15434.2
1442361600,15404.7,15404.7,15404.7
1442448000,15335.9,15335.9,15335.9
1442534400,15360.7,15360.7,15324.5
1442793600,15360.7,15360.7,15360.7
1442880000,15360.7,15360.7,15360.7
1442966400,15360.7,15360.7,15360.7
1443052800,15360.7,15360.7,15360.7
1443139200,15360.7,15360.7,15360.7
1443398400,15360.7,15360.7,15360.7
1443484800,15360.7,15360.7,15360.7
1443571200,15391.8,15391.8,15349.6
1443657600,15376.9,15391.8,15353.1
1443744000,15412.6,15412.6,15375.7
1444003200,15412.6,15412.6,15412.6
1444089600,15433.3,15433.3,15394.7
1444176000,15433.3,15433.3,15433.3
1444262400,15433.3,15433.3,15433.3
1444348800,15477.6,15477.6,15431.2
1444608000,15454.8,15477.6,15435.1
1444694400,15410.1,15410.1,15410.1
1444780800,15450.2,15450.2,15350.9
1444867200,15359.6,15359.6,15359.6
1444953600,15359.6,15359.6,15359.6
1445212800,15359.6,15359.6,15359.6
1445299200,15392.5,15392.5,15345.1
1445385600,15392.5,15392.5,15392.5
1445472000,15374.4,15392.5,15357.1
1445558400,15414.6,15414.6,15365.2
1445817600,15397.1,15414.6,15389.8
1445904000,15413.5,15414.6,15382.4
1445990400,15475.6,15475.6,15403.8
1446076800,15509.7,15475.6,15470
1446163200,15572,15475.6,15461.9
1446422400,15691,15475.6,15559.8
1446508800,15926.1,15511.5,15613.8
1446595200,16066.8,15511.5,15877.4
1446681600,16114,15511.5,16034.5
1446768000,16313.7,15511.5,16049
1447027200,16285.7,15511.5,16255.6
1447113600,16320,15511.5,16266.4
1447200000,16367.7,15511.5,16282.9
1447286400,16324.4,15540.7,16304.6
1447372800,16208.5,15376,16198.4
1447632000,16265.3,16159.3,16155.8
1447718400,16214.5,16159.3,16181.6
1447804800,16279.4,16060,16200.8
1447891200,16284.4,16284.4,16279.4
1447977600,16309,16284.4,16233.8
1448236800,16321.6,16321.6,16300.7
1448323200,16321.6,16321.6,16321.6
1448409600,16333,16321.6,16313.9
1448496000,16327.4,16321.6,16313.4
1448582400,16316.5,16316.5,16316.5
1448841600,16316.5,16316.5,16316.5
1448928000,16316.5,16316.5,16316.5
1449014400,16316.5,16316.5,16316.5
1449100800,16221.2,16221.2,16221.2
1449187200,16145.3,16145.3,16145.3
1449446400,16145.3,16145.3,16145.3
1449532800,16145.3,16145.3,16145.3
1449619200,16145.3,16145.3,16145.3
1449705600,16145.3,16145.3,16145.3
1449792000,16074,16074,16074
1450051200,16117.8,16105.7,15991
1450137600,16126.3,16105.7,16090.5
1450224000,16090.2,16090.2,16090.2
1450310400,16090.2,16090.2,16090.2
1450396800,16090.2,16090.2,16090.2
1450656000,16090.2,16090.2,16090.2
1450742400,16090.2,16090.2,16090.2
1450828800,16090.2,16090.2,16090.2
1450915200,16090.2,16090.2,16090.2
1451260800,16095.1,16090.2,16079.6
1451347200,16094.9,16090.2,16063.2
1451433600,16118.4,16118.4,16082
1451520000,16118.4,16118.4,16118.4
1451865600,16118.4,16118.4,16118.4
1451952000,16118.4,16118.4,16118.4
1452038400,16118.4,16118.4,16118.4
1452124800,16118.4,16118.4,16118.4
1452211200,16118.4,16118.4,16118.4
1452470400,16118.4,16118.4,16118.4
1452556800,16118.4,16118.4,16118.4
1452643200,16118.4,16118.4,16118.4
1452729600,16118.4,16118.4,16118.4
1452816000,16118.4,16118.4,16118.4
1453075200,16118.4,16118.4,16118.4
1453161600,16100.7,16118.4,16075
1453248000,16143.7,16143.7,16099.5
1453334400,16129.8,16143.7,16085
1453420800,16110.2,16143.7,16092.2
1453680000,16163.6,16143.7,16107.2
1453766400,16198.6,16172.2,16136
1453852800,16217.1,16217.1,16165.8
1453939200,16217.1,16217.1,16217.1
1454025600,16217.1,16217.1,16217.1
1454284800,16255.2,16255.2,16189.5
1454371200,16255.2,16255.2,16255.2
1454457600,16277.7,16277.7,16220.8
1454544000,16534.7,16301.6,16228.5
1454630400,16411.9,16411.9,16411.9
1454889600,16758.9,16437.3,16388.9
1454976000,16731.8,16437.3,16689.6
1455062400,16829.3,16437.3,16632.8
1455148800,17486.4,17486.4,16826.9
1455235200,17486.4,17486.4,17486.4
1455494400,17486.4,17486.4,17486.4
1455580800,17457.1,17486.4,17440.9
1455667200,17476.9,17486.4,17429.8
1455753600,17555,17555,17447.7
1455840000,17555,17555,17555
1456099200,17555,17555,17555
1456185600,17555,17555,17555
1456272000,17577,17577,17552.5
1456358400,17561,17577,17535.4
1456444800,17504.8,17504.8,17504.8
1456704000,17539,17539,17492.7
1456790400,17539,17539,17539
1456876800,17539,17539,17539
1456963200,17583.5,17539,17511.3
1457049600,17586,17566.6,17481.9
1457308800,17645,17566.6,17548.7
1457395200,17596.6,17566.6,17557.8
1457481600,17441.8,17441.8,17441.8
1457568000,17441.8,17441.8,17441.8
1457654400,17441.8,17441.8,17441.8
1457913600,17441.8,17441.8,17441.8
1458000000,17441.8,17441.8,17441.8
1458086400,17441.8,17441.8,17441.8
1458172800,17427,17441.8,17420
1458259200,17414.4,17441.8,17396
1458518400,17381,17441.8,17373.7
1458604800,17395,17441.8,17378.4
1458691200,17370.6,17370.6,17370.6
1458777600,17370.6,17370.6,17370.6
1459123200,17383.3,17370.6,17356.2
1459209600,17401.9,17401.9,17359.6
1459296000,17401.9,17401.9,17401.9
1459382400,17426.5,17426.5,17394.5
1459468800,17426.5,17426.5,17426.5
1459728000,17426.5,17426.5,17426.5
1459814400,17426.5,17426.5,17426.5
1459900800,17426.5,17426.5,17426.5
1459987200,17466.3,17466.3,17424.1
1460073600,17466.3,17466.3,17466.3
1460332800,17481.1,17466.3,17429
1460419200,17406,17406,17406
1460505600,17406,17406,17406
1460592000,17324.8,17324.8,17324.8
1460678400,17324.8,17324.8,17324.8
1460937600,17324.8,17324.8,17324.8
1461024000,17324.8,17324.8,17324.8
1461110400,17324.8,17324.8,17324.8
1461196800,17159.3,17222.9,17152.6
1461283200,17143.9,17143.9,17143.9
1461542400,17143.9,17143.9,17143.9
1461628800,17143.9,17143.9,17143.9
1461715200,17145.1,17143.9,17094.4
1461801600,17100.3,17143.9,17085.6
1461888000,17260.6,17056.7,17097.6
1462147200,17262.4,17056.7,17208.3
1462233600,17064.9,17064.9,17064.9
1462320000,17064.9,17064.9,17064.9
1462406400,17064.9,17064.9,17064.9
1462492800,17083.1,17083.1,17048.9
1462752000,17083.1,17083.1,17083.1
1462838400,17075.7,17083.1,17040.3
1462924800,17119.4,17113.4,17071.3
1463011200,17067.1,17113.4,17055.2
1463097600,17097,17113.4,17058.8
1463356800,17147.6,17147.6,17091.6
1463443200,17147.6,17147.6,17147.6
1463529600,17147.6,17147.6,17147.6
1463616000,17147.6,17147.6,17147.6
1463702400,17147.6,17147.6,17147.6
1463961600,17136.2,17147.6,17130.8
1464048000,17179.6,17179.6,17128.8
1464134400,17166.1,17179.6,17160.7
1464220800,17182.5,17179.6,17117.7
1464307200,17215.4,17215.4,17173.4
1464566400,17215.4,17215.4,17215.4
1464652800,17215.4,17215.4,17215.4
1464739200,17215.4,17215.4,17215.4
1464825600,17215.4,17215.4,17215.4
1464912000,17215.4,17215.4,17215.4
1465171200,17215.4,17215.4,17215.4
1465257600,17215.4,17215.4,17215.4
1465344000,17254.7,17254.7,17213.1
1465430400,17255.7,17254.7,17245.7
1465516800,17350.7,17254.7,17168.9
1465776000,17488.8,17254.7,17306.6
1465862400,17415.3,17254.7,17145.9
1465948800,17550.3,17322.7,17301.4
1466035200,17615.3,17664.2,17374.8
1466121600,17501.8,17712.2,17378.9
1466380800,17631.3,17712.2,17498.8
1466467200,17688.8,17742.2,17631.3
1466553600,17684.9,17684.9,17684.9
1466640000,17684.9,17684.9,17684.9
1466726400,17583.6,17583.6,17583.6
1466985600,17583.6,17583.6,17583.6
1467072000,17583.6,17583.6,17583.6
1467158400,17564.9,17583.6,17561.8
1467244800,17579.1,17583.6,17550.5
1467331200,17613.3,17605.2,17573.1
1467590400,17650.9,17650.9,17611.6
1467676800,17650.9,17650.9,17650.9
1467763200,17605.8,17650.9,17566
1467849600,17495,17536.9,17471.2
1467936000,17464.1,17464.1,17464.1
1468195200,17464.1,17464.1,17464.1
1468281600,17464.1,17464.1,17464.1
1468368000,17466.2,17464.1,17438.1
1468454400,17385.1,17385.1,17385.1
1468540800,17385.1,17385.1,17385.1
1468800000,17385.1,17385.1,17385.1
1468886400,17375.1,17385.1,17358.9
1468972800,17309.5,17309.5,17309.5
1469059200,17341.6,17341.6,17290.3
1469145600,17341.6,17341.6,17341.6
1469404800,17341.6,17341.6,17341.6
1469491200,17318.2,17341.6,17310.6
1469577600,17383.6,17383.6,17300.7
1469664000,17383.6,17383.6,17383.6
1469750400,17383.6,17383.6,17383.6
1470009600,17383.6,17383.6,17383.6
1470096000,17471.6,17423.4,17351.7
1470182400,17385.3,17423.4,17344.2
1470268800,17305.2,17309.4,17288.3
1470355200,17233.4,17233.4,17233.4
1470614400,17233.4,17233.4,17233.4
1470700800,17233.4,17233.4,17233.4
1470787200,17233.4,17233.4,17233.4
1470873600,17233.4,17233.4,17233.4
1470960000,17233.4,17233.4,17233.4
1471219200,17233.4,17233.4,17233.4
1471305600,17207.1,17233.4,17176.5
1471392000,17152.2,17152.2,17152.2
1471478400,17152.2,17152.2,17152.2
1471564800,17152.2,17152.2,17152.2
1471824000,17152.2,17152.2,17152.2
1471910400,17117.6,17152.2,17114.6
1471996800,17078.5,17078.5,17078.5
1472083200,17078.5,17078.5,17078.5
1472169600,17078.5,17078.5,17078.5
1472428800,17078.5,17078.5,17078.5
1472515200,17108.1,17108.1,17067.6
1472601600,17108.1,17108.1,17108.1
1472688000,17063.3,17108.1,17057.9
1472774400,17033,17033,17033
1473033600,17033,17033,17033
1473120000,17054.5,17054.5,17026.1
1473206400,17054.5,17054.5,17054.5
1473292800,17001.5,17054.5,16990.3
1473379200,16985.8,16985.8,16985.8
1473638400,17505.8,16985.8,16897.8
1473724800,17141.5,16919.2,17069.3
1473811200,17137.1,16919.2,17085.4
1473897600,17306.4,17079,17064.5
1473984000,17302.2,17302.2,17259.1
1474243200,17302.2,17302.2,17302.2
1474329600,17302.2,17302.2,17302.2
1474416000,17302.2,17302.2,17302.2
1474502400,17302.2,17302.2,17302.2
1474588800,17292.6,17302.2,17280.3
1474848000,17294.8,17302.2,17258.7
1474934400,17214.8,17214.8,17214.8
1475020800,17214.8,17214.8,17214.8
1475107200,17192.5,17214.8,17179.7
1475193600,17253.4,17253.4,17153.5
1475452800,17253.4,17253.4,17253.4
1475539200,17286.6,17286.6,17228.5
1475625600,17286.6,17286.6,17286.6
1475712000,17314,17314,17256.4
1475798400,17314,17314,17314
1476057600,17314,17314,17314
1476144000,17315.5,17314,17283.7
1476230400,17300.3,17314,17287.8
1476316800,17285.6,17314,17266.7
1476403200,17351.2,17351.2,17284.2
1476662400,17314.9,17351.2,17308.8
1476748800,17274,17268.4,17259.4
1476835200,17275.5,17275.5,17274
1476921600,17275.5,17275.5,17275.5
1477008000,17275.5,17275.5,17275.5
1477267200,17275.5,17275.5,17275.5
1477353600,17275.5,17275.5,17275.5
1477440000,17304.1,17304.1,17251.9
1477526400,17304.1,17304.1,17304.1
1477612800,17341.7,17341.7,17294.1
1477872000,17371.7,17371.7,17336.9
1477958400,17042.7,17023.9,17017.6
1478044800,17228.8,17023.9,17019.5
1478131200,17084.1,17121,17075.1
1478217600,17029.7,17121,17020.2
1478476800,17525.6,17166.7,17029.4
1478563200,17511.1,17511.1,17511.1
1478649600,17511.1,17511.1,17511.1
1478736000,17511.1,17511.1,17511.1
1478822400,17513.2,17511.1,17504.9
1479081600,17562.4,17511.1,17504.7
1479168000,17522.3,17511.1,17508.7
1479254400,17537.4,17511.1,17499.5
1479340800,17591.3,17511.1,17508.6
1479427200,17639.5,17511.1,17567.1
1479686400,17578.5,17511.1,17553.3
1479772800,17585.8,17511.1,17522.2
1479859200,17790.5,17541.9,17576.6
1479945600,17797,17541.9,17754.2
1480032000,17824.6,17562.4,17787.5
1480291200,17773.4,17562.4,17761
1480377600,17847.5,17599.7,17771.5
1480464000,17975.3,17642.1,17814
1480550400,17984.9,17642.1,17965.3
1480636800,17870.1,17565,17847
1480896000,18166.6,17623.5,17825.3
1480982400,18194.7,17722.2,18131.3
1481068800,18173.6,17843.9,18144.8
1481155200,18197.2,17843.9,18153.8
1481241600,18302.9,17870.8,18174.9
1481500800,18196.2,17870.8,18176.1
1481587200,18252.2,17870.8,18182.5
1481673600,18422.8,17904.5,18182.9
1481760000,18563.2,17961.5,18418.3
1481846400,18522.3,17961.5,18494.4
1482105600,18504.5,17961.5,18487.7
1482192000,18533.2,17961.5,18502.6
1482278400,18538.4,17961.5,18480.5
1482364800,18575.4,17961.5,18518.2
1482451200,18499.2,17961.5,18495.9
1482796800,18405.9,17868,18342.2
1482883200,18344.7,17868,18342.5
1482969600,18184.8,17776.4,18151.5
1483056000,18180.4,17776.4,18132
1483401600,18157.2,17689.3,17992.6
1483488000,18180.1,17717.7,18114.6
1483574400,18113.3,18113.3,18113.3
1483660800,18113.3,18113.3,18113.3
1483920000,18113.3,18113.3,18113.3
1484006400,18113.3,18113.3,18113.3
1484092800,18030.5,18030.5,18030.5
1484179200,17968.7,18030.5,17967.7
1484265600,17940.4,17940.4,17940.4
1484524800,17940.4,17940.4,17940.4
1484611200,17957.1,17940.4,17922.4
1484697600,17881.3,17940.4,17871.6
1484784000,17853.6,17862.1,17805.4
1484870400,17904.4,17904.4,17820.8
1485129600,17904.4,17904.4,17904.4
1485216000,17904.4,17904.4,17904.4
1485302400,17904.4,17904.4,17904.4
1485388800,17904.4,17904.4,17904.4
1485475200,17830.9,17904.4,17827.2
1485734400,17823.9,17823.9,17823.9
1485820800,17864.8,17864.8,17815.5
1485907200,17789.3,17789.3,17789.3
1485993600,17769.9,17789.3,17766.7
1486080000,17803.7,17789.3,17732.9
1486339200,17854.4,17854.4,17792.5
1486425600,17854.4,17854.4,17854.4
1486512000,17886.2,17886.2,17839.1
1486598400,17886.2,17886.2,17886.2
1486684800,17913.6,17913.6,17865.5
1486944000,17913.6,17913.6,17913.6
1487030400,17913.6,17913.6,17913.6
1487116800,17913.6,17913.6,17913.6
1487203200,17917.1,17913.6,17896.6
1487289600,17939.9,17939.9,17904.2
1487548800,17939.9,17939.9,17939.9
1487635200,17939.9,17939.9,17939.9
1487721600,17930.5,17939.9,17891.5
1487808000,17963.5,17963.5,17919.4
1487894400,17972.7,17963.5,17947.8
1488153600,18003.2,18003.2,17954.3
1488240000,18003.2,18003.2,18003.2
1488326400,18003.2,18003.2,18003.2
1488412800,18003.2,18003.2,18003.2
1488499200,18003.2,18003.2,18003.2
1488758400,18003.2,18003.2,18003.2
1488844800,18069.2,18003.2,17994.4
1488931200,18205.2,18003.2,18042.5
1489017600,18344,18003.2,18116.9
1489104000,18360.3,18038,18309.5
1489363200,18379.7,18095.7,18266.2
1489449600,18505.9,18122.1,18275.4
1489536000,18285.9,18285.9,18285.9
1489622400,18270.6,18285.9,18253.4
1489708800,18300.1,18285.9,18259.5
1489968000,18332.6,18332.6,18292.3
1490054400,18332.6,18332.6,18332.6
1490140800,18485.2,18332.6,18282.6
1490227200,18403.1,18332.6,18353.3
1490313600,18436.3,18332.6,18252.9
1490572800,18399,18360.9,18069.8
1490659200,18629,18500.8,18387.9
1490745600,18622.9,18624.8,18608.8
1490832000,18548.1,18624.8,18539.8
1490918400,18532,18532,18532
1491177600,18532,18532,18532
1491264000,18504.9,18532,18484.2
1491350400,18437.9,18437.9,18437.9
1491436800,18437.9,18437.9,18437.9
1491523200,18437.9,18437.9,18437.9
1491782400,18437.9,18437.9,18437.9
1491868800,18477.6,18477.6,18415.6
1491955200,18666.2,18477.6,18421.4
1492041600,18551.4,18477.6,18419.2
1492387200,18728.1,18508.1,18452.3
1492473600,18849.4,18600.5,18556.9
1492560000,18633.6,18633.6,18633.6
1492646400,18631.2,18633.6,18596.6
1492732800,18659.7,18659.7,18608.1
1492992000,18659.7,18659.7,18659.7
1493078400,18659.7,18659.7,18659.7
1493164800,18688.1,18688.1,18618.5
1493251200,18688.1,18688.1,18688.1
1493337600,18688.1,18688.1,18688.1
1493596800,18688.1,18688.1,18688.1
1493683200,18688.1,18688.1,18688.1
1493769600,18688.1,18688.1,18688.1
1493856000,18870.8,18688.1,18604.1
1493942400,18928.9,18688.1,18734.7
1494201600,18907.9,18688.1,18711.1
1494288000,19071.9,18725.7,18893.4
1494374400,19127.8,18725.7,18998.3
1494460800,18978.6,18725.7,18948.4
1494547200,18935.9,18935.9,18935.9
1494806400,18935.9,18935.9,18935.9
1494892800,18935.9,18935.9,18935.9
1494979200,18935.9,18935.9,18935.9
1495065600,18855.7,18842.5,18667.1
1495152000,19056,18842.5,18834.1
1495411200,19227.3,18873.4,19054
1495497600,19228.1,19228.1,19224.2
1495584000,19228.1,19228.1,19228.1
1495670400,19228.1,19228.1,19228.1
1495756800,19327.4,19293.5,19200.7
1496016000,19305.6,19293.5,19257.7
1496102400,19167.8,19167.8,19167.8
1496188800,19194.6,19194.6,19153.8
1496275200,19194.6,19194.6,19194.6
1496361600,19194.6,19194.6,19194.6
1496620800,19178.7,19194.6,19125
1496707200,19533.1,19194.6,19165.5
1496793600,19261.1,19194.6,19156.3
1496880000,19109.6,19109.6,19109.6
1496966400,19109.6,19109.6,19109.6
1497225600,19109.6,19109.6,19109.6
1497312000,19109.6,19109.6,19109.6
1497398400,19109.6,19109.6,19109.6
1497484800,19109.6,19109.6,19109.6
1497571200,19109.6,19109.6,19109.6
1497830400,19142.4,19142.4,19082.2
1497916800,19142.4,19142.4,19142.4
1498003200,19142.4,19142.4,19142.4
1498089600,19142.4,19142.4,19142.4
1498176000,19142.4,19142.4,19142.4
1498435200,19181.1,19181.1,19071.2
1498521600,19181.1,19181.1,19181.1
1498608000,19490.3,19181.1,19090.8
1498694400,19476.7,19488.4,19412.4
1498780800,19459.2,19488.4,19430.6
1499040000,19552.9,19604.5,19459.3
1499126400,19493.5,19604.5,19474.1
1499212800,19502.9,19528.8,19440
1499299200,19475,19497.2,19461
1499385600,19470.2,19532.5,19453.7
1499644800,19450.7,19532.5,19433.5
1499731200,19339.7,19415.9,19337.5
1499817600,19287.9,19317.5,19242.9
1499904000,19297.4,19317.5,19252.6
1499990400,19224.2,19224.2,19224.2
1500249600,19224.2,19224.2,19224.2
1500336000,19224.2,19224.2,19224.2
1500422400,19224.2,19224.2,19224.2
1500508800,19055.2,19133.8,19027.7
1500595200,19377,19173.2,19041.4
1500854400,19392.9,19173.2,19306
1500940800,19236.8,19173.2,19224.9
1501027200,19143.1,19143.1,19143.1
1501113600,19027.7,19027.7,19027.7
1501200000,19063.9,19027.7,19005.4
1501459200,19030.1,19027.7,18949.9
1501545600,18787.5,18804.1,18772.3
1501632000,18806.6,18804.1,18722.5
1501718400,18804.6,18804.6,18804.6
1501804800,18804.6,18804.6,18804.6
1502064000,18804.6,18804.6,18804.6
1502150400,18832.4,18832.4,18797.2
1502236800,18776.5,18776.5,18776.5
1502323200,18973.9,18812,18721.8
1502409600,19099.5,18812,18847.3
1502668800,19312.9,18812,19025.8
1502755200,19361.5,19361.5,19244.8
1502841600,19361.5,19361.5,19361.5
1502928000,19361.5,19361.5,19361.5
1503014400,19171.7,19245.8,19146.2
1503273600,19235.9,19289.1,19134.1
1503360000,19378.2,19289.1,19232.5
1503446400,19382.2,19368.6,19357.8
1503532800,19348.2,19368.6,19335.4
1503619200,19396.4,19396.4,19338.8
1503878400,19678.7,19456.7,19373.2
1503964800,19479.1,19479.1,19479.1
1504051200,19479.1,19479.1,19479.1
1504137600,19479.1,19479.1,19479.1
1504224000,19479.1,19479.1,19479.1
1504483200,19385.5,19479.1,19365.1
1504569600,19363.6,19357.9,19267.4
1504656000,19211.5,19241.3,19205.6
1504742400,19269.2,19277.1,19182.1
1504828800,19165.4,19168.4,19155
1505088000,19352,19168.4,19155
1505174400,19363.8,19363.8,19342.7
1505260800,19363.8,19363.8,19363.8
1505347200,19363.8,19363.8,19363.8
1505433600,19363.8,19363.8,19363.8
1505692800,19363.8,19363.8,19363.8
1505779200,19363.8,19363.8,19363.8
1505865600,19273.5,19273.5,19273.5
1505952000,19274.2,19273.5,19240.7
1506038400,19249.7,19273.5,19239.3
1506297600,19190.6,19190.6,19190.6
1506384000,19190.6,19190.6,19190.6
1506470400,19223.3,19223.3,19165.5
1506556800,19223.3,19223.3,19223.3
1506643200,19223.3,19223.3,19223.3
1506902400,19220.9,19223.3,19183.5
1506988800,19215.6,19223.3,19200.5
1507075200,19189.2,19223.3,19148.1
1507161600,19258.1,19258.1,19169.8
1507248000,19258.1,19258.1,19258.1
1507507200,19258.1,19258.1,19258.1
1507593600,19258.1,19258.1,19258.1
1507680000,19258.1,19258.1,19258.1
1507766400,19230.6,19258.1,19199.7
1507852800,19292.7,19292.7,19208.6
1508112000,19199.7,19199.7,19199.7
1508198400,19199.7,19199.7,19199.7
1508284800,19199.3,19199.7,19175.2
1508371200,19129.2,19199.7,19129.1
1508457600,19225.3,19199.7,19121.9
1508716800,19247.2,19247.2,19223.6
1508803200,19276.7,19276.7,19236.8
1508889600,19276.7,19276.7,19276.7
1508976000,19308.9,19308.9,19266.6
1509062400,19308.9,19308.9,19308.9
1509321600,19251.1,19308.9,19229.1
1509408000,19296.7,19308.9,19234.1
1509494400,19222.4,19222.4,19222.4
1509580800,19199.4,19222.4,19144.4
1509667200,19271.4,19271.4,19175.4
1509926400,19271.4,19271.4,19271.4
1510012800,19271.4,19271.4,19271.4
1510099200,19271.4,19271.4,19271.4
1510185600,19271.4,19271.4,19271.4
1510272000,19271.4,19271.4,19271.4
1510531200,19271.4,19271.4,19271.4
1510617600,19271.4,19271.4,19271.4
1510704000,19271.4,19271.4,19271.4
1510790400,19227.2,19271.4,19208.4
1510876800,19156.2,19178.2,19141.8
1511136000,19068.9,19068.9,19068.9
1511222400,19068.9,19068.9,19068.9
1511308800,19068.9,19068.9,19068.9
1511395200,19068.9,19068.9,19068.9
1511481600,19068.9,19068.9,19068.9
1511740800,19001.3,19001.3,19001.3
1511827200,19001.3,19001.3,19001.3
1511913600,18921.9,18921.9,18921.9
1512000000,18947,18947,18905.8
1512086400,18947,18947,18947
1512345600,18947,18947,18947
1512432000,18947,18947,18947
1512518400,18947,18947,18947
1512604800,19263.7,19009.7,18937.1
1512691200,19253.4,19009.7,19181.2
1512950400,19371,19009.7,19198.7
1513036800,19348.1,19009.7,19314.7
1513123200,19262.5,19262.5,19262.5
1513209600,19262.5,19262.5,19262.5
1513296000,19262.5,19262.5,19262.5
1513555200,19262.5,19262.5,19262.5
1513641600,19262.5,19262.5,19262.5
1513728000,19262.5,19262.5,19262.5
1513814400,19234.2,19262.5,19222.8
1513900800,19175.3,19175.3,19175.3
1514246400,19298.5,19175.3,19143.3
1514332800,19455.6,19175.3,19272
1514419200,19692.8,19175.3,19434.5
1514505600,20199,19233.1,19661.2
1514851200,20669.6,19233.1,20133
1514937600,20484,20484,20463.3
1515024000,20536.8,20536.8,20459.7
1515110400,20414,20414,20414
1515369600,20414,20414,20414
1515456000,20414,20414,20414
1515542400,20452.8,20452.8,20406.1
1515628800,20452.8,20452.8,20452.8
1515715200,20391.6,20391.6,20259.9
1515974400,20433,20391.6,20364.5
1516060800,20267.6,20267.6,20267.6
1516147200,20267.6,20267.6,20267.6
1516233600,20243.8,20267.6,20229
1516320000,20310.7,20310.7,20237.3
1516579200,20310.7,20310.7,20310.7
1516665600,20310.7,20310.7,20310.7
1516752000,20567.8,20346.6,20302.4
1516838400,20459.3,20459.3,20459.3
1516924800,20416.7,20459.3,20404.7
1517184000,20358.7,20358.7,20358.7
1517270400,20300.2,20358.7,20286.7
1517356800,20358.7,20358.7,20257.5
1517443200,20414.9,20414.9,20292.4
1517529600,20414.9,20414.9,20414.9
1517788800,19842.9,19842.9,19804.8
1517875200,20218.1,19842.9,19740.9
1517961600,20029.2,19755.8,20027.6
1518048000,19625.1,19755.8,19622.4
1518134400,19625.5,19587.3,19445.2
1518393600,19699.2,19587.3,19518.9
1518480000,19676.7,19677.5,19644
1518566400,19711.5,19711.5,19676.3
1518652800,19711.5,19711.5,19711.5
1518739200,19543.8,19543.8,19543.8
1518998400,19543.8,19543.8,19543.8
1519084800,19543.8,19543.8,19543.8
1519171200,19543.8,19543.8,19543.8
1519257600,19543.8,19543.8,19543.8
1519344000,19543.8,19543.8,19543.8
1519603200,19504.4,19543.8,19490.7
1519689600,19484.5,19484.5,19484.5
1519776000,19484.5,19484.5,19484.5
1519862400,19506.1,19506.1,19479.3
1519948800,19496.4,19506.1,19448.7
1520208000,19548.3,19506.1,19464.5
1520294400,19482.8,19441.2,19456.6
1520380800,19423.6,19423.6,19423.6
1520467200,19423.6,19423.6,19423.6
1520553600,19423.6,19423.6,19423.6
1520812800,19423.6,19423.6,19423.6
1520899200,19423.6,19423.6,19423.6
1520985600,19423.6,19423.6,19423.6
1521072000,19423.6,19423.6,19423.6
1521158400,19423.6,19423.6,19423.6
1521417600,19423.6,19423.6,19423.6
1521504000,19423.6,19423.6,19423.6
1521590400,19423.6,19423.6,19423.6
1521676800,19423.6,19423.6,19423.6
1521763200,19331.9,19423.6,19303
1522022400,19741,19423.6,19290.3
1522108800,19535.8,19516,19462.5
1522195200,19441.4,19480.1,19407.8
1522281600,19546.3,19480.1,19413.9
1522627200,19524.1,19524.1,19524.1
1522713600,19524.1,19524.1,19524.1
1522800000,19545.7,19545.7,19518.1
1522886400,19545.7,19545.7,19545.7
1522972800,19545.7,19545.7,19545.7
1523232000,19545.7,19545.7,19545.7
1523318400,19547.6,19545.7,19528.5
1523404800,19496.8,19496.8,19496.8
1523491200,19496.8,19496.8,19496.8
1523577600,19515.5,19515.5,19461.5
1523836800,19515.5,19515.5,19515.5
1523923200,19515.5,19515.5,19515.5
1524009600,19533.6,19533.6,19506.3
1524096000,19468.2,19468.2,19468.2
1524182400,19468.2,19468.2,19468.2
1524441600,19468.2,19468.2,19468.2
1524528000,19468.2,19468.2,19468.2
1524614400,19514.5,19468.2,19388.9
1524700800,19659.9,19502.7,19465.2
1524787200,19661.5,19661.5,19653.3
1525046400,19709.8,19709.8,19654.8
1525132800,19743.9,19743.9,19705.6
1525219200,19743.9,19743.9,19743.9
1525305600,19762.3,19743.9,19668.9
1525392000,19791.6,19743.9,19691.3
1525651200,19786.1,19827,19760.7
1525737600,19848.9,19848.9,19773.6
1525824000,19768.5,19768.5,19768.5
1525910400,19768.5,19768.5,19768.5
1525996800,19768.5,19768.5,19768.5
1526256000,19793.8,19793.8,19743.4
1526342400,19826.8,19826.8,19783.3
1526428800,19867.7,19852.8,19730.8
1526515200,19828.6,19852.8,19807.7
1526601600,19778,19852.8,19758.7
1526860800,19776.9,19852.8,19763.2
1526947200,19743.2,19778.3,19710.9
1527033600,19725,19778.3,19693.1
1527120000,19691,19691,19691
1527206400,19691,19691,19691
1527465600,19691,19691,19691
1527552000,19615.9,19615.9,19615.9
1527638400,19569,19615.9,19557.6
1527724800,19543.6,19543.6,19543.6
1527811200,19562.9,19562.9,19538.6
1528070400,19562.9,19562.9,19562.9
1528156800,19562.9,19562.9,19562.9
1528243200,19551.3,19562.9,19518.4
1528329600,19545.8,19562.9,19508.3
1528416000,19582.8,19582.8,19540.5
1528675200,19536.5,19582.8,19529.1
1528761600,19579.6,19582.8,19537.6
1528848000,19543.2,19582.8,19537.5
1528934400,19511.1,19511.1,19511.1
1529020800,19432.9,19432.9,19432.9
1529280000,19432.9,19432.9,19432.9
1529366400,19434.1,19467.2,19406.6
1529452800,19548.2,19486.2,19396.5
1529539200,19498.4,19486.2,19467
1529625600,19497.3,19486.2,19468
1529884800,19443.9,19352,19421.9
1529971200,19574.5,19386.9,19425.8
1530057600,19666.3,19386.9,19566.1
1530144000,19715.1,19386.9,19608.7
1530230400,19617.8,19386.9,19580.1
1530489600,19837.6,19415.5,19602.6
1530576000,19683.6,19683.6,19683.6
1530662400,19683.6,19683.6,19683.6
1530748800,19640.7,19683.6,19628.9
1530835200,19661.3,19683.6,19634.6
1531094400,19608.3,19608.3,19608.3
1531180800,19649.6,19649.6,19603.2
1531267200,19684.4,19649.6,19619.5
1531353600,19697.2,19697.2,19676.7
1531440000,19724.2,19724.2,19693.7
1531699200,19724.2,19724.2,19724.2
1531785600,19681.7,19724.2,19671.7
1531872000,19618.4,19724.2,19616.6
1531958400,19820.7,19820.7,19619.5
1532044800,19820.7,19820.7,19820.7
1532304000,19866.4,19866.4,19788.1
1532390400,19866.4,19866.4,19866.4
1532476800,19866.4,19866.4,19866.4
1532563200,19888.7,19866.4,19842.1
1532649600,19911.5,19911.5,19878.2
1532908800,19911.5,19911.5,19911.5
1532995200,19971.2,19941.1,19857
1533081600,19993.2,19941.1,19962
1533168000,20100.1,19972.8,19923.5
1533254400,19889.1,19889.1,19889.1
1533513600,19917.1,19889.1,19877.6
1533600000,19889,19889.1,19853.1
1533686400,19865.7,19889.1,19855
1533772800,19875.2,19889.1,19842.3
1533859200,19930.1,19930.1,19870.4
1534118400,20131,19978.7,19923.7
1534204800,20182.1,19978.7,20025.7
1534291200,20613.1,20054.7,20160.7
1534377600,20768.5,20717.5,20571.7
1534464000,20769.1,20769.1,20757.3
1534723200,20769.1,20769.1,20769.1
1534809600,20769.1,20769.1,20769.1
1534896000,20731.7,20769.1,20686.7
1534982400,20814.5,20810.4,20723.8
1535068800,20712.1,20712.1,20712.1
1535328000,20637.1,20712.1,20635.3
1535414400,20717.7,20712.1,20620
1535500800,20672.4,20712.1,20671.3
1535587200,20744.8,20744.8,20669
1535673600,20744.8,20744.8,20744.8
1535932800,20744.8,20744.8,20744.8
1536019200,20769.7,20744.8,20720.6
1536105600,20708.6,20744.8,20700
1536192000,20535.4,20639.9,20470.9
1536278400,20554,20682.1,20424.4
1536537600,20586.3,20682.1,20518.1
1536624000,20660.2,20682.1,20502.5
1536710400,20655.4,20655.4,20653.8
1536796800,20664.8,20655.4,20561.8
1536883200,20687.8,20687.8,20602.2
1537142400,20687.8,20687.8,20687.8
1537228800,20659.5,20687.8,20611
1537315200,20583.7,20583.7,20583.7
1537401600,20583.7,20583.7,20583.7
1537488000,20614.9,20614.9,20575.9
1537747200,20614.9,20614.9,20614.9
1537833600,20614.9,20614.9,20614.9
1537920000,20644,20644,20607.6
1538006400,20775,20684.5,20639.7
1538092800,20560.5,20560.5,20560.5
1538352000,20524.7,20560.5,20501.1
1538438400,20463.5,20463.5,20463.5
1538524800,20463.5,20463.5,20463.5
1538611200,20463.5,20463.5,20463.5
1538697600,20463.5,20463.5,20463.5
1538956800,20551.6,20551.6,20451.2
1539043200,20551.6,20551.6,20551.6
1539129600,20551.6,20551.6,20551.6
1539216000,20435.8,20551.6,20192.1
1539302400,20463.4,20551.6,20279.9
1539561600,20433.6,20596.6,20363.2
1539648000,20735.4,20596.6,20408.6
1539734400,20711.9,20774.7,20702.9
1539820800,20738.7,20774.7,20683.2
1539907200,20742.3,20774.7,20716.9
1540166400,20704.6,20774.7,20691
1540252800,20792,20792,20702.9
1540339200,20792,20792,20792
1540425600,20792,20792,20792
1540512000,20822.5,20822.5,20787.8
1540771200,20822.5,20822.5,20822.5
1540857600,20822.5,20822.5,20822.5
1540944000,20822.5,20822.5,20822.5
1541030400,20890.2,20890.2,20808.7
1541116800,20869.2,20890.2,20843.2
1541376000,20855,20890.2,20815.8
1541462400,20791.1,20791.1,20791.1
1541548800,20728.6,20791.1,20723
1541635200,20691,20691,20691
1541721600,20631.3,20691,20624
1541980800,20882.5,20691,20606.7
1542067200,20853.4,20746,20752.2
1542153600,20641.5,20641.5,20641.5
1542240000,20641.5,20641.5,20641.5
1542326400,20641.5,20641.5,20641.5
1542585600,20641.5,20641.5,20641.5
1542672000,20674.9,20674.9,20601.2
1542758400,20704.3,20704.3,20664.8
1542844800,20684.4,20704.3,20683.4
1542931200,20638,20704.3,20613.6
1543190400,20632.6,20704.3,20629.4
1543276800,20598.5,20598.5,20598.5
1543363200,20598.5,20598.5,20598.5
1543449600,20562.7,20598.5,20544.3
1543536000,20496,20496,20496
1543795200,20517.6,20496,20480.4
1543881600,20571.9,20577.1,20511.6
1543968000,20545.3,20577.1,20503.2
1544054400,20552,20577.1,20514.4
1544140800,20666.2,20666.2,20545.2
1544400000,20666.2,20666.2,20666.2
1544486400,20602.3,20666.2,20582.1
1544572800,20626.1,20666.2,20591.5
1544659200,20583.2,20666.2,20562.1
1544745600,20550.7,20550.7,20550.7
1545004800,20583,20583,20536.9
1545091200,20579.1,20583,20534.5
1545177600,20629.7,20629.7,20544.5
1545264000,20683.3,20683.3,20620.5
1545350400,20683.3,20683.3,20683.3
1545609600,20712,20683.3,20622.8
1545782400,20710.7,20764.7,20672.4
1545868800,20938.7,20805.2,20682.8
1545955200,21030.3,20805.2,20887.7
1546214400,20988.5,20805.2,20927.5
1546387200,21133.5,20805.2,20961.6
1546473600,21379.1,20865.1,21175.1
1546560000,21110.9,21110.9,21110.9
1546819200,21074.5,21110.9,21052.9
1546905600,21009.6,21009.6,21009.6
1546992000,21009.6,21009.6,21009.6
1547078400,21009.6,21009.6,21009.6
1547164800,20940.5,21009.6,20937.2
1547424000,20974.5,21009.6,20943.9
1547510400,20950.7,21009.6,20932.6
1547596800,20987.7,21009.6,20940.5
1547683200,20969.4,21009.6,20943.1
1547769600,20900.4,20900.4,20900.4
1548028800,20900.4,20900.4,20900.4
1548115200,20936.9,20936.9,20888.3
1548201600,20883.9,20936.9,20845
1548288000,20828.7,20828.7,20828.7
1548374400,21016.3,20878,20799.5
1548633600,21023,20878,20859.4
1548720000,21317.9,20925.4,21006.5
1548806400,21595.6,20983.4,21149.2
1548892800,21676.9,21027,21528.7
1548979200,21570.7,21027,21527.2
1549238400,21458.2,21458.2,21458.2
1549324800,21458.2,21458.2,21458.2
1549411200,21458.2,21458.2,21458.2
1549497600,21458.2,21458.2,21458.2
1549584000,21458.2,21458.2,21458.2
1549843200,21458.2,21458.2,21458.2
1549929600,21433.5,21458.2,21403
1550016000,21524.1,21524.1,21397.3
1550102400,21524.1,21524.1,21524.1
1550188800,21565.6,21565.6,21511.6
1550448000,21529.4,21565.6,21516
1550534400,21963.9,21612.8,21444.9
1550620800,21871,21612.8,21851.3
1550707200,21715.8,21715.8,21715.8
1550793600,21715.8,21715.8,21715.8
1551052800,21715.8,21715.8,21715.8
1551139200,21715.8,21715.8,21715.8
1551225600,21715.8,21715.8,21715.8
1551312000,21754.6,21754.6,21708.4
1551398400,21754.6,21754.6,21754.6
1551657600,21790.3,21790.3,21748.6
1551744000,21756.6,21790.3,21756.5
1551830400,21766.7,21790.3,21734.2
1551916800,21612,21790.3,21500.2
1552003200,21487.5,21685.6,21285.8
1552262400,21847.9,21719,21385.6
1552348800,21848.1,21848.1,21848.1
1552435200,21888.8,21888.8,21838.1
1552521600,21888.8,21888.8,21888.8
1552608000,21888.8,21888.8,21888.8
1552867200,21877.8,21888.8,21855
1552953600,21944.7,21944.7,21866.4
1553040000,21944.7,21944.7,21944.7
1553126400,21707.5,21707.5,21707.5
1553212800,21711.9,21707.5,21676.6
1553472000,21807,21809.1,21690.3
1553558400,21676.4,21676.4,21676.4
1553644800,21572.4,21572.4,21572.4
1553731200,21572.4,21572.4,21572.4
1553817600,21572.4,21572.4,21572.4
1554076800,21568.6,21572.4,21482.3
1554163200,21517.9,21572.4,21517.2
1554249600,21543.6,21572.4,21506.1
1554336000,21622.4,21622.4,21514.7
1554422400,21622.4,21622.4,21622.4
1554681600,21622.4,21622.4,21622.4
1554768000,21622.4,21622.4,21622.4
1554854400,21622.4,21622.4,21622.4
1554940800,21622.4,21622.4,21622.4
1555027200,21622.4,21622.4,21622.4
1555286400,21663.4,21663.4,21592.5
1555372800,21718.5,21718.5,21639.8
1555459200,21718.5,21718.5,21718.5
1555545600,21718.5,21718.5,21718.5
1555891200,21718.5,21718.5,21718.5
1555977600,21775.2,21775.2,21683.5
1556064000,21775.2,21775.2,21775.2
1556150400,21775.2,21775.2,21775.2
1556236800,21775.2,21775.2,21775.2
1556496000,21814.3,21814.3,21766.7
1556582400,21814.3,21814.3,21814.3
1556668800,21814.3,21814.3,21814.3
1556755200,21801.3,21814.3,21784.9
1556841600,21710.6,21710.6,21710.6
1557100800,21702.5,21710.6,21678.9
1557187200,21653.1,21710.6,21644.5
1557273600,21474.9,21474.9,21474.9
1557360000,21474.9,21474.9,21474.9
1557446400,21474.9,21474.9,21474.9
1557705600,21706.5,21474.9,21455.7
1557792000,21752.8,21474.9,21627.1
1557878400,21768.2,21474.9,21590
1557964800,21514.6,21514.6,21514.6
1558051200,21555.5,21555.5,21484.5
1558310400,21505.6,21555.5,21502.5
1558396800,21598.5,21598.5,21503.8
1558483200,21598.5,21598.5,21598.5
1558569600,21598.5,21598.5,21598.5
1558656000,21598.5,21598.5,21598.5
1558915200,21598.5,21598.5,21598.5
1559001600,21598.5,21598.5,21598.5
1559088000,21598.5,21598.5,21598.5
1559174400,21496.9,21496.9,21496.9
1559260800,21550.6,21550.6,21470
1559520000,22159.8,21604.5,21590
1559606400,22075.5,21493.9,21915.5
1559692800,22337.3,22337.3,22043.6
1559779200,22351.2,22337.3,22325.4
1559865600,22404.5,22404.5,22293
1560124800,22404.5,22404.5,22404.5
1560211200,22404.5,22404.5,22404.5
1560297600,22358.9,22404.5,22333.5
1560384000,22434.3,22404.5,22351.3
1560470400,22259.3,22259.3,22259.3
1560729600,22259.3,22259.3,22259.3
1560816000,22240.5,22259.3,22177.2
1560902400,22341.3,22341.3,22193.7
1560988800,22901.8,22341.3,22292.1
1561075200,22977.2,22977.2,22872.4
1561334400,23016.1,22977.2,22961.8
1561420800,23058.6,22977.2,22935.9
1561507200,22852.8,22852.8,22852.8
1561593600,22852.8,22852.8,22852.8
1561680000,22852.8,22852.8,22852.8
1561939200,22852.8,22852.8,22852.8
1562025600,22899.2,22899.2,22832.6
1562112000,22899.2,22899.2,22899.2
1562198400,22899.2,22899.2,22899.2
1562284800,22899.2,22899.2,22899.2
1562544000,22842.4,22899.2,22825.5
1562630400,22852.5,22899.2,22794.5
1562716800,22950.2,22950.2,22814
1562803200,22950.2,22950.2,22950.2
1562889600,22950.2,22950.2,22950.2
1563148800,22950.2,22950.2,22950.2
1563235200,22950.2,22950.2,22950.2
1563321600,22950.2,22950.2,22950.2
1563408000,22950.2,22950.2,22950.2
1563494400,22818.9,22818.9,22818.9
1563753600,22818.9,22818.9,22818.9
1563840000,22818.9,22818.9,22818.9
1563926400,22825.1,22818.9,22800.9
1564012800,22851.6,22851.6,22804.3
1564099200,22851.6,22851.6,22851.6
1564358400,22851.6,22851.6,22851.6
1564444800,22851.6,22851.6,22851.6
1564531200,22851.6,22851.6,22851.6
1564617600,22716.1,22851.6,22696.9
1564704000,22501.5,22624.4,22395.2
1564963200,22280.8,22167.1,22111.4
1565049600,22943.5,22167.1,22197.9
1565136000,23411.9,22390.7,22854.2
1565222400,23658.6,22390.7,23231.6
1565308800,23653,23233.2,23626.2
1565568000,23865.8,23301.2,23554.8
1565654400,23673.8,23673.8,23673.8
1565740800,23713.9,23713.9,23669
1565827200,23713.9,23713.9,23713.9
1565913600,23713.9,23713.9,23713.9
1566172800,23713.9,23713.9,23713.9
1566259200,23713.9,23713.9,23713.9
1566345600,23713.9,23713.9,23713.9
1566432000,23713.9,23713.9,23713.9
1566518400,23713.9,23713.9,23713.9
1566777600,23575.1,23575.1,23575.1
1566864000,23617.2,23617.2,23543.3
1566950400,23597.4,23617.2,23570.9
1567036800,23519,23519,23519
1567123200,23519,23519,23519
1567382400,23519,23519,23519
1567468800,23557.4,23557.4,23501.6
1567555200,23557.4,23557.4,23557.4
1567641600,23557.4,23557.4,23557.4
1567728000,23557.4,23557.4,23557.4
1567987200,23557.4,23557.4,23557.4
1568073600,23557.4,23557.4,23557.4
1568160000,23557.4,23557.4,23557.4
1568246400,23622.3,23622.3,23548
1568332800,23529.9,23622.3,23516.9
1568592000,23578,23622.3,23566.3
1568678400,23591.5,23622.3,23553
1568764800,23511.8,23511.8,23511.8
1568851200,23513.1,23511.8,23500
1568937600,23552.3,23552.3,23510.2
1569196800,23552.1,23552.3,23270.9
1569283200,23208.1,23597.7,23020.5
1569369600,23235.5,23358.6,22984.5
1569456000,23210.7,23326.3,23139.8
1569542400,23075,23075,23075
1569801600,23075,23075,23075
1569888000,22982.5,22982.5,22982.5
1569974400,22982.5,22982.5,22982.5
1570060800,23104.6,23013.4,22856.1
1570147200,23274.7,23013.4,23052.6
1570406400,23226.4,23226.4,23226.4
1570492800,23226.4,23226.4,23226.4
1570579200,23226.4,23226.4,23226.4
1570665600,23226.4,23226.4,23226.4
1570752000,23272.9,23272.9,23217.8
1571011200,23272.9,23272.9,23272.9
1571097600,23272.9,23272.9,23272.9
1571184000,23272.9,23272.9,23272.9
1571270400,23229.1,23272.9,23208.9
1571356800,23240.4,23272.9,23220.3
1571616000,23269.6,23272.9,23219.2
1571702400,23250.8,23272.9,23249.5
1571788800,23230.3,23272.9,23213.5
1571875200,23174.3,23272.9,23174
1571961600,23213.1,23213.1,23148.7
1572220800,23112.6,23112.6,23112.6
1572307200,23112.6,23112.6,23112.6
1572393600,23112.6,23112.6,23112.6
1572480000,23156.7,23156.7,23100.3
1572566400,23148.6,23156.7,23065.1
1572825600,23111.4,23156.7,23072.2
1572912000,23054.6,23054.6,23054.6
1572998400,23054.6,23054.6,23054.6
1573084800,23054.6,23054.6,23054.6
1573171200,23085.9,23085.9,23050.7
1573430400,23085.9,23085.9,23085.9
1573516800,23085.9,23085.9,23085.9
1573603200,23085.9,23085.9,23085.9
1573689600,23085.9,23085.9,23085.9
1573776000,23048.7,23085.9,23044.4
1574035200,23028,23085.9,23015.6
1574121600,23018.6,23085.9,23007.3
1574208000,22995.2,22995.2,22995.2
1574294400,23032.3,23032.3,22979.7
1574380800,23032.3,23032.3,23032.3
1574640000,23040.3,23032.3,23002.6
1574726400,23067,23067,23039.5
1574812800,23093.2,23093.2,23052
1574899200,23093.2,23093.2,23093.2
1574985600,23093.2,23093.2,23093.2
1575244800,23123.3,23123.3,23075.8
1575331200,22618.1,22715.2,22542.6
1575417600,22534.3,22621.5,22478.1
1575504000,22572.7,22621.5,22523
1575590400,22647.9,22538.1,22547.8
1575849600,22651,22651,22641.8
1575936000,22651,22651,22651
1576022400,22651,22651,22651
1576108800,22651,22651,22651
1576195200,22651,22651,22651
1576454400,22633.5,22651,22621.5
1576540800,22632.7,22651,22622.8
1576627200,22625.4,22651,22599
1576713600,22643.6,22651,22611.8
1576800000,22637.6,22651,22626
1577059200,22672.8,22669.4,22634.8
1577145600,23105.3,22779.8,22664.4
1577318400,23459.9,22779.8,23105.3
1577404800,23440.7,22779.8,23347.1
1577664000,23563.6,22779.8,23442.8
1577750400,23606,22664.2,23494.2
1577923200,23848.3,22664.2,23543.6
1578009600,24345.1,24248.2,23821
1578268800,24538,24538,24538
1578355200,24570.2,24538,24472.3
1578441600,24532.4,24532.4,24532.4
1578528000,24532.4,24532.4,24532.4
1578614400,24532.4,24532.4,24532.4
1578873600,24532.4,24532.4,24532.4
1578960000,24532.8,24532.4,24501
1579046400,24587,24587,24532.1
1579132800,24587,24587,24587
1579219200,24587,24587,24587
1579478400,24587,24587,24587
1579564800,24587,24587,24587
1579651200,24586.9,24587,24566
1579737600,24625.4,24625.4,24545.3
1579824000,24625.4,24625.4,24625.4
1580083200,24601,24625.4,24567.8
1580169600,24870.5,24505.5,24558.9
1580256000,24934.3,24557.9,24802.9
1580342400,25096.9,24557.9,24489.8
1580428800,25231.4,25231.4,25083.6
1580688000,25084.5,25084.5,25084.5
1580774400,25084.5,25084.5,25084.5
1580860800,25027.3,25084.5,24981
1580947200,25103.1,25084.5,25010.7
1581033600,25137.9,25137.9,25061.5
1581292800,25137.9,25137.9,25137.9
1581379200,25137.9,25137.9,25137.9
1581465600,25137.9,25137.9,25137.9
1581552000,25135.6,25137.9,25104.3
1581638400,25187.5,25187.5,25111.9
1581897600,25187.5,25187.5,25187.5
1581984000,25154.1,25187.5,25125.1
1582070400,25517.2,25242.1,25099.9
1582156800,25843.9,25295.8,25273
1582243200,27277.6,25424.1,25817.1
1582502400,27640.5,27640.5,27220.9
1582588800,26813.5,26813.5,26813.5
1582675200,26554.1,26721.3,26504.6
1582761600,26266.4,26266.4,26266.4
1582848000,26297.2,26266.4,26169.2
1583107200,26365.8,26266.4,26216.3
1583193600,26483.6,26483.6,26343.8
1583280000,26483.6,26483.6,26483.6
1583366400,26483.6,26483.6,26483.6
1583452800,26414.7,26414.7,26414.7
1583712000,26306.9,26306.9,26306.9
1583798400,26306.9,26306.9,26306.9
1583884800,26248.5,26306.9,26239.7
1583971200,26228.7,26228.7,26228.7
1584057600,26228.7,26228.7,26228.7
1584316800,26265.5,26265.5,26220.5
1584403200,26215.4,26215.4,26215.4
1584489600,26235.1,26215.4,26194.5
1584576000,26250.3,26250.3,26216.4
1584662400,26250.3,26250.3,26250.3
1584921600,26250.3,26250.3,26250.3
1585008000,26250.3,26250.3,26250.3
1585094400,26250.3,26250.3,26250.3
1585180800,26250.3,26250.3,26250.3
1585267200,26250.3,26250.3,26250.3
1585526400,26250.3,26250.3,26250.3
1585612800,26250.3,26250.3,26250.3
1585699200,26250.3,26250.3,26250.3
1585785600,26250.3,26250.3,26250.3
1585872000,26250.3,26250.3,26250.3
1586131200,26367.3,26278.9,26245.1
1586217600,26234.5,26278.9,26208.6
1586304000,26216.7,26278.9,26194.7
1586390400,26452.3,26278.9,26214.6
1586736000,26731.4,26315,26429.8
1586822400,26877.2,26365.2,26700.2
1586908800,26740.8,26740.8,26740.8
1586995200,26775,26775,26722.9
1587081600,26775,26775,26775
1587340800,26815.4,26815.4,26750.2
1587427200,26725.5,26725.5,26725.5
1587513600,26760.6,26760.6,26722
1587600000,26797.4,26797.4,26757.7
1587686400,26768.4,26797.4,26734.9
1587945600,26741.5,26797.4,26720.6
1588032000,26686,26702.3,26640.9
1588118400,26694.3,26702.3,26658.5
1588204800,26612.3,26612.3,26612.3
1588291200,26612.3,26612.3,26612.3
1588550400,26593.9,26612.3,26581.4
1588636800,26605.7,26612.3,26560.9
1588723200,26549.3,26612.3,26532.4
1588809600,26641.4,26641.4,26541
1588896000,26562.6,26641.4,26553.4
1589155200,26537.6,26537.6,26537.6
1589241600,26537.1,26537.6,26516.7
1589328000,26573.2,26573.2,26519.8
1589414400,26543.2,26573.2,26533.1
1589500800,26752.4,26573.2,26531.4
1589760000,26514.5,26514.5,26514.5
1589846400,26514.5,26514.5,26514.5
1589932800,26514.5,26514.5,26514.5
1590019200,26514.5,26514.5,26514.5
1590105600,26495.2,26514.5,26479.7
1590364800,26472.6,26514.5,26453.2
1590451200,26418.5,26418.5,26418.5
1590537600,26418.5,26418.5,26418.5
1590624000,26408.4,26418.5,26375.6
1590710400,26463.3,26463.3,26380.8
1590969600,26463.3,26463.3,26463.3
1591056000,26463.3,26463.3,26463.3
1591142400,26463.3,26463.3,26463.3
1591228800,26463.3,26463.3,26463.3
1591315200,26463.3,26463.3,26463.3
1591574400,26463.3,26463.3,26463.3
1591660800,26463.3,26463.3,26463.3
1591747200,26463.3,26463.3,26463.3
1591833600,26463.3,26463.3,26463.3
1591920000,26493.6,26493.6,26458.1
1592179200,26493.6,26493.6,26493.6
1592265600,26493.6,26493.6,26493.6
1592352000,26493.6,26493.6,26493.6
1592438400,26493.6,26493.6,26493.6
1592524800,26525.3,26525.3,26487.8
1592784000,26595.7,26525.3,26440.3
1592870400,26801.1,26525.3,26502.3
1592956800,26529.2,26606.8,26499.7
1593043200,26549.5,26606.8,26508.2
1593129600,26496.9,26496.9,26496.9
1593388800,26496.9,26496.9,26496.9
1593475200,26458.1,26496.9,26433.5
1593561600,26383.6,26383.6,26383.6
1593648000,26407.9,26407.9,26330.4
1593734400,26407.9,26407.9,26407.9
1593993600,26442.4,26442.4,26390.7
1594080000,26422.2,26442.4,26414.1
1594166400,26611.9,26442.4,26372.5
1594252800,26324.6,26324.6,26324.6
1594339200,26302.3,26324.6,26282.3
1594598400,26356.7,26356.7,26296.3
1594684800,26356.7,26356.7,26356.7
1594771200,26346,26356.7,26307.6
1594857600,26268.8,26268.8,26268.8
1594944000,26268.8,26268.8,26268.8
1595203200,26295,26295,26259.8
1595289600,26648.2,26333.8,26247.6
1595376000,26817.8,26817.8,26645.5
1595462400,27120.6,26892.4,26690.9
1595548800,27348.7,26944.8,27004.5
1595808000,27899.4,26944.8,27348.7
1595894400,28280.2,28280.2,27868.7
1595980800,28280.2,28280.2,28280.2
1596067200,28280.2,28280.2,28280.2
1596153600,28280.2,28280.2,28280.2
1596412800,28280.2,28280.2,28280.2
1596499200,28576.8,28280.2,28260.6
1596585600,28826.9,28280.2,28408
1596672000,29296.2,28385.7,28721.1
1596758400,28910.5,28910.5,28910.5
1597017600,28910.5,28910.5,28910.5
1597104000,28910.5,28910.5,28910.5
1597190400,29007.6,28910.5,28876.1
1597276800,29091.9,29027.7,28976.5
1597363200,29071,29027.7,29033.9
1597622400,29185.3,29027.7,29025
1597708800,29199.4,29211.9,29113
1597795200,29068.5,29068.5,29068.5
1597881600,29102.4,29068.5,28965.8
1597968000,29192.5,29068.5,28994.6
1598227200,29185.7,29185.7,29176.1
1598313600,29185.7,29185.7,29185.7
1598400000,29185.7,29185.7,29185.7
1598486400,29185.7,29185.7,29185.7
1598572800,29244.1,29185.7,29165
1598832000,29260.7,29260.7,29243.2
1598918400,29193.9,29260.7,29179.4
1599004800,29140.8,29140.8,29140.8
1599091200,29140.8,29140.8,29140.8
1599177600,29140.8,29140.8,29140.8
1599436800,29140.8,29140.8,29140.8
1599523200,29140.8,29140.8,29140.8
1599609600,29492.7,29140.8,29117.8
1599696000,29270,29140.8,29180.6
1599782400,29180.4,29140.8,29075.9
1600041600,29387.7,29140.8,29167.2
1600128000,29267.4,29362.9,29233.2
1600214400,29292.1,29362.9,29240.5
1600300800,29215,29215,29215
1600387200,29175.9,29215,29132.2
1600646400,29067.7,29067.7,29067.7
1600732800,29037.6,29067.7,28942.2
1600819200,29195.9,29195.9,29015.4
1600905600,29221.7,29195.9,29126.3
1600992000,29288.7,29195.9,29119.8
1601251200,29188.2,29303,29179.6
1601337600,29166.2,29166.2,29166.2
1601424000,29137.2,29166.2,29068.5
1601510400,29026,29026,29026
1601596800,29026,29026,29026
1601856000,28892.1,28892.1,28892.1
1601942400,28892.1,28892.1,28892.1
1602028800,28892.1,28892.1,28892.1
1602115200,28892.1,28892.1,28892.1
1602201600,28931,28892.1,28847.1
1602460800,28886.1,28892.1,28810.4
1602547200,28718.3,28718.3,28718.3
1602633600,28718.3,28718.3,28718.3
1602720000,28624.6,28718.3,28623.9
1602806400,28669.8,28718.3,28603.9
1603065600,28591,28591,28591
1603152000,28592.9,28591,28490.9
1603238400,28549.3,28642,28405.7
1603324800,28662.2,28642,28355.1
1603411200,28665.5,28697.3,28609.6
1603670400,28647.2,28647.2,28647.2
1603756800,28595.1,28647.2,28576.9
1603843200,28278.5,28705.8,28189.9
1603929600,28182.9,28184.2,28112.6
1604016000,28124.1,28184.2,28064.6
1604275200,28130.2,28184.2,28062
1604361600,28139.3,28085.7,28039.6
1604448000,28115.1,28115.1,28104.5
1604534400,28295,28155.2,28094.6
1604620800,28461.7,28213.6,28188
1604880000,28157.8,28157.8,28157.8
1604966400,28157.8,28157.8,28157.8
1605052800,28157.8,28157.8,28157.8
1605139200,28157.8,28157.8,28157.8
1605225600,28157.8,28157.8,28157.8
1605484800,28191.9,28191.9,28133.6
1605571200,28191.9,28191.9,28191.9
1605657600,28191.9,28191.9,28191.9
1605744000,28174.8,28191.9,28155.9
1605830400,28145.8,28191.9,28122.5
1606089600,28235.5,28235.5,28133.1
1606176000,28295.2,28295.2,28224.8
1606262400,28295.2,28295.2,28295.2
1606348800,28295.2,28295.2,28295.2
1606435200,28295.2,28295.2,28295.2
1606694400,28150.4,28150.4,28150.4
1606780800,28150.4,28150.4,28150.4
1606867200,28150.4,28150.4,28150.4
1606953600,28150.4,28150.4,28150.4
1607040000,28150.4,28150.4,28150.4
1607299200,28188,28188,28150.4
1607385600,28147.8,28188,28128.3
1607472000,28230.4,28230.4,28143.5
1607558400,28204,28230.4,28156.1
1607644800,28203.7,28230.4,28165.1
1607904000,28262.7,28262.7,28201.1
1607990400,28378.5,28262.7,28228.1
1608076800,28386,28386,28372.4
1608163200,28511.1,28432.2,28323.7
1608249600,28470.7,28432.2,28401.3
1608508800,28379.5,28379.5,28379.5
1608595200,28379.5,28379.5,28379.5
1608681600,28379.5,28379.5,28379.5
1608768000,28379.5,28379.5,28379.5
1609113600,28379.5,28379.5,28379.5
1609200000,28348,28379.5,28321.3
1609286400,28415.5,28415.5,28341.8
1609372800,28415.5,28415.5,28415.5
1609718400,28918.7,28508.8,28388.9
1609804800,29085.9,28508.8,28796.5
1609891200,28691,28691,28691
1609977600,28691,28691,28691
1610064000,28691,28691,28691
1610323200,28691,28691,28691
1610409600,28691,28691,28691
1610496000,28691,28691,28691
1610582400,28691,28691,28691
1610668800,28691,28691,28691
1610928000,28745.6,28691,28671.1
1611014400,28819.6,28691,28734
1611100800,28801.5,28801.5,28796.8
1611187200,28801.5,28801.5,28801.5
1611273600,28801.5,28801.5,28801.5
1611532800,28801.5,28801.5,28801.5
1611619200,28800.6,28801.5,28763.4
1611705600,28883.8,28883.8,28800.2
1611792000,29131.8,28883.8,28787.7
1611878400,28658.9,28883.8,28589.4
1612137600,29024.1,28883.8,28589.4
1612224000,29436.8,28951.5,28966.5
1612310400,29429.2,29430.6,29386.7
1612396800,29485.7,29591.9,29425.6
1612483200,29416.9,29416.9,29416.9
1612742400,29274.5,29274.5,29274.5
1612828800,29274.5,29274.5,29274.5
1612915200,29274.5,29274.5,29274.5
1613001600,29274.5,29274.5,29274.5
1613088000,29227.3,29274.5,29203
1613347200,29253.9,29274.5,29221.2
1613433600,29320.1,29320.1,29223.7
1613520000,29380.3,29371.1,29267.3
1613606400,29195.9,29195.9,29195.9
1613692800,29024.3,29024.3,29024.3
1613952000,28629.5,28736.2,28607.7
1614038400,28149.8,28164.2,28129.9
1614124800,28222.3,28222.3,28111.4
1614211200,28276.9,28276.9,28206.6
1614297600,28623.3,28365.5,28093.3
1614556800,28452.3,28452.3,28452.3
1614643200,28306,28306,28306
1614729600,28306,28306,28306
1614816000,28316.8,28306,28262.6
1614902400,28231.5,28306,28203
1615161600,28160.2,28208.1,28159.5
1615248000,28078.1,28078.1,28078.1
1615334400,28020.6,28078.1,28019.8
1615420800,28035.2,28078.1,27983.6
1615507200,28013.4,28078.1,28008.6
1615766400,28004.3,28078.1,27999.3
1615852800,27982.1,27982.1,27982.1
1615939200,27899.5,27982.1,27892.5
1616025600,27910.2,27910.2,27875.5
1616112000,27910.2,27910.2,27910.2
1616371200,27863.3,27910.2,27861.5
1616457600,27912.9,27910.2,27855.7
1616544000,27881.1,27910.2,27871.8
1616630400,27909.6,27910.2,27842.9
1616716800,27895.8,27910.2,27877.7
1616976000,27962.8,27962.8,27890.2
1617062400,28209.9,28035.6,27917.6
1617148800,27960.8,27960.8,27960.8
1617235200,27960.8,27960.8,27960.8
1617321600,27960.8,27960.8,27960.8
1617580800,27960.8,27960.8,27960.8
1617667200,27960.8,27960.8,27960.8
1617753600,27943.7,27960.8,27921.1
1617840000,27867.1,27867.1,27867.1
1617926400,27867.1,27867.1,27867.1
1618185600,27867.1,27867.1,27867.1
1618272000,27867.1,27867.1,27867.1
1618358400,27867.1,27867.1,27867.1
1618444800,27867.1,27867.1,27867.1
1618531200,27892.9,27892.9,27858.1
1618790400,27823.9,27892.9,27804.3
1618876800,27801.8,27801.8,27801.8
1618963200,27801.8,27801.8,27801.8
1619049600,27801.8,27801.8,27801.8
1619136000,27723.4,27723.4,27723.4
1619395200,27723.4,27723.4,27723.4
1619481600,27723.4,27723.4,27723.4
1619568000,27723.4,27723.4,27723.4
1619654400,27723.4,27723.4,27723.4
1619740800,27723.4,27723.4,27723.4
1620000000,27786.6,27786.6,27693.5
1620086400,27597.2,27597.2,27597.2
1620172800,27597.2,27597.2,27597.2
1620259200,27702,27648.9,27559
1620345600,27782.7,27686.3,27683.3
1620604800,27773.2,27791.3,27765.7
1620691200,27711.8,27711.8,27711.8
1620777600,27711.8,27711.8,27711.8
1620864000,27906.7,27711.8,27557.2
1620950400,28221.5,27711.8,27885.9
1621209600,28251.9,28251.9,28199
1621296000,28240.4,28251.9,28150.4
1621382400,27973.3,27973.3,27973.3
1621468800,27973.3,27973.3,27973.3
1621555200,27999.9,27999.9,27968.7
1621814400,27999.9,27999.9,27999.9
1621900800,28093,27999.9,27961.8
1621987200,27996,28066.8,27902.7
1622073600,27963.8,27961.3,27841
1622160000,27811.7,27811.7,27811.7
1622419200,27811.7,27811.7,27811.7
1622505600,27811.7,27811.7,27811.7
1622592000,27811.7,27811.7,27811.7
1622678400,27811.7,27811.7,27811.7
1622764800,28031.3,27884.7,27774.8
1623024000,28035.7,28035.7,28029.4
1623110400,28035.7,28035.7,28035.7
1623196800,28035.7,28035.7,28035.7
1623283200,28035.7,28035.7,28035.7
1623369600,28035.7,28035.7,28035.7
1623628800,28035.7,28035.7,28035.7
1623715200,28035.7,28035.7,28035.7
1623801600,28035.7,28035.7,28035.7
1623888000,28510.3,28097.6,27911.5
1623974400,28585.6,28097.6,28282.7
1624233600,28935.7,28097.6,28330.1
1624320000,28992.4,28636,28882
1624406400,29005.6,28636,28763.5
1624492800,29042.6,28636,28873
1624579200,28960.8,28636,28833.4
1624838400,29004.7,28636,28905.5
1624924800,29241.6,28687.9,28999.7
1625011200,29075.7,28687.9,29021.5
1625097600,28959.2,28562.9,28899.1
1625184000,28871.9,28871.9,28871.9
1625443200,28871.9,28871.9,28871.9
1625529600,28871.9,28871.9,28871.9
1625616000,28871.9,28871.9,28871.9
1625702400,28871.9,28871.9,28871.9
1625788800,28871.9,28871.9,28871.9
1626048000,28793.1,28871.9,28791.2
1626134400,28730.4,28730.4,28730.4
1626220800,28730.4,28730.4,28730.4
1626307200,28524.9,28560.8,28450.2
1626393600,28416.6,28416.6,28416.6
1626652800,28116.7,28159.8,28014.3
1626739200,28222,28159.8,28062.9
1626825600,28268.9,28268.9,28188.8
1626912000,28200.8,28268.9,28199.1
1626998400,28303.3,28303.3,28186.9
1627257600,28303.3,28303.3,28303.3
1627344000,28303.3,28303.3,28303.3
1627430400,28227,28303.3,28216.9
1627516800,28185.1,28185.1,28185.1
1627603200,28185.1,28185.1,28185.1
1627862400,28185.1,28185.1,28185.1
1627948800,28185.1,28185.1,28185.1
1628035200,28185.1,28185.1,28185.1
1628121600,28185.1,28185.1,28185.1
1628208000,28469.5,28218.4,28164.4
1628467200,29533.9,29533.9,28447.5
1628553600,29573.8,29573.8,29509.8
1628640000,29573.8,29573.8,29573.8
1628726400,29573.8,29573.8,29573.8
1628812800,29573.8,29573.8,29573.8
1629072000,29489.1,29573.8,29483.9
1629158400,29493.2,29573.8,29452.4
1629244800,29487.4,29573.8,29461.2
1629331200,29570.8,29573.8,28936.1
1629417600,29992.2,29573.8,29208.5
1629676800,30090,29868,29946.5
1629763200,30083.5,30083.5,30080.6
1629849600,30083.5,30083.5,30083.5
1629936000,30083.5,30083.5,30083.5
1630022400,30083.5,30083.5,30083.5
1630281600,29905.9,29905.9,29905.9
1630368000,29905.9,29905.9,29905.9
1630454400,29905.9,29905.9,29905.9
1630540800,29838,29905.9,29800
1630627200,30058.2,29951.3,29829.7
1630886400,29924.9,29951.3,29880
1630972800,29761.4,29761.4,29761.4
1631059200,29761.4,29761.4,29761.4
1631145600,29761.4,29761.4,29761.4
1631232000,29512.7,29761.4,29442
1631491200,29640.4,29761.4,29274.8
1631577600,29266,29761.4,29115.6
1631664000,29666.4,29761.4,29101.4
1631750400,29942.7,29776.1,29636.2
1631836800,29927.6,29776.1,29659.8
1632096000,29690.5,29690.5,29690.5
1632182400,29559.5,29559.5,29559.5
1632268800,29929.2,29559.5,29443.2
1632355200,30178.1,29717.7,29866.6
1632441600,30162.9,30162.9,30162.9
1632700800,30141.6,30162.9,30098.3
1632787200,30067.7,30062.9,30025.8
1632873600,30079.8,30159,30032.3
1632960000,29939.7,29983,29922.2
1633046400,30057.5,29983,29765
1633305600,29713.8,29983,29585.9
1633392000,29939.2,29983,29621.8
1633478400,30102.3,30101,29879.7
1633564800,30079.6,30079.6,30079.6
1633651200,30079.6,30079.6,30079.6
1633910400,30065.8,30079.6,30023.5
1633996800,30010.3,30079.6,29949.9
1634083200,29928.8,29928.8,29928.8
1634169600,29933.1,29928.8,29898
1634256000,29780.1,29780.1,29780.1
1634515200,29743.3,29780.1,29702.1
1634601600,29634.5,29634.5,29634.5
1634688000,29634.5,29634.5,29634.5
1634774400,29634.5,29634.5,29634.5
1634860800,29715.5,29715.5,29603.6
1635120000,29756.5,29715.5,29687.6
1635206400,29564.9,29564.9,29564.9
1635292800,29564.9,29564.9,29564.9
1635379200,29564.9,29564.9,29564.9
1635465600,29564.9,29564.9,29564.9
1635724800,29564.9,29564.9,29564.9
1635811200,29492.6,29564.9,29484.2
1635897600,29427.4,29427.4,29427.4
1635984000,29427.4,29427.4,29427.4
1636070400,29496.2,29475.7,29339.3
1636329600,29652.7,29475.7,29432.7
1636416000,29816,29475.7,29518.4
1636502400,30140.3,29515.5,29576.7
1636588800,30465.9,29515.5,30043.9
1636675200,30787.8,29605.2,30026
1636934400,30713.6,29773.7,30567.5
1637020800,30521.5,30521.5,30521.5
1637107200,30567.2,30567.2,30515.7
1637193600,30567.2,30567.2,30567.2
1637280000,30567.2,30567.2,30567.2
1637539200,30567.4,30567.2,30530.8
1637625600,30683.7,30630.1,30435.9
1637712000,30736.8,30736.8,30679.5
1637798400,30736.8,30736.8,30736.8
1637884800,30736.8,30736.8,30736.8
1638144000,31012.5,30736.8,30732.8
1638230400,30437.7,30736.8,30321.4
1638316800,29938.7,29938.7,29938.7
1638403200,29818.6,29938.7,29807.3
1638489600,29688.2,29773.1,29671.8
1638748800,29703.5,29773.1,29664.8
1638835200,29674.2,29773.1,29664.2
1638921600,29656.5,29656.5,29656.5
1639008000,29656.5,29656.5,29656.5
1639094400,29544.4,29544.4,29544.4
1639353600,29544.4,29544.4,29544.4
1639440000,29544.4,29544.4,29544.4
1639526400,29588.2,29588.2,29498.1
1639612800,29588.2,29588.2,29588.2
1639699200,29534.8,29588.2,29505.6
1639958400,29470.2,29470.2,29470.2
1640044800,29470.2,29470.2,29470.2
1640131200,29470.2,29470.2,29470.2
1640217600,29470.2,29470.2,29470.2
1640563200,29470.2,29470.2,29470.2
1640649600,29259.3,29329.3,29250.9
1640736000,29223.5,29223.5,29223.5
1640822400,29223.5,29223.5,29223.5
1640908800,29330.2,29223.5,29139.3
1641168000,29091.2,29091.2,29091.2
1641254400,29091.2,29091.2,29091.2
1641340800,29091.2,29091.2,29091.2
1641427200,29100.7,29091.2,28949.2
1641513600,28950.9,29091.2,28898.2
1641772800,28696.8,28696.8,28696.8
1641859200,28739.6,28739.6,28654.3
1641945600,28739.6,28739.6,28739.6
1642032000,28739.6,28739.6,28739.6
1642118400,28691,28739.6,28681.5
1642377600,28694.7,28739.6,28674.1
1642464000,28668.4,28668.4,28668.4
1642550400,28475.5,28668.4,28461.1
1642636800,28304,28668.4,28254.4
1642723200,28069.3,28110.5,28052.9
1642982400,28108.4,28110.5,28056.3
1643068800,28102.1,28131.5,28076.3
1643155200,28048.9,28048.9,28048.9
1643241600,28048.9,28048.9,28048.9
1643328000,28056.5,28048.9,28029.5
1643587200,27971.9,27971.9,27971.9
1643673600,27971.9,27971.9,27971.9
1643760000,27971.9,27971.9,27971.9
1643846400,27971.9,27971.9,27971.9
1643932800,27971.9,27971.9,27971.9
1644192000,27971.9,27971.9,27971.9
1644278400,27971.9,27971.9,27971.9
1644364800,27971.9,27971.9,27971.9
1644451200,27971.9,27971.9,27971.9
1644537600,27992.5,27992.5,27960.7
1644796800,27911.7,27911.7,27911.7
1644883200,27827.7,27827.7,27827.7
1644969600,27844.7,27844.7,27811.5
1645056000,27950,27872.6,27790.8
1645142400,27983.5,27872.6,27853
1645401600,28049,27872.6,27858.5
1645488000,27945.7,27872.6,27886.6
1645574400,28025.7,27872.6,27870.6
1645660800,28248.1,28248.1,28024.4
1645747200,28248.1,28248.1,28248.1
1646006400,28248.1,28248.1,28248.1
1646092800,28248.1,28248.1,28248.1
1646179200,28214.3,28248.1,28185.1
1646265600,28229.1,28248.1,28199.6
1646352000,28271.2,28271.2,28214.2
1646611200,28131.8,28131.8,28131.8
1646697600,28305.4,28131.8,28116.1
1646784000,28176.6,28176.6,28176.6
1646870400,28178,28176.6,28162.6
1646956800,28160.5,28176.6,28139.1
1647216000,28130.8,28130.8,28130.8
1647302400,28130.8,28130.8,28130.8
1647388800,28130.8,28130.8,28130.8
1647475200,28133.3,28130.8,28125.9
1647561600,28115.5,28130.8,28108.7
1647820800,28126.6,28130.8,28108.5
1647907200,28111.4,28130.8,28100.9
1647993600,28133.6,28130.8,28105.5
1648080000,28152.6,28152.6,28126.5
1648166400,28152.6,28152.6,28152.6
1648425600,28152.6,28152.6,28152.6
1648512000,28152.6,28152.6,28152.6
1648598400,28152.6,28152.6,28152.6
1648684800,28152.6,28152.6,28152.6
1648771200,28152.6,28152.6,28152.6
1649030400,28158.1,28152.6,28141.8
1649116800,28178.7,28178.7,28140.7
1649203200,28173.7,28178.7,28158.5
1649289600,28194.1,28194.1,28166.3
1649376000,28194.1,28194.1,28194.1
1649635200,28217.2,28217.2,28191.6
1649721600,28190,28217.2,28145.5
1649808000,28257.2,28217.2,28159.1
1649894400,28212,28217.2,28105.3
1650240000,28229.3,28236.1,28204.9
1650326400,28117.1,28117.1,28117.1
1650412800,28130.3,28117.1,28096
1650499200,28112.1,28117.1,28072
1650585600,28050.8,28050.8,28050.8
1650844800,28083.8,28050.8,28048.7
1650931200,28060.9,28050.8,28049.5
1651017600,28111.9,28111.9,28060.9
1651104000,28111.9,28111.9,28111.9
1651190400,28111.9,28111.9,28111.9
1651449600,28158.9,28158.9,28110.7
1651536000,28131,28158.9,28113.1
1651622400,28110.9,28110.9,28110.9
1651708800,28131.5,28131.5,28076
1651795200,28131.5,28131.5,28131.5
1652054400,28156.7,28156.7,28124.9
1652140800,28156.7,28156.7,28156.7
1652227200,28156.7,28156.7,28156.7
1652313600,28179.3,28179.3,28142.4
1652400000,28208.9,28179.3,28114.1
1652659200,28186.6,28186.6,28186.6
1652745600,28186.6,28186.6,28186.6
1652832000,28186.6,28186.6,28186.6
1652918400,28186.6,28186.6,28186.6
1653004800,28186.6,28186.6,28186.6
1653264000,28186.6,28186.6,28186.6
1653350400,28186.6,28186.6,28186.6
1653436800,28210.7,28210.7,28177.4
1653523200,28191.8,28210.7,28187.8
1653609600,28188.3,28210.7,28171.5
1653868800,28181,28210.7,28167.3
1653955200,28219,28210.7,28179.4
1654041600,28170.6,28170.6,28170.6
1654128000,28170.6,28170.6,28170.6
1654214400,28113.5,28113.5,28078.1
1654473600,28113.5,28113.5,28113.5
1654560000,28113.5,28113.5,28113.5
1654646400,28113.5,28113.5,28113.5
1654732800,28131,28131,28102.5
1654819200,28131,28131,28131
1655078400,28131,28131,28131
1655164800,28084.2,28084.2,28031.3
1655251200,28009.3,28009.3,28009.3
1655337600,28025.6,28025.6,27992
1655424000,28025.6,28025.6,28025.6
1655683200,28025.6,28025.6,28025.6
1655769600,28022.3,28025.6,28002.6
1655856000,28012.1,28025.6,27993.9
1655942400,28039.3,28025.6,27996.7
1656028800,28044.5,28044.5,28036.9
1656288000,28044.5,28044.5,28044.5
1656374400,28044.5,28044.5,28044.5
1656460800,28044.5,28044.5,28044.5
1656547200,28065.4,28065.4,28034.4
1656633600,27935.4,27988.2,27929.3
1656892800,27912.8,27927.9,27904
1656979200,27955.3,27962.7,27899
1657065600,28171.9,27991.8,27920.9
1657152000,28167,27991.8,28115.4
1657238400,28155.3,27991.8,28050.6
1657497600,28237.5,28012.7,28118.7
1657584000,28290.9,28012.7,28169.7
1657670400,28205.7,28205.7,28205.7
1657756800,28197.9,28243.7,28191.9
1657843200,28165.3,28165.3,28165.3
1658102400,28165.3,28165.3,28165.3
1658188800,28165.3,28165.3,28165.3
1658275200,28165.3,28165.3,28165.3
1658361600,28106.2,28106.2,28106.2
1658448000,28106.2,28106.2,28106.2
1658707200,28106.2,28106.2,28106.2
1658793600,28101.2,28106.2,28090.7
1658880000,28046,28046,28046
1658966400,28046,28046,28046
1659052800,28046,28046,28046
1659312000,28046,28046,28046
1659398400,28074.8,28074.8,27992.5
1659484800,28074.8,28074.8,28074.8
1659571200,28074.8,28074.8,28074.8
1659657600,28074.8,28074.8,28074.8
1659916800,28074.8,28074.8,28074.8
1660003200,28095.7,28095.7,28065.8
1660089600,28116.6,28116.6,28073.2
1660176000,28104.5,28116.6,28091.2
1660262400,28142.2,28142.2,28090
1660521600,28142.2,28142.2,28142.2
1660608000,28138.2,28142.2,28133
1660694400,28161,28161,28121.9
1660780800,28161,28161,28161
1660867200,28244.6,28161,28072.1
1661126400,28398.5,28209.8,28207
1661212800,28256.4,28256.4,28256.4
1661299200,28256.4,28256.4,28256.4
1661385600,28256.4,28256.4,28256.4
1661472000,28282.1,28282.1,28249.1
1661731200,28138.5,28138.5,28138.5
1661817600,28170.5,28170.5,28114.5
1661904000,28110.2,28110.2,28110.2
1661990400,28207.5,28136.4,28048.6
1662076800,28074.1,28074.1,28074.1
1662336000,28074.1,28074.1,28074.1
1662422400,28111.8,28074.1,28064.1
1662508800,28125.9,28125.9,28108.7
1662595200,28125.9,28125.9,28125.9
1662681600,28125.9,28125.9,28125.9
1662940800,28125.9,28125.9,28125.9
1663027200,28125.9,28125.9,28125.9
1663113600,28125.9,28125.9,28125.9
1663200000,28351.4,28161.1,28058.1
1663286400,28162.1,28162.1,28162.1
1663545600,28123.2,28162.1,28121.7
1663632000,28154.9,28162.1,28114.6
1663718400,28101.6,28101.6,28101.6
1663804800,28033.2,28033.2,28033.2
1663891200,27974,27974,27974
1664150400,27896.9,27896.9,27896.9
1664236800,27822.4,27822.4,27822.4
1664323200,27691.8,27691.8,27691.8
1664409600,27691.8,27691.8,27691.8
1664496000,27691.8,27691.8,27691.8
1664755200,27624.3,27624.3,27624.3
1664841600,27624.3,27624.3,27624.3
1664928000,27624.3,27624.3,27624.3
1665014400,27624.3,27624.3,27624.3
1665100800,27624.3,27624.3,27624.3
1665360000,27649.2,27649.2,27621
1665446400,27636.3,27649.2,27603.3
1665532800,27621.3,27649.2,27614.4
1665619200,27673.2,27673.2,27605.9
1665705600,27698.6,27698.6,27662
1665964800,27698.6,27698.6,27698.6
1666051200,27698.6,27698.6,27698.6
1666137600,27747,27698.6,27673.5
1666224000,27645.6,27645.6,27645.6
1666310400,27502.3,27502.3,27502.3
1666569600,27501.9,27502.3,27491.5
1666656000,27536.6,27536.6,27489.9
1666742400,27536.6,27536.6,27536.6
1666828800,27529.1,27536.6,27521.9
1666915200,27557.1,27557.1,27521.2
1667174400,27557.1,27557.1,27557.1
1667260800,27557.1,27557.1,27557.1
1667347200,27557.1,27557.1,27557.1
1667433600,27581.6,27581.6,27555.9
1667520000,27581.6,27581.6,27581.6
1667779200,27581.6,27581.6,27581.6
1667865600,27581.6,27581.6,27581.6
1667952000,27581.6,27581.6,27581.6
1668038400,27581.6,27581.6,27581.6
1668124800,27577.2,27581.6,27560.3
1668384000,27589.6,27581.6,27556.1
1668470400,27614.7,27614.7,27583.2
1668556800,27595.4,27614.7,27592.5
1668643200,27558.3,27558.3,27558.3
1668729600,27558.3,27558.3,27558.3
1668988800,27558.3,27558.3,27558.3
1669075200,27539.1,27558.3,27530.8
1669161600,27564.5,27558.3,27503.9
1669248000,27578.1,27578.1,27563.5
1669334400,27578.1,27578.1,27578.1
1669593600,27609.3,27609.3,27575.4
1669680000,27581.3,27609.3,27574.2
1669766400,27661.7,27609.3,27564.9
1669852800,27664.1,27664.1,27664.1
1669939200,27664.1,27664.1,27664.1
1670198400,27586.4,27586.4,27586.4
1670284800,27566.2,27586.4,27556.6
1670371200,27612.3,27612.3,27560.1
1670457600,27612.3,27612.3,27612.3
1670544000,27603.1,27612.3,27586.1
1670803200,27551.2,27551.2,27551.2
1670889600,27551.2,27551.2,27551.2
1670976000,27551.2,27551.2,27551.2
1671062400,27551.2,27551.2,27551.2
1671148800,27575.6,27575.6,27519.3
1671408000,27541.7,27575.6,27532.2
1671494400,27594.3,27594.3,27533.6
1671580800,27594.3,27594.3,27594.3
1671667200,27594.3,27594.3,27594.3
1671753600,27594.3,27594.3,27594.3
1672099200,27614.6,27614.6,27576.3
1672185600,27614.6,27614.6,27614.6
1672272000,27614.6,27614.6,27614.6
1672358400,27614.6,27614.6,27614.6
1672704000,27480,27480,27480
1672790400,27443,27443,27443
1672876800,27443,27443,27443
1672963200,27443,27443,27443
1673222400,27422.1,27443,27410.5
1673308800,27485,27443,27395.5
1673395200,27476.1,27443,27385.4
1673481600,27656,27477.7,27434.2
1673568000,27837,27503.5,27616.5
1673827200,27818.6,27503.5,27784.8
1673913600,27762,27503.5,27733.8
1674000000,27763,27544.5,27681.5
1674086400,27961.5,27574.9,27730.1
1674172800,27905.7,27574.9,27815.2
1674432000,27958.7,27506.2,27795.4
1674518400,27949,27500.4,27810.1
1674604800,28006.4,27500.4,27826.5
1674691200,27883.6,27500.4,27812.8
1674777600,27865.6,27500.4,27796
1675036800,27833.3,27500.4,27822.3
1675123200,27787,27787,27787
1675209600,27787,27787,27787
1675296000,27704.2,27704.2,27704.2
1675382400,27704.2,27704.2,27704.2
1675641600,27704.2,27704.2,27704.2
1675728000,27694.6,27704.2,27679.6
1675814400,27720.6,27720.6,27691.8
1675900800,27680.1,27720.6,27674.5
1675987200,27668.7,27668.7,27668.7
1676246400,27671,27668.7,27654.1
1676332800,27687.5,27687.5,27638.9
1676419200,27689.7,27687.5,27685.9
1676505600,27691.9,27687.5,27674.2
1676592000,27723,27723,27690.7
1676851200,27723,27723,27723
1676937600,27722.9,27723,27699.3
1677024000,27736.7,27742.7,27656
1677110400,27743.9,27742.7,27618.4
1677196800,27610.6,27742.7,27534.6
1677456000,27665.7,27742.7,27598.9
1677542400,27498.6,27679.4,27493
1677628800,27510.1,27679.4,27439.6
1677715200,27549.8,27679.4,27387.6
1677801600,27527.5,27527.5,27527.5
1678060800,27480.9,27527.5,27478.4
1678147200,27466.9,27466.9,27466.9
1678233600,27466.9,27466.9,27466.9
1678320000,27466.9,27466.9,27466.9
1678406400,27625.8,27466.9,27433.1
1678665600,27940,27516.8,27525.7
1678752000,27866,27516.8,27788.1
1678838400,27676.6,27676.6,27676.6
1678924800,27665.7,27676.6,27653.4
1679011200,27908.5,27709.5,27662.6
1679270400,27761.6,27761.6,27761.6
1679356800,27761.6,27761.6,27761.6
1679443200,27761.6,27761.6,27761.6
1679529600,27761.6,27761.6,27761.6
1679616000,27761.6,27761.6,27761.6
1679875200,27761.6,27761.6,27761.6
1679961600,27761.6,27761.6,27761.6
1680048000,27761.6,27761.6,27761.6
1680134400,27789.8,27789.8,27749.6
1680220800,27789.8,27789.8,27789.8
1680480000,27819.3,27819.3,27785.9
1680566400,27816.3,27819.3,27795.5
1680652800,27809.8,27819.3,27738.8
1680739200,27697.3,27726.6,27687
1680825600,27668.7,27726.6,27668.7
1681084800,27665,27665,27665
1681171200,27665.8,27665,27651.4
1681257600,27690.7,27690.7,27665.9
1681344000,27717.9,27627.8,27670.1
1681430400,27712.8,27712.8,27711.7
1681689600,27658.9,27658.9,27658.9
1681776000,27675.8,27675.8,27636.6
1681862400,27675.8,27675.8,27675.8
1681948800,27673.9,27675.8,27661.2
1682035200,27617.2,27617.2,27617.2
1682294400,27628.7,27617.2,27594.8
1682380800,27632.9,27632.9,27628.7
1682467200,27632.9,27632.9,27632.9
1682553600,27737.5,27632.9,27625.8
1682640000,27733.1,27733.1,27732.9
1682899200,27748.6,27748.6,27730.5
1682985600,27748.6,27748.6,27748.6
1683072000,27748.6,27748.6,27748.6
1683158400,27671.7,27671.7,27671.7
1683244800,27828.6,27671.7,27662.2
1683504000,27809,27818.7,27803.9
1683590400,27837.2,27837.2,27806.3
1683676800,27837.2,27837.2,27837.2
1683763200,27791.1,27837.2,27783.7
1683849600,27779.8,27779.8,27779.8
1684108800,27771.5,27779.8,27762.3
1684195200,27726.1,27726.1,27726.1
1684281600,27726.1,27726.1,27726.1
1684368000,27743.6,27743.6,27720.9
1684454400,27743.6,27743.6,27743.6
1684713600,27737.9,27743.6,27719.3
1684800000,27718.8,27718.8,27718.8
1684886400,27718.8,27718.8,27718.8
1684972800,27707.3,27718.8,27680.5
1685059200,27790.2,27718.8,27697.9
1685318400,27797.8,27797.8,27788.4
1685404800,27797.8,27797.8,27797.8
1685491200,27797.8,27797.8,27797.8
1685577600,27733,27733,27733
1685664000,27733,27733,27733
1685923200,27671.7,27671.7,27671.7
1686009600,27649.8,27671.7,27643.2
1686096000,27691.9,27691.9,27631.5
1686182400,27691.9,27691.9,27691.9
1686268800,27691.9,27691.9,27691.9
1686528000,27691.9,27691.9,27691.9
1686614400,27691.9,27691.9,27691.9
1686700800,27691.9,27691.9,27691.9
1686787200,27625.7,27625.7,27625.7
1686873600,27625.7,27625.7,27625.7
1687132800,27625.7,27625.7,27625.7
1687219200,27625.7,27625.7,27625.7
1687305600,27625.7,27625.7,27625.7
1687392000,27703,27645.4,27597.3
1687478400,27704.4,27704.4,27702.4
1687737600,27704.4,27704.4,27704.4
1687824000,27730.2,27730.2,27675.8
1687910400,27729.8,27730.2,27716.5
1687996800,27752.6,27752.6,27717.7
1688083200,27698.2,27698.2,27698.2
1688342400,27634.5,27634.5,27634.5
1688428800,27634.5,27634.5,27634.5
1688515200,27634.5,27634.5,27634.5
1688601600,27634.5,27634.5,27634.5
1688688000,27634.5,27634.5,27634.5
1688947200,27672.3,27634.5,27597.4
1689033600,27740.2,27634.5,27653
1689120000,27946.3,27735.3,27666.9
1689206400,27975.3,27735.3,27881.9
1689292800,27905.3,27735.3,27861.8
1689552000,27885.7,27735.3,27748.3
1689638400,28207,27757.4,27885.7
1689724800,28177,27757.4,28056
1689811200,28076.4,28076.4,28076.4
1689897600,28076.4,28076.4,28076.4
1690156800,28038.7,28076.4,28032.8
1690243200,28076,28076.4,28025.9
1690329600,28088.1,28093,28062.1
1690416000,28124.6,28124.6,28087.3
1690502400,28124.6,28124.6,28124.6
1690761600,28147.3,28147.3,28115.1
1690848000,28147.3,28147.3,28147.3
1690934400,28094,28094,28094
1691020800,28082.6,28094,28073.8
1691107200,28111.9,28111.9,28075.8
1691366400,28223.5,28111.9,28095.2
1691452800,28241,28231.3,28187.3
1691539200,28239.4,28263.5,28204.4
1691625600,28232.3,28263.5,28209.5
1691712000,28224.8,28263.5,28186
1691971200,28264.9,28263.5,28193.9
1692057600,28271.9,28271.9,28246.4
1692144000,28271.9,28271.9,28271.9
1692230400,28041.1,28190.4,28028.2
1692316800,28006.6,28106.5,27882
1692576000,28079.6,28106.5,27958.5
1692662400,28056.1,28171,28039.1
1692748800,28079.9,28143.7,28049.2
1692835200,28078,28084.6,28050.9
1692921600,28111.7,28111.7,28055.4
1693180800,28111.7,28111.7,28111.7
1693267200,28137.4,28135.2,28109.5
1693353600,28206.9,28135.2,28110.8
1693440000,28156.8,28135.2,28145.3
1693526400,28185.3,28164.4,28120
1693785600,28163.8,28164.4,28144.2
1693872000,28088.5,28088.5,28088.5
1693958400,28109.6,28109.6,28060.4
1694044800,28109.6,28109.6,28109.6
1694131200,28109.6,28109.6,28109.6
1694390400,28109.6,28109.6,28109.6
1694476800,28142.9,28142.9,28102.2
1694563200,28142.9,28142.9,28142.9
1694649600,28030.3,28059.6,28028.8
1694736000,27998.8,27998.8,27998.8
1694995200,27998.8,27998.8,27998.8
1695081600,27980.2,27998.8,27967.1
1695168000,28025.6,28025.6,27954.4
1695254400,28025.6,28025.6,28025.6
1695340800,28025.6,28025.6,28025.6
1695600000,28025.6,28025.6,28025.6
1695686400,28025.6,28025.6,28025.6
1695772800,28437.3,28066.7,27976
1695859200,28620,28066.7,28404
1695945600,28566.3,28516.5,28512.2
1696204800,28797.4,28564.6,28550.9
1696291200,28848.2,28564.6,28762.9
1696377600,28865.3,28564.6,28789.9
1696464000,28914.5,28601.6,28801.9
1696550400,28783.3,28783.3,28783.3
1696809600,28783.3,28783.3,28783.3
1696896000,28783.3,28783.3,28783.3
1696982400,28783.3,28783.3,28783.3
1697068800,28783.3,28783.3,28783.3
1697155200,28783.3,28783.3,28783.3
1697414400,28688.4,28688.4,28688.4
1697500800,28711,28711,28681.4
1697587200,28716.4,28711,28691.4
1697673600,28765,28765,28709.7
1697760000,28714.1,28714.1,28714.1
1698019200,28695.5,28714.1,28686.7
1698105600,28639.3,28639.3,28639.3
1698192000,28639.3,28639.3,28639.3
1698278400,28639.3,28639.3,28639.3
1698364800,28639.3,28639.3,28639.3
1698624000,28556.2,28556.2,28556.2
1698710400,28556.2,28556.2,28556.2
1698796800,28544.9,28556.2,28510.4
1698883200,28555.1,28556.2,28534.6
1698969600,28579,28579,28546.8
1699228800,28579,28579,28579
1699315200,28579,28579,28579
1699401600,28579,28579,28579
1699488000,28579,28579,28579
1699574400,28579,28579,28579
1699833600,28579,28579,28579
1699920000,28579,28579,28579
1700006400,28544.3,28579,28532.1
1700092800,28602.9,28602.9,28532.5
1700179200,28602.9,28602.9,28602.9
1700438400,28602.9,28602.9,28602.9
1700524800,28602.9,28602.9,28602.9
1700611200,28602.9,28602.9,28602.9
1700697600,28602.9,28602.9,28602.9
1700784000,28602.9,28602.9,28602.9
1701043200,28518.9,28518.9,28518.9
1701129600,28783.5,28518.9,28501.6
1701216000,28822.1,28518.9,28703.1
1701302400,28672.3,28672.3,28672.3
1701388800,28731.2,28672.3,28653.4
1701648000,28984.8,28984.8,28705.8
1701734400,28984.8,28984.8,28984.8
1701820800,28984.8,28984.8,28984.8
1701907200,28984.8,28984.8,28984.8
1701993600,28984.8,28984.8,28984.8
1702252800,28984.8,28984.8,28984.8
1702339200,28984.8,28984.8,28984.8
1702425600,28984.8,28984.8,28984.8
1702512000,28984.8,28984.8,28984.8
1702598400,28984.8,28984.8,28984.8
1702857600,28984.8,28984.8,28984.8
1702944000,28984.8,28984.8,28984.8
1703030400,28984.8,28984.8,28984.8
1703116800,28984.8,28984.8,28984.8
1703203200,28893.1,28893.1,28893.1
1703548800,28893.1,28893.1,28893.1
1703635200,28830.2,28893.1,28816.7
1703721600,28775,28775,28775
1703808000,28746.9,28775,28726.5
1704153600,28726.6,28775,28718.7
1704240000,28706.8,28706.8,28706.8
1704326400,28679.5,28706.8,28653.9
1704412800,28631.6,28631.6,28631.6
1704672000,28631.6,28631.6,28631.6
1704758400,28631.6,28631.6,28631.6
1704844800,28600.4,28631.6,28589.7
1704931200,28655.6,28655.6,28599.6
1705017600,28676.8,28676.8,28647.3
1705276800,28664.5,28676.8,28648.6
1705363200,28613.1,28613.1,28613.1
1705449600,28613.1,28613.1,28613.1
1705536000,28613.1,28613.1,28613.1
1705622400,28613.1,28613.1,28613.1
1705881600,28613.1,28613.1,28613.1
1705968000,28613.1,28613.1,28613.1
1706054400,28552.7,28552.7,28552.7
1706140800,28552.7,28552.7,28552.7
1706227200,28552.7,28552.7,28552.7
1706486400,28552.7,28552.7,28552.7
1706572800,28577.1,28577.1,28526.8
1706659200,28600,28600,28564.1
1706745600,28600,28600,28600
1706832000,28600,28600,28600
1707091200,28600,28600,28600
1707177600,28544.9,28600,28536.1
1707264000,28526.2,28526.2,28526.2
1707350400,28526.2,28526.2,28526.2
1707436800,28526.2,28526.2,28526.2
1707696000,28526.2,28526.2,28526.2
1707782400,28526.2,28526.2,28526.2
1707868800,28526.2,28526.2,28526.2
1707955200,28526.2,28526.2,28526.2
1708041600,28526.2,28526.2,28526.2
1708300800,28526.2,28526.2,28526.2
1708387200,28526.2,28526.2,28526.2
1708473600,28526.2,28526.2,28526.2
1708560000,28497.3,28526.2,28479.7
1708646400,28546.9,28546.9,28464.1
1708905600,28546.9,28546.9,28546.9
1708992000,28546.9,28546.9,28546.9
1709078400,28546.9,28546.9,28546.9
1709164800,28482.3,28546.9,28479.6
1709251200,28852.2,28486.8,28409.8
1709510400,29246.3,28511.4,28811.7
1709596800,29459.6,28566.6,29205.2
1709683200,29690.1,28566.6,29415.4
1709769600,29822.2,28566.6,29648.8
1709856000,29957.9,29957.9,29763
1710115200,29957.9,29957.9,29957.9
1710201600,29957.9,29957.9,29957.9
1710288000,29957.9,29957.9,29957.9
1710374400,29957.9,29957.9,29957.9
1710460800,29870.5,29957.9,29860.6
1710720000,29902,29957.9,29833.3
1710806400,29889.2,29957.9,29837
1710892800,30000,30000,29847.5
1710979200,29830.5,29830.5,29830.5
1711065600,29830.5,29830.5,29830.5
1711324800,29830.5,29830.5,29830.5
1711411200,29830.5,29830.5,29830.5
1711497600,29871.8,29871.8,29800.8
1711584000,29938.1,29938.1,29849.3
1711929600,29777.5,29777.5,29777.5
1712016000,29830.1,29830.1,29740.5
1712102400,29707.8,29672.2,29629.8
1712188800,29641.3,29672.2,29548.6
1712275200,29587.4,29590.6,29491.4
1712534400,29317.9,29317.9,29317.9
1712620800,29184.4,29193.9,29141.8
1712707200,29095.8,29095.8,29095.8
1712793600,29095.8,29095.8,29095.8
1712880000,29184.4,29184.4,29068.6
1713139200,29184.4,29184.4,29184.4
1713225600,29184.4,29184.4,29184.4
1713312000,29184.4,29184.4,29184.4
1713398400,29178.5,29184.4,29159.4
1713484800,29217.2,29217.2,29167.1
1713744000,29217.2,29217.2,29217.2
1713830400,29217.2,29217.2,29217.2
1713916800,29217.2,29217.2,29217.2
1714003200,29254.2,29254.2,29194.9
1714089600,29231.8,29254.2,29222.4
1714348800,29235.4,29254.2,29203.9
1714435200,29164.1,29164.1,29164.1
1714521600,29186.4,29186.4,29159.7
1714608000,29186.4,29186.4,29186.4
1714694400,29186.4,29186.4,29186.4
1714953600,29210.1,29186.4,29179.4
1715040000,29178.7,29186.4,29164.3
1715126400,29160.7,29186.4,29144.4
1715212800,29251.6,29251.6,29150.5
1715299200,29298.6,29251.6,29236.3
1715558400,29040,29040,29040
1715644800,29073.1,29073.1,29007.6
1715731200,29095.3,29073.1,29068.7
1715817600,28951.8,28951.8,28951.8
1715904000,29126.9,28977.1,28940.1
1716163200,29024.3,29024.3,29024.3
1716249600,29024.3,29024.3,29024.3
1716336000,29024.3,29024.3,29024.3
1716422400,29024.3,29024.3,29024.3
1716508800,29014.4,29024.3,29007.1
1716768000,29051.9,29051.9,29007.1
1716854400,29051.9,29051.9,29051.9
1716940800,29051.9,29051.9,29051.9
1717027200,29046.4,29051.9,29006.6
1717113600,29214.4,29102.5,28993.8
1717372800,29262.7,29262.7,29056.1
1717459200,29262.7,29262.7,29262.7
1717545600,29262.7,29262.7,29262.7
1717632000,29262.7,29262.7,29262.7
1717718400,29262.7,29262.7,29262.7
1717977600,29262.7,29262.7,29262.7
1718064000,29262.7,29262.7,29262.7
1718150400,29262.7,29262.7,29262.7
1718236800,29270.2,29262.7,29204.3
1718323200,29186.8,29262.7,29173.9
1718582400,29219.9,29262.7,29186.5
1718668800,29193.9,29262.7,29184.2
1718755200,29190.1,29262.7,29178.4
1718841600,29164.3,29164.3,29164.3
1718928000,29164.3,29164.3,29164.3
1719187200,29164.3,29164.3,29164.3
1719273600,29187.8,29164.3,29074.3
1719360000,29178.5,29124.3,29080.9
1719446400,29250.3,29124.3,29158.7
1719532800,29287,29287,29158.7
1719792000,29294.9,29287,29246
1719878400,29286.9,29287,29243.8
1719964800,29383,29383,29273.4
1720051200,29383,29383,29383
1720137600,29655.7,29423.9,29304.4
1720396800,29300.7,29300.7,29300.7
1720483200,29300.7,29300.7,29300.7
1720569600,29338.5,29338.5,29293.7
1720656000,29456.6,29385.3,29254.5
1720742400,29245.6,29245.6,29245.6
1721001600,29211.7,29293,29195.1
1721088000,29674.8,29348.1,29193.3
1721174400,29582.7,29348.1,29529.4
1721260800,29292.5,29339.4,29214.4
1721347200,29191.6,29339.4,29171.7
1721606400,29353.1,29339.4,29165.8
1721692800,29244.1,29339.4,29165.8
1721779200,28978,29133.9,28895.6
1721865600,28859,28913.7,28827.2
1721952000,28944.4,28913.7,28827.2
1722211200,28924,28913.7,28854.2
1722297600,28927.4,28942.6,28755.3
1722384000,29059.3,28973.4,28799.1
1722470400,29059.2,29059.2,28914.9
1722556800,29059.2,29059.2,29059.2
1722816000,29059.2,29059.2,29059.2
1722902400,29059.2,29059.2,29059.2
1722988800,28956,29059.2,28924.2
1723075200,29349,29094.1,28924.3
1723161600,29348.8,29348.8,29009.9
1723420800,29388.7,29388.7,29344.4
1723507200,29388.7,29388.7,29388.7
1723593600,29305.6,29388.7,29279.1
1723680000,29272.2,29272.2,29272.2
1723766400,29386,29272.2,29155
1724025600,29358.2,29272.2,29217.6
1724112000,29468.8,29304.4,29308.3
1724198400,29447,29304.4,29309.2
1724284800,29251.8,29251.8,29251.8
1724371200,29251.8,29251.8,29251.8
1724630400,29251.8,29251.8,29251.8
1724716800,29251.8,29251.8,29251.8
1724803200,29251.8,29251.8,29251.8
1724889600,29311.8,29251.8,29190.5
1724976000,29283.5,29163.3,29214.8
1725235200,29254.4,29281.1,29214.8
1725321600,29173.8,29173.8,29173.8
1725408000,29173.8,29173.8,29173.8
1725494400,29213,29213,29171.5
1725580800,29213,29213,29213
1725840000,29471.9,29213,29204
1725926400,29516.7,29315.5,29204
1726012800,29516.6,29516.6,29385.6
1726099200,29597.9,29516.6,29505.2
1726185600,29905.6,29583.8,29578.8
1726444800,29948.4,29583.8,29864.2
1726531200,29793.4,29583.8,29689.9
1726617600,29797.4,29797.4,29697.7
1726704000,29822.3,29797.4,29757.4
1726790400,30070.5,29906.2,29798.5
1727049600,30174.9,29993.6,29995.9
1727136000,30512.6,29993.6,30121.2
1727222400,30494.9,29993.6,30416.3
1727308800,30642.6,29993.6,30457.6
1727395200,30523,29993.6,30325.8
1727654400,30301.4,30301.4,30301.4
1727740800,30359.1,30359.1,30282.6
1727827200,30359.1,30359.1,30359.1
1727913600,30359.1,30359.1,30359.1
1728000000,30359.1,30359.1,30359.1
1728259200,30304.2,30359.1,30285.7
1728345600,30224.1,30224.1,30224.1
1728432000,30224.1,30224.1,30224.1
1728518400,30278.8,30278.8,30143.2
1728604800,30278.8,30278.8,30278.8
1728864000,30278.8,30278.8,30278.8
1728950400,30351.7,30351.7,30241.2
1729036800,30140.2,30169.2,30107.3
1729123200,30227,30169.2,30132.5
1729209600,30695.9,30255.6,30214.1
1729468800,30548.3,30255.6,30454.1
1729555200,31117.9,30323.3,30544.1
1729641600,30613.5,30613.5,30613.5
1729728000,30606.5,30613.5,30541.8
1729814400,30593.9,30613.5,30512.2
1730073600,30676.5,30613.5,30530.9
1730160000,30756,30699.8,30601.1
1730246400,30877.2,30699.8,30649.1
1730332800,30306,30497.5,30277.9
1730419200,30441,30497.5,30254.5
1730678400,30272.8,30497.5,30143.7
1730764800,30646.5,30497.5,30157
1730851200,30518.4,30518.4,30258.6
1730937600,30601.9,30601.9,30485.3
1731024000,30601.9,30601.9,30601.9
1731283200,30601.9,30601.9,30601.9
1731369600,30605.8,30601.9,30533.5
1731456000,30696.2,30696.2,30526.2
1731542400,30645.5,30696.2,30615.4
1731628800,30401.6,30696.2,30335.5
1731888000,30430.5,30576.5,30289
1731974400,30574.5,30576.5,30165.1
1732060800,30468.8,30576.5,30165.1
1732147200,30419,30419,30189
1732233600,30466.5,30419,30389.1
1732492800,30490.7,30490.7,30466.2
1732579200,30490.7,30490.7,30490.7
1732665600,30490.7,30490.7,30490.7
1732752000,30490.7,30490.7,30490.7
1732838400,30490.7,30490.7,30490.7
1733097600,30490.7,30490.7,30490.7
1733184000,30490.7,30490.7,30490.7
1733270400,30490.7,30490.7,30490.7
1733356800,30490.7,30490.7,30490.7
1733443200,30490.7,30490.7,30490.7
1733702400,30490.7,30490.7,30490.7
1733788800,30497,30553.7,30375.3
1733875200,30400.3,30553.7,30396.8
1733961600,30294.3,30553.7,30283.7
1734048000,30238.2,30553.7,30228.5
1734307200,30226.6,30226.6,30226.6
1734393600,30102,30226.6,30045.1
1734480000,29982.6,29982.6,29902.7
1734566400,29966.4,29982.6,29945
1734652800,30297.3,29982.6,29596.3
1734912000,30501.6,29982.6,29596.3
1734998400,30499.9,30499,30121
1735171200,30430.6,30499,30407.7
1735257600,30472.8,30499,30410.8
1735516800,30559.5,30559.5,30451
1735603200,30559.5,30559.5,30559.5
1735776000,30547.6,30559.5,30485.5
1735862400,30631,30559.5,30485.5
1736121600,30506.2,30506.2,30506.2
1736208000,30506.2,30506.2,30506.2
1736294400,30560,30560,30447.8
1736380800,30530.1,30560,30376.8
1736467200,30852.3,30637,30489.6
1736726400,30635.9,30458.6,30306.8
1736812800,30624.9,30580.2,30306.8
1736899200,30875.2,30580.2,30547.3
1736985600,31079.2,30954,30657.7
1737072000,30867.6,30954,30832
1737331200,30760.1,30760.1,30760.1
1737417600,31083.4,30760.1,30509.3
1737504000,31309.8,30917.1,31058
1737590400,31278.5,30917.1,30914.2
1737676800,31490.8,30988.5,31273.3
1737936000,31204.6,31204.6,31204.6
1738022400,31204.6,31204.6,31204.6
1738108800,31204.6,31204.6,31204.6
1738195200,31197.1,31250.8,31148.8
1738281600,31327.8,31250.8,31165.8
1738540800,31129.1,31200.3,31034.2
1738627200,31489.5,31200.3,31059.1
1738713600,31826.9,31200.3,31474.8
1738800000,31440.6,31492.1,31333.6
1738886400,31463.3,31492.1,31422.1
1739145600,31752,31592.6,31456.2
1739232000,31592.5,31592.5,31592.5
1739318400,31592.5,31592.5,31592.5
1739404800,31592.5,31592.5,31592.5
1739491200,31440.5,31440.5,31440.5
1739750400,31440.5,31440.5,31440.5
1739836800,31440.5,31440.5,31440.5
1739923200,31231.9,31256.9,31191.4
1740009600,31068.5,31077.3,31024.5
1740096000,31066.8,31077.3,31001.2
1740355200,30747.1,31116.8,30578.4
1740441600,30553.6,30504.6,30408.7
1740528000,30440.1,30504.6,30395.6
1740614400,30389.1,30504.6,30377.7
1740700800,30750.5,30504.6,30185.1
1740960000,30546.5,30627.9,30185.1
1741046400,30396.8,30428.1,30189.6
1741132800,30402.3,30428.1,30235.7
1741219200,30267.4,30428.1,30208.4
1741305600,30182.4,30190,30162.9
1741564800,30136.1,30190,30118.2
1741651200,30186.6,30190,30117.3
1741737600,30225.2,30225.2,30168.1
1741824000,30274.8,30248.5,30207
1741910400,30277.2,30248.5,30178.4
1742169600,30417.6,30248.5,30216.1
1742256000,30750.3,30338.4,30401.2
1742342400,30857.3,30338.4,30659.5
1742428800,30823.7,30338.4,30673.2
1742515200,30567.8,30567.8,30567.8
1742774400,30507.7,30567.8,30471.7
1742860800,30542.7,30567.8,30490.5
1742947200,30534.8,30567.8,30507.9
1743033600,30674.9,30674.9,30523
1743120000,31030.4,30674.9,30670.1
1743379200,31414.2,30674.9,30842.6
1743465600,31256.7,31256.7,31256.7
1743552000,31256.7,31256.7,31256.7
1743638400,31077.2,31077.2,31077.2
1743724800,30958.5,30958.5,30958.5
1743984000,30958.5,30958.5,30958.5
1744070400,30887.2,30958.5,30872.3
1744156800,31028.3,31028.3,30861.4
1744243200,31028.3,31028.3,31028.3
1744329600,31229.8,31028.3,31018.2
1744588800,31161.3,31028.3,31032.4
1744675200,31286.5,31028.3,31143.5
1744761600,32009.6,31182.3,31285.9
1744848000,31924.3,31182.3,31685.2
1745193600,32466.7,31182.3,31921.8
1745280000,32326.8,32326.8,32326.8
1745366400,32326.8,32326.8,32326.8
1745452800,32326.8,32326.8,32326.8
1745539200,32326.8,32326.8,32326.8
1745798400,32326.8,32326.8,32326.8
1745884800,32326.8,32326.8,32326.8
1745971200,32326.8,32326.8,32326.8
1746057600,32326.8,32326.8,32326.8
1746144000,32275.9,32326.8,32246
1746403200,32395.6,32395.6,32273.7
1746489600,32395.6,32395.6,32395.6
1746576000,32395.6,32395.6,32395.6
1746662400,32395.6,32395.6,32395.6
1746748800,32297.7,32395.6,32275.6
1747008000,32247.2,32247.2,32247.2
1747094400,32247.2,32247.2,32247.2
1747180800,32247.2,32247.2,32247.2
1747267200,32247.2,32247.2,32247.2
1747353600,32247.2,32247.2,32247.2
1747612800,32247.2,32247.2,32247.2
1747699200,32303.6,32303.6,32235.5
1747785600,32303.6,32303.6,32303.6
1747872000,32303.6,32303.6,32303.6
1747958400,32338.3,32303.6,32280.6
1748217600,32326.2,32303.6,32281.6
1748304000,32240.5,32303.6,32202.3
1748390400,32207.8,32303.6,32185.1
1748476800,32219.4,32219.4,32139.2
1748563200,32219.4,32219.4,32219.4
1748822400,32381.3,32219.4,32215.7
1748908800,32118.6,32118.6,32118.6
1748995200,32118.6,32118.6,32118.6
1749081600,32052.8,32118.6,32020.4
1749168000,31999.1,31999.1,31999.1
1749427200,31989.8,31999.1,31963.9
1749513600,31985,31999.1,31945.2
1749600000,32060.1,32060.1,31971.3
1749686400,32060.1,32060.1,32060.1
1749772800,32247.5,32060.1,31988
1750032000,31874.2,31874.2,31874.2
1750118400,31874.2,31874.2,31874.2
1750204800,31874.2,31874.2,31874.2
1750291200,31874.2,31874.2,31874.2
1750377600,31874.2,31874.2,31874.2
1750636800,31822.7,31874.2,31816.9
1750723200,31741.2,31741.2,31741.2
1750809600,31741.2,31741.2,31741.2
1750896000,31681.9,31741.2,31637.1
1750982400,31604.4,31604.4,31604.4
1751241600,31604.4,31604.4,31604.4
1751328000,31612.3,31604.4,31594.8
1751414400,31666.5,31604.4,31575.2
1751500800,31672.1,31672.1,31664.7
1751587200,31672.1,31672.1,31672.1
1751846400,31672.1,31672.1,31672.1
1751932800,31672.1,31672.1,31672.1
1752019200,31572.2,31672.1,31571
1752105600,31527.1,31538.5,31481.8
1752192000,31637.5,31637.5,31515.4
1752451200,31539.8,31637.5,31535.4
1752537600,31516.2,31516.2,31516.2
1752624000,31567,31567,31447.3
1752710400,31567,31567,31567
1752796800,31604,31604,31563.9
1753056000,31812.8,31696.3,31598.4
1753142400,32159,31696.3,31641.4
1753228800,31743,31743,31743
1753315200,31743,31743,31743
1753401600,31743,31743,31743
1753660800,31743,31743,31743
1753747200,31743,31743,31743
1753833600,31743,31743,31743
1753920000,31743,31743,31743
1754006400,31539.6,31743,31443.4
1754265600,32034.4,31796.1,31443.4
1754352000,31925,31826.2,31590.7
1754438400,32063,31826.2,31914.9
1754524800,32118.6,32062.8,31914.9
1754611200,32095.4,32062.8,32016.6
1754870400,31932.5,31932.5,31932.5
1754956800,31932.5,31932.5,31932.5
1755043200,31921.2,31932.5,31898.1
1755129600,31986,31986,31919
1755216000,31986,31986,31986
1755475200,31986,31986,31986
1755561600,31986,31986,31986
1755648000,31918,31986,31756.3
1755734400,31875.6,31986,31756.3
1755820800,32061.6,31986,31775.4
1756080000,32042,32062.8,31775.4
1756166400,32109.4,32109.4,31965.8
1756252800,32109.4,32109.4,32109.4
1756339200,32171.8,32176.2,32078.3
1756425600,32548.9,32176.2,32019.1
1756684800,32928.5,32176.2,32432.9
1756771200,33664.4,32176.2,32858.4
1756857600,34081.5,32255.5,33579.9
1756944000,33761.3,33761.3,33761.3
1757030400,33843.8,33761.3,33695.4
1757289600,34271.4,33838,33746.8
1757376000,34196.7,33838,34127.8
1757462400,34294.7,33838,34139.5
1757548800,34197.6,33838,33937.9
1757635200,34285.2,33838,34138.9
1757894400,34664.9,33911.9,34087.2
1757980800,34730.6,33911.9,34585.9
1758067200,34306.5,33736.7,34213.3
1758153600,34054.2,34143.6,34010.1
1758240000,34187.4,34143.6,34021.8
1758499200,34572.6,34248.5,34129.6
1758585600,34863.5,34473.6,34458
1758672000,34342.9,34342.9,34342.9
1758758400,34326.1,34342.9,34253
1758844800,34406.9,34406.9,34288.3
1759104000,34677,34406.9,34367
1759190400,34528,34383.7,34262.6
1759276800,34366.7,34415.2,34344.6
1759363200,34261.5,34261.5,34261.5
1759449600,34335.5,34335.5,34236
1759708800,34848.9,34335.5,34325.3
1759795200,35123.8,34335.5,34633.7
1759881600,35514.7,34470.5,35110
1759968000,34963.1,34963.1,34963.1
1760054400,34997.3,34963.1,34909.9
1760313600,35496.1,35056.8,34901.8
1760400000,35662.6,35162.3,34694.4
1760486400,36171.6,35320.1,34934.4
1760572800,36859.3,35585.5,35772.3
1760659200,36507.7,36507.7,36507.7
1760918400,36612.5,36612.5,36493.6
1761004800,36612.5,36612.5,36612.5
1761091200,36612.5,36612.5,36612.5
1761177600,36612.5,36612.5,36612.5
1761264000,36612.5,36612.5,36612.5
1761523200,36612.5,36612.5,36612.5
1761609600,36612.5,36612.5,36612.5
1761696000,36653.4,36653.4,36612
1761782400,36684.1,36653.4,36624
1761868800,36657.3,36653.4,36635.4
1762128000,36666.6,36653.4,36625.1
1762214400,36598.3,36653.4,36590.7
1762300800,36716.7,36653.4,36482.6
1762387200,36558.2,36653.4,36472.3
1762473600,36574.5,36653.4,36303.5
1762732800,36937.4,36715.1,36319.9
1762819200,36997.5,36997.5,36721.8
1762905600,37001.3,36997.5,36930.6
1762992000,36680.7,36770.2,36619.2
1763078400,36617.2,36617.2,36617.2
1763337600,36617.2,36617.2,36617.2
1763424000,36511.9,36617.2,36371.4
1763510400,36563.2,36696.9,36388.7
1763596800,36389.6,36696.9,36286.4
1763683200,36424.6,36536.6,36268.5
1763942400,36454.3,36454.3,36268.5
1764028800,36454.3,36454.3,36454.3
1764115200,36434.4,36454.3,36380.7
1764201600,36422.7,36454.3,36390.4
1764288000,36522.7,36522.7,36404.4
1764547200,36255.9,36313.7,36234.4
1764633600,36175.4,36175.4,36175.4
1764720000,36175.4,36175.4,36175.4
1764806400,36175.4,36175.4,36175.4
1764892800,36069.8,36175.4,36059.6
1765152000,36054,36175.4,36010.2
1765238400,36021.1,36006.3,35966.1
1765324800,36090.4,36090.4,35941.2
1765411200,36115.4,36090.4,35957.1
1765497600,36137.8,36137.8,35966.7
1765756800,35906.8,35980.9,35892.5
1765843200,35914.4,35980.9,35781.7
1765929600,35712.3,35980.9,35684.2
1766016000,35979.8,35980.9,35667.5
1766102400,36112.3,35881.6,35667.5
1766361600,36665.7,36145.1,35957
1766448000,36972.9,36145.1,36515.2
1766534400,36947.5,36145.1,36653
1766707200,37374.3,36145.1,36914.7
1766966400,36817.1,36817.1,36817.1
1767052800,36732.1,36817.1,36722.1
1767139200,36684.6,36684.6,36684.6
1767312000,36487.4,36543.8,35973.3
1767571200,37076.3,36543.8,35973.3
1767657600,37135.7,37135.7,36506.6
1767744000,37135.7,37135.7,37135.7
1767830400,37135.7,37135.7,37135.7
1767916800,37135.7,37135.7,37135.7
1768176000,37285.8,37135.7,37082.4
1768262400,37252.5,37135.7,37125.2
1768348800,37426.9,37135.7,37247.7
1768435200,37394.8,37135.7,37111.5
1768521600,36796,36796,36796
1768780800,36855.7,36796,36767.8
1768867200,37494.7,36796,36802
1768953600,38338.1,37647.3,37400.5
1769040000,38681.5,38451.3,37441.5
1769126400,38984,38451.3,38420.8
1769385600,39085.1,38451.3,38868.2
1769472000,39978.5,38611.6,38983.4
1769558400,41486.4,38839.6,39857.3
1769644800,41401.1,41401.1,41401.1
1769731200,41401.1,41401.1,41401.1
1769990400,41401.1,41401.1,41401.1
1770076800,41401.1,41401.1,41401.1
1770163200,41401.1,41401.1,41401.1
1770249600,41401.1,41401.1,41401.1
1770336000,42027.9,41401.1,41319.7
1770595200,42169.6,41811.4,41319.7
1770681600,42169.5,42169.5,42029.1
1770768000,42169.5,42169.5,42169.5
1770854400,42169.5,42169.5,42169.5
1770940800,42169.5,42169.5,42169.5
1771200000,42169.5,42169.5,42169.5
1771286400,42169.5,42169.5,42169.5
1771372800,42169.5,42169.5,42169.5
1771459200,42149.2,42169.5,42111.9
1771545600,42228.3,42228.3,42129.8
1771804800,42647.1,42228.3,42050.2
1771891200,42023.7,42023.7,42023.7
1771977600,42023.7,42023.7,42023.7
1772064000,42023.7,42023.7,42023.7
1772150400,42023.7,42023.7,42023.7
1772409600,41352,41352,41352
1772496000,41352,41352,41352
1772582400,41306.6,41352,41265.6
1772668800,41218.4,41218.4,41218.4
1772755200,41218.4,41218.4,41218.4
1773014400,41218.4,41218.4,41218.4
1773100800,41217.9,41218.4,41183.7
1773187200,41202.2,41218.4,41175.8
1773273600,41107.2,41218.4,41079.2
1773360000,41037.8,41076.6,41014.2
1773619200,41183.6,41076.6,41014.2
1773705600,41206.5,41076.6,41039.6
1773792000,41206.2,41206.2,41080.4
1773878400,41325.6,41325.6,41190.2
1773964800,41325.6,41325.6,41325.6
1774224000,41325.6,41325.6,41325.6
1774310400,41325.6,41325.6,41325.6
1774396800,41325.6,41325.6,41325.6
1774483200,41325.6,41325.6,41325.6
1774569600,41325.6,41325.6,41325.6
1774828800,41325.6,41325.6,41325.6
1774915200,41325.6,41325.6,41325.6
1775001600,41325.6,41325.6,41325.6
1775088000,41325.6,41325.6,41325.6
1775174400,41325.6,41325.6,41325.6
1775433600,41325.6,41325.6,41325.6
1775520000,41325.6,41325.6,41325.6
1775606400,41325.6,41325.6,41325.6
1775692800,41325.6,41325.6,41325.6
1775779200,41325.6,41325.6,41325.6
1776038400,41325.6,41325.6,41325.6
1776124800,41325.6,41325.6,41325.6
1776211200,41325.6,41325.6,41325.6
1776297600,41325.6,41325.6,41325.6
1776384000,41325.6,41325.6,41325.6
1776643200,41325.6,41325.6,41325.6
1776729600,41325.6,41325.6,41325.6
1776816000,41325.6,41325.6,41325.6
1776902400,41319.7,41325.6,41273.2
1776988800,41317.5,41325.6,41276.1
1777248000,41332.2,41325.6,41286.1
1777334400,41426.4,41386.7,41314.8
1777420800,41542,41542,41405.1
1777507200,41942,41542,41468.8
1777593600,41862.1,41946,41795.9
1777852800,42036,42036,41857.2
1777939200,42036,42036,42036
1778025600,42036,42036,42036
1778112000,42036,42036,42036
1778198400,42036,42036,42036
1778457600,42036,42036,42036
1778544000,42036,42036,42036
1778630400,42018.2,42036,41987.5
1778716800,42113.9,42113.9,41970.2
1778803200,42129.8,42113.9,42077.9
1779062400,42079.1,42113.9,42054.6
1779148800,42250.7,42113.9,42043.7
1779235200,42130.3,42113.9,42116.9
1779321600,42129,42113.9,42079.9
1779408000,42117.9,42113.9,42113.2
1779667200,42076,42113.9,42060.8
1779753600,42216,42113.9,42060.1
1779840000,42315,42315,42165.2
1779926400,42315,42315,42315
1780012800,42315,42315,42315
1780272000,42406,42406,42284.2
1780358400,42406,42406,42406
1780444800,42443.9,42406,42375.7
1780531200,42360.6,42406,42280.4
1780617600,42487.9,42487.9,42345.9
1780876800,42547,42239.2,42453.8
1780963200,42260.8,42239.2,41673
1781049600,42734.4,42351,42221.5
1781136000,43418.8,42802.7,42515.5
1781222400,43325.2,43325.2,43317.8
1781481600,43325.2,43325.2,43325.2
1781568000,43325.2,43325.2,43325.2
1781654400,43325.2,43325.2,43325.2
1781740800,43378.8,43378.8,43314.8
1781827200,43378.8,43378.8,43378.8
1782086400,43378.8,43378.8,43378.8
1782172800,43362.7,43378.8,43298.3
1782259200,43382.6,43331,43270.8
1782345600,43302.1,43331,43238
1782432000,43324.3,43331,43171.7
1782691200,43465.2,43331,43252.9
1782777600,43507.4,43507.4,43449.8
1782864000,43317.8,43317.8,43317.8
1782950400,43317.8,43317.8,43317.8
1783036800,43317.8,43317.8,43317.8
1783296000,43271.2,43317.8,43265.5
1783382400,43390.5,43317.8,43242.4
1783468800,43509,43509,43335.2
1783555200,43509,43509,43509
1783641600,43509,43509,43509
1783900800,43509,43509,43509
1783987200,43509,43509,43509
1784073600,43424.7,43509,43386.8
1784160000,43589.8,43589.8,43416.8
1784246400,43589.8,43589.8,43589.8
1784505600,43432.2,43589.8,43425.6
1784592000,43749.3,43589.8,43421.9
1784678400,43657.6,43589.8,43590
1784764800,43634.7,43670.9,43540
1784851200,43593.6,43670.9,43469.4
1785110400,43439.8,43670.9,43379.2
1785196800,43327.9,43670.9,43267.7
1785283200,43076.4,43076.4,43076.4
1785369600,43600.3,43076.4,43000.2
1785456000,43665.5,43665.5,43538.4
1785715200,43647.5,43665.5,43611.4
1785801600,43565.6,43665.5,43485.1
1785888000,43454.2,43454.2,43454.2
1785974400,43454.2,43454.2,43454.2
1786060800,43592.5,43592.5,43440
1786320000,43592.5,43592.5,43592.5
1786406400,43592.5,43592.5,43592.5
1786492800,43550.6,43592.5,43507.4
1786579200,43444.9,43592.5,43427.5
1786665600,43433.8,43415.7,43411.7
1786924800,43517,43517,43422.6
1787011200,43453,43517,43422.4
1787097600,43593.3,43592.7,43423.5
1787184000,43012.7,43334,42993.7
1787270400,43521.5,43451.7,42976.1
1787529600,43717.8,43451.7,43380.5
1787616000,43840.4,43417.3,43475.5
1787702400,43646.6,43417.3,43324.1
1787788800,43387.3,43387.3,43387.3
1787875200,43387.3,43387.3,43387.3
1788134400,43387.3,43387.3,43387.3
1788220800,43154.2,43387.3,43110.9
1788307200,43066.8,43171.1,42964.5
1788393600,43473.2,43287,43042.5
1788480000,43461,43461,43461
1788739200,43461,43461,43461
1788825600,43461,43461,43461
1788912000,43461,43461,43461
1788998400,43461,43461,43461
1789084800,43635.6,43461,43407.6
1789344000,43658.8,43481.5,43445.8
1789430400,43383.9,43481.5,43229.1
1789516800,43010,43304.2,42699.5
1789603200,43293,43304.2,42902.4
1789689600,43333.7,43487.8,43195.9
1789948800,43442.9,43487.8,43276.2
1790035200,43429.7,43429.7,43429.7
1790121600,43429.7,43429.7,43429.7
1790208000,43419.9,43429.7,43394
1790294400,43422.5,43429.7,43339.3
1790553600,43443.9,43429.7,43443.9
