ticket,symbol,magic,dir,volume,open,close,sl_dist,t_open,t_close,pnl,reason
1001,XAUUSD,7102602,1,0.04,671.33,673.43,6.15,1180957200,1180978200,8.12,TP
1004,XAUUSD,7102602,1,0.04,673.13,667.38,5.75,1181053200,1181136000,-23.6891,SL
1007,XAUUSD,7102602,-1,0.03,655.62,650.62,6.44,1181302800,1181322000,14.79,TP
1010,XAUUSD,7102602,-1,0.03,651.82,649.62,6.72,1181647500,1181659800,6.39,TP
1013,XAUUSD,7102602,-1,0.03,644.42,651.71,7.29,1181732700,1181753400,-22.08,SL
1016,XAUUSD,7102602,-1,0.03,650.02,657.92,7.9,1181907300,1182151200,-23.9647,SL
1019,XAUUSD,7102602,-1,0.03,654.82,661.87,7.05,1182250200,1182279000,-21.36,SL
1022,XAUUSD,7102602,-1,0.03,651.82,648.72,7.77,1182429600,1182447000,9.09,TP
1025,XAUUSD,7102602,-1,0.03,651.22,649.02,7.08,1182765900,1182784800,6.39,TP
1028,XAUUSD,7102602,-1,0.04,648.32,645.22,6.2,1182853200,1182875100,12.12,TP
1031,XAUUSD,7102602,-1,0.03,647.02,653.54,6.52,1183720500,1183739700,-19.77,SL
1034,XAUUSD,7102601,1,0.1,665.13,662.31,2.82,1184140800,1184164500,-28.9,SL
1037,XAUUSD,7102602,1,0.03,664.33,666.83,6.79,1184244000,1184254800,7.29,TP
1040,XAUUSD,7102601,1,0.11,667.03,664.33,2.7,1184256000,1184344800,-31.5906,SL
1042,XAUUSD,7102602,1,0.03,668.43,670.63,6.51,1184321100,1184776200,5.47498,TP
1048,XAUUSD,7102602,1,0.03,673.73,675.63,6.24,1184842500,1184871000,5.49,TP
1051,XAUUSD,7102602,1,0.03,684.33,686.93,6.28,1185200400,1185287700,7.27801,TP
1046,XAUUSD,7102601,1,0.11,673.23,679.71,2.65,1184788800,1185330300,62.5427,SL
1055,XAUUSD,7102602,-1,0.03,659.42,666.77,7.35,1185965400,1185982500,-22.26,SL
1058,XAUUSD,7102602,1,0.03,665.73,668.03,7.55,1186056000,1186155000,6.38489,TP
1061,XAUUSD,7102602,1,0.03,674.43,666.99,7.44,1186400400,1186497900,-22.8374,SL
1064,XAUUSD,7102602,1,0.03,671.33,663.68,7.65,1187012100,1187180400,-23.7733,SL
1067,XAUUSD,7102602,1,0.02,668.63,672.53,8.6,1188565500,1188568800,7.66,TP
1072,XAUUSD,7102602,1,0.04,674.13,676.13,5.84,1188906000,1188920400,7.72,TP
1075,XAUUSD,7102602,1,0.04,685.03,687.73,6.16,1189073100,1189088400,10.52,TP
1078,XAUUSD,7102602,1,0.03,706.53,699.37,7.16,1189419300,1189445700,-21.69,SL
1070,XAUUSD,7102601,1,0.1,672.53,705.52,2.88,1188576000,1189612800,318.689,SL
1082,XAUUSD,7102602,1,0.03,707.53,710.33,8.09,1189780500,1189783200,8.19,TP
1085,XAUUSD,7102601,1,0.07,716.63,712.33,4.3,1189785600,1189793700,-30.59,SL
1088,XAUUSD,7102602,1,0.03,712.73,715.93,8.36,1190025900,1190042700,9.39,TP
1091,XAUUSD,7102602,1,0.03,717.83,720.43,8.42,1190109900,1190118900,7.59,TP
1096,XAUUSD,7102602,1,0.02,728.23,733.53,9.68,1190283300,1190300400,10.46,TP
1094,XAUUSD,7102601,1,0.06,724.13,724.22,5,1190165400,1190712000,-3.87392,SL
1100,XAUUSD,7102602,1,0.02,731.83,735.43,10.31,1190894400,1190902800,7.06,TP
1103,XAUUSD,7102601,1,0.06,744.83,740.33,4.5,1190995200,1191305700,-28.7859,SL
1106,XAUUSD,7102602,1,0.02,746.43,751.03,10.82,1192097400,1192125600,9.06,TP
1109,XAUUSD,7102601,1,0.07,751.23,746.88,4.35,1192132800,1192136700,-30.94,SL
1112,XAUUSD,7102602,1,0.02,748.53,752.13,10.87,1192187100,1192428000,6.83166,TP
1115,XAUUSD,7102602,1,0.02,756.33,762.13,10.22,1192444800,1192520100,11.2283,TP
1117,XAUUSD,7102601,1,0.07,755.93,754.55,4.1,1192449600,1192551600,-10.9611,SL
1121,XAUUSD,7102602,1,0.02,762.13,766.33,11.49,1192716900,1192717800,8.26,TP
1124,XAUUSD,7102601,1,0.05,768.93,763,5.93,1192757400,1192809600,-30,SL
1129,XAUUSD,7102602,1,0.02,778.73,788.4,10.59,1193409600,1193623500,18.9591,TP
1127,XAUUSD,7102601,1,0.09,772.83,783.82,3.36,1193371200,1193726100,96.1093,SL
1132,XAUUSD,7102602,1,0.02,793.93,783.48,10.45,1193663400,1193726400,-21.2815,SL
1136,XAUUSD,7102602,1,0.02,785.43,791.03,11.09,1193835900,1193851500,11.06,TP
1139,XAUUSD,7102601,1,0.05,798.23,792.56,5.67,1193882700,1193912400,-28.7,SL
1142,XAUUSD,7102602,1,0.02,792.13,796.33,11.9,1194008100,1194014400,8.26,TP
1145,XAUUSD,7102601,1,0.04,807.03,800.67,6.36,1194033600,1194253500,-26.2115,SL
1148,XAUUSD,7102602,1,0.02,805.53,809.63,11.49,1194270600,1194286500,8.06,TP
1151,XAUUSD,7102602,1,0.02,815.73,823.63,11.39,1194345900,1194367500,15.66,TP
1153,XAUUSD,7102601,1,0.05,818.43,828.79,5.59,1194350400,1194462000,50.8203,SL
1156,XAUUSD,7102602,1,0.02,838.03,823.72,12.2,1194427800,1194483900,-29.5152,SL
1160,XAUUSD,7102602,1,0.01,807.13,811.73,15.4,1195038600,1195043400,4.53,TP
1163,XAUUSD,7102602,1,0.01,786.83,800.53,16.49,1195549500,1195591500,13.63,TP
1166,XAUUSD,7102602,1,0.01,829.93,835.63,16.85,1196071500,1196074500,5.63,TP
1169,XAUUSD,7102602,1,0.01,799.53,804.23,15.52,1197278100,1197300000,4.63,TP
1172,XAUUSD,7102602,1,0.01,807.73,813.63,16.03,1197459000,1197471600,5.83,TP
1175,XAUUSD,7102602,1,0.01,796.23,801.1,14.17,1197973200,1197986100,4.8,TP
1178,XAUUSD,7102602,1,0.01,803.33,808.23,15.04,1198055100,1198248300,4.34048,TP
1183,XAUUSD,7102602,1,0.02,829.13,833.93,11.34,1198843200,1198857900,9.46,TP
1181,XAUUSD,7102601,1,0.07,818.53,829.17,4.26,1198684800,1199120100,70.4478,SL
1189,XAUUSD,7102602,1,0.02,858.43,863.43,10.67,1199352000,1199355000,9.86,TP
1187,XAUUSD,7102601,1,0.06,842.23,854,5.05,1199275200,1199462400,67.0533,SL
1193,XAUUSD,7102602,1,0.02,860.73,865.33,10.72,1199708100,1199781000,8.79808,TP
1196,XAUUSD,7102602,1,0.02,872.83,882.9,10.94,1199783700,1199840700,19.7302,TP
1198,XAUUSD,7102601,1,0.04,872.63,871.1,6.72,1199793600,1199972700,-8.55215,SL
1202,XAUUSD,7102602,1,0.01,895.53,902.03,14.79,1200043200,1200297900,6.29297,TP
1207,XAUUSD,7102602,1,0.01,907.73,893.4,14.33,1200305100,1200420600,-14.5382,SL
1204,XAUUSD,7102601,1,0.03,900.93,892.7,8.23,1200297600,1200431700,-25.3147,SL
1211,XAUUSD,7102602,1,0.01,884.93,866.69,18.24,1200577200,1200920700,-18.5791,SL
1214,XAUUSD,7102602,1,0.01,864.43,876.43,17.69,1200999900,1201011600,11.93,TP
1219,XAUUSD,7102602,1,0.01,917.53,924.33,20.84,1201252200,1201540500,6.59001,TP
1222,XAUUSD,7102602,1,0.01,932.73,913.36,19.37,1201609200,1201882200,-20.1464,SL
1217,XAUUSD,7102601,1,0.03,914.43,909.07,9.26,1201248000,1201882500,-19.2539,SL
1226,XAUUSD,7102602,1,0.01,894.03,900.63,20.15,1202292900,1202311500,6.53,TP
1229,XAUUSD,7102602,1,0.01,909.13,918.73,19.74,1202380200,1202487900,9.39103,TP
1232,XAUUSD,7102602,1,0.01,913.63,897.3,16.33,1202980500,1203098400,-16.5388,SL
1235,XAUUSD,7102602,1,0.01,912.63,918.63,13.62,1203418500,1203421500,5.93,TP
1240,XAUUSD,7102602,1,0.01,943.13,948.33,15.72,1203586200,1203586500,5.13,TP
1238,XAUUSD,7102601,1,0.04,938.73,933.18,6.79,1203557400,1203958800,-23.6346,SL
1246,XAUUSD,7102602,1,0.01,959.03,964.83,16.46,1204203600,1204217700,5.73,TP
1249,XAUUSD,7102602,1,0.01,987.43,972.17,15.26,1204638300,1204650600,-15.33,SL
1244,XAUUSD,7102601,1,0.04,956.23,968.62,6.88,1204099200,1204650900,45.7321,SL
1253,XAUUSD,7102602,1,0.01,978.63,961.04,17.59,1205143500,1205162700,-17.66,SL
1256,XAUUSD,7102602,1,0.01,975.13,980.93,17.98,1205235000,1205238900,5.73,TP
1259,XAUUSD,7102602,1,0.01,989.53,997.13,18.97,1205405100,1205418300,7.53,TP
1262,XAUUSD,7102601,1,0.04,996.93,989.94,6.99,1205424000,1205437200,-28.24,SL
1265,XAUUSD,7102601,1,0.04,1027.43,1020.12,7.31,1205726400,1205747100,-29.52,SL
1268,XAUUSD,7102602,1,0.01,1003.13,1011.33,20.22,1205836500,1205851500,8.13,TP
1271,XAUUSD,7102602,1,0.01,992.33,970.02,22.31,1205923800,1205938500,-22.38,SL
1274,XAUUSD,7102602,-1,0.01,916.82,908.62,19.68,1207663500,1207666800,8.13,TP
1277,XAUUSD,7102602,-1,0.01,903.62,924.05,20.43,1207736400,1207758600,-20.5,SL
1280,XAUUSD,7102601,1,0.05,950.63,944.56,6.07,1208433600,1208439900,-30.7,SL
1283,XAUUSD,7102602,-1,0.01,915.12,908.92,17.63,1208776800,1208959200,6.07912,TP
1286,XAUUSD,7102602,-1,0.01,877.92,865.52,19.47,1209117900,1209551400,12.2563,TP
1289,XAUUSD,7102602,-1,0.01,871.12,861.62,18.17,1209637200,1209652200,9.43,TP
1292,XAUUSD,7102602,-1,0.01,871.92,865.72,16.84,1210161900,1210171500,6.13,TP
1295,XAUUSD,7102602,-1,0.01,879.62,870.92,15.3,1210586700,1210689600,8.60549,TP
1298,XAUUSD,7102602,-1,0.01,860.72,876.73,16.01,1210761600,1210863600,-16.1521,SL
1303,XAUUSD,7102602,1,0.01,910.53,917.9,14.56,1211192100,1211301300,7.16166,TP
1301,XAUUSD,7102601,1,0.04,896.73,912.9,7.38,1210953600,1211900400,59.3247,SL
1306,XAUUSD,7102602,1,0.01,924.23,907.91,16.32,1211538600,1211901600,-16.6729,SL
1310,XAUUSD,7102602,-1,0.01,894.32,888.62,16.49,1212059400,1212072900,5.63,TP
1313,XAUUSD,7102602,-1,0.01,881.12,896.83,15.71,1212401100,1212426600,-15.78,SL
1316,XAUUSD,7102602,-1,0.01,869.72,885.95,16.23,1212660300,1212754800,-16.3244,SL
1319,XAUUSD,7102602,-1,0.01,898.32,890.52,15.32,1213021500,1213064400,7.7052,TP
1322,XAUUSD,7102602,-1,0.01,882.42,873.82,15.65,1213092300,1213116900,8.53,TP
1325,XAUUSD,7102602,-1,0.01,865.92,883.71,17.79,1213279200,1213626900,-17.8842,SL
1328,XAUUSD,7102602,-1,0.01,879.62,896.33,16.35,1213711800,1213837500,-16.8791,SL
1331,XAUUSD,7102602,1,0.01,903.13,885.76,17.37,1213963500,1214231400,-17.5781,SL
1334,XAUUSD,7102602,-1,0.01,884.92,880.02,16.39,1214397600,1214411700,4.83,TP
1339,XAUUSD,7102602,1,0.01,921.83,932.93,18.27,1214563800,1214820900,10.888,TP
1342,XAUUSD,7102602,1,0.01,929.13,935.63,16.57,1214907000,1214924400,6.43,TP
1337,XAUUSD,7102601,1,0.04,915.03,926.74,6.54,1214530200,1215403800,41.9826,SL
1346,XAUUSD,7102602,1,0.01,932.23,916.31,15.92,1215512100,1215536100,-15.99,SL
1349,XAUUSD,7102602,1,0.01,924.43,931.83,17.09,1215599100,1215701700,6.90476,TP
1354,XAUUSD,7102602,1,0.01,975.73,981.53,15.27,1216116300,1216120500,5.73,TP
1352,XAUUSD,7102601,1,0.04,945.73,967.69,6.82,1215739800,1216226400,85.7804,SL
1357,XAUUSD,7102602,1,0.01,977.33,960.93,16.4,1216211100,1216227900,-16.47,SL
1361,XAUUSD,7102602,1,0.01,963.33,969.83,17.02,1216383300,1216716000,6.13619,TP
1364,XAUUSD,7102602,1,0.01,973.73,957.47,16.26,1216728000,1216742400,-16.33,SL
1367,XAUUSD,7102602,-1,0.01,909.42,904.42,15.66,1217849400,1217856600,4.93,TP
1372,XAUUSD,7102601,-1,0.04,874.62,881.33,6.71,1217986200,1218010500,-27.12,SL
1370,XAUUSD,7102602,-1,0.01,882.02,870.12,16.27,1217943000,1218126000,11.7324,TP
1378,XAUUSD,7102602,-1,0.01,859.32,850.12,16.72,1218198900,1218476100,9.10607,TP
1376,XAUUSD,7102601,-1,0.04,870.22,822.71,6.94,1218139200,1218551700,189.476,SL
1382,XAUUSD,7102602,-1,0.01,827.12,818.92,20.76,1218724200,1218726000,8.13,TP
1385,XAUUSD,7102601,-1,0.02,793.72,805.39,11.67,1218772800,1219167600,-23.5682,SL
1387,XAUUSD,7102602,-1,0.01,784.02,806.81,22.79,1218796200,1219167600,-22.9041,SL
1391,XAUUSD,7102602,-1,0.01,828.12,822.32,16.8,1220273700,1220281500,5.73,TP
1394,XAUUSD,7102602,-1,0.01,798.92,815.41,16.49,1220365800,1220627700,-16.6711,SL
1397,XAUUSD,7102602,-1,0.01,809.92,803.62,16.93,1220868300,1220875800,6.23,TP
1400,XAUUSD,7102602,-1,0.01,794.82,787.32,17.24,1220957400,1220972100,7.43,TP
1405,XAUUSD,7102602,-1,0.01,742.02,763.51,21.49,1221128100,1221253500,-21.5808,SL
1403,XAUUSD,7102601,-1,0.02,780.82,779.93,11.06,1220976000,1221440700,1.3862,SL
1409,XAUUSD,7102602,-1,0.01,775.32,765.42,22.04,1221479100,1221486000,9.83,TP
1412,XAUUSD,7102601,-1,0.02,805.22,727.02,15.18,1224172800,1224870000,155.924,SL
1415,XAUUSD,7102602,1,0.01,802.33,816.63,23.54,1227522000,1227524400,14.23,TP
1418,XAUUSD,7102602,1,0.01,817.53,825.7,25.32,1227605100,1227624000,8.1,TP
1421,XAUUSD,7102602,-1,0.01,765.12,754.22,22.64,1228209000,1228488000,10.7225,TP
1424,XAUUSD,7102602,-1,0.01,767.22,790.52,23.3,1228814400,1228914600,-23.3915,SL
1427,XAUUSD,7102602,1,0.01,820.73,837.73,22.91,1228992900,1229357700,16.6783,TP
1430,XAUUSD,7102602,1,0.01,854.53,862.23,23.93,1229505600,1229525400,7.63,TP
1433,XAUUSD,7102601,1,0.03,881.93,873.22,8.3,1230523200,1230564000,-26.34,SL
1436,XAUUSD,7102602,1,0.01,864.83,846.22,18.61,1231321200,1231344600,-18.68,SL
1439,XAUUSD,7102602,1,0.01,858.03,864.63,20.32,1231506600,1231524300,6.53,TP
1442,XAUUSD,7102601,-1,0.02,828.52,834.83,10.95,1231776000,1232118300,-13.032,SL
1444,XAUUSD,7102602,-1,0.01,814.12,836.06,21.94,1231847400,1232118300,-22.1232,SL
1450,XAUUSD,7102602,1,0.01,898.13,906.73,22.16,1232961300,1232969700,8.53,TP
1448,XAUUSD,7102601,1,0.02,871.73,882.4,11.05,1232712000,1233174300,20.3752,SL
1454,XAUUSD,7102601,1,0.03,921.83,911.45,10.38,1233316800,1233332100,-31.35,SL
1457,XAUUSD,7102601,1,0.02,927.83,917.04,10.79,1233345600,1233543000,-22.0022,SL
1460,XAUUSD,7102602,1,0.01,903.83,910.73,22.44,1233655800,1233673200,6.83,TP
1463,XAUUSD,7102602,1,0.01,916.73,894.26,22.47,1233926700,1234190100,-22.6785,SL
1466,XAUUSD,7102602,1,0.01,900.23,907.53,18.85,1234273200,1234275600,7.23,TP
1469,XAUUSD,7102602,1,0.01,917.93,926,20.06,1234343400,1234354200,8,TP
1474,XAUUSD,7102602,1,0.01,941.53,947.93,20.77,1234429500,1234455300,6.33,TP
1477,XAUUSD,7102602,1,0.01,943.43,949.43,18.22,1234781100,1234845900,5.78628,TP
1480,XAUUSD,7102602,1,0.01,962.43,981.33,16.8,1234864800,1234989600,18.682,TP
1483,XAUUSD,7102602,1,0.01,977.13,983.73,18.06,1235121600,1235132700,6.53,TP
1472,XAUUSD,7102601,1,0.03,938.23,979.08,8.99,1234368000,1235403000,117.061,SL
1487,XAUUSD,7102602,1,0.01,955.63,933.56,22.07,1235640600,1235666400,-22.14,SL
1490,XAUUSD,7102602,1,0.01,946.33,955.83,21.91,1235725800,1235744400,9.43,TP
1493,XAUUSD,7102602,1,0.01,957.53,936.16,21.37,1235985900,1236009000,-21.44,SL
1496,XAUUSD,7102602,1,0.01,938.13,947.33,22.72,1237466100,1237472400,9.13,TP
1499,XAUUSD,7102602,-1,0.01,893.12,888.41,14.41,1239712200,1239718500,4.64,TP
1502,XAUUSD,7102602,-1,0.02,884.86,897.8,12.94,1240317300,1240502100,-26.2175,SL
1505,XAUUSD,7102601,1,0.04,906.11,899.6,6.51,1240516800,1240884300,-27.9851,SL
1508,XAUUSD,7102602,-1,0.01,889.56,883.04,14.32,1240928700,1241101200,6.35061,TP
1511,XAUUSD,7102602,-1,0.01,880.9,896.44,15.54,1241174100,1241451000,-15.6346,SL
1514,XAUUSD,7102602,1,0.01,917.54,922.67,14.13,1242123000,1242135900,5.06,TP
1517,XAUUSD,7102601,1,0.06,925.78,920.54,5.24,1242187200,1242222900,-31.86,SL
1520,XAUUSD,7102602,1,0.02,931.41,936.22,12.75,1242824400,1242833400,9.48,TP
1525,XAUUSD,7102602,1,0.02,954.56,958.56,12.25,1242996000,1243001400,7.86,TP
1523,XAUUSD,7102601,1,0.06,937.88,945.77,5.1,1242835200,1243335900,41.715,SL
1529,XAUUSD,7102602,1,0.02,951.08,955.08,11.21,1243432800,1243445700,7.86,TP
1532,XAUUSD,7102602,1,0.02,951.73,958.14,11.64,1243515300,1243524000,12.68,TP
1537,XAUUSD,7102602,1,0.02,970.66,979.24,11.92,1243593000,1243614600,17.02,TP
1540,XAUUSD,7102602,1,0.02,987.34,975.36,11.98,1243850700,1243873500,-24.1,SL
1535,XAUUSD,7102601,1,0.05,965.54,969.81,6.24,1243584000,1243932600,19.5097,SL
1544,XAUUSD,7102602,1,0.02,978.48,986.81,12.33,1243947300,1244013000,16.2198,TP
1547,XAUUSD,7102602,1,0.01,972.5,977.46,14.16,1244127600,1244134500,4.89,TP
1550,XAUUSD,7102602,1,0.01,981.82,966.71,15.11,1244212500,1244213100,-15.18,SL
1553,XAUUSD,7102602,1,0.01,955.51,963.5,15.41,1244555400,1244640000,7.77407,TP
1556,XAUUSD,7102602,-1,0.01,930.82,923.24,16.64,1245060600,1245669900,7.32802,TP
1559,XAUUSD,7102602,1,0.02,946.36,933.67,12.69,1246023000,1246374300,-26.0927,SL
1562,XAUUSD,7102602,-1,0.02,924.69,918.79,10.83,1246875000,1247041500,11.5574,TP
1565,XAUUSD,7102602,-1,0.02,917.36,910.55,11.79,1247063100,1247073300,13.48,TP
1568,XAUUSD,7102602,-1,0.02,910.5,922.26,11.76,1247220300,1247513100,-23.7108,SL
1573,XAUUSD,7102601,1,0.07,951.99,947.68,4.31,1248091200,1248108300,-30.66,SL
1571,XAUUSD,7102602,1,0.02,948.06,956.41,9.14,1248087300,1248347700,15.1087,TP
1577,XAUUSD,7102602,-1,0.02,934.77,948.96,10.31,1249038000,1249062300,-28.52,SL
1580,XAUUSD,7102602,1,0.02,955.6,959.02,10.59,1249296300,1249307100,6.7,TP
1585,XAUUSD,7102602,1,0.02,966.89,970.98,11.46,1249566300,1249569600,8.04,TP
1583,XAUUSD,7102601,1,0.05,963.62,957.71,5.91,1249416000,1249588800,-32.8453,SL
1589,XAUUSD,7102602,1,0.02,953.67,957.95,12.63,1250160300,1250167200,8.42,TP
1592,XAUUSD,7102602,1,0.02,958.64,946.77,11.87,1250256600,1250271000,-23.88,SL
1595,XAUUSD,7102602,-1,0.02,932.52,943.79,11.27,1250676300,1250697000,-22.68,SL
1598,XAUUSD,7102602,-1,0.02,939.31,950.78,11.47,1250778900,1250864700,-23.1322,SL
1601,XAUUSD,7102602,1,0.02,948.1,952.5,11.01,1251207600,1251211500,8.66,TP
1604,XAUUSD,7102602,1,0.02,949.71,954.29,11.59,1251281100,1251469200,7.8634,TP
1609,XAUUSD,7102602,1,0.02,979.88,984.96,12.42,1251974700,1251979800,10.02,TP
1612,XAUUSD,7102602,1,0.02,992.05,996.34,13.51,1252074900,1252318800,8.1362,TP
1607,XAUUSD,7102601,1,0.06,965.17,991.48,5.36,1251907200,1252526700,151.1,SL
1618,XAUUSD,7102601,1,0.04,1008.95,1001.68,7.27,1252684800,1252694400,-29.36,SL
1616,XAUUSD,7102602,1,0.02,1003.91,1012.23,13.08,1252680300,1253086800,15.5792,TP
1622,XAUUSD,7102601,1,0.05,1016.22,1009.88,6.34,1253088000,1253267700,-35.155,SL
1624,XAUUSD,7102602,1,0.01,1019.72,1003.08,14.1,1253101800,1253495100,-17.4843,SL
1628,XAUUSD,7102602,1,0.02,1014.44,1002.81,11.63,1253613900,1253808900,-24.6344,SL
1631,XAUUSD,7102602,1,0.02,994.74,1002.57,12.89,1254149400,1254314100,14.9136,TP
1634,XAUUSD,7102602,1,0.02,1023.5,1029.19,12.85,1254829800,1254838800,11.24,TP
1639,XAUUSD,7102602,1,0.01,1043.9,1050.41,14.54,1254909900,1254971700,5.96054,TP
1642,XAUUSD,7102602,1,0.02,1056.73,1062.2,12.77,1255428300,1255429500,10.8,TP
1637,XAUUSD,7102601,1,0.05,1035.61,1052.31,6.14,1254844800,1255606500,74.2942,SL
1646,XAUUSD,7102602,1,0.01,1056.72,1064.3,14,1255948200,1255991700,7.51,TP
1649,XAUUSD,7102602,1,0.02,1064.73,1051.2,13.53,1256308800,1256318400,-27.2,SL
1654,XAUUSD,7102602,1,0.01,1089.97,1094.86,14.88,1257416100,1257501900,4.65369,TP
1657,XAUUSD,7102602,1,0.01,1108.38,1118.22,13.81,1257757800,1257956700,9.4321,TP
1652,XAUUSD,7102601,1,0.04,1081.81,1101.86,7,1257307200,1258074600,72.5143,SL
1661,XAUUSD,7102602,1,0.01,1109.41,1115.72,14.33,1258104300,1258133400,6.24,TP
1666,XAUUSD,7102602,1,0.01,1141.73,1146.83,14.98,1258535400,1258537500,5.03,TP
1664,XAUUSD,7102601,1,0.05,1124.03,1134.21,6.24,1258344000,1258625700,46.1919,SL
1672,XAUUSD,7102602,1,0.01,1169.98,1180.35,14.6,1259059200,1259152500,10.1216,TP
1670,XAUUSD,7102601,1,0.04,1164.56,1172.62,7.5,1258948800,1259306100,27.6344,SL
1676,XAUUSD,7102602,1,0.01,1187.36,1198.73,18.18,1259658300,1259661900,11.3,TP
1679,XAUUSD,7102601,1,0.02,1208.09,1196.98,11.11,1259726400,1259937300,-23.8469,SL
1682,XAUUSD,7102602,1,0.01,1126.03,1132.53,14.96,1262769300,1262793900,6.43,TP
1685,XAUUSD,7102601,1,0.04,1155.72,1147.58,8.14,1263182400,1263297900,-33.5418,SL
1687,XAUUSD,7102602,1,0.01,1157.45,1142.36,15.09,1263203400,1263321900,-15.3355,SL
1691,XAUUSD,7102602,1,0.01,1132.5,1139.57,16.17,1263376200,1263431700,6.47817,TP
1694,XAUUSD,7102602,1,0.01,1137.14,1119.65,17.49,1263813000,1264001400,-17.9074,SL
1697,XAUUSD,7102602,-1,0.01,1109.93,1103.26,18.1,1264068600,1264074000,6.6,TP
1700,XAUUSD,7102602,-1,0.01,1091.97,1081.09,17.44,1264497600,1264703400,10.6888,TP
1703,XAUUSD,7102602,1,0.01,1124.47,1107.07,17.4,1265191500,1265222700,-17.47,SL
1706,XAUUSD,7102602,-1,0.01,1104.64,1098.52,18.12,1265274600,1265295900,6.05,TP
1709,XAUUSD,7102602,-1,0.01,1056.36,1049.75,20.88,1265361900,1265362200,6.54,TP
1712,XAUUSD,7102602,1,0.01,1115.43,1126.71,18.56,1266311400,1266414600,11.0392,TP
1715,XAUUSD,7102602,1,0.01,1108.68,1115.58,19.85,1266572400,1266593100,6.83,TP
1718,XAUUSD,7102602,1,0.01,1119.9,1102.7,17.2,1266916200,1266942000,-17.27,SL
1721,XAUUSD,7102602,1,0.01,1113.31,1119.86,18.93,1267177200,1267433700,6.30922,TP
1724,XAUUSD,7102602,1,0.01,1122.39,1128.03,17.03,1267434600,1267548000,5.39937,TP
1727,XAUUSD,7102601,1,0.04,1136.07,1129.08,6.99,1267560000,1267720200,-31.0222,SL
1729,XAUUSD,7102602,1,0.01,1138.75,1120.78,17.97,1267703100,1268068800,-18.3862,SL
1733,XAUUSD,7102602,1,0.01,1127.48,1112.58,14.9,1268223000,1268242800,-14.97,SL
1736,XAUUSD,7102602,-1,0.01,1106.16,1100.74,15.25,1268298300,1268318700,5.35,TP
1739,XAUUSD,7102602,1,0.01,1125.72,1111.07,14.65,1268916600,1269015900,-14.892,SL
1742,XAUUSD,7102602,-1,0.01,1101.06,1096.27,14.04,1269346200,1269351300,4.72,TP
1745,XAUUSD,7102602,-1,0.01,1097.89,1090.96,14.84,1269427200,1269441300,6.86,TP
1748,XAUUSD,7102602,1,0.01,1118.57,1125.16,13.85,1270121400,1270137000,6.52,TP
1753,XAUUSD,7102602,1,0.02,1149.16,1153.55,12.75,1270737300,1270800000,8.28856,TP
1756,XAUUSD,7102602,1,0.02,1156.4,1162.32,12.51,1270808100,1270834200,11.7,TP
1751,XAUUSD,7102601,1,0.06,1142.29,1153.53,5.36,1270656000,1271129100,60.6775,SL
1760,XAUUSD,7102602,1,0.02,1155.52,1160,11.57,1271170200,1271241900,8.46811,TP
1763,XAUUSD,7102602,1,0.02,1142.48,1149.07,12.48,1271760300,1271876100,12.6917,TP
1766,XAUUSD,7102602,1,0.02,1143.09,1147.61,12.55,1272032700,1272040500,8.9,TP
1769,XAUUSD,7102602,1,0.02,1169.76,1174.14,13.18,1272537300,1272596100,8.26275,TP
1772,XAUUSD,7102602,1,0.02,1174.66,1178.98,13.28,1272624900,1272642000,8.5,TP
1777,XAUUSD,7102602,1,0.02,1183.18,1187.17,11.58,1272972000,1272974400,7.84,TP
1775,XAUUSD,7102601,1,0.05,1179.61,1173.13,6.48,1272643200,1272991800,-34.5537,SL
1781,XAUUSD,7102602,1,0.02,1172.09,1158.95,13.14,1273057500,1273072200,-26.42,SL
1784,XAUUSD,7102602,1,0.02,1179.41,1185.97,13.55,1273147200,1273162500,12.98,TP
1787,XAUUSD,7102601,1,0.04,1196.66,1188.79,7.87,1273176000,1273177500,-31.76,SL
1790,XAUUSD,7102601,1,0.03,1204.02,1195.47,8.55,1273195800,1273238700,-25.86,SL
1793,XAUUSD,7102602,1,0.01,1210.21,1218.49,16.17,1273573200,1273585500,8.21,TP
1798,XAUUSD,7102602,1,0.01,1235,1243.05,18.28,1273661700,1273665000,7.98,TP
1801,XAUUSD,7102602,1,0.01,1240.01,1246.19,18.44,1273832400,1273839000,6.11,TP
1796,XAUUSD,7102601,1,0.03,1221.44,1219.46,9.94,1273593600,1273856400,-8.98267,SL
1805,XAUUSD,7102602,1,0.01,1184.23,1201.57,22.88,1274441100,1274828100,16.9076,TP
1808,XAUUSD,7102602,1,0.01,1208.89,1215.64,21.2,1274868300,1274892300,6.68,TP
1811,XAUUSD,7102602,1,0.01,1223.45,1206.94,16.51,1275389400,1275588900,-17.3281,SL
1814,XAUUSD,7102602,1,0.01,1207.89,1213.21,16.39,1275659700,1275674100,5.25,TP
1817,XAUUSD,7102601,1,0.03,1240.67,1232.21,8.46,1275940800,1276075800,-26.7254,SL
1819,XAUUSD,7102602,1,0.01,1246.66,1231.52,15.14,1275996000,1276077300,-15.399,SL
1823,XAUUSD,7102602,1,0.01,1221.96,1227.17,15.88,1276265100,1276268100,5.14,TP
1826,XAUUSD,7102602,1,0.01,1247.36,1252.68,16.98,1276866600,1276868400,5.25,TP
1829,XAUUSD,7102601,1,0.05,1256.19,1250.34,5.85,1276876800,1277145000,-30.5622,SL
1832,XAUUSD,7102602,1,0.01,1245.01,1227.59,17.42,1277295300,1277308200,-17.49,SL
1835,XAUUSD,7102602,1,0.01,1259,1243.37,15.63,1277727600,1277747100,-15.7,SL
1838,XAUUSD,7102602,-1,0.01,1201.72,1195.22,17.37,1278426900,1278430800,6.43,TP
1841,XAUUSD,7102602,-1,0.01,1185.65,1204.48,18.83,1278502200,1278551100,-19.0003,SL
1844,XAUUSD,7102602,-1,0.01,1163.42,1179.29,15.87,1280411400,1280515200,-15.9724,SL
1847,XAUUSD,7102602,-1,0.01,1193.43,1207.2,13.77,1281096600,1281106800,-13.84,SL
1850,XAUUSD,7102601,1,0.05,1208.92,1203.3,5.62,1281110400,1281122700,-28.45,SL
1853,XAUUSD,7102602,1,0.02,1205.46,1192.46,13,1281537300,1281547200,-26.14,SL
1856,XAUUSD,7102602,1,0.02,1203.19,1207.18,13.04,1281614400,1281619200,7.84,TP
1861,XAUUSD,7102602,1,0.02,1217.56,1222.63,12.22,1281709200,1281955800,9.62884,TP
1864,XAUUSD,7102602,1,0.02,1227.22,1231.69,11.14,1282040700,1282154400,8.42595,TP
1859,XAUUSD,7102601,1,0.05,1213.08,1218.55,6.29,1281628800,1282642800,17.6401,SL
1868,XAUUSD,7102602,1,0.02,1235.96,1239.48,11.68,1282733400,1282748400,6.9,TP
1871,XAUUSD,7102602,1,0.02,1244.11,1232.38,11.73,1282827300,1282925100,-23.9771,SL
1874,XAUUSD,7102602,1,0.02,1239.78,1245.46,9.75,1283265900,1283267400,11.22,TP
1877,XAUUSD,7102601,1,0.06,1245.68,1240.95,4.73,1283270400,1283524500,-34.5103,SL
1879,XAUUSD,7102602,1,0.02,1250.9,1240.16,10.74,1283335800,1283524500,-23.1423,SL
1883,XAUUSD,7102601,1,0.06,1256.98,1252.29,4.69,1283875200,1284031500,-33.1632,SL
1885,XAUUSD,7102602,1,0.02,1260.78,1249.87,10.91,1283951100,1284052500,-23.1108,SL
1889,XAUUSD,7102602,1,0.02,1257.26,1263.55,9.74,1284469800,1284478800,12.44,TP
1894,XAUUSD,7102602,1,0.02,1271.28,1275.4,11.33,1284549000,1284641400,6.93851,TP
1897,XAUUSD,7102602,1,0.02,1280.41,1285.32,10.23,1285069200,1285100400,9.68,TP
1900,XAUUSD,7102602,1,0.02,1294.6,1283.09,11.51,1285154400,1285665600,-25.529,SL
1903,XAUUSD,7102602,1,0.02,1314.16,1302.57,11.59,1285848000,1285866300,-23.32,SL
1892,XAUUSD,7102601,1,0.05,1265.33,1297.79,5.99,1284480000,1285867500,144.248,SL
1907,XAUUSD,7102602,1,0.02,1313.25,1318.86,11.13,1285929300,1285949400,11.08,TP
1912,XAUUSD,7102602,1,0.02,1328.3,1342.93,10.6,1286289300,1286331600,28.7104,TP
1909,XAUUSD,7102601,1,0.05,1316.09,1330.13,6.54,1285934400,1286506500,63.7551,SL
1916,XAUUSD,7102602,1,0.02,1341.78,1349.39,12.59,1286548500,1286557500,15.08,TP
1919,XAUUSD,7102601,1,0.04,1353.24,1345.6,7.64,1286769600,1286806500,-30.84,SL
1922,XAUUSD,7102602,1,0.01,1352.08,1359.15,13.99,1286895000,1286963400,6.79344,TP
1927,XAUUSD,7102602,1,0.01,1360.07,1366.37,14.76,1286964300,1286985600,6.23,TP
1924,XAUUSD,7102601,1,0.04,1355.92,1362.83,8.12,1286956800,1287159600,24.0008,SL
1931,XAUUSD,7102602,1,0.01,1363.97,1370.9,15.55,1287413700,1287420600,6.86,TP
1934,XAUUSD,7102602,1,0.01,1370.03,1353.87,16.16,1287486300,1287495600,-16.23,SL
1937,XAUUSD,7102602,1,0.01,1348.07,1328.54,19.53,1287667800,1287682800,-19.6,SL
1940,XAUUSD,7102602,1,0.01,1329.63,1335.77,19.78,1288271100,1288277100,6.07,TP
1943,XAUUSD,7102602,1,0.01,1365.01,1345.33,19.68,1288610100,1288802700,-20.1638,SL
1946,XAUUSD,7102602,1,0.01,1358.93,1369.08,20.32,1288866300,1288880100,10.08,TP
1949,XAUUSD,7102601,1,0.03,1376.58,1397.08,9.13,1288886400,1289337000,59.3669,SL
1951,XAUUSD,7102602,1,0.01,1415.91,1395.89,20.02,1289302200,1289337000,-20.09,SL
1955,XAUUSD,7102602,1,0.01,1404.81,1373,22.32,1289381100,1289783100,-32.7318,SL
1958,XAUUSD,7102602,1,0.01,1357.08,1370.28,25.18,1290074100,1290526500,12.5061,TP
1961,XAUUSD,7102602,1,0.01,1379.76,1357.77,21.99,1290593700,1290775500,-22.8993,SL
1964,XAUUSD,7102602,1,0.01,1367.56,1380.76,18.89,1291022100,1291127700,12.9214,TP
1967,XAUUSD,7102602,1,0.01,1394.33,1403.38,18.26,1291206300,1291390800,8.13231,TP
1972,XAUUSD,7102602,1,0.01,1423.66,1428.56,16.35,1291712700,1291725000,4.83,TP
1970,XAUUSD,7102601,1,0.03,1403.03,1406.06,8.33,1291392000,1291745700,7.58151,SL
1976,XAUUSD,7102602,1,0.01,1393.71,1400.74,17.32,1293534000,1293544800,6.96,TP
1979,XAUUSD,7102601,1,0.06,1411.85,1406.77,5.08,1293652800,1293717600,-34.7795,SL
1982,XAUUSD,7102601,1,0.06,1416.28,1411.22,5.06,1294027200,1294131600,-32.0779,SL
1984,XAUUSD,7102602,1,0.01,1422.83,1408.81,14.02,1294063200,1294131600,-14.3063,SL
1988,XAUUSD,7102602,-1,0.01,1362.82,1356.55,14.96,1294394400,1294408800,6.2,TP
1991,XAUUSD,7102602,-1,0.01,1368.22,1384.07,15.85,1294660800,1294747200,-15.9582,SL
1994,XAUUSD,7102602,-1,0.01,1370.56,1364.92,16.63,1295436300,1295511300,5.45587,TP
1997,XAUUSD,7102602,-1,0.01,1362.44,1354.59,17.13,1295514300,1295532600,7.78,TP
2000,XAUUSD,7102602,-1,0.01,1347.29,1341.72,14.86,1295861700,1295901600,5.5,TP
2003,XAUUSD,7102602,-1,0.01,1328.93,1322.94,15.34,1295950500,1295955600,5.92,TP
2006,XAUUSD,7102602,-1,0.01,1332.35,1327.83,14.4,1296048900,1296057600,4.45,TP
2009,XAUUSD,7102602,-1,0.01,1340.69,1334.37,15.21,1296119100,1296134400,6.25,TP
2012,XAUUSD,7102602,-1,0.01,1328.01,1345.82,17.81,1296474900,1296756000,-18.0654,SL
2015,XAUUSD,7102602,-1,0.01,1348.97,1367.2,18.23,1297172700,1297186200,-18.3,SL
2020,XAUUSD,7102602,1,0.01,1376.91,1382.18,13.73,1297849200,1297953900,4.56983,TP
2023,XAUUSD,7102602,1,0.02,1398.33,1404.22,10.42,1298282400,1298305500,11.64,TP
2018,XAUUSD,7102601,1,0.05,1373.12,1392.72,6.07,1297771200,1298372700,90.2549,SL
2027,XAUUSD,7102602,1,0.02,1402.89,1408.34,11.86,1298453400,1298476800,10.76,TP
2030,XAUUSD,7102601,1,0.05,1411.84,1405.69,6.15,1298491200,1298579100,-34.3387,SL
2032,XAUUSD,7102602,1,0.02,1416.14,1403.37,12.77,1298542500,1298579100,-25.68,SL
2036,XAUUSD,7102602,1,0.02,1415.94,1421.82,12.49,1298979900,1298987700,11.62,TP
2038,XAUUSD,7102601,1,0.04,1418.93,1419.2,6.99,1298980800,1299163200,-2.7019,SL
2042,XAUUSD,7102602,1,0.01,1439.13,1444.2,15.01,1299494700,1299507300,5,TP
2045,XAUUSD,7102602,1,0.01,1434.07,1418.6,15.47,1299583500,1299762000,-16.4132,SL
2048,XAUUSD,7102602,1,0.01,1418.09,1423.9,16.63,1299836100,1299872400,5.74,TP
2051,XAUUSD,7102602,1,0.01,1402.74,1409.27,18.35,1300283400,1300413900,5.60866,TP
2054,XAUUSD,7102602,1,0.01,1414.27,1421.61,18.55,1300443000,1300458300,7.27,TP
2057,XAUUSD,7102602,1,0.01,1424.03,1432.66,16.73,1301494200,1301576100,7.9077,TP
2060,XAUUSD,7102602,1,0.01,1434.68,1439.03,14.31,1301914500,1302021300,4.06068,TP
2065,XAUUSD,7102602,1,0.01,1459.28,1466.83,14.99,1302092400,1302252600,6.5885,TP
2063,XAUUSD,7102601,1,0.04,1452.01,1454.3,7.35,1302033600,1302585600,2.6299,SL
2068,XAUUSD,7102602,1,0.01,1468.98,1453.93,15.05,1302258900,1302586500,-15.5688,SL
2072,XAUUSD,7102602,1,0.01,1461.93,1447.86,14.07,1302604800,1302624300,-14.14,SL
2075,XAUUSD,7102602,1,0.01,1459.88,1466.28,15.25,1302701100,1302795900,5.66258,TP
2080,XAUUSD,7102602,1,0.01,1478.38,1484.96,15.81,1302873900,1302888300,6.51,TP
2083,XAUUSD,7102602,1,0.01,1496.53,1501.18,14.54,1303211100,1303289100,4.3509,TP
2078,XAUUSD,7102601,1,0.04,1476.83,1496.32,7.27,1302840000,1303833900,70.3349,SL
2086,XAUUSD,7102602,1,0.02,1506.19,1512.19,13.83,1303816500,1303917000,11.3998,TP
2090,XAUUSD,7102601,1,0.04,1523.13,1547.1,7.35,1303934400,1304304600,90.9144,SL
2093,XAUUSD,7102602,1,0.01,1542.52,1523.94,18.58,1304519100,1304529600,-18.65,SL
2096,XAUUSD,7102602,1,0.01,1505.33,1517.3,23.92,1304936100,1305077700,11.6684,TP
2099,XAUUSD,7102602,1,0.01,1526.21,1501.56,24.65,1305113700,1305140400,-24.72,SL
2102,XAUUSD,7102602,1,0.01,1511.48,1484.75,26.73,1305281700,1305314100,-26.8,SL
2105,XAUUSD,7102602,1,0.01,1493.68,1501.73,25.66,1305714000,1305888000,7.06553,TP
2108,XAUUSD,7102601,1,0.05,1537.58,1531.6,5.98,1306526400,1306900800,-33.7711,SL
2111,XAUUSD,7102601,1,0.06,1545.43,1540.35,5.08,1306958400,1306967700,-30.9,SL
2114,XAUUSD,7102602,1,0.01,1543.68,1529.4,14.28,1307020200,1307038200,-14.35,SL
2117,XAUUSD,7102601,1,0.04,1551.73,1543.5,8.23,1307390400,1307394600,-33.2,SL
2120,XAUUSD,7102602,1,0.02,1547.58,1534.72,12.86,1307447100,1307529300,-26.332,SL
2123,XAUUSD,7102602,1,0.02,1545.03,1549.6,13.6,1308655500,1308758400,8.52734,TP
2126,XAUUSD,7102601,1,0.06,1554.18,1548.72,5.46,1308772800,1308778800,-33.18,SL
2129,XAUUSD,7102602,-1,0.01,1510.93,1526.52,15.59,1309961100,1309968000,-15.66,SL
2132,XAUUSD,7102602,1,0.01,1547.35,1552.63,16.71,1310378700,1310397600,5.21,TP
2137,XAUUSD,7102602,1,0.01,1569.78,1574.84,15.63,1310551800,1310555100,4.99,TP
2135,XAUUSD,7102601,1,0.04,1566.6,1574.38,8.01,1310520600,1310976300,25.9929,SL
2140,XAUUSD,7102602,1,0.01,1591.77,1574.63,17.14,1310645700,1310976300,-17.6959,SL
2144,XAUUSD,7102601,1,0.02,1599.15,1586.51,12.64,1310990400,1311109200,-25.9104,SL
2147,XAUUSD,7102601,1,0.03,1613.59,1604.35,9.24,1311566400,1311874200,-31.6313,SL
2149,XAUUSD,7102602,1,0.01,1618.92,1628.92,25.79,1311594000,1311957000,8.44929,TP
2153,XAUUSD,7102602,1,0.01,1617.75,1626.14,25.16,1312199400,1312218000,8.32,TP
2156,XAUUSD,7102601,1,0.03,1637.23,1654.69,9.09,1312300800,1312484700,49.1221,SL
2159,XAUUSD,7102602,1,0.01,1668.83,1690.38,22.66,1312545000,1312765800,21.2227,TP
2162,XAUUSD,7102601,1,0.02,1686.46,1731.47,15.26,1312776000,1312908900,89.3559,SL
2165,XAUUSD,7102601,1,0.01,1802.89,1778.11,24.78,1313035200,1313056200,-24.85,SL
2168,XAUUSD,7102601,1,0.03,1817.29,1843.9,10.97,1313683200,1313767500,78.7836,SL
2171,XAUUSD,7102601,1,0.02,1887.95,1872.66,15.29,1314014400,1314021600,-30.72,SL
2174,XAUUSD,7102601,1,0.01,1906.38,1888.68,17.7,1314063000,1314093900,-17.77,SL
2177,XAUUSD,7102601,1,0.02,1912.68,1898.97,13.71,1315296000,1315306500,-27.56,SL
2180,XAUUSD,7102601,1,0.02,1693.76,1682.63,11.13,1318852800,1318860300,-22.4,SL
2183,XAUUSD,7102601,1,0.02,1697.11,1707.05,15.11,1319572800,1320040200,16.5741,SL
2186,XAUUSD,7102601,1,0.02,1762.04,1747.42,14.62,1320336000,1320339900,-29.38,SL
2189,XAUUSD,7102601,1,0.02,1764.42,1749.46,14.96,1320350400,1320428400,-30.599,SL
2192,XAUUSD,7102601,1,0.02,1771.92,1766.58,12.12,1320652800,1320876900,-11.9139,SL
2195,XAUUSD,7102602,-1,0.01,1706,1693.73,27.32,1321877100,1321897800,12.2,TP
2198,XAUUSD,7102602,-1,0.01,1683.52,1652.92,25.33,1323683700,1323747000,30.4838,TP
2201,XAUUSD,7102601,-1,0.03,1557.02,1550.19,9.15,1325122200,1325192700,20.28,SL
2204,XAUUSD,7102602,-1,0.01,1605.84,1629.07,23.23,1325770800,1325866200,-23.345,SL
2207,XAUUSD,7102601,1,0.03,1645.21,1635.53,9.68,1326283200,1326288000,-29.25,SL
2210,XAUUSD,7102601,1,0.03,1649.73,1641.11,8.62,1326369600,1326430500,-26.8256,SL
2213,XAUUSD,7102601,1,0.03,1664.87,1656.51,8.36,1326801600,1326817800,-25.29,SL
2216,XAUUSD,7102602,1,0.01,1659.15,1673.54,20.47,1326878100,1327317900,13.0514,TP
2218,XAUUSD,7102601,1,0.03,1670.73,1660.98,9.75,1327305600,1327492500,-30.9915,SL
2221,XAUUSD,7102602,1,0.01,1673.88,1655.66,18.22,1327318200,1327494900,-18.8005,SL
2227,XAUUSD,7102602,1,0.01,1714.14,1722.05,21.88,1327569000,1327591500,7.84,TP
2230,XAUUSD,7102602,1,0.01,1724.58,1734.47,21.77,1327665000,1327693500,9.82,TP
2233,XAUUSD,7102602,1,0.01,1740.02,1749.18,20.98,1328001900,1328106000,8.82446,TP
2236,XAUUSD,7102602,1,0.01,1752.62,1760.47,22.36,1328179200,1328205600,7.78,TP
2225,XAUUSD,7102601,1,0.03,1690.18,1734.5,9.61,1327521600,1328288400,124.022,SL
2240,XAUUSD,7102602,1,0.01,1727.55,1736.14,22.71,1328605800,1328637300,8.52,TP
2243,XAUUSD,7102602,1,0.01,1739.74,1713.82,25.92,1328778600,1328883300,-26.2544,SL
2246,XAUUSD,7102602,1,0.01,1731.15,1708.48,22.66,1329124800,1329405900,-24.0578,SL
2249,XAUUSD,7102601,1,0.03,1775.17,1766.77,8.4,1329960600,1330342200,-27.0381,SL
2251,XAUUSD,7102602,1,0.01,1782.83,1762.51,20.32,1330082700,1330347000,-20.661,SL
2255,XAUUSD,7102602,1,0.01,1774.44,1782.55,16.68,1330422600,1330442700,8.04,TP
2258,XAUUSD,7102602,-1,0.01,1708.36,1700.91,23.33,1330942800,1330945200,7.38,TP
2261,XAUUSD,7102602,-1,0.01,1698.65,1689.66,23.65,1331028000,1331035200,8.92,TP
2264,XAUUSD,7102602,-1,0.01,1697.53,1688.73,26.17,1331290800,1331305200,8.73,TP
2267,XAUUSD,7102601,-1,0.02,1644.66,1658.02,13.36,1331740800,1331838000,-27.1339,SL
2270,XAUUSD,7102602,-1,0.01,1654.38,1644.66,27.18,1332241200,1332255600,9.65,TP
2273,XAUUSD,7102602,-1,0.01,1645.82,1636.61,26.78,1332414000,1332417600,9.14,TP
2276,XAUUSD,7102602,-1,0.01,1659.01,1684.87,25.86,1332760500,1332782700,-25.93,SL
2279,XAUUSD,7102602,-1,0.01,1655.52,1647.22,26.49,1333023900,1333045800,8.23,TP
2282,XAUUSD,7102602,-1,0.01,1639.03,1631.91,21.62,1333533900,1333539600,7.05,TP
2285,XAUUSD,7102601,-1,0.03,1621.85,1631.51,9.66,1333555200,1333665000,-29.5951,SL
2288,XAUUSD,7102602,-1,0.01,1642.48,1663.55,21.07,1334063400,1334249100,-21.3243,SL
2291,XAUUSD,7102602,-1,0.01,1650.76,1667.73,16.97,1335521100,1335548100,-17.04,SL
2294,XAUUSD,7102602,-1,0.01,1653.11,1644.94,15.62,1335955500,1336037700,7.96226,TP
2297,XAUUSD,7102602,-1,0.01,1628.53,1620.18,14.75,1336473300,1336490400,8.28,TP
2300,XAUUSD,7102601,-1,0.04,1614.95,1601.84,7.36,1336492800,1336668900,51.4516,SL
2305,XAUUSD,7102601,-1,0.03,1577.85,1587.29,9.44,1336737600,1336756200,-28.53,SL
2302,XAUUSD,7102602,-1,0.01,1586.17,1568.56,17.63,1336563600,1336994100,17.3193,TP
2311,XAUUSD,7102602,-1,0.01,1528.5,1547.71,19.21,1337163300,1337187000,-19.28,SL
2309,XAUUSD,7102601,-1,0.03,1561.68,1554.78,9.24,1336996800,1337266500,19.8467,SL
2315,XAUUSD,7102602,-1,0.01,1590.74,1583.44,20.9,1337602200,1337682900,7.18575,TP
2318,XAUUSD,7102602,-1,0.01,1554.69,1542.4,22.41,1337771700,1337793600,12.22,TP
2321,XAUUSD,7102602,-1,0.01,1552.62,1576.74,24.12,1337857500,1337875200,-24.19,SL
2324,XAUUSD,7102602,-1,0.01,1550.72,1578.26,23.86,1338552300,1338564900,-27.61,SL
2327,XAUUSD,7102602,1,0.01,1635.13,1609.05,26.08,1338980100,1339088400,-26.8933,SL
2330,XAUUSD,7102602,-1,0.01,1594.63,1584.87,27.29,1339410900,1339432500,9.69,TP
2333,XAUUSD,7102602,-1,0.01,1568.91,1562,21.81,1340621400,1340899500,6.62108,TP
2336,XAUUSD,7102601,-1,0.04,1551.8,1559.72,7.92,1340913600,1340949300,-32.1325,SL
2339,XAUUSD,7102602,-1,0.01,1588.09,1610.58,22.49,1341240300,1341309900,-22.6044,SL
2342,XAUUSD,7102602,-1,0.01,1567.8,1559.18,22.68,1342088100,1342106700,8.55,TP
2345,XAUUSD,7102602,-1,0.01,1583.46,1576.16,21.65,1342441200,1342546500,7.18586,TP
2348,XAUUSD,7102602,-1,0.01,1576.76,1568.13,20.6,1342616700,1342626300,8.56,TP
2351,XAUUSD,7102602,-1,0.01,1573.42,1564.95,18.72,1343039400,1343056800,8.4,TP
2354,XAUUSD,7102602,1,0.01,1608.39,1615.12,19.56,1343300100,1343310600,6.66,TP
2357,XAUUSD,7102602,1,0.01,1620.47,1628.79,18.4,1343388600,1343400000,8.25,TP
2360,XAUUSD,7102602,1,0.01,1617.28,1600.52,16.76,1343815500,1343838300,-16.83,SL
2363,XAUUSD,7102602,1,0.01,1625.38,1611.04,14.34,1344864000,1344889200,-14.41,SL
2366,XAUUSD,7102602,1,0.01,1616.06,1601.68,14.38,1344939900,1344958800,-14.45,SL
2369,XAUUSD,7102602,1,0.02,1625.88,1631.07,12.61,1345545000,1345562700,10.24,TP
2372,XAUUSD,7102602,1,0.01,1641.83,1646.28,13.84,1345634400,1345669200,4.38,TP
2377,XAUUSD,7102602,1,0.01,1665.63,1676.76,14.53,1345716600,1346040900,10.5495,TP
2375,XAUUSD,7102601,1,0.05,1652.93,1658.34,6.23,1345685400,1346127000,22.876,SL
2381,XAUUSD,7102602,1,0.01,1665.86,1651.44,14.42,1346156100,1346349000,-15.5041,SL
2384,XAUUSD,7102602,1,0.01,1659.04,1664.81,14.28,1346410800,1346433300,5.7,TP
2387,XAUUSD,7102601,1,0.04,1681.84,1690.36,7.75,1346443200,1346997600,26.5525,SL
2389,XAUUSD,7102602,1,0.01,1706.66,1691.05,15.61,1346928300,1346997600,-15.9399,SL
2395,XAUUSD,7102602,1,0.01,1733.45,1739.44,16.82,1347365100,1347447600,5.65539,TP
2393,XAUUSD,7102601,1,0.03,1725.2,1720.51,8.92,1347033600,1347563400,-19.0406,SL
2399,XAUUSD,7102601,1,0.04,1752.96,1754.36,7.84,1347566400,1347921000,3.15431,SL
2402,XAUUSD,7102601,1,0.03,1786.84,1778.53,8.31,1348243200,1348249800,-25.14,SL
2405,XAUUSD,7102602,1,0.01,1768.88,1774.75,17.3,1348570500,1348587300,5.8,TP
2408,XAUUSD,7102602,1,0.01,1783.18,1789.99,20.39,1348834800,1349107200,6.46966,TP
2411,XAUUSD,7102602,1,0.01,1786.49,1794.41,17.24,1349345100,1349364300,7.85,TP
2414,XAUUSD,7102602,1,0.01,1766.71,1774.02,16.97,1349950500,1349969100,7.24,TP
2417,XAUUSD,7102602,1,0.01,1741.73,1746.89,15.72,1350381900,1350407100,5.09,TP
2420,XAUUSD,7102602,-1,0.01,1722.36,1715.77,14.86,1350987000,1350995400,6.52,TP
2423,XAUUSD,7102602,-1,0.01,1677.76,1693.62,15.86,1352109000,1352210700,-15.9768,SL
2426,XAUUSD,7102601,1,0.03,1737.81,1726.99,10.82,1352448000,1352747700,-33.4646,SL
2429,XAUUSD,7102602,1,0.01,1727.45,1733.14,16.62,1352813100,1352918700,5.35646,TP
2432,XAUUSD,7102602,1,0.01,1735.17,1743.47,16.05,1353406800,1353690900,6.90944,TP
2435,XAUUSD,7102601,1,0.05,1750.92,1745.56,5.36,1353700800,1354019700,-29.8232,SL
2438,XAUUSD,7102602,-1,0.01,1715.61,1710.8,13.21,1354540200,1354603500,4.69232,TP
2441,XAUUSD,7102602,-1,0.01,1692.4,1676.58,16.1,1355404500,1355856000,15.6085,TP
2444,XAUUSD,7102602,-1,0.01,1671.01,1665.55,16.22,1355924400,1355931600,5.39,TP
2447,XAUUSD,7102602,-1,0.01,1643.14,1626.26,17.85,1357293300,1357306800,16.81,TP
2450,XAUUSD,7102602,-1,0.01,1655.23,1648.52,16.7,1357552800,1357572000,6.64,TP
2453,XAUUSD,7102602,-1,0.02,1657.38,1652.91,13.1,1359371100,1359387300,8.8,TP
2456,XAUUSD,7102602,-1,0.02,1676.02,1671.47,13.12,1359625800,1359645300,8.96,TP
2459,XAUUSD,7102602,-1,0.02,1664.99,1677.33,12.34,1359977100,1360004700,-24.82,SL
2462,XAUUSD,7102602,-1,0.01,1642.14,1635.98,13.77,1360665000,1360869300,5.90728,TP
2467,XAUUSD,7102602,-1,0.01,1629.8,1624.08,15.41,1360925100,1360940700,5.65,TP
2470,XAUUSD,7102602,-1,0.01,1611.52,1604.41,15.27,1361189700,1361294700,6.99527,TP
2473,XAUUSD,7102602,-1,0.01,1604.6,1599.83,15.32,1361360700,1361364300,4.7,TP
2465,XAUUSD,7102601,-1,0.04,1634.39,1577.41,7.43,1360872000,1361465700,226.4,SL
2477,XAUUSD,7102602,-1,0.01,1589.39,1608.24,18.85,1361870700,1361901000,-18.92,SL
2480,XAUUSD,7102602,-1,0.01,1593.09,1586.18,21.09,1362049500,1362074100,6.84,TP
2483,XAUUSD,7102602,-1,0.01,1575.89,1567.35,21.92,1362388800,1362756600,8.20664,TP
2486,XAUUSD,7102602,-1,0.01,1583.12,1577.13,16.95,1363270200,1363275000,5.92,TP
2489,XAUUSD,7102602,-1,0.02,1602.47,1615.97,13.5,1363694400,1363880700,-27.4974,SL
2492,XAUUSD,7102602,-1,0.02,1603.64,1593.88,13.08,1364214900,1364224800,19.38,TP
2495,XAUUSD,7102602,-1,0.02,1599.59,1593.63,13.21,1364299500,1364378400,11.6912,TP
2498,XAUUSD,7102602,-1,0.02,1593.77,1607.69,13.92,1364378700,1364404200,-27.98,SL
2501,XAUUSD,7102602,-1,0.02,1598.24,1592.92,12.93,1364905500,1364916000,10.5,TP
2504,XAUUSD,7102601,-1,0.06,1574.95,1555.95,5.25,1364932800,1365108300,112.539,SL
2507,XAUUSD,7102602,-1,0.01,1557.54,1551.3,17.97,1365763800,1365768600,6.17,TP
2510,XAUUSD,7102601,-1,0.04,1537.72,1449.66,8.41,1365782400,1366005900,351.795,SL
2513,XAUUSD,7102601,-1,0.02,1447.04,1364.62,14.33,1366012800,1366097700,164.624,SL
2516,XAUUSD,7102602,-1,0.01,1451.97,1442.42,24.14,1368185700,1368194100,9.48,TP
2519,XAUUSD,7102602,-1,0.01,1431.06,1419.43,21.54,1368535800,1368609600,11.5204,TP
2522,XAUUSD,7102602,-1,0.01,1411.61,1393.26,22.78,1368612600,1368642000,18.28,TP
2527,XAUUSD,7102602,-1,0.01,1385.05,1373.88,24.62,1368700500,1368703200,11.1,TP
2524,XAUUSD,7102601,-1,0.02,1411.96,1373.73,11.9,1368619200,1369076400,75.9347,SL
2531,XAUUSD,7102602,-1,0.01,1380.11,1362.53,27.51,1369137900,1369155300,17.51,TP
2534,XAUUSD,7102602,-1,0.01,1406.2,1397.44,28.97,1370340900,1370357400,8.69,TP
2537,XAUUSD,7102602,-1,0.01,1397.17,1386.4,28.97,1370435400,1370622000,10.5438,TP
2540,XAUUSD,7102602,-1,0.01,1380,1372.5,21.19,1370861400,1370946900,7.3915,TP
2543,XAUUSD,7102602,-1,0.01,1377.17,1368.49,18.6,1371556500,1371574500,8.61,TP
2548,XAUUSD,7102602,-1,0.01,1328.36,1312.07,20.38,1371722700,1371726000,16.22,TP
2546,XAUUSD,7102601,-1,0.05,1349.28,1306.21,6.77,1371691800,1371739800,215,SL
2552,XAUUSD,7102601,-1,0.03,1296.12,1306.25,10.13,1371744000,1371746400,-30.6,SL
2555,XAUUSD,7102601,-1,0.03,1282.77,1294.14,11.37,1371778200,1371802500,-34.32,SL
2560,XAUUSD,7102602,-1,0.01,1237.41,1204.16,22.79,1372244400,1372366500,33.0779,TP
2558,XAUUSD,7102601,-1,0.02,1252.26,1217.67,12.47,1372233600,1372440300,68.769,SL
2564,XAUUSD,7102602,-1,0.01,1284.94,1275.9,26.22,1373887500,1373901900,8.97,TP
2567,XAUUSD,7102602,-1,0.01,1314.6,1337.92,23.32,1374754800,1374793800,-23.39,SL
2570,XAUUSD,7102602,1,0.01,1332,1310.98,21.02,1375101600,1375292700,-21.4956,SL
2573,XAUUSD,7102602,-1,0.01,1311.16,1301.71,22.12,1375705200,1375726200,9.38,TP
2576,XAUUSD,7102601,-1,0.03,1276.89,1287.1,10.21,1375848000,1375899600,-30.84,SL
2579,XAUUSD,7102602,-1,0.01,1306.47,1329.57,23.1,1376050800,1376271300,-23.2066,SL
2582,XAUUSD,7102602,1,0.01,1327.26,1336.78,21.71,1376481900,1376529600,8.83785,TP
2585,XAUUSD,7102602,1,0.01,1371.6,1383.41,23.63,1377169500,1377277200,11.5299,TP
2588,XAUUSD,7102602,1,0.01,1409.09,1420.6,23.71,1377601500,1377617100,11.44,TP
2591,XAUUSD,7102602,1,0.01,1395.59,1372.44,23.15,1378387800,1378402500,-23.22,SL
2594,XAUUSD,7102601,-1,0.05,1339.47,1326.38,7.13,1378987200,1379115300,64.9164,SL
2596,XAUUSD,7102602,-1,0.01,1306.29,1330.59,23.5,1379074800,1379293500,-24.4068,SL
2600,XAUUSD,7102602,-1,0.01,1320.73,1310.51,23.48,1379328900,1379342100,10.15,TP
2603,XAUUSD,7102601,-1,0.03,1299.42,1310.93,11.51,1379476800,1379535300,-34.74,SL
2606,XAUUSD,7102602,1,0.01,1373.74,1345.6,28.14,1379585400,1379698200,-28.4187,SL
2609,XAUUSD,7102602,-1,0.01,1324.2,1311.36,24.39,1380637200,1380641100,12.77,TP
2612,XAUUSD,7102601,-1,0.03,1285.34,1296.41,11.07,1380657600,1380715200,-33.5274,SL
2615,XAUUSD,7102602,-1,0.01,1320.37,1313.3,22.53,1381235700,1381320300,6.96338,TP
2618,XAUUSD,7102602,-1,0.01,1299.75,1291.61,23.67,1381405800,1381443900,8.07,TP
2621,XAUUSD,7102602,-1,0.01,1285.52,1277.83,24.08,1381492500,1381506000,7.62,TP
2624,XAUUSD,7102601,-1,0.03,1267.02,1277.39,10.37,1381507200,1381746000,-31.4261,SL
2627,XAUUSD,7102602,-1,0.01,1265.29,1255.55,23.4,1381834200,1381838400,9.67,TP
2629,XAUUSD,7102601,-1,0.03,1256.28,1266.94,10.66,1381838400,1381848000,-32.19,SL
2633,XAUUSD,7102602,-1,0.01,1314.08,1335.5,21.42,1382360700,1382462400,-21.5266,SL
2636,XAUUSD,7102602,1,0.01,1342.03,1351.27,22.38,1382609700,1382639700,9.17,TP
2639,XAUUSD,7102602,1,0.01,1349.14,1358.75,20.37,1383135300,1383147000,9.54,TP
2642,XAUUSD,7102601,-1,0.05,1303.77,1310.7,6.93,1383840000,1383844200,-35,SL
2645,XAUUSD,7102601,-1,0.04,1294.67,1285.36,7.98,1383926400,1384393200,36.1087,SL
2648,XAUUSD,7102602,-1,0.02,1270.1,1265.37,14.79,1384867200,1384953900,9.24919,TP
2651,XAUUSD,7102601,-1,0.05,1244.65,1247.45,6.86,1384997400,1385413500,-14.6945,SL
2654,XAUUSD,7102601,-1,0.05,1225.52,1230.33,6.18,1386014400,1386173700,-24.7394,SL
2657,XAUUSD,7102602,-1,0.01,1238.78,1230.86,20.42,1387278000,1387293600,7.85,TP
2660,XAUUSD,7102602,-1,0.01,1218.35,1210.63,21.34,1387446000,1387448700,7.65,TP
2663,XAUUSD,7102601,-1,0.03,1203.27,1212.97,9.7,1387454400,1388071800,-30.0103,SL
2666,XAUUSD,7102602,-1,0.01,1205.59,1197.37,16.64,1388394600,1388442000,8.15,TP
2669,XAUUSD,7102602,-1,0.01,1225.21,1220.04,15.42,1389177000,1389199200,5.1,TP
2672,XAUUSD,7102602,-1,0.02,1238.86,1234.54,14.02,1390388100,1390443000,8.29396,TP
2675,XAUUSD,7102602,1,0.02,1263.32,1267.4,13.1,1390569600,1390570200,8.02,TP
2678,XAUUSD,7102602,1,0.02,1256.48,1260.89,14.31,1391000100,1391004000,8.68,TP
2681,XAUUSD,7102602,1,0.01,1263.4,1270.11,17.72,1391766600,1391787000,6.64,TP
2684,XAUUSD,7102602,1,0.01,1293.9,1298.76,15.7,1392298500,1392316500,4.79,TP
2687,XAUUSD,7102602,1,0.01,1309.01,1316.99,15.95,1392368700,1392385500,7.91,TP
2690,XAUUSD,7102601,1,0.06,1327.35,1321.49,5.86,1392609600,1392703200,-36.7978,SL
2693,XAUUSD,7102602,1,0.02,1315.27,1321.33,14.2,1392891900,1392933300,11.98,TP
2696,XAUUSD,7102602,1,0.02,1321.62,1326.61,14.49,1392977400,1393014900,9.84,TP
2699,XAUUSD,7102602,1,0.02,1330.57,1340.16,12.93,1393235100,1393347600,18.6316,TP
2701,XAUUSD,7102601,1,0.05,1334.16,1327.49,6.67,1393243200,1393437000,-35.7451,SL
2705,XAUUSD,7102602,1,0.02,1331.76,1337.61,14.69,1393503000,1393810800,10.7452,TP
2708,XAUUSD,7102602,1,0.02,1345.84,1354.4,13.89,1393837800,1393870200,16.98,TP
2711,XAUUSD,7102601,1,0.04,1351.67,1344.2,7.47,1393876800,1393920600,-30.9855,SL
2714,XAUUSD,7102602,1,0.02,1338.83,1349.11,14.9,1394462700,1394544900,20.0107,TP
2717,XAUUSD,7102601,1,0.04,1357.4,1366.68,7.46,1394611200,1395090900,32.649,SL
2719,US500,7102603,1,1.56,1848.24,1859.08,38.9331,1394762400,1395108000,15.7782,EXPERT
2721,US30,7102603,1,0.18,16125.5,16249.2,334.64,1394762400,1395108000,21.1281,EXPERT
2723,NAS100,7102603,1,0.66,3620.67,3698.92,91.1292,1395025200,1395194400,50.7027,EXPERT
2729,XAUUSD,7102601,-1,0.06,1291.67,1297.76,6.09,1395972300,1396000500,-36.96,SL
2732,XAUUSD,7102601,-1,0.05,1284.71,1290.99,6.28,1396315800,1396450500,-31.9277,SL
2735,XAUUSD,7102602,-1,0.02,1299.6,1313.01,13.41,1396868700,1396957800,-27.0321,SL
2742,XAUUSD,7102602,-1,0.02,1308.49,1303.19,14,1397052300,1397053800,10.46,TP
2739,US500,7102603,1,1.56,1847.75,1871.97,38.9631,1396922400,1397093400,35.5177,EXPERT
2737,US30,7102603,1,0.19,16263,16437.5,310.557,1396920600,1397093400,30.7268,EXPERT
2747,XAUUSD,7102602,1,0.02,1319.13,1326.4,13.13,1397124300,1397437500,13.5931,TP
2750,XAUUSD,7102601,1,0.06,1326.04,1319.97,6.07,1397448000,1397489400,-36.84,SL
2753,XAUUSD,7102601,-1,0.06,1273.45,1279.07,5.62,1398355200,1398357300,-34.14,SL
2756,XAUUSD,7102602,-1,0.02,1300.6,1295.68,14.95,1398689400,1398705000,9.7,TP
2759,XAUUSD,7102602,-1,0.02,1291.76,1287.25,15.01,1398766800,1398772500,8.88,TP
2762,XAUUSD,7102602,-1,0.01,1283.49,1276.89,15.6,1398939900,1399044600,6.49433,TP
2765,XAUUSD,7102602,1,0.02,1314.15,1299.22,14.93,1399461000,1399482000,-30,SL
2768,NAS100,7102603,1,0.56,3534.57,3613.4,108.395,1399600800,1399944600,43.3695,EXPERT
2771,XAUUSD,7102602,-1,0.02,1289.68,1304.06,14.38,1399990500,1400075100,-28.9719,SL
2776,XAUUSD,7102602,-1,0.02,1292.57,1288.02,15.17,1400235300,1400255100,8.96,TP
2774,US30,7102603,1,0.21,16449.8,16507.4,282.167,1400203800,1400722200,8.05415,EXPERT
2780,XAUUSD,7102602,-1,0.02,1285.09,1277.09,11.14,1401185400,1401204000,15.86,TP
2785,XAUUSD,7102602,-1,0.02,1255.63,1251.26,11.65,1401447900,1401462600,8.6,TP
2783,XAUUSD,7102601,-1,0.08,1277.19,1253.35,4.23,1401206400,1401983100,187.101,SL
2789,XAUUSD,7102602,-1,0.02,1252.53,1248.64,10.84,1402062000,1402072800,7.64,TP
2792,XAUUSD,7102602,-1,0.03,1266.56,1276.12,9.56,1403089500,1403134200,-28.89,SL
2795,XAUUSD,7102602,1,0.03,1282.13,1288.04,9.74,1403172600,1403191200,17.52,TP
2798,XAUUSD,7102601,1,0.05,1321.93,1314.86,7.07,1403227800,1403232900,-35.7,SL
2801,XAUUSD,7102602,1,0.02,1318.9,1322.79,11.78,1403609100,1403610000,7.64,TP
2804,XAUUSD,7102601,1,0.05,1323.37,1316.06,7.31,1403611200,1403671200,-37.9069,SL
2807,XAUUSD,7102601,1,0.06,1327.36,1321.65,5.71,1404178200,1404314700,-35.8951,SL
2810,XAUUSD,7102602,1,0.03,1321.79,1325.35,9.65,1404828600,1404897300,9.86526,TP
2813,XAUUSD,7102602,1,0.02,1326.45,1334.76,10.3,1404917400,1404993600,15.2623,TP
2816,XAUUSD,7102602,1,0.02,1335.58,1339.78,10.72,1404993900,1404994800,8.26,TP
2819,XAUUSD,7102601,1,0.06,1340.23,1334.84,5.39,1405008000,1405035900,-32.76,SL
2822,XAUUSD,7102602,1,0.02,1310.56,1299,11.56,1405424100,1405446900,-23.26,SL
2825,XAUUSD,7102602,1,0.02,1314.2,1301.38,12.82,1405937400,1406175900,-27.7762,SL
2834,XAUUSD,7102602,-1,0.02,1291.14,1287.26,11.59,1407160500,1407176700,7.62,TP
2837,XAUUSD,7102601,1,0.06,1318.51,1312.97,5.54,1407484800,1407510000,-33.66,SL
2832,US30,7102603,1,0.19,16521.6,16545.3,308.485,1406905200,1407720600,-0.362331,EXPERT
2828,US500,7102603,1,1.68,1925.35,1931.51,36.2561,1406905200,1407726000,5.32582,EXPERT
2830,NAS100,7102603,1,0.71,3881.22,3909.88,85.3791,1406905200,1407807000,15.5307,EXPERT
2842,XAUUSD,7102602,1,0.02,1310.52,1315.15,12.08,1407766500,1407857100,8.7203,TP
2846,XAUUSD,7102602,1,0.02,1315.4,1318.98,12.01,1408011900,1408030200,7.02,TP
2849,XAUUSD,7102602,-1,0.02,1283.79,1280.22,10.62,1409312700,1409651100,6.85708,TP
2852,XAUUSD,7102602,-1,0.03,1270,1258.58,8.65,1409664300,1409880600,33.5222,TP
2854,XAUUSD,7102601,-1,0.06,1259.21,1264.48,5.27,1409880600,1409907300,-32.04,SL
2858,XAUUSD,7102602,-1,0.02,1265.66,1259.9,10.5,1410183900,1410195300,11.38,TP
2861,XAUUSD,7102601,-1,0.06,1252.18,1258.15,5.67,1410206400,1410224700,-36.4491,SL
2864,XAUUSD,7102602,-1,0.02,1253.43,1249.24,11.34,1410260400,1410289200,8.24,TP
2867,XAUUSD,7102601,-1,0.06,1249.01,1254.97,5.96,1410292800,1410302700,-36.18,SL
2870,XAUUSD,7102602,-1,0.02,1253.21,1249.11,11.64,1410349200,1410362400,8.06,TP
2873,XAUUSD,7102601,-1,0.05,1245.29,1226.33,6.14,1410379200,1411471500,92.2267,SL
2878,US500,7102603,1,1.81,1980.38,1998.46,34.0105,1411524000,1411608600,30.6134,EXPERT
2876,US30,7102603,1,0.23,17025.7,17210.8,266.113,1411522200,1411608600,40.2523,EXPERT
2882,XAUUSD,7102602,-1,0.02,1207.12,1219.73,12.61,1411640100,1411666800,-25.36,SL
2885,XAUUSD,7102602,-1,0.02,1221.46,1211.92,13.1,1411740000,1412079000,18.8048,TP
2888,XAUUSD,7102601,-1,0.06,1206.07,1212.22,6.15,1412092800,1412093400,-37.32,SL
2895,XAUUSD,7102602,-1,0.02,1214.48,1207.06,13.27,1412244600,1412329800,14.6326,TP
2898,XAUUSD,7102602,-1,0.02,1206.38,1199.4,13.52,1412331900,1412350200,13.82,TP
2891,US30,7102603,1,0.16,16830.1,17004.9,373.402,1412213400,1412559000,26.912,EXPERT
2893,US500,7102603,1,1.39,1948.86,1970.61,44.3322,1412215200,1412564400,29.1674,EXPERT
2901,XAUUSD,7102601,-1,0.05,1202.29,1203.43,6.86,1412352000,1412621100,-6.21544,SL
2906,XAUUSD,7102602,-1,0.02,1228.3,1242.28,13.98,1413201600,1413390900,-28.2371,SL
2908,NAS100,7102603,1,0.39,3808.45,3832.46,155.248,1413252000,1413774000,7.64709,EXPERT
2911,XAUUSD,7102602,-1,0.02,1236.25,1251.2,14.95,1413555000,1413885900,-30.1781,SL
2915,XAUUSD,7102602,1,0.02,1251.92,1238.7,13.22,1413886200,1414062900,-28.0992,SL
2918,XAUUSD,7102601,-1,0.07,1210.68,1215.58,4.9,1414634700,1414641900,-34.79,SL
2921,XAUUSD,7102602,-1,0.02,1204.46,1193.7,11.78,1414665900,1414742700,21.3134,TP
2926,XAUUSD,7102602,-1,0.02,1175.54,1156.97,12.51,1414749900,1415172600,36.8053,TP
2923,XAUUSD,7102601,-1,0.07,1203.97,1147.28,5.25,1414670400,1415371500,394.538,SL
2929,XAUUSD,7102602,-1,0.02,1145.59,1159.59,14,1415185200,1415381400,-28.3936,SL
2933,XAUUSD,7102602,-1,0.01,1167.5,1158.62,17.21,1415627400,1415644800,8.81,TP
2936,XAUUSD,7102602,-1,0.01,1156.19,1177.26,21.07,1415872200,1415986800,-21.1723,SL
2939,XAUUSD,7102602,-1,0.01,1180.48,1171.42,16.64,1417179900,1417203900,8.99,TP
2942,US500,7102603,1,2.38,2052.56,2073.37,26.7446,1417485600,1417656600,45.6903,EXPERT
2945,XAUUSD,7102602,1,0.01,1206.86,1213,19.43,1418119200,1418136300,6.07,TP
2948,US30,7102603,1,0.21,17544.1,17252.8,291.329,1418261400,1418425200,-61.8942,SL
2950,US500,7102603,1,1.77,2026.18,1990.09,36.0871,1418263200,1418666400,-65.2545,SL
2952,NAS100,7102603,1,0.69,4226.45,4135.07,91.3655,1418263200,1418738400,-64.7355,SL
2958,US500,7102603,1,1.25,1993.46,2013.48,50.3307,1418695200,1418866200,23.0773,EXPERT
2955,US30,7102603,1,0.17,17259.7,17352,370.676,1418607000,1418866200,12.8403,EXPERT
2961,NAS100,7102603,1,0.47,4092.37,4270.74,132.085,1418781600,1418952600,82.3026,EXPERT
2966,XAUUSD,7102601,-1,0.04,1180.56,1188.26,7.7,1419278400,1419596400,-31.7328,SL
2969,NAS100,7102603,1,0.66,4208.39,4113.72,94.6744,1420423200,1420567200,-63.0183,SL
2975,XAUUSD,7102602,1,0.01,1211.15,1219.98,17.72,1420536300,1420569600,8.76,TP
2971,US30,7102603,1,0.2,17555.5,17248.1,307.411,1420507800,1420574400,-61.4814,SL
2973,US500,7102603,1,1.83,2026.18,1991.69,34.4846,1420509600,1420574400,-63.1185,SL
2981,NAS100,7102603,1,0.63,4108.36,4237.77,94.706,1420596000,1420767000,79.4819,EXPERT
2984,XAUUSD,7102602,1,0.01,1241.89,1252.43,17.42,1421144100,1421328600,9.71842,TP
2989,US500,7102603,1,0.84,1985.48,2016.6,74.4576,1421373600,1421632800,25.8112,EXPERT
2991,NAS100,7102603,1,0.37,4073.39,4172.02,169.767,1421373600,1421803800,35.598,EXPERT
2987,US30,7102603,1,0.09,17301.6,17484.2,630.582,1421371800,1421803800,15.5137,EXPERT
2993,XAUUSD,7102601,1,0.03,1276.74,1276.23,10.49,1421438400,1422280800,-6.46518,SL
3001,US500,7102603,1,0.9,2002.76,2021.6,69.7786,1422496800,1422927000,15.9011,EXPERT
3003,NAS100,7102603,1,0.38,4137.6,4188.48,162.565,1422496800,1422927000,18.4115,EXPERT
2999,US30,7102603,1,0.1,17204.8,17357.1,581.498,1422495000,1422927000,14.2185,EXPERT
3008,XAUUSD,7102602,1,0.01,1284.1,1264.51,19.59,1422957300,1422977400,-19.66,SL
3011,XAUUSD,7102602,1,0.01,1266.58,1246.78,19.8,1423042500,1423236600,-20.6451,SL
3014,XAUUSD,7102602,-1,0.01,1238.09,1230.74,19.58,1423570200,1423672800,7.24573,TP
3017,XAUUSD,7102601,-1,0.05,1222.92,1230.11,7.19,1423684800,1423737000,-36.8078,SL
3020,XAUUSD,7102602,-1,0.02,1223.78,1214.34,15.3,1424165100,1424189700,18.74,TP
3023,XAUUSD,7102601,-1,0.05,1206.3,1212.71,6.41,1424203200,1424293500,-32.5679,SL
3026,XAUUSD,7102601,-1,0.05,1192.25,1199.4,7.15,1424692800,1424704800,-36.1,SL
3029,XAUUSD,7102602,-1,0.02,1197.75,1191.53,13.65,1424772600,1424797200,12.3,TP
3032,XAUUSD,7102602,-1,0.02,1204,1199.07,14.94,1425466500,1425488700,9.72,TP
3035,XAUUSD,7102602,-1,0.02,1200.88,1196.11,15.14,1425548400,1425639300,9.33342,TP
3044,XAUUSD,7102602,-1,0.02,1158.99,1154.43,13.82,1425984900,1426093200,8.91546,TP
3038,XAUUSD,7102601,-1,0.06,1182.25,1165.9,6.13,1425657600,1426153500,96.5199,SL
3040,US30,7102603,1,0.24,17871.9,17880.2,262.837,1425866400,1426212000,-2.99836,EXPERT
3042,US500,7102603,1,1.8,2071.49,2074.38,35.2113,1425870000,1426557600,-0.542631,EXPERT
3046,NAS100,7102603,1,0.71,4335.5,4355.71,87.9214,1426039200,1426557600,10.7734,EXPERT
3053,XAUUSD,7102602,-1,0.02,1147.61,1162.47,14.86,1426673400,1426712700,-29.86,SL
3056,XAUUSD,7102602,-1,0.02,1168.77,1161.11,15.64,1426761600,1426777800,15.18,TP
3059,XAUUSD,7102602,-1,0.02,1180.64,1196.22,15.58,1427110200,1427293200,-31.4323,SL
3068,XAUUSD,7102602,-1,0.02,1190.4,1182.91,13.74,1427709900,1427726400,14.84,TP
3062,US500,7102603,1,1.28,2063.76,2082.6,49.1797,1427335200,1427765400,22.5668,EXPERT
3064,NAS100,7102603,1,0.57,4335.5,4378.72,110.481,1427335200,1427765400,23.1889,EXPERT
3066,US30,7102603,1,0.12,17747,17939.9,490.196,1427335200,1427765400,21.9088,EXPERT
3074,XAUUSD,7102602,-1,0.02,1178.82,1192.96,14.14,1427799000,1427901600,-28.4857,SL
3077,XAUUSD,7102602,-1,0.02,1188.9,1200.75,11.85,1429014000,1429128900,-23.9062,SL
3080,XAUUSD,7102602,1,0.02,1208.87,1195.9,12.97,1429181700,1429205400,-26.08,SL
3083,NAS100,7102603,1,0.62,4364.53,4426.91,102.051,1429520400,1429606800,38.1414,EXPERT
3086,XAUUSD,7102602,-1,0.02,1190.63,1186.25,12.93,1429879200,1429894500,8.62,TP
3089,XAUUSD,7102601,-1,0.06,1175.86,1181.73,5.87,1429905600,1430105100,-35.8366,SL
3092,XAUUSD,7102601,-1,0.05,1173.24,1179.87,6.63,1430496000,1430524200,-33.5,SL
3095,XAUUSD,7102602,-1,0.02,1181.61,1196.66,15.05,1430996100,1431435900,-30.4376,SL
3098,XAUUSD,7102602,1,0.02,1219.56,1226.04,14.25,1431609300,1431622500,12.82,TP
3101,XAUUSD,7102601,1,0.06,1229.08,1223.1,5.98,1431950400,1431967200,-36.3,SL
3104,XAUUSD,7102602,1,0.02,1210.26,1197.02,13.24,1432128600,1432632900,-28.8339,SL
3107,US500,7102603,1,2.08,2105.99,2120.56,30.238,1432717200,1432803600,27.7409,EXPERT
3109,NAS100,7102603,1,0.71,4477.49,4538.75,87.7585,1432717200,1432803600,41.6152,EXPERT
3113,XAUUSD,7102602,-1,0.02,1185.61,1181.59,13.26,1432730700,1432831500,7.7021,TP
3118,XAUUSD,7102602,-1,0.02,1186.36,1196.98,10.62,1433154300,1433175600,-21.38,SL
3121,XAUUSD,7102602,-1,0.02,1185.88,1181.82,10.95,1433245800,1433360400,7.91371,TP
3111,US30,7102603,1,0.25,18061,18065,244.24,1432717200,1433408400,-7.80555,EXPERT
3125,XAUUSD,7102602,-1,0.02,1181.44,1176.83,11.88,1433412600,1433431800,9.08,TP
3128,XAUUSD,7102601,-1,0.06,1178.85,1179.58,5.62,1433433600,1433850000,-5.38687,SL
3130,US500,7102603,1,1.64,2080.95,2105.45,38.5045,1433840400,1434013200,37.5,EXPERT
3132,NAS100,7102603,1,0.59,4435.56,4484.74,106.479,1433840400,1434013200,26.9694,EXPERT
3134,US30,7102603,1,0.19,17783.9,18001.2,328.023,1433840400,1434013200,38.6396,EXPERT
3140,XAUUSD,7102602,-1,0.02,1179.03,1174.93,10.95,1434365100,1434372600,8.06,TP
3143,XAUUSD,7102602,-1,0.02,1182.89,1179.17,11.61,1434451200,1434471600,7.3,TP
3146,XAUUSD,7102602,-1,0.02,1175.58,1171.93,11.85,1435141200,1435160400,7.16,TP
3149,XAUUSD,7102602,-1,0.02,1179,1171.8,11.31,1435573500,1435669500,14.1944,TP
3156,XAUUSD,7102602,-1,0.02,1163.77,1159.88,11.67,1435831500,1435849200,7.64,TP
3151,US500,7102603,1,1.38,2063.78,2078.36,46.1729,1435654800,1435914000,17.3279,EXPERT
3153,NAS100,7102603,1,0.55,4397.57,4437.77,114.304,1435654800,1435914000,19.7458,EXPERT
3158,XAUUSD,7102601,-1,0.07,1165.41,1170.3,4.89,1435838400,1435918800,-34.9467,SL
3164,XAUUSD,7102602,-1,0.03,1164.02,1174,9.98,1436180100,1436212800,-30.15,SL
3167,NAS100,7102603,1,0.5,4387.57,4410.68,126.43,1436432400,1436778000,10.7001,EXPERT
3170,XAUUSD,7102602,-1,0.02,1155.98,1151.14,11.12,1436783100,1436975100,9.41146,TP
3175,XAUUSD,7102602,-1,0.02,1089.13,1103.99,14.86,1437576600,1437648300,-30.0424,SL
3173,XAUUSD,7102601,-1,0.1,1139.37,1080.33,3.51,1437148800,1437714900,587.559,SL
3179,US500,7102603,1,1.9,2106.79,2071.84,34.946,1437728400,1438005600,-67.159,SL
3186,US500,7102603,1,1.96,2079.78,2092.6,33.6905,1438074000,1438160400,24.3317,EXPERT
3181,NAS100,7102603,1,0.56,4571.08,4573.25,117.956,1437987600,1438246800,-1.26938,EXPERT
3184,XAUUSD,7102602,-1,0.02,1093.87,1083.68,14.82,1438006500,1438249800,19.9357,TP
3191,XAUUSD,7102602,-1,0.02,1081.35,1097.72,16.37,1438343100,1438359600,-32.88,SL
3194,XAUUSD,7102602,-1,0.01,1091.6,1085.86,16.89,1438612500,1438651800,5.63985,TP
3197,XAUUSD,7102602,-1,0.02,1120.31,1114.18,14.22,1439461500,1439480400,12.12,TP
3200,XAUUSD,7102602,-1,0.02,1123.84,1139.55,15.71,1440772800,1440782700,-31.56,SL
3203,XAUUSD,7102602,1,0.02,1142.56,1127.1,15.46,1441188300,1441288800,-32.0992,SL
3206,XAUUSD,7102601,-1,0.07,1102.57,1107.74,5.17,1441828800,1441833600,-36.68,SL
3209,XAUUSD,7102602,-1,0.02,1103.49,1114.65,11.16,1442241600,1442418600,-22.583,SL
3212,XAUUSD,7102602,-1,0.02,1118.97,1130.38,11.41,1442492100,1442524200,-22.96,SL
3215,XAUUSD,7102602,1,0.02,1132.03,1136.24,11.85,1442574300,1442578800,8.28,TP
3218,XAUUSD,7102602,-1,0.02,1122.74,1117.49,12.79,1443616500,1443627600,10.36,TP
3221,XAUUSD,7102602,-1,0.02,1111.72,1107.45,13.5,1443693900,1443786900,8.33814,TP
3224,XAUUSD,7102602,1,0.02,1139.75,1143.95,13.38,1444128000,1444146000,8.26,TP
3227,XAUUSD,7102602,1,0.02,1150.02,1158.95,14.46,1444387500,1444416900,17.72,TP
3230,XAUUSD,7102602,1,0.02,1167.6,1154.36,13.24,1444657200,1444714500,-26.9755,SL
3233,XAUUSD,7102602,1,0.02,1175.13,1183.21,14.57,1444818600,1444855800,16.02,TP
3236,XAUUSD,7102601,1,0.06,1183.95,1177.55,6.4,1444872600,1444923600,-38.82,SL
3239,XAUUSD,7102602,1,0.02,1173.7,1179.26,12.73,1445335500,1445358900,10.98,TP
3242,XAUUSD,7102602,1,0.02,1169.57,1174.24,13.73,1445508300,1445600100,8.84372,TP
3245,XAUUSD,7102602,1,0.02,1166.94,1171.18,12.9,1445865300,1446022800,7.62778,TP
3248,XAUUSD,7102602,1,0.02,1172.62,1179.67,12.46,1446033900,1446050400,13.96,TP
3253,XAUUSD,7102602,-1,0.02,1136.73,1130.64,11.89,1446467400,1446563400,11.977,TP
3256,XAUUSD,7102602,-1,0.02,1088.17,1083.15,13.44,1447248300,1447341300,9.71892,TP
3258,NAS100,7102603,1,0.65,4647.58,4543.59,103.988,1447318800,1447434000,-68.1704,SL
3251,XAUUSD,7102601,-1,0.06,1149.34,1092.83,6.22,1446148800,1447644300,335.695,SL
3265,XAUUSD,7102601,-1,0.06,1069.16,1075.68,6.52,1447790400,1447880400,-39.7186,SL
3263,NAS100,7102603,1,0.55,4483.57,4656.73,120.829,1447664400,1447923600,92.7718,EXPERT
3269,XAUUSD,7102602,-1,0.02,1079.9,1073.6,12.59,1448015100,1448249700,12.4002,TP
3272,XAUUSD,7102602,-1,0.02,1074.04,1067.65,11.59,1448451000,1448600700,12.4019,TP
3275,XAUUSD,7102602,-1,0.02,1065.48,1058.56,11.68,1448625900,1448636700,13.7,TP
3278,XAUUSD,7102601,-1,0.09,1055.48,1060,4.51,1448640000,1448641800,-41.31,SL
3281,XAUUSD,7102601,-1,0.06,1049.97,1055.86,5.89,1449115200,1449153600,-35.76,SL
3284,XAUUSD,7102602,-1,0.02,1059.79,1072.37,12.58,1449222600,1449245100,-25.3,SL
3287,XAUUSD,7102602,-1,0.02,1063.01,1077.2,14.19,1449837900,1449852600,-28.52,SL
3292,XAUUSD,7102602,-1,0.02,1070.87,1064.45,14.31,1450086600,1450121400,12.7,TP
3290,NAS100,7102603,1,0.39,4558.53,4619.65,170.581,1450083600,1450256400,23.1422,EXPERT
3295,XAUUSD,7102602,-1,0.02,1060,1074.16,14.16,1450180200,1450280700,-28.519,SL
3299,XAUUSD,7102602,-1,0.02,1071.02,1066.19,11.58,1451306100,1451478900,9.40123,TP
3302,XAUUSD,7102602,1,0.02,1091.07,1096.37,14.25,1453198200,1453285200,10.1276,TP
3305,XAUUSD,7102602,1,0.02,1104.03,1110.31,14.79,1453367400,1453778100,11.4095,TP
3308,XAUUSD,7102602,1,0.02,1115.65,1123.36,12.19,1453799400,1453928700,14.9378,TP
3311,XAUUSD,7102602,1,0.03,1123.38,1128.9,10.77,1454317800,1454366700,16.35,TP
3314,XAUUSD,7102602,1,0.03,1130.09,1133.37,10.67,1454502300,1454518800,9.63,TP
3319,XAUUSD,7102602,1,0.02,1144.03,1148.08,11.77,1454583000,1454598000,7.96,TP
3322,XAUUSD,7102602,1,0.02,1158.07,1161.97,12.18,1454673000,1454686200,7.66,TP
3317,XAUUSD,7102601,1,0.07,1142.17,1147.27,5.23,1454549400,1454688300,33.9743,SL
3328,XAUUSD,7102602,1,0.02,1169.73,1174.03,12.45,1454929500,1454934000,8.46,TP
3331,XAUUSD,7102602,1,0.02,1217.84,1234.28,15.73,1455186900,1455198600,32.74,TP
3326,XAUUSD,7102601,1,0.05,1165.93,1241.32,7.4,1454895000,1455221700,372.039,SL
3335,XAUUSD,7102602,1,0.01,1209.51,1227.46,20.49,1455623700,1455825600,17.1426,TP
3338,XAUUSD,7102602,1,0.01,1232.81,1240.21,24.13,1456315800,1456327800,7.33,TP
3341,XAUUSD,7102602,1,0.01,1239.3,1215.48,23.82,1456393200,1456509600,-24.0783,SL
3344,XAUUSD,7102602,1,0.01,1229.1,1237.73,20.83,1456737000,1456780800,8.56,TP
3349,XAUUSD,7102602,1,0.01,1264.29,1271.27,21.83,1457086800,1457089200,6.91,TP
3347,XAUUSD,7102601,1,0.04,1257.23,1254.55,8.44,1457035200,1457492700,-14.0862,SL
3352,XAUUSD,7102602,1,0.01,1268.91,1248.71,20.2,1457353500,1457540100,-20.6562,SL
3356,XAUUSD,7102602,1,0.01,1262.78,1239.91,22.87,1458210600,1458716700,-23.7046,SL
3359,XAUUSD,7102602,1,0.01,1217.74,1225.8,19.85,1459160700,1459267500,7.80349,TP
3362,XAUUSD,7102602,1,0.01,1230.88,1237.11,18.98,1459419600,1459433700,6.16,TP
3365,XAUUSD,7102602,1,0.02,1233.19,1241.22,17.06,1460030100,1460046300,15.92,TP
3368,XAUUSD,7102602,1,0.02,1253.56,1262.1,15.21,1460369700,1460461500,16.5562,TP
3371,XAUUSD,7102601,1,0.06,1260.95,1254.24,6.71,1460462400,1460480100,-40.68,SL
3374,XAUUSD,7102602,1,0.02,1243.69,1227.52,16.17,1460632200,1460659200,-32.48,SL
3379,XAUUSD,7102601,1,0.05,1269.17,1261.4,7.77,1461254400,1461255300,-39.2,SL
3377,XAUUSD,7102602,1,0.02,1260.64,1245.11,15.53,1461243000,1461295800,-31.5812,SL
3385,XAUUSD,7102602,1,0.02,1256.65,1275.3,16.52,1461841800,1461904200,36.7732,TP
3383,NAS100,7102603,1,0.63,4413.12,4304.12,108.997,1461747600,1461952800,-70.8239,SL
3388,XAUUSD,7102601,1,0.05,1275.63,1282.27,7.18,1461916800,1462298400,30.8755,SL
3391,XAUUSD,7102602,1,0.01,1301.48,1283.53,17.95,1462272300,1462298400,-18.02,SL
3395,XAUUSD,7102602,1,0.01,1282.11,1288.25,19.76,1462536000,1462548600,6.07,TP
3398,XAUUSD,7102602,1,0.01,1267.41,1275.24,18.38,1462875300,1462974000,7.56657,TP
3401,XAUUSD,7102602,1,0.01,1275.67,1285.27,17.5,1462974900,1463412600,8.55692,TP
3404,XAUUSD,7102602,-1,0.02,1248.68,1242.18,14.58,1464011700,1464087600,12.7906,TP
3407,XAUUSD,7102602,-1,0.02,1222.22,1214.85,15.71,1464178200,1464327300,14.3283,TP
3410,XAUUSD,7102602,1,0.02,1251.3,1259.23,14.53,1465381200,1465402200,15.72,TP
3415,XAUUSD,7102602,1,0.02,1284.8,1296.6,13.54,1465820700,1466025900,22.6753,TP
3421,US30,7102603,1,0.25,17762.5,17484.6,277.86,1465894800,1466096400,-72.8967,SL
3413,XAUUSD,7102601,1,0.07,1269.01,1299.47,5.41,1465502400,1466105100,203.114,SL
3426,XAUUSD,7102602,1,0.02,1287.43,1297.09,16.29,1466170500,1466203800,19.18,TP
3417,US500,7102603,1,2.06,2080.99,2089.63,33.802,1465894800,1466499600,11.9742,EXPERT
3419,NAS100,7102603,1,0.9,4429.76,4411.17,77.3298,1465894800,1466586000,-22.903,EXPERT
3431,XAUUSD,7102601,1,0.03,1337.6,1325.01,12.59,1466755200,1466757000,-37.98,SL
3434,XAUUSD,7102602,1,0.01,1323.11,1331.16,25.08,1467194700,1467361800,7.17403,TP
3437,XAUUSD,7102602,1,0.01,1337.23,1352.74,25.09,1467369900,1467609000,15.2353,TP
3440,XAUUSD,7102601,1,0.05,1363.24,1355.17,8.07,1467777600,1467909300,-43.8226,SL
3442,XAUUSD,7102602,1,0.01,1371.89,1348.5,23.39,1467809100,1467991800,-24.2922,SL
3446,XAUUSD,7102602,1,0.01,1342.65,1323.6,19.05,1468406100,1468506900,-19.7355,SL
3449,XAUUSD,7102602,1,0.01,1334.21,1315.58,18.63,1468927500,1469029500,-18.9035,SL
3452,XAUUSD,7102602,1,0.01,1319.25,1327.34,19.55,1469097900,1469126100,8.02,TP
3455,XAUUSD,7102602,1,0.02,1323.57,1332.25,16.31,1469534700,1469654700,16.8169,TP
3458,XAUUSD,7102602,1,0.02,1354.33,1361.03,14.07,1470132600,1470150600,13.26,TP
3460,XAUUSD,7102601,1,0.05,1359.45,1352.21,7.24,1470139200,1470291300,-40.7026,SL
3464,XAUUSD,7102602,1,0.02,1361.49,1346.56,14.93,1470320100,1470411000,-30.4159,SL
3467,XAUUSD,7102602,1,0.02,1350.46,1337.2,13.26,1471345500,1471467600,-27.0711,SL
3470,XAUUSD,7102602,1,0.02,1343.42,1331.41,12.01,1471947000,1472053200,-24.5688,SL
3473,XAUUSD,7102602,-1,0.03,1320.23,1315.23,11.19,1472551500,1472586600,14.79,TP
3476,XAUUSD,7102602,-1,0.02,1306.97,1319.38,12.41,1472724300,1472829900,-25.033,SL
3479,XAUUSD,7102602,1,0.02,1328.85,1332.51,11.74,1473156600,1473168000,7.18,TP
3482,XAUUSD,7102602,1,0.02,1348.26,1334.8,13.46,1473333300,1473414000,-27.4689,SL
3491,XAUUSD,7102602,1,0.02,1330,1316.95,13.05,1473674700,1473802500,-26.6456,SL
3487,NAS100,7102603,1,0.78,4644.49,4733.14,88.2946,1473670800,1473930000,65.5462,EXPERT
3495,XAUUSD,7102602,-1,0.02,1319.63,1314.15,13.12,1473934200,1473957300,10.82,TP
3485,US500,7102603,1,1.88,2113.03,2141.39,36.5966,1473670800,1474016400,48.6459,EXPERT
3489,US30,7102603,1,0.23,17951,18173.2,292.722,1473670800,1474016400,46.2427,EXPERT
3500,XAUUSD,7102602,-1,0.02,1312.68,1307.63,13.31,1474030800,1474042800,9.96,TP
3503,XAUUSD,7102602,1,0.02,1338.55,1326.53,12.02,1474638000,1474995600,-24.9973,SL
3506,XAUUSD,7102602,-1,0.03,1319.57,1313.95,11.5,1475156700,1475267100,16.5399,TP
3509,XAUUSD,7102602,-1,0.03,1307.64,1303.42,9.92,1475576100,1475594400,12.45,TP
3512,XAUUSD,7102602,-1,0.02,1263.34,1258.69,13.41,1475749800,1475769600,9.16,TP
3515,XAUUSD,7102602,-1,0.02,1254.8,1248.36,13.66,1476191400,1476458700,12.3912,TP
3518,XAUUSD,7102602,-1,0.02,1250.37,1264.06,13.69,1476702900,1476804900,-27.5897,SL
3520,US500,7102603,1,1.73,2137.19,2139.24,40.249,1476781200,1476867600,2.83492,EXPERT
3524,XAUUSD,7102602,-1,0.03,1271.79,1268.54,9.17,1477488300,1477502700,9.54,TP
3527,XAUUSD,7102602,-1,0.03,1266.93,1262.68,9.17,1477650000,1477668600,12.54,TP
3530,XAUUSD,7102602,-1,0.03,1275.41,1271.59,9.66,1477908300,1477945500,11.25,TP
3533,US500,7102603,1,2.21,2134.25,2102.56,31.6897,1477990800,1478030400,-70.0263,SL
3535,NAS100,7102603,1,0.74,4821.38,4727.89,93.4816,1477990800,1478034000,-69.1817,SL
3537,XAUUSD,7102601,1,0.08,1287.19,1292.91,5.07,1478016000,1478173500,38.8651,SL
3548,XAUUSD,7102602,-1,0.02,1287.94,1280.26,12.55,1478510700,1478542200,15.22,TP
3544,US500,7102603,1,1.88,2089.94,2131.22,36.8544,1478250000,1478595600,76.0633,EXPERT
3541,NAS100,7102603,1,0.66,4699.87,4771.34,105.853,1478163600,1478595600,45.3595,EXPERT
3546,US30,7102603,1,0.24,18120.5,18235.7,280.874,1478509200,1478595600,26.7911,EXPERT
3556,XAUUSD,7102602,-1,0.01,1205.3,1194.85,23.87,1479462900,1479915000,10.2791,TP
3559,XAUUSD,7102602,-1,0.01,1182.09,1175.15,22.97,1479982500,1480042800,6.83709,TP
3562,XAUUSD,7102602,-1,0.02,1188.21,1181.93,13.97,1480417500,1480433400,12.42,TP
3565,XAUUSD,7102602,-1,0.02,1186.94,1179.8,14.68,1480500300,1480522500,14.14,TP
3572,XAUUSD,7102602,-1,0.02,1172.29,1187.6,15.31,1480681200,1480899900,-30.8259,SL
3575,XAUUSD,7102602,-1,0.02,1171.2,1161.39,14.64,1480932600,1480957500,19.48,TP
3568,US500,7102603,1,2.85,2190.37,2204.86,24.9145,1480669200,1481014800,38.8551,EXPERT
3570,NAS100,7102603,1,0.75,4725.91,4792.07,93.7573,1480669200,1481101200,47.537,EXPERT
3580,XAUUSD,7102602,-1,0.02,1164.41,1158.95,15.66,1481291700,1481310600,10.78,TP
3583,XAUUSD,7102602,-1,0.02,1152.47,1146.72,13.83,1481538300,1481753100,11.231,TP
3586,XAUUSD,7102602,-1,0.02,1134.11,1124.54,14.55,1481804700,1481827200,19,TP
3589,XAUUSD,7102602,-1,0.02,1131.93,1145.03,13.1,1482229800,1482831900,-26.7172,SL
3592,XAUUSD,7102602,-1,0.03,1138.6,1149.89,11.29,1482930300,1482992400,-34.3656,SL
3599,XAUUSD,7102602,-1,0.03,1148.8,1159.61,10.81,1483443300,1483467300,-32.64,SL
3595,US30,7102603,1,0.35,19837.6,19880.7,203.092,1483002000,1483520400,11.0238,EXPERT
3554,XAUUSD,7102601,-1,0.02,1231.45,1173.26,16.85,1478894400,1483592400,112.793,SL
3597,NAS100,7102603,1,0.82,4896.29,4927.24,86.4179,1483434000,1483606800,22.2388,EXPERT
3605,XAUUSD,7102602,1,0.03,1191.25,1179.5,11.75,1484131200,1484153700,-35.46,SL
3608,XAUUSD,7102602,1,0.02,1202.45,1189.83,12.62,1484216100,1484325600,-25.7449,SL
3611,XAUUSD,7102602,1,0.02,1213.48,1201.23,12.25,1484647800,1484796900,-26.1159,SL
3614,XAUUSD,7102602,1,0.02,1205.16,1212.47,13.13,1484825100,1484948100,14.1119,TP
3617,XAUUSD,7102602,-1,0.02,1181.35,1194.67,13.32,1485510600,1485738600,-26.8463,SL
3620,XAUUSD,7102602,1,0.03,1204.45,1211.35,11.7,1485871200,1485880200,20.49,TP
3623,XAUUSD,7102602,1,0.02,1212.02,1199.5,12.52,1485949200,1485968700,-25.18,SL
3626,XAUUSD,7102602,1,0.02,1218.02,1225.61,12.94,1486032600,1486387200,14.2953,TP
3629,XAUUSD,7102602,1,0.02,1225.7,1230.67,12.33,1486387500,1486410600,9.8,TP
3632,XAUUSD,7102602,1,0.02,1237.28,1242.65,12.44,1486551000,1486572000,10.6,TP
3635,XAUUSD,7102602,1,0.02,1227.24,1231.87,13.28,1486731300,1486747200,9.12,TP
3638,XAUUSD,7102602,1,0.02,1237.73,1242.37,13.46,1487242200,1487333400,8.76152,TP
3641,XAUUSD,7102602,1,0.03,1237.98,1241.99,11.67,1487762700,1487860500,10.1194,TP
3644,XAUUSD,7102602,1,0.03,1254.35,1260.28,11.76,1487928600,1488219000,17.0042,TP
3653,XAUUSD,7102602,-1,0.03,1203.37,1198.29,11.67,1489056600,1489115100,14.9299,TP
3649,US500,7102603,1,2.39,2364.14,2370.85,29.9628,1489050000,1489399200,13.8227,EXPERT
3651,US30,7102603,1,0.29,20861.2,20899.2,241.696,1489050000,1489399200,8.66155,EXPERT
3658,XAUUSD,7102602,-1,0.03,1201.18,1197.82,10.53,1489485900,1489529100,9.87,TP
3647,XAUUSD,7102601,-1,0.07,1221.03,1211.59,5.53,1488902400,1489611600,63.7135,SL
3662,XAUUSD,7102602,1,0.03,1227.93,1235.05,11.95,1489660200,1490005200,20.0239,TP
3671,XAUUSD,7102602,1,0.03,1248.81,1253.37,11.1,1490180700,1490579700,10.6122,TP
3667,NAS100,7102603,1,0.88,5320.12,5388.54,81.632,1490173200,1490691600,54.7009,EXPERT
3665,US500,7102603,1,2.13,2337.86,2357.28,33.6393,1490173200,1490778000,34.5655,EXPERT
3669,US30,7102603,1,0.27,20621.7,20699.7,257.86,1490173200,1490778000,13.4747,EXPERT
3677,XAUUSD,7102602,1,0.03,1252.3,1241.53,10.77,1490788200,1490933400,-34.8125,SL
3680,XAUUSD,7102602,1,0.03,1258.66,1249.51,9.15,1491303900,1491405300,-28.2355,SL
3683,XAUUSD,7102602,1,0.03,1258.3,1262.78,9.68,1491907500,1491927000,13.23,TP
3694,XAUUSD,7102602,1,0.03,1288.44,1292.53,11.21,1492088700,1492392000,11.4682,TP
3688,US500,7102603,1,2.04,2346.34,2347.78,35.58,1492074000,1492506000,1.08959,EXPERT
3690,NAS100,7102603,1,0.83,5379.73,5398.94,87.0475,1492074000,1492506000,14.2137,EXPERT
3692,US30,7102603,1,0.24,20592.2,20632.7,302.176,1492074000,1492506000,7.80435,EXPERT
3700,XAUUSD,7102602,1,0.03,1286.84,1291.04,11.2,1492518300,1492540500,12.39,TP
3686,XAUUSD,7102601,1,0.07,1274.87,1277.96,5.88,1491960600,1492620900,12.8833,SL
3704,XAUUSD,7102602,1,0.02,1281.8,1285.8,12.3,1492682700,1492797900,7.46844,TP
3707,XAUUSD,7102602,1,0.02,1265.82,1269.94,12.3,1493206800,1493246700,8.1,TP
3712,XAUUSD,7102602,-1,0.03,1223.58,1218.81,11.63,1494341400,1494350100,14.1,TP
3710,XAUUSD,7102601,-1,0.09,1237.89,1228.41,4.7,1493861400,1494580800,82.2441,SL
3720,XAUUSD,7102602,1,0.03,1263.62,1252.02,11.6,1495114800,1495127400,-35.01,SL
3723,XAUUSD,7102602,1,0.02,1252.42,1257.1,12.55,1495197600,1495417800,8.83652,TP
3726,XAUUSD,7102602,1,0.03,1257.59,1263.07,10.79,1495464900,1495507200,15.6524,TP
3716,US500,7102603,1,2.4,2364.29,2390.98,30.3721,1495098000,1495530000,60.7273,EXPERT
3718,US30,7102603,1,0.27,20652.1,20882.2,265.812,1495098000,1495530000,58.8534,EXPERT
3731,XAUUSD,7102602,1,0.03,1261.98,1269.32,10.66,1495793100,1495835700,21.81,TP
3733,XAUUSD,7102601,1,0.09,1266.11,1261.54,4.57,1495814400,1496157300,-45.2443,SL
3737,XAUUSD,7102602,1,0.03,1263.84,1267.26,11,1496226300,1496246100,10.05,TP
3740,XAUUSD,7102601,1,0.09,1280.53,1282.31,4.62,1496635200,1496932800,6.54322,SL
3742,XAUUSD,7102602,1,0.03,1290.12,1280.73,9.39,1496748300,1496939700,-30.7422,SL
3746,XAUUSD,7102602,-1,0.03,1250.19,1246.02,11.11,1497867000,1497903300,12.3,TP
3749,XAUUSD,7102602,-1,0.04,1241.45,1237.51,9.13,1498475100,1498490400,15.48,TP
3752,US500,7102603,1,2.33,2421,2445.18,31.5676,1498640400,1498726800,53.0369,EXPERT
3756,US30,7102603,1,0.35,21331.7,21489.2,209.999,1498640400,1498726800,50.7302,EXPERT
3760,XAUUSD,7102602,-1,0.03,1246.42,1242.27,10.29,1498733400,1498750800,12.24,TP
3763,XAUUSD,7102602,-1,0.03,1242.59,1237.32,10.55,1498818000,1499063400,15.4965,TP
3766,XAUUSD,7102602,-1,0.04,1235.17,1228.77,8.55,1499077200,1499097600,25.32,TP
3769,XAUUSD,7102602,-1,0.03,1223.37,1218.9,10.17,1499251200,1499259600,13.2,TP
3772,XAUUSD,7102601,-1,0.09,1218.02,1222.56,4.54,1499270400,1499274600,-41.49,SL
3754,NAS100,7102603,1,0.46,5656.05,5640.9,157.95,1498640400,1499331600,-12.0372,EXPERT
3776,XAUUSD,7102602,-1,0.03,1223.66,1219.63,10.13,1499336400,1499393100,11.7779,TP
3779,XAUUSD,7102601,-1,0.08,1211.44,1216.6,5.16,1499457600,1499797500,-42.3795,SL
3781,XAUUSD,7102602,-1,0.03,1209.81,1220.65,10.84,1499767800,1499832000,-32.8314,SL
3785,XAUUSD,7102602,-1,0.03,1216.67,1228.12,11.45,1499866500,1500046200,-34.9661,SL
3788,XAUUSD,7102602,-1,0.03,1237.44,1247.42,9.98,1500547200,1500572700,-30.15,SL
3793,XAUUSD,7102602,1,0.03,1248.24,1252.69,10.38,1500635100,1500665100,13.14,TP
3791,XAUUSD,7102601,1,0.1,1246.49,1246.21,4.23,1500580800,1501050900,-11.1448,SL
3797,XAUUSD,7102601,1,0.1,1261.26,1256.89,4.37,1501119000,1501177200,-44.4,SL
3800,XAUUSD,7102601,1,0.08,1268.97,1263.95,5.02,1501272000,1501600500,-43.8245,SL
3805,XAUUSD,7102601,1,0.09,1273.03,1268.62,4.41,1501617600,1501628100,-40.32,SL
3802,NAS100,7102603,1,0.64,5902.37,5907.24,113.308,1501578000,1501750800,0.180071,EXPERT
3809,XAUUSD,7102602,1,0.03,1261.25,1264.8,9.54,1502190600,1502199900,10.44,TP
3812,XAUUSD,7102602,1,0.03,1268.7,1274.59,10.31,1502273100,1502292000,17.46,TP
3815,XAUUSD,7102601,1,0.09,1275.15,1270.34,4.81,1502294400,1502296500,-43.92,SL
3820,XAUUSD,7102602,1,0.03,1280.49,1285.63,11.06,1502372700,1502383500,15.21,TP
3818,XAUUSD,7102601,1,0.09,1277.38,1277.57,4.84,1502328600,1502768400,-4.22256,SL
3823,US500,7102603,1,2.69,2437.6,2469.78,27.1701,1502442000,1502787600,84.0056,EXPERT
3825,NAS100,7102603,1,0.56,5773.76,5922.84,128.709,1502442000,1502787600,82.2089,EXPERT
3827,US30,7102603,1,0.36,21862.8,22035.4,198.415,1502442000,1502787600,59.0741,EXPERT
3835,XAUUSD,7102601,1,0.08,1295.59,1290.63,4.96,1503057600,1503080700,-40.24,SL
3838,XAUUSD,7102602,1,0.03,1287.66,1293.14,10.75,1503309900,1503333000,16.23,TP
3833,US30,7102603,1,0.29,21765.8,21880.4,248.057,1503046800,1503478800,29.5611,EXPERT
3842,XAUUSD,7102602,1,0.03,1287.89,1292.22,10.99,1503496200,1503677700,10.4163,TP
3845,XAUUSD,7102602,1,0.03,1299.25,1306.02,10.13,1503931500,1503943500,20.1,TP
3848,XAUUSD,7102601,1,0.09,1307.65,1312.58,4.51,1503950400,1504040700,41.9331,SL
3850,XAUUSD,7102602,1,0.03,1321.69,1310,11.69,1504001700,1504042800,-35.28,SL
3854,XAUUSD,7102601,1,0.06,1335.69,1329.23,6.46,1504497600,1504610700,-40.4024,SL
3859,XAUUSD,7102601,1,0.06,1341.48,1335.07,6.41,1504661400,1504727700,-38.88,SL
3856,XAUUSD,7102602,1,0.02,1338.87,1345.08,13.71,1504519800,1504798200,10.2403,TP
3865,XAUUSD,7102601,1,0.07,1348.87,1343.22,5.65,1504834200,1504893300,-40.04,SL
3861,US30,7102603,1,0.28,21777,22073.9,262.479,1504688400,1505206800,76.0008,EXPERT
3869,XAUUSD,7102602,1,0.02,1314.83,1302,12.83,1505908200,1505942400,-25.8,SL
3872,XAUUSD,7102602,-1,0.02,1293.25,1306.94,13.69,1505988600,1506363300,-27.6638,SL
3875,XAUUSD,7102602,-1,0.02,1289.43,1283.91,13.51,1506512100,1506527400,10.9,TP
3878,XAUUSD,7102602,-1,0.02,1271.78,1266.55,12.57,1506940500,1507246200,9.96628,TP
3881,XAUUSD,7102602,1,0.03,1296.75,1301.34,10.95,1507803900,1507909200,12.9671,TP
3884,XAUUSD,7102602,1,0.04,1305.87,1296.64,9.23,1508149800,1508189400,-37.2,SL
3887,XAUUSD,7102602,-1,0.03,1282.4,1276.22,10.13,1508323200,1508725800,17.7958,TP
3890,XAUUSD,7102602,-1,0.03,1279.54,1276.19,10.19,1508839500,1508857200,9.84,TP
3893,XAUUSD,7102602,-1,0.03,1278.15,1274.05,10.69,1509014700,1509030000,12.09,TP
3896,XAUUSD,7102602,-1,0.03,1269.01,1279.69,10.68,1509358800,1509538500,-32.4622,SL
3899,XAUUSD,7102602,-1,0.03,1274.54,1268.3,10.84,1509634800,1509731700,18.4036,TP
3902,XAUUSD,7102602,-1,0.03,1274.99,1285.24,10.25,1510824000,1510934400,-31.0665,SL
3905,XAUUSD,7102601,1,0.08,1293.61,1288.67,4.94,1510948800,1511193000,-41.6605,SL
3908,XAUUSD,7102602,1,0.03,1291.86,1296.47,9.56,1511777100,1511796900,13.62,TP
3911,XAUUSD,7102601,1,0.12,1298.54,1294.9,3.64,1511798400,1511800800,-44.52,SL
3914,XAUUSD,7102602,1,0.03,1296.64,1286.78,9.86,1511947500,1511969100,-29.79,SL
3917,XAUUSD,7102602,-1,0.03,1281.17,1277.51,10.56,1512038100,1512055800,10.77,TP
3922,XAUUSD,7102602,-1,0.03,1255.75,1247.85,10.18,1512650100,1512681600,23.49,TP
3920,XAUUSD,7102601,-1,0.1,1260.38,1248.68,4.07,1512633600,1513188300,114.916,SL
3926,XAUUSD,7102602,-1,0.03,1264.71,1274.29,9.58,1513850700,1513966200,-29.0555,SL
3933,XAUUSD,7102602,1,0.04,1293.05,1298.57,8.27,1514454900,1514561100,21.0092,TP
3929,XAUUSD,7102601,1,0.14,1278.11,1312.15,3.08,1514289600,1514955300,456.19,SL
3931,NAS100,7102603,1,0.72,6436.08,6514.74,102.682,1514451600,1514970000,53.927,EXPERT
3938,XAUUSD,7102602,1,0.04,1311.44,1316.79,9.38,1515061200,1515079500,21.12,TP
3941,XAUUSD,7102601,1,0.07,1321.58,1315.8,5.78,1515115800,1515168600,-40.95,SL
3944,XAUUSD,7102602,1,0.03,1313.88,1318.26,10.44,1515578700,1515587700,12.93,TP
3947,XAUUSD,7102601,1,0.09,1328.47,1323.5,4.97,1515744000,1515771000,-45.36,SL
3949,XAUUSD,7102602,1,0.03,1331,1338.54,11.53,1515755100,1515791100,22.41,TP
3953,XAUUSD,7102601,1,0.08,1337.55,1331.92,5.63,1515979800,1516106400,-47.2371,SL
3956,XAUUSD,7102602,1,0.03,1330.17,1335.84,12.01,1516280100,1516357200,16.1915,TP
3959,XAUUSD,7102602,1,0.03,1343.91,1347.96,10.37,1516786800,1516790700,11.94,TP
3962,XAUUSD,7102601,1,0.1,1348.84,1353.42,4.22,1516795200,1516896900,38.8793,SL
3965,XAUUSD,7102602,1,0.03,1355.47,1343.17,12.3,1516957800,1517235600,-37.7292,SL
3968,XAUUSD,7102602,1,0.03,1343.72,1350.85,11.11,1517313300,1517526300,18.7199,TP
3971,US500,7102603,1,1.25,2751.6,2690.82,60.7804,1517821200,1517864400,-75.9709,SL
3973,NAS100,7102603,1,0.41,6748.44,6563.41,185.026,1517821200,1517868000,-75.8595,SL
3975,US30,7102603,1,0.12,25370.5,24744.1,626.38,1517821200,1517868000,-75.1651,SL
3977,XAUUSD,7102602,1,0.02,1334.08,1338.68,12.75,1517825100,1517868300,9.06,TP
3987,XAUUSD,7102602,1,0.02,1331.69,1317.24,14.45,1517994900,1518030600,-29.04,SL
3985,NAS100,7102603,1,0.32,6425.6,6194.68,230.911,1517907600,1518202800,-75.9376,SL
3983,US500,7102603,1,0.93,2598.22,2645.38,79.9967,1517907600,1518512400,40.4954,EXPERT
3992,XAUUSD,7102602,1,0.02,1329.51,1336.6,13.33,1518517800,1518587700,13.6337,TP
3995,XAUUSD,7102601,1,0.06,1358.62,1352.17,6.45,1518768000,1518798300,-39.12,SL
3997,XAUUSD,7102602,1,0.02,1360.45,1345.22,15.23,1518776100,1518815100,-30.6,SL
4001,XAUUSD,7102602,1,0.03,1340.65,1329.07,11.58,1519638300,1519744200,-35.5611,SL
4004,XAUUSD,7102602,-1,0.02,1312.22,1306.75,13.06,1519898700,1519914600,10.8,TP
4009,XAUUSD,7102602,-1,0.03,1320.55,1331.3,10.75,1520330400,1520351400,-32.46,SL
4007,US30,7102603,1,0.08,24593,24490.2,872.154,1519981200,1520413200,-9.376,EXPERT
4015,NAS100,7102603,1,0.3,6611.82,6788.83,228.146,1521795600,1522141200,52.3312,EXPERT
4019,XAUUSD,7102601,1,0.07,1341.75,1339.67,5.78,1521806400,1522232400,-19.3777,SL
4013,US500,7102603,1,0.93,2626.72,2633.98,75.0692,1521795600,1522659600,3.4343,EXPERT
4017,US30,7102603,1,0.08,23800.9,24086.7,818.862,1521795600,1522659600,20.2521,EXPERT
4025,XAUUSD,7102602,1,0.02,1336.26,1340.66,12.75,1522836900,1522839600,8.66,TP
4028,XAUUSD,7102602,1,0.02,1338.95,1345.98,12.55,1523370900,1523452500,13.5107,TP
4031,XAUUSD,7102601,1,0.07,1358.63,1352.79,5.84,1523476800,1523480400,-41.37,SL
4034,XAUUSD,7102602,1,0.02,1341.81,1346.56,14.12,1523619300,1523644800,9.36,TP
4037,XAUUSD,7102602,1,0.02,1347.27,1351.87,13.42,1524055500,1524064500,9.06,TP
4040,XAUUSD,7102602,1,0.02,1354.42,1341.4,13.02,1524132300,1524162900,-26.18,SL
4047,XAUUSD,7102602,-1,0.02,1323.88,1316.8,12.47,1524650700,1524767100,13.7996,TP
4045,NAS100,7102603,1,0.28,6522.22,6738.73,246.628,1524621600,1524792600,59.1822,EXPERT
4043,US30,7102603,1,0.1,24047.5,24349.7,702.881,1524619800,1524792600,28.3404,EXPERT
4052,XAUUSD,7102602,-1,0.03,1317.54,1310.57,10.18,1525082700,1525107300,20.7,TP
4055,XAUUSD,7102602,-1,0.03,1310.07,1305.13,10.23,1525172700,1525194600,14.61,TP
4058,US30,7102603,1,0.1,23879.9,24285.2,715.819,1525311000,1525656600,39.5873,EXPERT
4060,XAUUSD,7102602,-1,0.03,1309.75,1306.48,10.88,1525428300,1525797600,9.38095,TP
4064,XAUUSD,7102602,-1,0.03,1307.3,1317.28,9.98,1525860300,1525887900,-30.15,SL
4067,XAUUSD,7102602,-1,0.04,1318.38,1315.14,9.16,1526308500,1526331600,12.68,TP
4070,XAUUSD,7102602,-1,0.04,1309.78,1305.59,9.13,1526383500,1526398200,16.48,TP
4075,XAUUSD,7102602,-1,0.03,1290.88,1287.1,10.9,1526474400,1526481600,11.13,TP
4073,XAUUSD,7102601,-1,0.09,1292.62,1295.88,4.6,1526434200,1526986800,-31.9069,SL
4078,XAUUSD,7102602,-1,0.03,1288.09,1298.69,10.6,1526555400,1527176100,-32.7639,SL
4082,XAUUSD,7102602,-1,0.04,1296.02,1305.33,9.31,1527588900,1527593400,-37.52,SL
4085,XAUUSD,7102602,-1,0.03,1296.27,1306.42,10.15,1527675600,1527758700,-30.9854,SL
4088,XAUUSD,7102602,-1,0.04,1297.54,1294.71,8.87,1527862800,1527863700,11.04,TP
4091,XAUUSD,7102602,-1,0.04,1295.72,1292.67,8.99,1528287000,1528446300,11.3437,TP
4094,XAUUSD,7102602,-1,0.04,1296.56,1304.27,7.71,1528714800,1528979100,-31.8416,SL
4097,XAUUSD,7102601,-1,0.09,1276.36,1281.18,4.82,1529092800,1529106600,-44.01,SL
4100,XAUUSD,7102602,-1,0.04,1278.6,1273.63,8.58,1529410500,1529418000,19.6,TP
4105,XAUUSD,7102602,-1,0.03,1272.58,1269.35,9.42,1529493000,1529530200,9.48,TP
4108,US30,7102603,1,0.15,24673.7,24186.2,487.474,1529544600,1529949600,-74.5523,SL
4111,XAUUSD,7102602,-1,0.04,1262.4,1257.34,8.66,1530009600,1530015600,19.96,TP
4114,XAUUSD,7102602,-1,0.03,1249.24,1245.02,9.56,1530180900,1530555900,12.2416,TP
4103,XAUUSD,7102601,-1,0.08,1273.45,1253.74,5.28,1529424000,1530638100,153.201,SL
4118,XAUUSD,7102602,-1,0.04,1253.17,1262.44,9.27,1530788400,1531139400,-37.6391,SL
4121,XAUUSD,7102602,-1,0.04,1254.51,1249.28,8.65,1531222800,1531231500,20.64,TP
4124,XAUUSD,7102602,-1,0.03,1248.58,1241.6,9.39,1531320600,1531367700,20.4196,TP
4127,XAUUSD,7102602,-1,0.03,1243.61,1239.69,9.45,1531476900,1531484400,11.55,TP
4132,XAUUSD,7102602,-1,0.03,1221.86,1215.04,10.14,1531912500,1532011500,19.9431,TP
4130,XAUUSD,7102601,-1,0.1,1226.61,1224.34,4.27,1531857600,1532031300,20.6362,SL
4136,XAUUSD,7102602,-1,0.03,1228.86,1223.08,9.94,1532340600,1532373900,17.13,TP
4139,XAUUSD,7102602,-1,0.03,1227.39,1220.84,11.13,1532601300,1532690400,19.3381,TP
4144,XAUUSD,7102602,-1,0.03,1218.92,1215.15,9.99,1533033900,1533053700,11.1,TP
4147,XAUUSD,7102602,-1,0.03,1216.87,1212.83,11.08,1533208500,1533240600,11.91,TP
4142,NAS100,7102603,1,0.33,7203.97,7382.83,225.472,1533002400,1533259800,56.6823,EXPERT
4151,XAUUSD,7102601,-1,0.09,1209.23,1213.84,4.61,1533259800,1533310200,-42.12,SL
4153,XAUUSD,7102602,-1,0.03,1204.32,1215.06,10.74,1533294000,1533310200,-32.43,SL
4157,XAUUSD,7102602,-1,0.03,1211.95,1206.55,10.16,1533550200,1533892500,15.3841,TP
4160,XAUUSD,7102602,-1,0.04,1206.77,1201.3,8.83,1534155600,1534164900,21.6,TP
4167,XAUUSD,7102602,-1,0.03,1186.09,1178.42,9.98,1534334400,1534357800,22.8,TP
4163,XAUUSD,7102601,-1,0.1,1201.34,1173.49,4.44,1534176000,1534397100,276.158,SL
4165,US500,7102603,1,1.88,2827.84,2841.18,40.349,1534212000,1534469400,19.9174,EXPERT
4172,XAUUSD,7102602,-1,0.03,1192.69,1187.93,10.99,1534932900,1535018400,13.7711,TP
4175,XAUUSD,7102602,-1,0.03,1187.08,1197.9,10.82,1535018700,1535130000,-32.7687,SL
4178,XAUUSD,7102602,-1,0.03,1203.05,1198.73,11.86,1535377200,1535647200,12.2474,TP
4181,XAUUSD,7102602,-1,0.04,1194.65,1203.98,9.32,1536057600,1536236100,-38.1312,SL
4186,XAUUSD,7102602,-1,0.03,1198.33,1194.04,10.17,1536315000,1536336000,12.66,TP
4183,NAS100,7102603,1,0.52,7523.2,7510.03,146.168,1536199200,1536715800,-9.86411,EXPERT
4190,XAUUSD,7102602,-1,0.04,1203.56,1200.21,9.41,1536834000,1536945000,12.9865,TP
4193,XAUUSD,7102602,-1,0.04,1196.82,1206.18,9.36,1537265400,1537371900,-37.8531,SL
4196,XAUUSD,7102602,-1,0.04,1206.24,1203.05,9.37,1537535700,1537543800,12.48,TP
4199,XAUUSD,7102602,-1,0.03,1199.31,1196.33,9.85,1537962300,1537975200,8.73,TP
4202,XAUUSD,7102602,-1,0.03,1194.27,1190.15,10.2,1538058300,1538062200,12.15,TP
4205,XAUUSD,7102601,-1,0.11,1186.89,1190.92,4.03,1538064000,1538157300,-45.4613,SL
4208,XAUUSD,7102602,-1,0.04,1186.43,1196.03,9.6,1538388300,1538494800,-38.8121,SL
4211,XAUUSD,7102602,-1,0.03,1194.06,1185.18,10.11,1538995800,1539013200,26.43,TP
4218,XAUUSD,7102602,1,0.03,1225.27,1230.97,11.4,1539597900,1539605400,16.89,TP
4216,US500,7102603,1,1.08,2775.83,2813.08,71.2236,1539223200,1539739800,37.9058,EXPERT
4214,US30,7102603,1,0.1,25467.9,25753.2,704.06,1539221400,1539739800,26.5579,EXPERT
4221,XAUUSD,7102602,1,0.03,1229.25,1232.79,11.45,1539686700,1540292400,6.48418,TP
4226,XAUUSD,7102602,1,0.03,1234.18,1237.64,11.21,1540548900,1540554900,10.17,TP
4229,XAUUSD,7102602,1,0.04,1223.64,1230.48,9.67,1541066700,1541085900,27.08,TP
4232,XAUUSD,7102602,1,0.03,1234.83,1224.26,10.57,1541154900,1541536200,-33.0494,SL
4235,XAUUSD,7102602,1,0.03,1232.67,1222.18,10.49,1541585700,1541667900,-33.3655,SL
4240,XAUUSD,7102602,-1,0.03,1205.64,1200.04,9.82,1542015900,1542108900,16.49,TP
4238,XAUUSD,7102601,-1,0.08,1208.08,1212.45,5.38,1541793600,1542227700,-36.3227,SL
4244,XAUUSD,7102602,1,0.04,1225.08,1228.18,9.27,1542705900,1542727800,12.12,TP
4247,XAUUSD,7102602,1,0.03,1223.12,1226.13,9.8,1542792000,1542814200,8.82,TP
4250,XAUUSD,7102602,1,0.03,1228.69,1218.74,9.95,1542888900,1543338300,-31.7429,SL
4253,XAUUSD,7102602,1,0.04,1227.02,1217.96,9.06,1543484100,1543595400,-37.2679,SL
4256,XAUUSD,7102602,1,0.04,1228.92,1235.42,7.76,1543828200,1543897800,24.9678,TP
4259,XAUUSD,7102602,1,0.04,1238.68,1246.55,7.92,1543919100,1544204400,27.4183,TP
4262,XAUUSD,7102602,1,0.04,1247.9,1239.29,8.61,1544520900,1544780100,-38.5222,SL
4265,XAUUSD,7102602,1,0.05,1238.54,1241.1,7.62,1545038400,1545060600,12.45,TP
4268,XAUUSD,7102602,1,0.04,1249.41,1253.26,7.89,1545133500,1545237600,14.3566,TP
4271,XAUUSD,7102602,1,0.04,1247.59,1252.13,8.38,1545297000,1545305100,17.88,TP
4274,XAUUSD,7102602,1,0.04,1264.72,1272.38,9.06,1545646500,1545804000,29.5846,TP
4279,XAUUSD,7102602,1,0.03,1272.7,1276.82,9.83,1545908700,1545937500,12.15,TP
4282,XAUUSD,7102602,1,0.03,1281.94,1288.98,10.09,1545991500,1546477500,17.9704,TP
4276,XAUUSD,7102601,1,0.08,1268.39,1281.78,5.63,1545681600,1546619400,89.3861,SL
4286,XAUUSD,7102602,1,0.03,1292.5,1281.51,10.99,1546855800,1546960200,-33.7706,SL
4289,XAUUSD,7102602,1,0.03,1294.8,1284.12,10.68,1547198700,1547811000,-36.3935,SL
4292,XAUUSD,7102602,1,0.04,1280.86,1283.74,7.91,1548148800,1548151200,11.24,TP
4295,XAUUSD,7102602,1,0.04,1286.18,1277.82,8.36,1548238800,1548343200,-36.0708,SL
4298,XAUUSD,7102602,1,0.04,1284.56,1288.42,7.83,1548407400,1548430500,15.16,TP
4303,XAUUSD,7102602,1,0.04,1307.1,1310.82,7.86,1548753600,1548774600,14.6,TP
4306,XAUUSD,7102602,1,0.04,1316.06,1320.96,8.44,1548844500,1548884400,19.32,TP
4309,XAUUSD,7102602,1,0.04,1321.68,1325.38,8.91,1548926700,1548948900,14.52,TP
4301,XAUUSD,7102601,1,0.11,1297.91,1313.96,4.15,1548446400,1549257300,158.107,SL
4313,XAUUSD,7102602,1,0.05,1312.06,1317.04,7.62,1549962300,1550077200,23.5488,TP
4316,XAUUSD,7102602,1,0.04,1315.2,1318.73,8.65,1550223600,1550236200,13.84,TP
4321,XAUUSD,7102602,1,0.04,1327.04,1330.74,8.14,1550571900,1550588100,14.52,TP
4319,XAUUSD,7102601,1,0.09,1327.18,1332.23,4.86,1550505600,1550749800,35.6314,SL
4325,XAUUSD,7102602,1,0.03,1322.22,1326.17,10.53,1551345900,1551360300,11.64,TP
4328,XAUUSD,7102602,-1,0.03,1292.55,1288.51,11.18,1551691800,1551696000,11.91,TP
4331,XAUUSD,7102602,-1,0.03,1284.99,1296.37,11.38,1551778200,1552059000,-34.886,SL
4338,XAUUSD,7102602,-1,0.03,1295.5,1292.09,9.92,1552310700,1552326000,10.02,TP
4335,US500,7102603,1,1.59,2767.53,2792.98,49.7619,1551924000,1552356000,37.9095,EXPERT
4333,US30,7102603,1,0.15,25676.9,25749.7,501.916,1551922200,1552356000,8.68187,EXPERT
4343,XAUUSD,7102602,1,0.03,1306.48,1310.62,10.34,1552476600,1552514100,12.21,TP
4346,XAUUSD,7102602,1,0.03,1304.24,1310.1,10.24,1552906800,1553011500,16.7726,TP
4349,XAUUSD,7102601,1,0.1,1314.48,1309.75,4.73,1553133900,1553190900,-48,SL
4351,XAUUSD,7102602,1,0.04,1319.68,1309.97,9.71,1553162700,1553190900,-39.12,SL
4355,XAUUSD,7102602,1,0.03,1312.36,1316.84,10.33,1553249100,1553504400,12.6281,TP
4358,XAUUSD,7102602,1,0.03,1317.28,1323.3,9.91,1553509500,1553547900,17.85,TP
4360,XAUUSD,7102601,1,0.08,1321.83,1316.33,5.5,1553544000,1553595900,-46.1756,SL
4364,XAUUSD,7102602,1,0.03,1318.87,1308.54,10.33,1553691900,1553724900,-31.2,SL
4367,XAUUSD,7102602,-1,0.03,1288.28,1283.03,10.68,1554113400,1554393900,15.0027,TP
4370,XAUUSD,7102602,-1,0.04,1286.61,1283.12,8.81,1555324500,1555344900,13.68,TP
4373,XAUUSD,7102602,-1,0.04,1283.33,1278.67,8.44,1555416300,1555428900,18.36,TP
4376,XAUUSD,7102602,-1,0.04,1271.43,1267,8.22,1556028600,1556035200,17.44,TP
4379,XAUUSD,7102602,-1,0.04,1283.25,1280.17,8.38,1556532300,1556546700,12.04,TP
4382,XAUUSD,7102602,-1,0.04,1270.75,1279.29,8.54,1556796300,1556902800,-34.5812,SL
4385,XAUUSD,7102602,-1,0.04,1280.88,1289.58,8.7,1557138600,1557320400,-35.3649,SL
4388,XAUUSD,7102601,1,0.11,1289.99,1285.88,4.11,1557331200,1557333900,-45.98,SL
4393,US500,7102603,1,0.79,2806.34,2851.38,98.8666,1557799200,1557970200,33.8371,EXPERT
4395,NAS100,7102603,1,0.24,7304.58,7508.34,328.061,1557799200,1557970200,47.5057,EXPERT
4391,XAUUSD,7102601,1,0.11,1291.8,1290.55,4.28,1557763200,1558020900,-25.4179,SL
4397,XAUUSD,7102602,1,0.04,1298.73,1288.9,9.83,1557921000,1558028700,-41.9763,SL
4403,XAUUSD,7102602,-1,0.03,1284.52,1280.36,10.39,1558099500,1558112400,12.27,TP
4406,XAUUSD,7102602,-1,0.04,1274.45,1270.43,9.7,1558353000,1558456500,15.658,TP
4409,XAUUSD,7102602,-1,0.05,1275.65,1283.4,7.75,1559211300,1559238000,-39.1,SL
4412,XAUUSD,7102602,1,0.04,1295.89,1300.09,8.19,1559297700,1559323800,16.52,TP
4417,XAUUSD,7102602,1,0.04,1313.64,1317.86,8.06,1559556900,1559571900,16.6,TP
4420,XAUUSD,7102602,1,0.04,1328.32,1319.88,8.44,1559643000,1559661300,-34.04,SL
4423,XAUUSD,7102602,1,0.04,1335.04,1343.85,8.96,1559729100,1559748600,34.96,TP
4415,XAUUSD,7102601,1,0.1,1304.86,1331,4.4,1559332800,1559757600,254.657,SL
4427,XAUUSD,7102602,1,0.04,1333.98,1340.37,9.92,1559816700,1559921400,24.4639,TP
4430,XAUUSD,7102602,1,0.03,1337.62,1348.76,11.87,1560337200,1560504000,30.7619,TP
4435,XAUUSD,7102601,1,0.09,1354.26,1349.1,5.16,1560513600,1560527400,-47.07,SL
4433,XAUUSD,7102602,1,0.03,1357.19,1344.57,12.62,1560506700,1560542400,-38.07,SL
4439,XAUUSD,7102602,1,0.03,1348.33,1357.71,12.3,1560867900,1560985800,27.3128,TP
4442,XAUUSD,7102601,1,0.07,1360.04,1392.12,6.6,1560994200,1561109700,222.586,SL
4445,XAUUSD,7102601,1,0.04,1415.29,1404.48,11.63,1561406400,1561531800,-45.2566,SL
4448,XAUUSD,7102602,1,0.02,1393.8,1403.16,19.24,1562063700,1562092500,18.58,TP
4451,XAUUSD,7102602,1,0.01,1406.36,1417.06,22.51,1562580300,1562792700,10.2033,TP
4454,XAUUSD,7102601,1,0.05,1440.56,1432.42,8.14,1563499800,1563556800,-41.05,SL
4457,XAUUSD,7102602,1,0.02,1423.35,1429.53,18.31,1563964200,1564065600,10.9135,TP
4460,US30,7102603,1,0.18,26791.8,26342.4,449.312,1564623000,1564765200,-81.8053,SL
4464,NAS100,7102603,1,0.32,7774.41,7524.95,249.449,1564711200,1565017200,-80.3047,SL
4462,US500,7102603,1,1.25,2945.35,2881.08,64.2699,1564711200,1565020800,-81.0453,SL
4469,XAUUSD,7102602,1,0.02,1461.25,1482.33,15.67,1565012700,1565151600,41.1223,TP
4480,XAUUSD,7102602,1,0.02,1492.68,1509.44,17.69,1565187900,1565197200,33.38,TP
4475,US500,7102603,1,0.93,2788.23,2930.38,85.8446,1565056800,1565314200,129.587,EXPERT
4477,NAS100,7102603,1,0.26,7253.77,7692.83,300.755,1565056800,1565314200,112.243,EXPERT
4473,US30,7102603,1,0.1,25450.8,26302.2,752.488,1565055000,1565314200,82.6103,EXPERT
4486,XAUUSD,7102602,1,0.02,1502.83,1514.24,18.85,1565610900,1565646000,22.68,TP
4467,XAUUSD,7102601,1,0.04,1453.37,1502.75,10.79,1564992000,1565714700,189.939,SL
4489,XAUUSD,7102602,1,0.02,1526.52,1506.14,20.38,1565693400,1565714700,-40.9,SL
4493,XAUUSD,7102602,1,0.01,1505.15,1515.23,24.14,1565788200,1565793600,10.01,TP
4496,XAUUSD,7102601,1,0.06,1545.22,1537.58,7.64,1566792000,1566813300,-46.26,SL
4499,XAUUSD,7102602,1,0.01,1534.63,1543.13,22.94,1566900900,1566932400,8.43,TP
4502,XAUUSD,7102602,1,0.01,1545.18,1521.39,23.79,1567002600,1567113000,-24.5658,SL
4505,XAUUSD,7102602,1,0.02,1528.67,1535.14,18.45,1567505700,1567526700,12.8,TP
4508,XAUUSD,7102602,1,0.02,1502.67,1515.72,20.2,1568283600,1568301000,25.96,TP
4511,XAUUSD,7102602,1,0.01,1506.72,1485.38,21.34,1568373300,1568842800,-22.0957,SL
4514,XAUUSD,7102602,1,0.01,1497.9,1506.31,22.34,1568892900,1568970600,8.11107,TP
4523,XAUUSD,7102602,1,0.02,1520.24,1528.1,18.18,1569237600,1569350400,15.1148,TP
4521,NAS100,7102603,1,0.39,7855.21,7648.53,206.685,1569207600,1569430800,-81.7863,SL
4517,US30,7102603,1,0.18,27016.3,26982.7,434.613,1569202200,1569461400,-10.7709,EXPERT
4519,US500,7102603,1,1.58,3001.46,2949.57,51.8865,1569207600,1569618000,-87.475,SL
4529,XAUUSD,7102602,-1,0.02,1460.02,1478.44,18.42,1569926100,1569950400,-36.98,SL
4536,XAUUSD,7102602,1,0.02,1504.2,1512,20.07,1570106100,1570122000,15.46,TP
4532,US30,7102603,1,0.11,26047.5,26395.2,690.877,1570066200,1570411800,37.116,EXPERT
4534,US500,7102603,1,0.99,2886.84,2940.08,81.9849,1570068000,1570417200,51.5766,EXPERT
4541,XAUUSD,7102602,-1,0.01,1486.5,1477.13,21.18,1570804500,1570813500,9.3,TP
4544,XAUUSD,7102602,-1,0.02,1484.83,1504.51,19.68,1571315700,1571965500,-40.1629,SL
4547,XAUUSD,7102602,1,0.02,1507.14,1513,14.03,1572001200,1572017400,11.58,TP
4550,XAUUSD,7102602,1,0.03,1507.7,1495.21,12.49,1572257100,1572280800,-37.68,SL
4553,XAUUSD,7102602,1,0.03,1500.54,1506.12,12.3,1572519600,1572527100,16.53,TP
4556,XAUUSD,7102602,1,0.03,1514.6,1502.37,12.23,1572607500,1572941700,-38.2856,SL
4559,XAUUSD,7102602,-1,0.02,1465.49,1460.2,14.74,1573218900,1573222500,10.44,TP
4562,XAUUSD,7102602,-1,0.02,1462.54,1477.46,14.92,1573816800,1574242800,-30.225,SL
4565,XAUUSD,7102602,-1,0.02,1469.12,1462.86,14.19,1574337900,1574368200,12.38,TP
4568,XAUUSD,7102602,-1,0.03,1457.3,1452.86,11.05,1574676900,1574739900,12.9888,TP
4571,XAUUSD,7102602,-1,0.03,1457.36,1454.01,11.22,1574862000,1574870700,9.84,TP
4574,XAUUSD,7102602,-1,0.04,1458.4,1455.32,9.25,1575279900,1575282600,12.04,TP
4577,US30,7102603,1,0.21,27795,27412.1,382.941,1575336600,1575388800,-80.4168,SL
4579,US500,7102603,1,1.93,3112.27,3069.96,42.308,1575338400,1575388800,-81.6474,SL
4585,XAUUSD,7102601,1,0.09,1479.18,1474.27,4.91,1575403200,1575458700,-46.8511,SL
4587,XAUUSD,7102602,1,0.03,1481.99,1471.05,10.94,1575450300,1575646200,-35.7333,SL
4581,NAS100,7102603,1,0.5,8300.95,8399.54,160.952,1575338400,1575856800,44.4509,EXPERT
4592,XAUUSD,7102602,1,0.03,1478.52,1483.24,11.77,1576488600,1577089800,9.21287,TP
4595,XAUUSD,7102602,1,0.04,1484.66,1490.14,9.44,1577091900,1577173800,20.7321,TP
4600,XAUUSD,7102602,1,0.04,1492.04,1499,8.48,1577186100,1577209800,27.56,TP
4603,XAUUSD,7102602,1,0.05,1524.86,1517.22,7.64,1577783700,1577810100,-38.55,SL
4597,XAUUSD,7102601,1,0.14,1487.84,1542.1,3.17,1577160000,1578064800,739.226,SL
4606,XAUUSD,7102602,1,0.05,1544.21,1575.89,8.24,1578045900,1578272700,156.865,TP
4610,XAUUSD,7102601,1,0.06,1578.05,1570.65,7.4,1578283200,1578303000,-44.82,SL
4613,XAUUSD,7102602,1,0.03,1569.71,1583.73,11.99,1578389700,1578446400,41.1286,TP
4616,XAUUSD,7102601,1,0.04,1593.76,1582.85,10.91,1578456000,1578480600,-43.92,SL
4619,XAUUSD,7102602,1,0.02,1546.02,1555.43,19.675,1578998700,1579104000,18.1975,TP
4622,XAUUSD,7102602,1,0.02,1557.96,1565.15,18.518,1579692000,1579803600,12.8154,TP
4625,XAUUSD,7102602,1,0.03,1583.36,1570.35,13.008,1580126700,1580232300,-39.9588,SL
4634,XAUUSD,7102602,1,0.03,1569.67,1575.56,13.498,1580294700,1580334300,17.466,TP
4629,US500,7102603,1,1.53,3248.37,3292.76,55.346,1580176800,1580434200,63.0499,EXPERT
4631,NAS100,7102603,1,0.42,8969.04,9216.08,198.234,1580176800,1580434200,100.029,EXPERT
4627,US30,7102603,1,0.16,28525,28874.2,510.441,1580175000,1580434200,51.3961,EXPERT
4637,XAUUSD,7102602,1,0.03,1581.53,1586.34,13.458,1580376000,1580492700,13.5047,TP
4643,XAUUSD,7102601,1,0.07,1589.56,1582.64,6.925,1580693400,1580699100,-48.965,SL
4646,XAUUSD,7102602,1,0.02,1562.13,1570.79,16.325,1580894100,1581092400,15.2653,TP
4649,XAUUSD,7102602,1,0.02,1575.92,1582.43,14.808,1581594900,1581699300,12.4025,TP
4654,XAUUSD,7102602,1,0.03,1606.17,1612.31,13.415,1582107000,1582152900,18.195,TP
4657,XAUUSD,7102602,1,0.03,1612.67,1618.71,12.885,1582205700,1582212900,17.895,TP
4660,XAUUSD,7102602,1,0.03,1632.86,1645.76,12.118,1582275900,1582303500,38.496,TP
4652,XAUUSD,7102601,1,0.11,1601.79,1667.08,4.565,1582056000,1582506900,701.043,SL
4666,XAUUSD,7102602,1,0.03,1670.65,1680.03,14.765,1582535400,1582539900,27.915,TP
4664,XAUUSD,7102601,1,0.06,1661.96,1663.59,8.605,1582516800,1582579500,9.33,SL
4672,US500,7102603,1,1.11,3240.65,3160.12,80.5212,1582596000,1582660800,-89.3856,SL
4674,NAS100,7102603,1,0.28,9133.58,8817.41,316.17,1582596000,1582664400,-88.5268,SL
4670,US30,7102603,1,0.12,27955.9,27232.2,723.616,1582594200,1582664400,-86.8334,SL
4683,XAUUSD,7102602,1,0.02,1646.65,1628.29,18.365,1582707900,1582734900,-36.87,SL
4679,US500,7102603,1,0.85,3152.55,3048.73,103.822,1582682400,1582819200,-89.7829,SL
4681,NAS100,7102603,1,0.23,8915.19,8537.87,377.316,1582682400,1582822800,-87.9645,SL
4688,NAS100,7102603,1,0.16,8407.44,8831.78,495.49,1582855200,1583199000,67.3565,EXPERT
4690,XAUUSD,7102602,1,0.01,1607.82,1632.82,26.818,1583148000,1583256900,24.6898,TP
4694,XAUUSD,7102602,1,0.01,1683.09,1648.68,34.405,1583494800,1583515500,-34.475,SL
4697,XAUUSD,7102601,1,0.03,1700.3,1684.97,15.328,1583726400,1583734500,-46.194,SL
4700,XAUUSD,7102602,1,0.01,1666.12,1627.84,38.278,1583921100,1584025200,-39.0968,SL
4703,XAUUSD,7102602,1,0.01,1631.12,1645.53,38.485,1586170200,1586191800,14.335,TP
4708,XAUUSD,7102602,1,0.01,1691.58,1703.66,30.618,1586772900,1586801700,12.012,TP
4711,XAUUSD,7102602,1,0.01,1726.04,1742.85,30.178,1586862300,1586884800,16.742,TP
4706,XAUUSD,7102601,1,0.03,1651.86,1707.63,13.388,1586203200,1586947800,160.983,SL
4715,XAUUSD,7102602,1,0.01,1725.26,1736.74,31.235,1587032400,1587048900,11.405,TP
4718,XAUUSD,7102602,1,0.01,1688.49,1702.01,30.378,1587393900,1587409200,13.452,TP
4721,XAUUSD,7102602,1,0.01,1695.8,1665.89,29.908,1587463800,1587478500,-29.978,SL
4724,XAUUSD,7102602,1,0.01,1692.07,1703.87,31.235,1587552300,1587557700,11.725,TP
4727,XAUUSD,7102602,1,0.01,1720.78,1733.1,33.125,1587640200,1587659400,12.245,TP
4730,XAUUSD,7102602,1,0.01,1731.27,1700.17,31.098,1587730800,1588048800,-31.6935,SL
4733,XAUUSD,7102602,1,0.01,1712.09,1683.2,28.888,1588076700,1588274100,-30.0032,SL
4736,XAUUSD,7102602,1,0.01,1706.58,1717.65,26.608,1588594500,1588881600,9.7109,TP
4739,XAUUSD,7102602,1,0.01,1721.78,1696.17,25.615,1588940100,1589203200,-25.945,SL
4742,XAUUSD,7102602,1,0.01,1703.47,1712.7,22.388,1589279700,1589384400,8.90222,TP
4747,XAUUSD,7102602,1,0.02,1764.98,1742.73,22.248,1589812200,1589818200,-44.636,SL
4745,XAUUSD,7102601,1,0.05,1731.58,1736.58,9.528,1589486400,1589820300,22.0138,SL
4751,XAUUSD,7102602,1,0.01,1736.15,1712.74,23.408,1590142800,1590515700,-24.0065,SL
4754,XAUUSD,7102602,1,0.02,1721.51,1733.06,21.018,1590660900,1590774000,22.4395,TP
4757,XAUUSD,7102602,1,0.01,1732.78,1742.94,24.715,1591957500,1591980600,10.085,TP
4760,XAUUSD,7102602,1,0.01,1733.13,1743.75,24.108,1592578200,1592590200,10.552,TP
4763,XAUUSD,7102601,1,0.06,1748.6,1755.84,7.908,1592798400,1593046800,34.9654,SL
4765,XAUUSD,7102602,1,0.02,1774.11,1753.26,20.848,1592999400,1593188700,-43.9872,SL
4769,XAUUSD,7102601,1,0.06,1783.69,1775.94,7.748,1593547200,1593616800,-48.5399,SL
4772,XAUUSD,7102602,1,0.02,1770.67,1776.81,18.608,1593688500,1593710400,12.144,TP
4775,XAUUSD,7102602,1,0.02,1777.39,1784.36,16.865,1594029900,1594049700,13.79,TP
4778,XAUUSD,7102601,1,0.06,1796.1,1795.33,7.558,1594152000,1594317900,-11.637,SL
4780,XAUUSD,7102602,1,0.02,1815.2,1797.14,18.058,1594294200,1594317900,-36.256,SL
4784,XAUUSD,7102602,1,0.02,1804.43,1812.79,17.838,1594381200,1594657800,16.0342,TP
4787,XAUUSD,7102602,1,0.02,1811.96,1795.3,16.665,1594810800,1594939800,-35.1288,SL
4790,XAUUSD,7102602,1,0.02,1811.24,1816.54,14.385,1595245800,1595259000,10.45,TP
4793,XAUUSD,7102602,1,0.02,1824.43,1832.27,15.128,1595331600,1595344200,15.544,TP
4795,XAUUSD,7102601,1,0.09,1824.08,1849.9,5.338,1595332800,1595416200,229.239,SL
4801,XAUUSD,7102602,1,0.02,1878.57,1891.08,18.225,1595502300,1595528100,24.87,TP
4804,XAUUSD,7102602,1,0.02,1893.26,1902.07,18.965,1595585700,1595606700,17.47,TP
4807,XAUUSD,7102602,1,0.02,1945.01,1977.12,18.505,1595858400,1595910000,63.4768,TP
4799,XAUUSD,7102601,1,0.05,1872.9,1953.36,9.258,1595467800,1595916000,397.584,SL
4813,XAUUSD,7102602,1,0.01,2039.5,2066.89,34.448,1596624300,1596732300,26.3877,TP
4811,XAUUSD,7102601,1,0.04,1999.83,2038.94,12.008,1596571200,1596819600,149.936,SL
4817,NAS100,7102603,1,0.22,10937.2,11113.5,418.362,1597197600,1597282200,37.3512,EXPERT
4820,XAUUSD,7102602,1,0.01,1954.93,1976.94,45.088,1597658700,1597683900,21.942,TP
4823,US30,7102603,1,0.14,27690.3,27967.5,654.714,1597887000,1598232600,37.2953,EXPERT
4826,XAUUSD,7102602,1,0.01,1949.07,1974.45,45.175,1598609100,1598836200,25.0047,TP
4829,XAUUSD,7102602,1,0.01,1990.16,1950.57,39.595,1598955600,1599064500,-39.9659,SL
4832,US500,7102603,1,0.65,3319.25,3380.35,141.103,1599616800,1600133400,37.1512,EXPERT
4834,NAS100,7102603,1,0.13,11023.6,11285.1,693.471,1599616800,1600133400,32.285,EXPERT
4838,XAUUSD,7102602,1,0.01,1969.83,1946.45,23.378,1600178100,1600318500,-24.6442,SL
4841,XAUUSD,7102602,1,0.01,1955.83,1931.65,24.178,1600431600,1600691400,-24.5459,SL
4844,XAUUSD,7102602,-1,0.01,1896.85,1875.36,23.872,1600771500,1600852500,21.3652,TP
4847,US30,7102603,1,0.08,26805.5,27228,1120.53,1600911000,1601256600,32.9563,EXPERT
4849,XAUUSD,7102602,-1,0.01,1859.58,1886.77,27.195,1601040600,1601353500,-27.3689,SL
4853,XAUUSD,7102602,-1,0.01,1882.9,1910.71,27.812,1601466900,1601577000,-28.0391,SL
4856,XAUUSD,7102602,-1,0.01,1890.36,1917.07,26.712,1601892600,1601918400,-26.782,SL
4859,XAUUSD,7102601,1,0.04,1923.63,1911.87,11.758,1602273600,1602566700,-49.6656,SL
4862,XAUUSD,7102602,-1,0.01,1891.31,1916.59,25.285,1602763500,1603120200,-25.4608,SL
4871,XAUUSD,7102602,1,0.01,1920.7,1930.99,23.485,1603278000,1603302000,10.215,TP
4867,US500,7102603,1,0.78,3447.48,3463.06,118.287,1603159200,1603416600,9.54229,EXPERT
4865,US30,7102603,1,0.1,28316.4,28428.9,897.863,1603157400,1603416600,8.49832,EXPERT
4869,NAS100,7102603,1,0.17,11721.2,11638.6,536.655,1603159200,1603681200,-16.371,EXPERT
4877,XAUUSD,7102602,-1,0.02,1901.62,1893.13,19.065,1603797300,1603894800,16.744,TP
4879,US30,7102603,1,0.1,27337.6,26417.4,920.225,1603848600,1603980000,-93.5752,SL
4887,XAUUSD,7102602,-1,0.02,1874.96,1865.78,21.532,1603983000,1603985100,18.216,TP
4881,US500,7102603,1,0.86,3368.76,3262.18,106.573,1603850400,1603987200,-93.3058,SL
4891,XAUUSD,7102602,-1,0.02,1888.78,1908.4,19.622,1604395800,1604423400,-39.384,SL
4884,NAS100,7102603,1,0.18,11206.2,11276.2,505.972,1603936800,1604453400,11.0333,EXPERT
4895,XAUUSD,7102602,1,0.02,1912.27,1920.36,22.405,1604568300,1604583900,16.03,TP
4900,XAUUSD,7102602,1,0.01,1948.13,1959.88,24.615,1604656200,1604677500,11.675,TP
4898,XAUUSD,7102601,1,0.04,1931.82,1926.91,12.888,1604592000,1604930400,-22.2972,SL
4904,XAUUSD,7102602,-1,0.01,1887.34,1875.92,29.865,1605518400,1605534600,11.345,TP
4907,XAUUSD,7102602,-1,0.01,1856.88,1842.15,31.245,1605783000,1606150500,14.5512,TP
4910,XAUUSD,7102602,-1,0.01,1817.79,1802.79,27.515,1606221000,1606236000,14.925,TP
4913,XAUUSD,7102601,-1,0.05,1770.33,1779.91,9.582,1606723200,1606727700,-48.26,SL
4916,XAUUSD,7102602,-1,0.02,1833.84,1826.26,22.222,1607337000,1607337000,15.016,TP
4919,XAUUSD,7102602,-1,0.01,1860.58,1849.86,24.222,1607433000,1607531700,10.596,TP
4922,XAUUSD,7102602,-1,0.01,1831.71,1823.46,25.022,1607597700,1607948700,8.07587,TP
4925,US500,7102603,1,1.13,3654.29,3695.86,81.1309,1607997600,1608082200,46.1594,EXPERT
4928,XAUUSD,7102602,1,0.01,1872.1,1881.4,24.408,1608196200,1608201300,9.232,TP
4931,XAUUSD,7102601,1,0.05,1878.98,1876.11,10.228,1608206400,1608552300,-17.5691,SL
4934,XAUUSD,7102602,1,0.02,1883.15,1890.72,21.945,1609236900,1609359300,14.4164,TP
4939,XAUUSD,7102602,1,0.02,1927.79,1943.41,20.935,1609754700,1609779000,31.09,TP
4942,XAUUSD,7102602,1,0.02,1944.57,1954.3,21.978,1609846200,1609902000,18.7282,TP
4937,XAUUSD,7102601,1,0.06,1916.89,1932.36,9.008,1609732800,1609944000,88.8451,SL
4945,XAUUSD,7102602,1,0.02,1955.7,1934.82,20.885,1609932600,1609944000,-41.91,SL
4949,US500,7102603,1,0.78,3756.56,3803.16,117.162,1610935200,1611106200,35.1961,EXPERT
4952,XAUUSD,7102602,-1,0.01,1852.58,1844,25.085,1611653700,1611719400,8.45361,TP
4955,XAUUSD,7102602,-1,0.01,1842.96,1834.88,24.955,1611752700,1611765600,8.005,TP
4962,XAUUSD,7102602,-1,0.01,1851,1839.65,23.615,1612257300,1612274400,11.275,TP
4960,US500,7102603,1,0.89,3716.3,3837.45,103.78,1611799200,1612315800,105.211,EXPERT
4958,US30,7102603,1,0.12,30289.9,30702.5,726.699,1611797400,1612315800,46.6797,EXPERT
4967,XAUUSD,7102602,-1,0.01,1835.21,1826.83,24.145,1612345800,1612410300,8.15223,TP
4970,XAUUSD,7102602,-1,0.02,1815.1,1796.3,23.074,1612437000,1612455000,37.452,TP
4973,XAUUSD,7102601,-1,0.04,1789.25,1800.79,11.545,1612468800,1612519800,-46.6593,SL
4976,XAUUSD,7102602,-1,0.01,1808.06,1831.72,23.665,1612781700,1612800000,-23.735,SL
4979,XAUUSD,7102602,-1,0.01,1816.62,1807.33,25.495,1613123700,1613487300,9.12378,TP
4982,XAUUSD,7102602,-1,0.02,1784.91,1776.35,23.305,1613556300,1613575800,16.99,TP
4985,XAUUSD,7102601,-1,0.05,1778.74,1789.47,10.735,1613577600,1613660700,-54.765,SL
4988,XAUUSD,7102601,-1,0.04,1767.01,1778.37,11.365,1613707200,1613750100,-45.74,SL
4993,NAS100,7102603,1,0.27,13595.4,13260.3,335.095,1613959200,1614031200,-90.4748,SL
4996,NAS100,7102603,1,0.23,13233.1,12834.7,398.473,1614045600,1614096000,-91.6481,SL
4991,US500,7102603,1,1.28,3907.52,3834.83,72.6775,1613959200,1614096000,-94.0014,SL
4998,XAUUSD,7102602,-1,0.02,1805.32,1795.51,21.215,1614079500,1614181500,19.3697,TP
5003,XAUUSD,7102602,-1,0.02,1792.34,1781.35,22.272,1614244200,1614267000,21.836,TP
5008,XAUUSD,7102602,-1,0.01,1757.51,1739.72,23.705,1614331200,1614359100,17.715,TP
5006,XAUUSD,7102601,-1,0.04,1760.33,1752.97,11.935,1614326400,1614586200,28.9475,SL
5012,XAUUSD,7102601,-1,0.03,1711.52,1726.08,14.565,1614657600,1614686400,-43.905,SL
5015,XAUUSD,7102601,-1,0.04,1700.13,1713.88,13.746,1614888000,1615166100,-55.6417,SL
5018,XAUUSD,7102602,-1,0.01,1702.68,1692.3,28.782,1615194300,1615200600,10.308,TP
5021,XAUUSD,7102601,-1,0.03,1680.6,1694.92,14.325,1615233600,1615281900,-43.3253,SL
5024,XAUUSD,7102602,-1,0.01,1708.7,1740.35,31.652,1615383000,1615915800,-32.0097,SL
5027,XAUUSD,7102602,-1,0.01,1729.41,1755.11,25.696,1615990800,1616046600,-25.9114,SL
5030,XAUUSD,7102602,-1,0.01,1745.63,1737.63,24.786,1616063100,1616063700,7.934,TP
5033,XAUUSD,7102602,-1,0.02,1729.13,1715.58,22.052,1616407500,1617036000,26.2824,TP
5036,XAUUSD,7102602,-1,0.02,1701.79,1689.58,17.362,1617098700,1617114000,24.276,TP
5038,XAUUSD,7102601,-1,0.06,1697.88,1702.75,8.292,1617105600,1617212700,-29.9328,SL
5042,XAUUSD,7102602,-1,0.02,1735.49,1754,18.512,1617804900,1617899400,-37.4535,SL
5045,XAUUSD,7102602,1,0.02,1766.73,1773.25,21.145,1618572000,1618579200,12.89,TP
5048,XAUUSD,7102602,1,0.02,1784.29,1766.4,17.888,1618829100,1618896600,-36.457,SL
5051,XAUUSD,7102602,1,0.02,1790.21,1770.69,19.518,1619189400,1619199000,-39.176,SL
5054,XAUUSD,7102602,1,0.02,1780.3,1793.01,16.685,1620036900,1620061200,25.27,TP
5057,NAS100,7102603,1,0.23,13795.1,13416.2,378.836,1620093600,1620151200,-87.134,SL
5062,XAUUSD,7102602,1,0.02,1795.29,1808.29,18.507,1620296100,1620319200,25.866,TP
5065,XAUUSD,7102602,1,0.02,1822.75,1832.16,19.878,1620387600,1620401400,18.684,TP
5060,NAS100,7102603,1,0.2,13483.9,13745.4,413.105,1620266400,1620615600,51.2377,EXPERT
5069,XAUUSD,7102602,1,0.02,1840.16,1820.63,19.528,1620654900,1620750000,-39.7568,SL
5072,US30,7102603,1,0.1,33590.5,34391.5,843.639,1620869400,1621215000,78.772,EXPERT
5074,US500,7102603,1,0.84,4068.04,4175.05,105.264,1620871200,1621220400,88.5336,EXPERT
5076,NAS100,7102603,1,0.16,13017.5,13397.1,548.916,1620871200,1621220400,59.9145,EXPERT
5078,XAUUSD,7102602,1,0.02,1836.69,1853.44,21.958,1620993900,1621238700,32.8004,TP
5084,XAUUSD,7102601,1,0.06,1869.38,1860.65,8.728,1621310400,1621424700,-54.5013,SL
5087,XAUUSD,7102601,1,0.05,1882.18,1872.74,9.445,1621454400,1621458300,-47.575,SL
5090,XAUUSD,7102602,1,0.02,1877.43,1884.14,22.148,1621598700,1621610700,13.284,TP
5093,XAUUSD,7102602,1,0.02,1887.33,1901.06,18.618,1621937100,1622001600,26.7438,TP
5098,XAUUSD,7102602,1,0.02,1908.42,1888.27,20.148,1622025900,1622133000,-42.1745,SL
5095,XAUUSD,7102601,1,0.06,1895.55,1886.39,9.165,1621972800,1622214600,-64.1041,SL
5104,XAUUSD,7102602,1,0.02,1874.09,1892.4,19.768,1622802900,1622827500,36.484,TP
5102,NAS100,7102603,1,0.3,13526.9,13765.5,299.937,1622772000,1623034800,70.7846,EXPERT
5110,XAUUSD,7102602,-1,0.01,1809.28,1793.73,24.912,1623925200,1623940800,15.478,TP
5115,US500,7102603,1,1.35,4160.54,4229.55,68.3542,1624244400,1624325400,92.0525,EXPERT
5113,US30,7102603,1,0.13,33236.4,33918.9,699.504,1624239000,1624325400,87.8727,EXPERT
5119,XAUUSD,7102602,-1,0.01,1779.11,1768.32,24.772,1624359000,1624964700,10.3723,TP
5122,XAUUSD,7102602,-1,0.01,1755.26,1780.05,24.792,1625050800,1625155200,-25.0095,SL
5108,XAUUSD,7102601,-1,0.04,1814.26,1785.35,11.592,1623893400,1625232600,112.395,SL
5126,XAUUSD,7102602,-1,0.02,1798.76,1814.37,15.612,1626101400,1626189300,-31.4643,SL
5131,XAUUSD,7102601,1,0.06,1832.46,1824.05,8.408,1626350400,1626355500,-50.868,SL
5129,XAUUSD,7102602,1,0.02,1833.89,1816.21,17.678,1626343800,1626444900,-36.0548,SL
5135,US500,7102603,1,1.1,4316.36,4232.16,84.199,1626663600,1626724800,-92.6149,SL
5137,NAS100,7102603,1,0.26,14651.9,14736.5,350.425,1626663600,1626831000,20.5279,EXPERT
5141,XAUUSD,7102602,-1,0.02,1804.39,1795.74,17.292,1626866100,1626882300,17.156,TP
5144,XAUUSD,7102602,-1,0.02,1796.93,1791.07,17.882,1626952200,1627050600,11.4757,TP
5147,XAUUSD,7102602,-1,0.02,1797.7,1814.37,16.672,1627482900,1627531500,-33.7852,SL
5150,XAUUSD,7102602,-1,0.02,1798.67,1793.84,15.442,1628245200,1628263800,9.516,TP
5153,XAUUSD,7102601,-1,0.07,1776.27,1693.2,7.542,1628265600,1628475000,580.643,SL
5156,XAUUSD,7102601,-1,0.04,1727.47,1740.08,12.612,1628481600,1628483100,-50.728,SL
5159,XAUUSD,7102602,-1,0.01,1729.14,1721.08,24.692,1628595600,1628614800,7.988,TP
5166,US500,7102603,1,1.53,4398.58,4443.26,62.0799,1629338400,1629687600,65.7263,EXPERT
5168,NAS100,7102603,1,0.3,14859.3,15107.2,314.412,1629338400,1629687600,72.5943,EXPERT
5162,XAUUSD,7102602,-1,0.01,1771.52,1798.1,26.578,1629125400,1629732600,-26.995,SL
5164,US30,7102603,1,0.16,34931.3,35374.5,576.804,1629336600,1629768600,67.6246,EXPERT
5174,XAUUSD,7102601,1,0.06,1821.28,1812.89,8.388,1630296000,1630314600,-50.748,SL
5177,XAUUSD,7102602,1,0.02,1816.59,1821.98,16.085,1630586700,1630683000,10.0972,TP
5180,XAUUSD,7102601,1,0.08,1823.73,1817.05,6.678,1630684800,1631004600,-58.4483,SL
5185,US500,7102603,1,1.48,4492.98,4485.65,64.4905,1631239200,1631755800,-18.5687,EXPERT
5187,NAS100,7102603,1,0.33,15493,15514.1,284.304,1631502000,1631755800,1.99713,EXPERT
5183,US30,7102603,1,0.17,34887.8,34852,539.552,1631237400,1631755800,-12.9948,EXPERT
5192,XAUUSD,7102602,-1,0.02,1783.53,1771.41,16.222,1631787300,1631804100,24.096,TP
5195,XAUUSD,7102601,-1,0.07,1762.5,1766.22,8.053,1631808000,1632158400,-27.233,SL
5198,XAUUSD,7102602,-1,0.02,1759.63,1778.28,18.646,1632219300,1632246000,-37.432,SL
5201,US30,7102603,1,0.1,33902,34277.9,924.648,1632274200,1632360600,35.5929,EXPERT
5208,XAUUSD,7102602,-1,0.02,1760.3,1753.39,21.266,1632392100,1632414900,13.688,TP
5203,US500,7102603,1,0.81,4345.67,4449.06,116.666,1632276000,1632447000,80.9678,EXPERT
5205,NAS100,7102603,1,0.2,15000,15307.6,453.895,1632276000,1632447000,59.1443,EXPERT
5213,XAUUSD,7102602,-1,0.02,1748.92,1737.27,20.366,1632747300,1632823200,23.0708,TP
5218,XAUUSD,7102601,-1,0.05,1730.15,1740.12,9.972,1632844800,1632846300,-50.21,SL
5216,XAUUSD,7102602,-1,0.02,1736.17,1722.32,20.316,1632823500,1632947700,27.4717,TP
5223,XAUUSD,7102601,-1,0.06,1724.48,1733.53,9.052,1632945600,1632980400,-55.5949,SL
5227,US500,7102603,1,0.65,4314.42,4343.85,145.117,1633053600,1633483800,17.4893,EXPERT
5229,XAUUSD,7102602,-1,0.02,1755.74,1746.63,20.272,1633342800,1633518000,17.88,TP
5221,NAS100,7102603,1,0.17,14788.3,14777.3,548.261,1632880800,1633570200,-6.74247,EXPERT
5234,XAUUSD,7102602,-1,0.02,1753.4,1772.08,18.682,1633953300,1634133000,-37.6992,SL
5237,XAUUSD,7102602,1,0.02,1794.98,1774.08,20.898,1634205900,1634310900,-42.4845,SL
5240,XAUUSD,7102602,-1,0.02,1761.69,1779.76,18.072,1634561400,1634637600,-36.382,SL
5243,XAUUSD,7102602,1,0.02,1794.2,1804.39,18.504,1634897100,1634917200,20.232,TP
5246,XAUUSD,7102602,1,0.02,1801.83,1783.36,18.468,1635161100,1635268500,-37.6281,SL
5249,XAUUSD,7102602,1,0.02,1796.28,1779.43,16.848,1635848400,1635919800,-34.382,SL
5252,XAUUSD,7102602,1,0.02,1797.41,1804.38,18.714,1636106700,1636135800,13.792,TP
5257,XAUUSD,7102602,1,0.02,1827.52,1832.85,17.668,1636465500,1636558200,9.96441,TP
5262,XAUUSD,7102602,1,0.02,1855.92,1869.36,20.478,1636623900,1636938000,25.6121,TP
5260,NAS100,7102603,1,0.23,15996.9,16230.9,406.298,1636596000,1636941600,52.3788,EXPERT
5264,US30,7102603,1,0.17,35966.1,36103.5,564.967,1636680600,1637026200,20.968,EXPERT
5269,XAUUSD,7102602,1,0.02,1870.08,1877.1,18.934,1637060100,1637075700,13.892,TP
5255,XAUUSD,7102601,1,0.06,1814.23,1849.83,9.148,1636142400,1637095800,197.965,SL
5273,XAUUSD,7102602,1,0.02,1856.41,1863,20.588,1637141100,1637157600,13.044,TP
5278,XAUUSD,7102602,-1,0.02,1801.23,1792.17,20.332,1637664900,1637679300,17.976,TP
5276,US30,7102603,1,0.15,35654.5,35797.4,607.951,1637544600,1637717400,19.3556,EXPERT
5282,XAUUSD,7102602,-1,0.02,1788.51,1781.4,22.245,1637758200,1637770200,14.07,TP
5289,XAUUSD,7102601,-1,0.05,1774.1,1785.09,10.995,1638302400,1638345300,-55.5715,SL
5285,US30,7102603,1,0.12,34810.8,34017.3,793.516,1638149400,1638396000,-96.8499,SL
5287,US500,7102603,1,1.03,4628.85,4535.31,93.5388,1638151200,1638396000,-98.1937,SL
5294,XAUUSD,7102601,-1,0.05,1763.17,1774.09,10.922,1638475200,1638508800,-55.2056,SL
5297,XAUUSD,7102602,-1,0.02,1766.36,1789.45,23.095,1638530100,1638936300,-46.627,SL
5300,XAUUSD,7102602,-1,0.02,1770.54,1789.15,18.615,1639131600,1639152000,-37.37,SL
5303,XAUUSD,7102602,-1,0.02,1767.33,1761,16.795,1639559100,1639601100,12.51,TP
5306,XAUUSD,7102602,1,0.02,1807.48,1790.98,16.505,1639731900,1640037000,-33.6998,SL
5311,XAUUSD,7102601,1,0.1,1815.49,1810.14,5.348,1640692800,1640707800,-54.18,SL
5309,XAUUSD,7102602,1,0.03,1816.06,1801.28,14.778,1640682900,1640779500,-45.3716,SL
5315,XAUUSD,7102601,1,0.08,1824.54,1817.93,6.614,1640966400,1641222300,-55.707,SL
5320,NAS100,7102603,1,0.17,15792.3,15271.6,520.729,1641434400,1641830400,-89.5617,SL
5318,US500,7102603,1,0.93,4707.16,4610.71,96.446,1641434400,1641830400,-91.3883,SL
5324,XAUUSD,7102602,1,0.02,1810.06,1818.7,15.535,1641897300,1641932700,17.13,TP
5327,XAUUSD,7102602,1,0.02,1829.03,1811.86,17.168,1642155600,1642503600,-35.5867,SL
5330,US30,7102603,1,0.08,35444.9,34523.2,921.736,1642555800,1642737600,-75.9135,SL
5336,XAUUSD,7102601,1,0.06,1840.62,1833.26,7.365,1642622400,1642760100,-51.3557,SL
5332,US500,7102603,1,0.55,4577.14,4432.62,144.523,1642557600,1642784400,-81.4175,SL
5334,NAS100,7102603,1,0.1,15206.8,14478.7,728.051,1642557600,1642802400,-73.9703,SL
5339,XAUUSD,7102602,1,0.02,1842.75,1848.62,15.738,1642756800,1643129100,10.4804,TP
5345,XAUUSD,7102601,1,0.05,1850.03,1842.13,7.904,1643140800,1643212800,-41.2808,SL
5348,XAUUSD,7102601,-1,0.04,1791.17,1799.6,8.432,1643371200,1643646900,-34.2071,SL
5351,XAUUSD,7102602,1,0.01,1827.89,1833.1,17.124,1644583200,1644592200,5.136,TP
5354,XAUUSD,7102601,1,0.04,1860.27,1852.26,8.008,1644802200,1644815400,-32.312,SL
5357,XAUUSD,7102601,1,0.03,1878.11,1868.84,9.268,1644912000,1644919800,-28.014,SL
5360,XAUUSD,7102602,1,0.01,1856.65,1862.39,18.698,1645002600,1645029300,5.672,TP
5363,XAUUSD,7102602,1,0.01,1884.71,1894.08,19.268,1645093800,1645111800,9.302,TP
5365,XAUUSD,7102601,1,0.03,1888.57,1945.88,9.558,1645099200,1645720200,165.614,SL
5368,XAUUSD,7102602,1,0.01,1950.1,1928.12,21.978,1645703400,1645722900,-22.048,SL
5372,XAUUSD,7102602,1,0.01,1945.18,1957.98,33.318,1646214600,1646411700,11.5522,TP
5375,XAUUSD,7102601,1,0.02,1998.05,1983.66,14.388,1646625600,1646639700,-28.916,SL
5378,XAUUSD,7102601,1,0.02,2006.5,2018.07,17.478,1646740800,1646826600,22.3777,SL
5381,XAUUSD,7102602,1,0.01,1929.58,1943.01,23.913,1649066700,1649176800,13.0619,TP
5384,XAUUSD,7102602,1,0.01,1925.62,1934.24,24.818,1649245800,1649350800,7.67018,TP
5387,XAUUSD,7102602,1,0.01,1948.26,1956.04,21.258,1649675400,1649676900,7.712,TP
5392,XAUUSD,7102602,1,0.01,1975.08,1985.81,23.628,1649848800,1650250200,9.45425,TP
5395,XAUUSD,7102602,1,0.01,1991.38,1971.14,20.238,1650278700,1650382800,-20.6103,SL
5390,XAUUSD,7102601,1,0.03,1970.65,1964.36,11.353,1649779200,1650384000,-24.5202,SL
5399,XAUUSD,7102602,1,0.01,1950.7,1929.88,20.818,1650459900,1650640500,-22.0833,SL
5402,XAUUSD,7102602,-1,0.01,1911.04,1890.51,21.117,1650894300,1651057800,20.3574,TP
5405,XAUUSD,7102602,-1,0.01,1882.47,1866.72,22.187,1651490700,1651505700,15.683,TP
5408,XAUUSD,7102602,-1,0.01,1855.4,1879.31,23.912,1651572600,1651700700,-24.0339,SL
5411,XAUUSD,7102602,-1,0.01,1892.52,1882.15,25.417,1651746600,1651773900,10.303,TP
5414,XAUUSD,7102602,-1,0.01,1869.1,1856.4,24.802,1652091600,1652102700,12.628,TP
5417,XAUUSD,7102602,-1,0.01,1846.8,1835.46,25.662,1652350500,1652381100,11.268,TP
5422,XAUUSD,7102602,-1,0.01,1802.04,1789.18,26.88,1652697600,1652698200,12.79,TP
5420,XAUUSD,7102601,-1,0.03,1819.69,1822.17,11.812,1652405400,1652738100,-7.8068,SL
5426,XAUUSD,7102602,-1,0.01,1854.97,1842.85,26.127,1653478200,1653504600,12.053,TP
5429,XAUUSD,7102602,-1,0.01,1842.58,1831.11,25.792,1653575400,1654071300,11.1926,TP
5432,XAUUSD,7102602,-1,0.01,1829.25,1850.01,20.762,1654085700,1654111200,-20.832,SL
5435,XAUUSD,7102601,1,0.05,1873.43,1865.25,8.178,1654228800,1654250400,-41.24,SL
5438,XAUUSD,7102602,-1,0.01,1864.72,1856.2,19.502,1654250700,1654279200,8.448,TP
5441,XAUUSD,7102602,-1,0.01,1849.19,1843.28,17.844,1654771800,1654794300,5.836,TP
5444,XAUUSD,7102601,-1,0.03,1817.87,1829.31,11.437,1655170200,1655197200,-34.521,SL
5447,XAUUSD,7102602,-1,0.01,1816.56,1805.25,22.752,1655218500,1655245200,11.238,TP
5450,XAUUSD,7102601,-1,0.03,1808.3,1820.7,12.402,1655256600,1655285400,-37.416,SL
5453,XAUUSD,7102602,-1,0.01,1827.56,1819.37,25.522,1655374500,1655388000,8.118,TP
5456,XAUUSD,7102602,-1,0.01,1832.33,1822.53,24.217,1655820600,1656043200,9.47832,TP
5459,XAUUSD,7102602,-1,0.01,1813.9,1806.86,20.278,1656585900,1656599700,6.972,TP
5464,XAUUSD,7102601,-1,0.04,1794.63,1803.15,8.516,1656676800,1656695700,-34.344,SL
5462,XAUUSD,7102602,-1,0.01,1793.9,1813.88,19.977,1656670500,1656911700,-20.0973,SL
5468,XAUUSD,7102602,-1,0.01,1805.22,1796.4,16.812,1656939900,1657037100,8.6978,TP
5473,XAUUSD,7102602,-1,0.01,1761.64,1751.85,19.212,1657113000,1657127700,9.718,TP
5476,XAUUSD,7102602,-1,0.01,1739.07,1731.99,21.161,1657276500,1657579200,6.96059,TP
5471,XAUUSD,7102601,-1,0.03,1767.18,1739.16,10.706,1657051200,1657734600,82.7019,SL
5480,XAUUSD,7102602,-1,0.01,1717.02,1704.27,21.062,1657793100,1657815600,12.678,TP
5483,XAUUSD,7102601,-1,0.03,1705.69,1716.77,11.082,1657828800,1657862100,-33.5985,SL
5488,XAUUSD,7102602,-1,0.01,1687.9,1681.21,22.072,1658398200,1658411100,6.618,TP
5486,XAUUSD,7102601,-1,0.05,1696.12,1703.94,7.824,1658367000,1658418300,-39.47,SL
5492,XAUUSD,7102602,-1,0.01,1716.97,1736.94,19.966,1658841600,1658958600,-20.0837,SL
5495,XAUUSD,7102602,-1,0.01,1770.42,1760.75,18.192,1659436800,1659480900,9.598,TP
5498,XAUUSD,7102602,1,0.01,1790.89,1797.93,19.178,1660043700,1660061100,6.972,TP
5501,XAUUSD,7102602,1,0.01,1795.01,1802.03,20.136,1660137000,1660145400,6.954,TP
5504,XAUUSD,7102602,1,0.01,1793.3,1802.2,20.044,1660228500,1660348500,8.55265,TP
5507,XAUUSD,7102602,-1,0.01,1775.78,1769.41,18.856,1660647600,1660745700,6.25468,TP
5512,XAUUSD,7102602,-1,0.01,1750.37,1743.56,18.542,1660914300,1661155500,6.68949,TP
5515,XAUUSD,7102602,-1,0.02,1740.97,1733.7,16.122,1661162700,1661168700,14.396,TP
5510,XAUUSD,7102601,-1,0.05,1752.9,1748.85,7.032,1660896000,1661273400,19.4064,SL
5519,XAUUSD,7102602,-1,0.02,1751.31,1744.82,16.292,1661512200,1661524200,12.836,TP
5522,XAUUSD,7102601,-1,0.05,1722.7,1730.62,7.922,1661760000,1661786400,-39.96,SL
5524,XAUUSD,7102602,-1,0.02,1720.47,1736.31,15.836,1661769900,1661788200,-31.812,SL
5528,XAUUSD,7102602,-1,0.02,1732.16,1724.09,16.369,1661854200,1661880600,16.002,TP
5531,XAUUSD,7102602,-1,0.01,1719.98,1714.04,17.496,1661940900,1661946300,5.874,TP
5534,XAUUSD,7102601,-1,0.04,1713.94,1722.26,8.316,1661947200,1661966700,-33.544,SL
5539,XAUUSD,7102602,-1,0.01,1701.43,1694.81,16.926,1662031200,1662050100,6.554,TP
5537,XAUUSD,7102601,-1,0.05,1705.76,1711.88,7.706,1662004800,1662132600,-31.1656,SL
5543,XAUUSD,7102602,-1,0.01,1712.76,1699.67,16.282,1662465000,1662520800,12.9707,TP
5548,XAUUSD,7102602,-1,0.01,1685.96,1674.16,19.345,1663236600,1663264200,11.725,TP
5551,XAUUSD,7102602,-1,0.01,1657.02,1677.66,20.642,1663325400,1663349100,-20.712,SL
5546,XAUUSD,7102601,-1,0.04,1687.23,1680.1,8.656,1663228800,1663349400,28.071,SL
5555,XAUUSD,7102602,-1,0.01,1663.82,1683.84,20.022,1663582200,1663796400,-20.1848,SL
5558,XAUUSD,7102602,-1,0.01,1655.82,1678.54,22.725,1663841100,1663860900,-22.795,SL
5561,XAUUSD,7102602,-1,0.01,1666.34,1658.64,22.892,1663929900,1663936500,7.628,TP
5564,XAUUSD,7102601,-1,0.03,1645.96,1657.61,11.655,1663948800,1663949400,-35.175,SL
5567,XAUUSD,7102601,-1,0.02,1627.73,1640.5,12.775,1664164800,1664164800,-25.69,SL
5570,XAUUSD,7102601,-1,0.02,1624.13,1638.98,14.845,1664242200,1664272800,-29.83,SL
5575,XAUUSD,7102601,-1,0.02,1619.96,1631.77,11.812,1664366400,1664371200,-23.764,SL
5573,XAUUSD,7102602,-1,0.01,1617.97,1641.57,23.602,1664360100,1664382000,-23.672,SL
5579,XAUUSD,7102602,-1,0.01,1661.69,1684.14,22.452,1664793600,1664817600,-22.522,SL
5582,XAUUSD,7102602,-1,0.01,1683.93,1671.38,23.757,1665398700,1665423300,12.483,TP
5585,XAUUSD,7102602,-1,0.01,1661.18,1648.95,23.432,1665494100,1665675900,11.9723,TP
5588,XAUUSD,7102602,-1,0.01,1658.59,1645.8,25.582,1665749100,1665766800,12.718,TP
5591,XAUUSD,7102602,-1,0.01,1638.08,1624.54,24.172,1666173900,1666241700,13.3322,TP
5593,XAUUSD,7102601,-1,0.03,1634.72,1644.47,9.752,1666195200,1666288500,-29.8734,SL
5597,XAUUSD,7102601,-1,0.04,1621.55,1629.96,8.413,1666339200,1666367700,-33.932,SL
5599,XAUUSD,7102602,-1,0.01,1619.27,1641.51,22.243,1666347000,1666371000,-22.313,SL
5603,XAUUSD,7102602,-1,0.01,1650.99,1639.47,22.903,1666606800,1666701900,11.4012,TP
5606,XAUUSD,7102602,-1,0.01,1659.54,1649.14,23.442,1666866600,1666956600,10.2818,TP
5609,XAUUSD,7102602,-1,0.01,1631.2,1622.95,22.633,1667470200,1667477700,8.177,TP
5612,XAUUSD,7102602,1,0.01,1765.54,1782.66,27.107,1668164400,1668505500,16.5128,TP
5615,XAUUSD,7102602,1,0.01,1781.79,1754.5,27.288,1668599100,1668701100,-28.1709,SL
5618,XAUUSD,7102602,1,0.01,1745.96,1753.68,21.867,1669113000,1669256700,6.58549,TP
5621,XAUUSD,7102602,1,0.01,1755.25,1763.13,15.855,1669630800,1669638900,7.805,TP
5624,XAUUSD,7102602,1,0.01,1755.48,1770.33,15.778,1669717800,1669856700,13.7041,TP
5627,XAUUSD,7102601,1,0.03,1806.73,1795.69,11.038,1670212800,1670238300,-33.324,SL
5630,XAUUSD,7102602,1,0.01,1777,1785.97,19.098,1670333700,1670431500,8.63152,TP
5633,XAUUSD,7102602,1,0.01,1798.63,1778.62,20.008,1670592600,1670879100,-20.3523,SL
5636,XAUUSD,7102602,1,0.01,1784.76,1792.97,22.788,1671182100,1671209700,8.142,TP
5639,XAUUSD,7102602,1,0.01,1798.17,1804.75,20.025,1671445500,1671533100,6.232,TP
5642,XAUUSD,7102602,1,0.01,1808.12,1814.94,19.655,1672137000,1672160700,6.745,TP
5645,XAUUSD,7102601,1,0.04,1840.62,1832.83,7.795,1672732800,1672751400,-31.46,SL
5647,XAUUSD,7102602,1,0.01,1846.23,1827.66,18.568,1672737900,1672767300,-18.638,SL
5651,XAUUSD,7102602,1,0.01,1849.49,1862.33,17.787,1672823400,1672827300,12.773,TP
5654,XAUUSD,7102601,1,0.03,1860.87,1851.52,9.345,1672833600,1672851900,-28.245,SL
5659,XAUUSD,7102602,1,0.01,1880.87,1893.95,20.135,1673256000,1673537700,11.5811,TP
5662,XAUUSD,7102602,1,0.01,1901.94,1910.6,20.855,1673604600,1673628600,8.585,TP
5665,XAUUSD,7102602,1,0.01,1911.28,1925.03,20.115,1674036300,1674058500,13.675,TP
5670,XAUUSD,7102602,1,0.01,1911.88,1922.07,21.735,1674121800,1674149100,10.115,TP
5673,XAUUSD,7102602,1,0.01,1937.61,1915.08,22.525,1674209400,1674492000,-22.8893,SL
5668,US30,7102603,1,0.05,33259.3,33635.5,979.927,1674091800,1674523800,17.8347,EXPERT
5677,XAUUSD,7102602,1,0.01,1940.48,1921.98,18.498,1674551100,1674579300,-18.568,SL
5657,XAUUSD,7102601,1,0.02,1868.39,1915.83,11.135,1673227800,1675152000,81.8758,SL
5681,XAUUSD,7102601,1,0.03,1953.92,1943.65,10.275,1675301400,1675353300,-31.035,SL
5684,XAUUSD,7102602,1,0.01,1877.14,1885.7,24.995,1675764300,1675850100,8.19899,TP
5687,XAUUSD,7102602,1,0.01,1881.87,1856.24,25.625,1675935600,1676007000,-25.9794,SL
5690,XAUUSD,7102602,-1,0.01,1855.97,1846.42,23.375,1676288400,1676392200,9.42353,TP
5693,XAUUSD,7102602,-1,0.01,1838.96,1820.95,24.895,1676453700,1676628000,17.731,TP
5696,XAUUSD,7102602,-1,0.01,1836.15,1829.45,17.765,1676971200,1677099600,6.58404,TP
5705,XAUUSD,7102602,-1,0.01,1810.8,1826.55,15.755,1677576300,1677605100,-15.825,SL
5700,US500,7102603,1,0.46,4002.51,3978.48,118.721,1677031200,1677807000,-14.9712,EXPERT
5702,NAS100,7102603,1,0.1,12081.9,12025.4,512.173,1677031200,1677807000,-8.22043,EXPERT
5698,US30,7102603,1,0.06,33163.8,32980,905.263,1677029400,1677807000,-15.2524,EXPERT
5708,XAUUSD,7102602,-1,0.01,1830.44,1848.28,17.836,1677748800,1677849300,-17.957,SL
5714,XAUUSD,7102602,1,0.01,1857.22,1842.43,14.795,1678095600,1678194000,-15.1471,SL
5719,XAUUSD,7102602,1,0.01,1889.57,1906.29,19.715,1678710600,1678725600,16.645,TP
5717,XAUUSD,7102601,1,0.03,1864.43,1889.21,8.474,1678478400,1678878300,71.5104,SL
5723,XAUUSD,7102602,1,0.01,1905.85,1912.81,22.575,1678886700,1678890600,6.895,TP
5726,XAUUSD,7102601,1,0.02,1928.04,1913.02,15.025,1678896000,1678915800,-30.19,SL
5729,XAUUSD,7102602,1,0.01,1924.74,1941.58,25.305,1678976100,1679067000,16.4715,TP
5732,XAUUSD,7102601,1,0.02,1945.18,1967.71,14.045,1679068800,1679332200,44.3037,SL
5734,XAUUSD,7102602,1,0.01,1997.4,1968.13,29.275,1679307000,1679332200,-29.345,SL
5738,XAUUSD,7102601,1,0.02,2021,2009.07,11.935,1680638400,1680759900,-26.4793,SL
5741,XAUUSD,7102602,1,0.01,2002.22,2015.43,24.908,1681209300,1681275600,12.8359,TP
5746,XAUUSD,7102602,1,0.01,2024.61,2032.68,25.425,1681382100,1681399800,8.005,TP
5749,XAUUSD,7102601,1,0.03,2045.28,2034.09,11.195,1681401600,1681407900,-33.795,SL
5744,NAS100,7102603,1,0.14,12829.9,13075.3,392.462,1681351200,1681435800,34.007,EXPERT
5753,XAUUSD,7102602,1,0.01,2014.6,1987.71,26.888,1681726200,1681753200,-26.958,SL
5756,XAUUSD,7102602,1,0.01,2002.26,2010.76,27.235,1681813800,1681842000,8.425,TP
5759,XAUUSD,7102602,1,0.01,1985.14,1993.33,25.304,1682337600,1682389800,7.81217,TP
5762,US30,7102603,1,0.09,33335.9,33778.5,601.208,1682559000,1682645400,39.2452,EXPERT
5765,XAUUSD,7102602,1,0.01,1988.03,1995.84,24.788,1682948700,1682954400,7.742,TP
5768,XAUUSD,7102601,1,0.02,2054.7,2041.95,12.755,1683172800,1683178500,-25.65,SL
5771,US500,7102603,1,0.52,4073.21,4130.28,107.723,1683252000,1683514800,29.2557,EXPERT
5773,NAS100,7102603,1,0.14,13019,13236,394.106,1683252000,1683514800,30.0185,EXPERT
5777,XAUUSD,7102602,1,0.01,2025.17,2034.78,28.484,1683556200,1683663300,9.22733,TP
5780,XAUUSD,7102602,1,0.01,2037.72,2009.39,28.334,1683815100,1683869400,-28.7118,SL
5783,XAUUSD,7102602,1,0.01,2020.08,1993.64,26.444,1684147500,1684264200,-26.8219,SL
5786,XAUUSD,7102602,-1,0.01,1977.02,1968.21,27.246,1684404300,1684423800,8.744,TP
5789,XAUUSD,7102602,-1,0.01,1970.99,1959.91,21.995,1684766700,1684830600,10.9503,TP
5792,XAUUSD,7102602,-1,0.01,1958.26,1977.41,19.155,1684836900,1684877100,-19.225,SL
5795,US30,7102603,1,0.07,32790.7,33242.2,757.174,1684978200,1685323800,30.7095,EXPERT
5798,XAUUSD,7102602,-1,0.01,1960.13,1981.64,21.512,1685613900,1685644500,-21.587,SL
5801,XAUUSD,7102602,-1,0.01,1939.61,1959.99,20.376,1685961900,1685984400,-20.446,SL
5804,XAUUSD,7102602,-1,0.01,1957.08,1950.22,20.076,1686047400,1686163500,6.73947,TP
5807,XAUUSD,7102602,-1,0.01,1930.32,1952.29,21.975,1686823500,1686847800,-22.045,SL
5812,XAUUSD,7102602,-1,0.01,1926.4,1919.78,19.315,1687433700,1687449900,6.555,TP
5810,NAS100,7102603,1,0.12,14851.2,15057.5,461.283,1687399200,1687483800,24.4009,EXPERT
5816,XAUUSD,7102602,-1,0.01,1921.37,1912.7,17.875,1687874700,1687886100,8.595,TP
5819,XAUUSD,7102602,-1,0.01,1909.02,1901.31,19.075,1687950600,1688052600,7.47605,TP
5822,XAUUSD,7102602,-1,0.01,1902.58,1920.65,18.075,1688124300,1688151600,-18.145,SL
5825,XAUUSD,7102602,-1,0.01,1912.91,1928.75,15.835,1688381100,1688403600,-15.905,SL
5828,US30,7102603,1,0.09,33766.5,34238,618.582,1688952600,1689125400,41.2401,EXPERT
5833,XAUUSD,7102602,1,0.02,1957.36,1963.23,15.415,1689593700,1689675900,11.0131,TP
5836,XAUUSD,7102602,1,0.02,1980.16,1987,16.775,1689762000,1689833700,11.7182,TP
5831,XAUUSD,7102601,1,0.05,1939.07,1966.77,6.928,1689148800,1689874800,123.155,SL
5840,XAUUSD,7102602,1,0.02,1964.15,1968.98,15.035,1690193100,1690363500,8.31262,TP
5843,XAUUSD,7102602,1,0.02,1971.44,1980.32,14.965,1690370100,1690434600,15.8033,TP
5846,XAUUSD,7102602,1,0.02,1959.64,1965.39,15.724,1690812900,1690817400,11.352,TP
5849,XAUUSD,7102602,1,0.01,1952.67,1934.96,17.715,1690984200,1690997100,-17.785,SL
5852,XAUUSD,7102602,-1,0.01,1932.26,1926.15,18.265,1691057100,1691163000,5.98129,TP
5855,US30,7102603,1,0.1,35084.4,35476,640.914,1691371800,1691458200,38.4681,EXPERT
5859,XAUUSD,7102602,-1,0.02,1934.9,1925.13,16.385,1691406900,1691507400,19.3024,TP
5863,XAUUSD,7102602,-1,0.02,1923.8,1915.68,17.015,1691590500,1691615700,16.09,TP
5857,US500,7102603,1,0.72,4488.66,4489.39,92.8187,1691377200,1692063000,-4.49637,EXPERT
5867,XAUUSD,7102602,-1,0.02,1903.29,1898.74,14.285,1692102000,1692113400,8.95,TP
5872,XAUUSD,7102601,-1,0.06,1894.28,1900.48,6.205,1692235800,1692284400,-37.65,SL
5877,XAUUSD,7102601,-1,0.06,1888.26,1895.12,6.865,1692302400,1692333000,-41.9248,SL
5879,NAS100,7102603,1,0.13,14684.9,14921,500.232,1692324000,1692667800,29.9444,EXPERT
5874,US500,7102603,1,0.67,4404.86,4387.9,104.967,1692237600,1692754200,-13.6404,EXPERT
5870,US30,7102603,1,0.09,34784.2,34502.7,772.609,1692235800,1692840600,-29.5585,EXPERT
5885,XAUUSD,7102602,-1,0.02,1916.8,1911.26,13.745,1692888900,1692984300,10.8235,TP
5888,XAUUSD,7102602,-1,0.02,1920.62,1915.84,12.585,1693317300,1693322100,9.43,TP
5893,XAUUSD,7102602,1,0.02,1944.38,1950.28,13.645,1693571400,1693582200,11.67,TP
5891,XAUUSD,7102601,1,0.05,1936.51,1932.33,6.918,1693339200,1693913700,-31.6154,SL
5897,XAUUSD,7102602,-1,0.02,1923.75,1919.47,13.435,1693996200,1694019600,8.41,TP
5900,XAUUSD,7102602,-1,0.02,1918.61,1912.99,11.187,1694522100,1694529000,11.106,TP
5905,XAUUSD,7102601,-1,0.07,1904.26,1909.74,5.485,1694707200,1694713800,-38.885,SL
5903,XAUUSD,7102602,-1,0.02,1906.19,1918.21,12.025,1694686200,1694769300,-24.2961,SL
5909,XAUUSD,7102602,1,0.03,1934.89,1939.72,10.655,1695120900,1695228000,13.3801,TP
5914,XAUUSD,7102602,-1,0.02,1895.24,1886.95,12.115,1695813900,1695832800,16.43,TP
5912,XAUUSD,7102601,-1,0.07,1901.05,1872.65,4.995,1695778200,1695983400,196.819,SL
5920,XAUUSD,7102602,-1,0.02,1838.06,1828.37,14.885,1696248300,1696266900,19.23,TP
5923,XAUUSD,7102602,-1,0.02,1821.47,1813.99,16.745,1696500900,1696520100,14.81,TP
5918,XAUUSD,7102601,-1,0.05,1853.46,1834.87,8.162,1696017600,1696616700,90.8148,SL
5927,XAUUSD,7102601,1,0.05,1923.32,1914.77,8.555,1697419800,1697446200,-43.125,SL
5930,XAUUSD,7102602,1,0.01,1920.3,1927.92,20.535,1697538000,1697556000,7.545,TP
5933,XAUUSD,7102602,1,0.01,1944.61,1963.57,21.685,1697632500,1697745900,18.0024,TP
5938,XAUUSD,7102602,1,0.01,1982.21,1992.14,23.795,1697798400,1697824800,9.855,TP
5936,XAUUSD,7102601,1,0.05,1974.71,1967.03,9.695,1697765400,1698022800,-40.2577,SL
5942,XAUUSD,7102602,1,0.01,1979.06,1954.5,24.565,1698057300,1698156000,-24.9364,SL
5945,XAUUSD,7102601,1,0.04,2001.85,1991.53,10.315,1698629400,1698663900,-41.54,SL
5948,XAUUSD,7102602,1,0.01,1984.99,1993.89,23.855,1698849900,1699025400,7.61266,TP
5951,XAUUSD,7102602,1,0.01,1970.91,1979.84,19.588,1700041200,1700153100,7.96408,TP
5954,XAUUSD,7102601,1,0.07,2012.29,2005.9,6.395,1701057600,1701110100,-45.255,SL
5957,XAUUSD,7102601,1,0.07,2021.66,2033.94,6.025,1701187200,1701359400,76.6911,SL
5960,XAUUSD,7102601,1,0.04,2067.53,2115.27,10.005,1701460800,1701654000,189.393,SL
5963,XAUUSD,7102601,1,0.04,2087.95,2075.4,12.555,1701662400,1701679800,-50.5,SL
5966,XAUUSD,7102602,1,0.01,2054.36,2061.43,23.595,1703247000,1703251500,6.995,TP
5969,XAUUSD,7102601,1,0.06,2067.47,2059.49,7.978,1703260800,1703267400,-48.288,SL
5972,XAUUSD,7102601,1,0.05,2082.07,2073.25,8.818,1703707200,1703761800,-49.1993,SL
5975,XAUUSD,7102602,1,0.01,2074.19,2052.17,22.018,1703841000,1704287400,-22.7175,SL
5978,XAUUSD,7102602,1,0.02,2049.32,2030.89,18.435,1704361200,1704468600,-37.6343,SL
5981,XAUUSD,7102602,1,0.02,2034.29,2043.29,19.575,1704881400,1704987000,15.9947,TP
5984,XAUUSD,7102602,1,0.01,2038.19,2045.34,21.135,1705051800,1705064100,7.075,TP
5987,XAUUSD,7102602,1,0.01,2058.61,2037.76,20.855,1705315800,1705414200,-21.2388,SL
5990,XAUUSD,7102602,1,0.01,2031.44,2011.4,20.045,1706089500,1706131500,-20.115,SL
5993,XAUUSD,7102602,1,0.02,2037.71,2043.88,16.645,1706607300,1706631300,12.19,TP
5996,XAUUSD,7102602,1,0.02,2039.13,2044.93,17.865,1706696700,1706718600,11.45,TP
5999,XAUUSD,7102602,-1,0.02,2023.13,2041.45,18.315,1707224700,1707324000,-36.8831,SL
6002,XAUUSD,7102602,1,0.02,2031.12,2036.66,15.905,1708594500,1708713000,10.3317,TP
6005,XAUUSD,7102601,1,0.07,2047.88,2041.66,6.225,1709222400,1709289000,-46.2501,SL
6007,XAUUSD,7102602,1,0.02,2048.59,2053.81,14.075,1709284500,1709296500,10.31,TP
6013,XAUUSD,7102602,1,0.02,2085.01,2090,15.765,1709543100,1709567700,9.85,TP
6016,XAUUSD,7102602,1,0.02,2121.09,2130.36,17.225,1709634600,1709652000,18.39,TP
6019,XAUUSD,7102602,1,0.02,2163.93,2173.52,20.695,1709892900,1709911800,19.03,TP
6011,XAUUSD,7102601,1,0.06,2051.84,2165.38,6.695,1709308800,1709913900,667.107,SL
6023,XAUUSD,7102602,1,0.01,2170.49,2179.98,25.375,1710507300,1710971400,8.42616,TP
6026,XAUUSD,7102601,1,0.05,2199.15,2189.25,9.905,1710993600,1711040400,-49.875,SL
6029,XAUUSD,7102602,1,0.01,2182.3,2190.64,25.365,1711538400,1711543200,8.265,TP
6032,XAUUSD,7102602,1,0.01,2206.53,2219.85,26.075,1711632300,1711654200,13.255,TP
6035,XAUUSD,7102601,1,0.04,2242.05,2230.65,11.695,1711935000,1711992000,-45.86,SL
6038,XAUUSD,7102602,1,0.01,2262.42,2275.64,27.445,1712056200,1712078400,13.145,TP
6041,XAUUSD,7102601,1,0.03,2287.11,2271.38,15.725,1712107800,1712139900,-47.385,SL
6044,XAUUSD,7102601,1,0.03,2294.01,2276.83,17.185,1712174400,1712290500,-55.9758,SL
6047,XAUUSD,7102602,1,0.01,2290.67,2313.32,32.035,1712315100,1712338200,22.575,TP
6050,XAUUSD,7102601,1,0.03,2327.49,2311.25,16.245,1712347200,1712538900,-50.0098,SL
6053,XAUUSD,7102601,1,0.03,2342.39,2324.93,17.458,1712563200,1712589900,-52.584,SL
6058,XAUUSD,7102601,1,0.03,2357.86,2340.21,17.645,1712664000,1712688900,-53.145,SL
6056,XAUUSD,7102602,1,0.01,2355.43,2323.17,32.265,1712657700,1712765400,-32.6944,SL
6064,XAUUSD,7102602,1,0.01,2397.76,2418.54,37.385,1712916600,1712942100,20.705,TP
6062,XAUUSD,7102601,1,0.03,2375.7,2382.51,16.345,1712885400,1712946600,20.205,SL
6068,XAUUSD,7102602,1,0.01,2381.89,2398.75,45.525,1713447000,1713501000,16.4217,TP
6071,XAUUSD,7102602,1,0.01,2323.8,2342.35,43.395,1714042200,1714066500,18.485,TP
6074,XAUUSD,7102602,1,0.01,2344.44,2300.17,44.275,1714127100,1714497000,-45.0586,SL
6077,XAUUSD,7102602,1,0.01,2293.4,2304.65,36.245,1714571700,1714582800,11.175,TP
6080,XAUUSD,7102602,1,0.01,2316.76,2340.34,34.145,1714991400,1715294100,21.7387,TP
6083,XAUUSD,7102601,1,0.04,2354.22,2344.07,11.485,1715328000,1715599500,-42.304,SL
6085,XAUUSD,7102602,1,0.01,2369.63,2338.28,31.348,1715335500,1715609400,-31.779,SL
6089,XAUUSD,7102602,1,0.01,2347.09,2358.2,29.755,1715688600,1715721000,11.035,TP
6092,XAUUSD,7102601,1,0.04,2383.86,2371.55,12.315,1715803200,1715877600,-53.9145,SL
6095,XAUUSD,7102602,1,0.01,2386.94,2399.71,30.375,1715940900,1715962200,12.695,TP
6098,XAUUSD,7102601,1,0.04,2408.06,2413.74,12.138,1715976000,1716219600,20.9709,SL
6101,XAUUSD,7102602,1,0.01,2340.32,2354.53,32.815,1716545700,1716828300,13.7781,TP
6106,XAUUSD,7102602,1,0.01,2340.88,2358.17,31.135,1717077600,1717171200,16.8668,TP
6108,US500,7102603,1,0.38,5225.64,5291.91,247.256,1717124400,1717383600,24.7996,EXPERT
6104,US30,7102603,1,0.05,38175.7,38746,1698.82,1717038000,1717383600,27.7743,EXPERT
6113,XAUUSD,7102602,1,0.01,2331.53,2347.9,29.938,1717422600,1717443600,16.302,TP
6116,XAUUSD,7102602,-1,0.01,2307.34,2339.62,32.285,1718289600,1718868900,-32.8068,SL
6121,XAUUSD,7102602,1,0.02,2332.98,2309.33,23.648,1719318000,1719408000,-48.1448,SL
6124,XAUUSD,7102602,-1,0.01,2308.61,2294.48,24.395,1719408300,1719420300,14.055,TP
6119,NAS100,7102603,1,0.19,19554.2,19880.4,492.447,1719284400,1719543600,58.3517,EXPERT
6128,XAUUSD,7102602,1,0.01,2328.76,2338.04,25.565,1719571800,1719588600,9.205,TP
6131,XAUUSD,7102602,1,0.02,2329.3,2339.77,22.915,1719836400,1720000500,19.3661,TP
6134,XAUUSD,7102602,1,0.02,2342.94,2357.34,22.725,1720001700,1720024800,28.65,TP
6137,XAUUSD,7102602,1,0.02,2367.11,2377.4,23.055,1720176300,1720195800,20.45,TP
6139,XAUUSD,7102601,1,0.05,2372.36,2364,9.655,1720195200,1720464000,-43.9973,SL
6143,XAUUSD,7102602,1,0.02,2372.99,2382.51,23.595,1720605900,1720629900,18.89,TP
6146,XAUUSD,7102602,1,0.01,2383.47,2395.23,24.065,1720696500,1720711800,11.685,TP
6149,XAUUSD,7102601,1,0.05,2406.52,2395.32,11.198,1720713600,1720798200,-58.185,SL
6152,XAUUSD,7102602,1,0.01,2415.51,2427.42,24.275,1721051700,1721065800,11.835,TP
6157,XAUUSD,7102602,1,0.01,2434.45,2448.32,25.535,1721124900,1721151000,13.795,TP
6155,XAUUSD,7102601,1,0.04,2430.47,2444.65,13.015,1721073600,1721340300,48.9654,SL
6162,XAUUSD,7102602,1,0.01,2473.74,2444.07,29.665,1721297100,1721340300,-29.735,SL
6160,NAS100,7102603,1,0.16,19898.2,19300.3,597.81,1721271600,1721790000,-98.1136,SL
6168,XAUUSD,7102602,1,0.01,2404.55,2420.29,30.285,1721735400,1721835000,15.307,TP
6166,US500,7102603,1,0.78,5536.32,5414.43,121.893,1721617200,1721876400,-99.2789,SL
6177,XAUUSD,7102602,1,0.01,2391.62,2406.15,31.895,1722334200,1722369600,14.455,TP
6175,US500,7102603,1,0.59,5419.99,5450.68,154.143,1721962800,1722394800,16.2306,EXPERT
6172,NAS100,7102603,1,0.11,19138.8,19554.8,835.719,1721876400,1722481200,42.9214,EXPERT
6186,XAUUSD,7102602,1,0.01,2397.86,2416.43,39.035,1723040700,1723137000,17.4126,TP
6182,US500,7102603,1,0.39,5221.01,5334.73,242.114,1722999600,1723172400,42.77,EXPERT
6184,NAS100,7102603,1,0.07,17964.1,18508.3,1216.64,1722999600,1723172400,37.1185,EXPERT
6188,US30,7102603,1,0.06,38688.5,39501.3,1566.03,1723086000,1723172400,48.3169,EXPERT
6194,XAUUSD,7102602,1,0.01,2437.94,2451.3,36.268,1723457700,1723480500,13.292,TP
6197,XAUUSD,7102602,1,0.01,2474.44,2436.79,37.655,1723635600,1723737600,-38.8465,SL
6202,XAUUSD,7102602,1,0.01,2509.22,2520.05,34.315,1724150400,1724151900,10.755,TP
6200,XAUUSD,7102601,1,0.03,2491.88,2487.68,14.675,1723824000,1724344200,-19.7273,SL
6208,XAUUSD,7102602,1,0.01,2523.62,2494.59,29.034,1724936100,1725049500,-29.4891,SL
6206,NAS100,7102603,1,0.13,19141,19541.1,690.528,1724900400,1725246000,51.0361,EXPERT
6212,XAUUSD,7102602,1,0.01,2505.51,2479.13,26.385,1725277500,1725381900,-26.8368,SL
6215,XAUUSD,7102602,1,0.01,2507.34,2520.5,25.655,1725534600,1725549600,13.085,TP
6222,US30,7102603,1,0.1,40345.6,40819,928.353,1725850800,1725937200,46.5627,EXPERT
6218,US500,7102603,1,0.61,5411.6,5491.85,155.274,1725850800,1726023600,47.6602,EXPERT
6220,NAS100,7102603,1,0.11,18422.8,18815.7,803.212,1725850800,1726023600,42.4187,EXPERT
6229,XAUUSD,7102602,1,0.01,2570.49,2584,26.245,1726224600,1726254300,13.445,TP
6232,XAUUSD,7102602,1,0.01,2577.45,2588.05,24.775,1726666500,1726693500,10.525,TP
6227,XAUUSD,7102601,1,0.05,2550.89,2565.95,11.404,1726171200,1726696800,67.072,SL
6236,XAUUSD,7102602,1,0.01,2579.55,2607.21,27.355,1726741200,1726826700,27.1899,TP
6239,XAUUSD,7102602,1,0.01,2608.07,2630.4,28.134,1726827000,1727072700,21.8556,TP
6241,XAUUSD,7102601,1,0.03,2610.01,2641.3,14.755,1726833600,1727703300,83.9562,SL
6245,XAUUSD,7102602,1,0.01,2645.99,2657.61,27.245,1727780100,1727800200,11.545,TP
6248,XAUUSD,7102602,1,0.01,2652.3,2625.77,26.535,1728298800,1728408600,-27.0086,SL
6251,XAUUSD,7102602,1,0.01,2617.84,2628.84,28.155,1728563700,1728579600,10.935,TP
6254,XAUUSD,7102602,1,0.01,2652.95,2667.61,26.355,1728990600,1729019100,14.585,TP
6259,XAUUSD,7102601,1,0.04,2679.78,2667.68,12.095,1729080000,1729101900,-48.66,SL
6257,XAUUSD,7102602,1,0.01,2678.95,2697.94,27.994,1729079700,1729224600,17.2796,TP
6265,XAUUSD,7102602,1,0.01,2733.07,2744.84,24.875,1729510800,1729626600,11.2794,TP
6268,XAUUSD,7102602,1,0.01,2754.53,2728.81,25.725,1729680000,1729703400,-25.795,SL
6262,XAUUSD,7102601,1,0.05,2692.44,2723.84,11.555,1729195200,1729704300,148.314,SL
6272,XAUUSD,7102602,1,0.01,2736.64,2755.24,27.725,1729764600,1730178000,17.2703,TP
6277,XAUUSD,7102601,1,0.05,2769.61,2757.89,11.715,1730232000,1730393400,-67.4331,SL
6280,US500,7102603,1,0.81,5718.99,5794.45,120.04,1730430000,1730858400,58.4217,EXPERT
6274,US30,7102603,1,0.11,42295.9,42323.9,842.206,1730084400,1730858400,-5.03537,EXPERT
6282,XAUUSD,7102602,1,0.01,2744.76,2717.36,27.395,1730722500,1730881500,-28.302,SL
6287,XAUUSD,7102602,1,0.01,2665.48,2686.42,32.928,1730971500,1730995200,20.872,TP
6290,XAUUSD,7102602,-1,0.01,2600.11,2576.39,36.145,1731403500,1731535200,23.5728,TP
6293,XAUUSD,7102602,-1,0.01,2550.72,2590.38,39.665,1731575700,1731900300,-39.8774,SL
6297,US500,7102603,1,0.7,5888.23,5923.95,137.926,1731895200,1732154400,20.9835,EXPERT
6295,NAS100,7102603,1,0.16,20876.4,20701,579.801,1731636000,1732154400,-31.9308,EXPERT
6300,XAUUSD,7102602,-1,0.01,2627.74,2667.36,39.625,1732093500,1732184700,-39.9158,SL
6305,XAUUSD,7102602,1,0.01,2694.22,2718.61,40.915,1732268100,1732498800,23.9105,TP
6310,XAUUSD,7102602,1,0.01,2674.03,2689.85,34.765,1733834700,1733849100,15.755,TP
6308,US30,7102603,1,0.15,44401,43756.6,644.386,1733796000,1734314400,-104.394,SL
6314,US30,7102603,1,0.15,43677.1,43050.5,626.657,1734400800,1734487200,-95.2718,SL
6316,XAUUSD,7102602,-1,0.01,2643.99,2631.81,30.535,1734433200,1734555600,12.0315,TP
6320,US500,7102603,1,0.81,5874.26,5977.35,118.283,1734573600,1735005600,80.7143,EXPERT
6324,NAS100,7102603,1,0.13,21117.4,21515.4,720.71,1734660000,1735005600,50.6546,EXPERT
6322,US30,7102603,1,0.1,42369.1,42924.6,893.581,1734573600,1735005600,53.0666,EXPERT
6326,XAUUSD,7102602,-1,0.01,2616.62,2601.11,34.955,1734960300,1735578600,15.1438,TP
6332,NAS100,7102603,1,0.1,21102.2,21366.6,924.613,1735783200,1736128800,25.618,EXPERT
6335,XAUUSD,7102602,1,0.02,2647.81,2628.19,19.624,1736170500,1736177700,-39.388,SL
6338,XAUUSD,7102602,1,0.02,2653.94,2661.7,21.095,1736327400,1736352000,15.37,TP
6341,XAUUSD,7102602,1,0.02,2668.11,2679.59,21.075,1736426400,1736504400,21.9941,TP
6343,XAUUSD,7102601,1,0.04,2672.74,2660.89,12.324,1736438400,1736790900,-50.9718,SL
6348,US30,7102603,1,0.09,41954.3,42396.7,1077.12,1736733600,1736820000,39.0756,EXPERT
6346,US500,7102603,1,0.54,5820.13,5956.16,178.432,1736733600,1736992800,70.3894,EXPERT
6352,XAUUSD,7102602,1,0.02,2684.07,2697.89,24.355,1736935800,1736994000,25.0174,TP
6356,XAUUSD,7102602,1,0.02,2702.62,2714.91,24.075,1737023100,1737042000,24.43,TP
6358,XAUUSD,7102601,1,0.05,2705.59,2694.36,11.225,1737028800,1737336000,-60.6116,SL
6364,XAUUSD,7102602,1,0.02,2731.39,2758.06,23.655,1737452400,1737532200,52.3516,TP
6367,XAUUSD,7102602,1,0.01,2759.36,2775.38,26.485,1737545100,1737694800,14.2713,TP
6370,XAUUSD,7102602,1,0.02,2779.14,2754.27,24.875,1737725700,1737951600,-50.7365,SL
6362,XAUUSD,7102601,1,0.05,2726.28,2751.89,11.365,1737446400,1737964800,115.094,SL
6374,XAUUSD,7102602,1,0.01,2766.62,2774.4,25.455,1738228500,1738234200,7.705,TP
6377,XAUUSD,7102601,1,0.05,2795.71,2784.61,11.098,1738267200,1738546500,-60.108,SL
6380,XAUUSD,7102602,1,0.01,2796.74,2820.45,25.738,1738578300,1738601100,23.642,TP
6383,XAUUSD,7102601,1,0.04,2817.28,2841.98,13.465,1738612800,1738860900,89.7911,SL
6385,XAUUSD,7102602,1,0.01,2864.28,2886.63,30.455,1738749600,1739177100,20.0985,TP
6389,XAUUSD,7102602,1,0.01,2892.49,2919.06,31.965,1739179800,1739238000,26.0509,TP
6391,XAUUSD,7102601,1,0.03,2903.22,2894.25,16.195,1739188800,1739285400,-28.4374,SL
6395,XAUUSD,7102602,1,0.01,2937.45,2899.52,37.935,1739528400,1739553900,-38.005,SL
6400,XAUUSD,7102601,1,0.04,2945.63,2931.58,14.055,1739966400,1739973600,-56.5,SL
6403,XAUUSD,7102601,1,0.04,2951.64,2938.89,12.755,1740052800,1740061200,-51.3,SL
6398,XAUUSD,7102602,1,0.01,2940.13,2955.6,41.025,1739961600,1740412800,13.1537,TP
6408,NAS100,7102603,1,0.17,21707,21145.9,561.134,1740362400,1740448800,-96.1098,SL
6406,US500,7102603,1,0.9,6038.96,5930.51,108.445,1740362400,1740448800,-98.6541,SL
6410,US30,7102603,1,0.11,43552.3,43862.1,883.901,1740362400,1740967200,27.5535,EXPERT
6420,XAUUSD,7102602,1,0.01,2872.69,2885.49,36.815,1741007100,1741022400,12.725,TP
6415,US500,7102603,1,0.71,5878.43,5742.75,135.681,1740708000,1741053600,-97.9661,SL
6424,XAUUSD,7102602,1,0.01,2899.38,2911.95,34.895,1741080600,1741083900,12.505,TP
6417,NAS100,7102603,1,0.13,20632.8,19916.8,715.936,1740708000,1741312800,-96.7179,SL
6428,XAUUSD,7102602,1,0.01,2915.34,2934.32,37.015,1741340700,1741806300,17.5837,TP
6431,XAUUSD,7102602,1,0.01,2947.8,2959.52,38.625,1741869300,1741887600,11.655,TP
6436,XAUUSD,7102602,1,0.01,2994.15,3006.99,38.105,1741954200,1742273700,11.8507,TP
6439,XAUUSD,7102602,1,0.01,3018.32,3036.51,32.025,1742292900,1742314800,18.115,TP
6434,XAUUSD,7102601,1,0.03,2980.28,3012.71,14.895,1741896000,1742575500,86.0064,SL
6443,XAUUSD,7102602,1,0.01,3026.11,3038.18,30.495,1742811000,1743060900,9.70017,TP
6446,XAUUSD,7102602,1,0.01,3040.14,3057.29,30.455,1743080400,1743096900,17.075,TP
6449,XAUUSD,7102601,1,0.04,3061.97,3111.47,12.505,1743134400,1743534000,193.946,SL
6452,XAUUSD,7102601,1,0.02,3151.44,3129.07,22.3672,1743652800,1743668700,-44.8745,SL
6455,XAUUSD,7102602,1,0.01,3128.02,3088.5,39.5157,1743775800,1743780600,-39.5857,SL
6458,XAUUSD,7102601,1,0.01,3179.68,3394.65,35.1396,1744335000,1745349600,210.859,SL
6461,XAUUSD,7102601,1,0.02,3371.8,3345.58,26.2179,1748894400,1748969100,-53.6095,SL
6464,XAUUSD,7102601,1,0.02,3416.7,3394.06,22.6415,1749787200,1750092600,-46.4776,SL
6467,XAUUSD,7102602,1,0.01,3374.75,3331,43.7451,1750688100,1750754700,-44.3296,SL
6470,XAUUSD,7102602,1,0.01,3344.32,3299.3,45.0226,1750933200,1751005200,-45.601,SL
6473,XAUUSD,7102602,1,0.01,3336.44,3361.11,43.712,1751364900,1751505300,22.5494,TP
6476,XAUUSD,7102602,-1,0.01,3283.93,3328.11,44.175,1752061200,1752139200,-44.5211,SL
6479,XAUUSD,7102602,1,0.01,3328.73,3342.24,43.1951,1752142200,1752225300,12.9372,TP
6482,XAUUSD,7102602,1,0.01,3345.77,3365.9,40.1726,1752240600,1752257700,20.0574,TP
6485,XAUUSD,7102602,1,0.01,3374.71,3334.86,39.8549,1752489000,1752597300,-40.4356,SL
6488,XAUUSD,7102602,1,0.01,3342.4,3359.4,38.2423,1752666900,1752689700,16.9277,TP
6491,XAUUSD,7102602,1,0.01,3345,3357.4,37.6657,1752834000,1752849900,12.3343,TP
6494,XAUUSD,7102602,1,0.01,3371.95,3395.1,33.6649,1753107900,1753116300,23.0751,TP
6496,XAUUSD,7102601,1,0.03,3387.52,3392.88,15.3061,1753113600,1753297200,12.752,SL
6504,XAUUSD,7102602,1,0.01,3363.97,3381.72,40.9742,1754316900,1754325900,17.6758,TP
6500,US30,7102603,1,0.11,44137.8,44236.4,829.588,1754017200,1754362800,8.97393,EXPERT
6502,US500,7102603,1,0.78,6249.31,6359.17,125.341,1754276400,1754535600,80.9194,EXPERT
6509,XAUUSD,7102602,1,0.01,3388.1,3345.8,42.299,1754561400,1754926200,-43.4081,SL
6512,XAUUSD,7102602,1,0.01,3358.3,3373.28,38.7767,1755080100,1755142200,13.3752,TP
6515,NAS100,7102603,1,0.17,23359,23516.2,559.957,1755658800,1756090800,22.8788,EXPERT
6518,XAUUSD,7102602,1,0.01,3369.97,3379.89,30.1846,1756133100,1756178400,9.33126,TP
6521,XAUUSD,7102602,1,0.01,3399.71,3413.14,29.9169,1756381200,1756402800,13.3631,TP
6526,XAUUSD,7102602,1,0.01,3548.91,3568.8,36.2288,1756910100,1756928400,19.8212,TP
6524,XAUUSD,7102601,1,0.04,3415.68,3535.33,14.3323,1756411200,1756964700,463.306,SL
6532,XAUUSD,7102602,1,0.01,3600.29,3619.56,39.843,1757325900,1757337000,19.197,TP
6535,XAUUSD,7102602,1,0.01,3649.8,3677.25,44.0071,1757508000,1757962200,24.6024,TP
6538,XAUUSD,7102602,1,0.01,3696.04,3652.88,43.1606,1758021300,1758145800,-43.7942,SL
6530,XAUUSD,7102601,1,0.02,3580.56,3638.74,22.9112,1757088000,1758186600,101.739,SL
6542,XAUUSD,7102602,1,0.01,3671.92,3708.07,45.0487,1758198300,1758533400,34.9614,TP
6545,XAUUSD,7102602,1,0.01,3722.25,3756.66,40.2326,1758541500,1758600900,33.7651,TP
6550,XAUUSD,7102602,1,0.01,3759.44,3782.02,40.8361,1758627000,1758629400,22.5139,TP
6553,XAUUSD,7102602,1,0.01,3778.33,3734.94,43.3872,1758710400,1758743100,-43.4572,SL
6547,XAUUSD,7102601,1,0.02,3720.41,3726.41,21.5356,1758542400,1758749100,9.57397,SL
6557,XAUUSD,7102602,1,0.01,3751.82,3773.8,43.0251,1758796800,1758906300,21.3421,TP
6560,XAUUSD,7102601,1,0.02,3805.17,3803.25,22.7996,1759132800,1759234200,-5.15046,SL
6562,XAUUSD,7102602,1,0.01,3822.51,3878.42,41.2709,1759155600,1759315800,54.664,TP
6568,XAUUSD,7102601,1,0.02,3893.06,3866.38,26.6764,1759320000,1759334100,-53.4929,SL
6566,XAUUSD,7102602,1,0.01,3878.33,3828.95,49.3753,1759316100,1759427100,-51.2171,SL
6574,XAUUSD,7102602,1,0.01,3945.5,3991.8,50.5408,1759748700,1759889700,45.0157,TP
6572,XAUUSD,7102601,1,0.02,3900.68,3986.96,24.0971,1759723200,1760038500,166.293,SL
6582,US30,7102603,1,0.1,45832.8,46301.6,983.072,1760324400,1760497200,45.0848,EXPERT
6578,US500,7102603,1,0.76,6602.43,6650.96,135.149,1760324400,1760583600,31.9951,EXPERT
6580,NAS100,7102603,1,0.14,24585.9,24743.8,690.464,1760324400,1760583600,18.7545,EXPERT
6584,XAUUSD,7102601,1,0.01,4077.91,4266.27,37.6713,1760356800,1760718900,184.437,SL
6590,US500,7102603,1,0.68,6773.52,6844.02,153.278,1762308000,1762826400,42.5697,EXPERT
6593,XAUUSD,7102601,1,0.02,4199.71,4169.23,30.4844,1762977600,1763065800,-64.9535,SL
6596,US30,7102603,1,0.08,46663.8,46423.8,1273.48,1763431200,1763949600,-23.5102,EXPERT
6599,XAUUSD,7102601,1,0.02,4255.66,4232.5,23.1551,1764561600,1764565800,-46.4502,SL
6602,XAUUSD,7102602,1,0.01,4202.56,4231.28,47.2813,1765278600,1765404600,28.006,TP
6607,XAUUSD,7102602,1,0.01,4287.37,4306.23,48.9479,1765530600,1765536600,18.7921,TP
6605,XAUUSD,7102601,1,0.02,4278.89,4278.49,24.9976,1765483200,1765562400,-2.24264,SL
6611,NAS100,7102603,1,0.15,25183,25024.8,664.081,1765764000,1766109600,-28.1026,EXPERT
6613,US500,7102603,1,0.72,6729.48,6854.67,143.714,1766023200,1766368800,88.2458,EXPERT
6617,XAUUSD,7102601,1,0.02,4382.97,4471.15,26.2396,1766376000,1766998500,167.989,SL
6620,US500,7102603,1,0.94,6866.79,6896.35,112.102,1767319200,1767664800,25.279,EXPERT
6622,NAS100,7102603,1,0.18,25333.5,25412.3,567.235,1767319200,1767664800,12.4225,EXPERT
6624,US30,7102603,1,0.13,48198.3,48944.5,760.269,1767319200,1767664800,94.5742,EXPERT
6629,XAUUSD,7102601,1,0.01,4570.17,4541.08,33.9202,1768190400,1768584600,-33.3902,SL
6632,XAUUSD,7102601,1,0.01,4657.48,4781.91,35.4374,1768795200,1769031300,122.921,SL
6634,US500,7102603,1,0.8,6800.25,6892.54,131.556,1768960800,1769047200,70.6653,EXPERT
6636,NAS100,7102603,1,0.15,25003.1,25436.9,702.122,1768960800,1769047200,62.884,EXPERT
6638,US30,7102603,1,0.1,48551.9,49178.2,1039.08,1768960800,1769047200,59.7976,EXPERT
6644,XAUUSD,7102601,1,0.01,4904.83,5464.9,44.0277,1769112000,1769652000,554.444,SL
6647,US500,7102603,1,0.54,6755.62,6957.08,201.419,1770343200,1770602400,108.081,EXPERT
6649,NAS100,7102603,1,0.09,24269.1,25273.4,1140.94,1770343200,1770688800,89.5215,EXPERT
6653,XAUUSD,7102601,1,0.01,5157.38,5117.33,44.1381,1771819200,1771948500,-40.9165,SL
6656,XAUUSD,7102601,1,0.01,5354.96,5310.01,44.9543,1772415000,1772421900,-45.0243,SL
6659,XAUUSD,7102601,1,0.01,5325.1,5277.88,47.2208,1772424000,1772474400,-47.2908,SL
6664,US500,7102603,1,0.42,6646.8,6715.14,262.616,1773630000,1773802800,27.6161,EXPERT
6662,US30,7102603,1,0.05,46727.7,46939.2,1970.72,1773370800,1773802800,9.20918,EXPERT
6668,US30,7102603,1,0.09,48680.9,49782.4,1122.88,1777512600,1777599000,98.2653,EXPERT
6675,XAUUSD,7102601,-1,0.01,4288.47,4329.84,41.375,1780920000,1780928400,-41.445,SL
6678,XAUUSD,7102601,-1,0.01,4251.73,4160.86,45.705,1781035200,1781210400,90.3478,SL
6671,US500,7102603,1,0.66,7363.21,7393.82,166.346,1780884000,1781227800,14.5643,EXPERT
6673,NAS100,7102603,1,0.1,28866.7,29414.6,1101.76,1780884000,1781227800,51.4228,EXPERT
6680,US30,7102603,1,0.07,49845.4,50822.5,1523.94,1781141400,1781227800,67.7036,EXPERT
6688,XAUUSD,7102601,-1,0.01,3987.45,4032.16,44.705,1782316800,1782319800,-44.775,SL
6686,US500,7102603,1,0.49,7370.2,7433.12,227.125,1782266400,1782783000,26.6025,EXPERT
6692,US30,7102603,1,0.09,52187.7,52299.3,1123.21,1784511000,1784770200,5.47062,EXPERT
6694,NAS100,7102603,1,0.08,28684.9,27330.9,1354,1784512800,1785351600,-112.327,SL
6698,US500,7102603,1,0.58,7335.56,7440.26,190.981,1785376800,1785461400,59.8886,EXPERT
6700,NAS100,7102603,1,0.07,27342.7,28215.4,1447.23,1785376800,1785461400,60.703,EXPERT
6706,XAUUSD,7102601,1,0.01,4521.11,4484.22,36.8865,1787189400,1787201400,-36.9565,SL
6704,US30,7102603,1,0.11,53471.9,53468.1,950.754,1787016600,1787621400,-8.4029,EXPERT
6709,NAS100,7102603,1,0.14,29254.8,29377,782.095,1787277600,1787794200,12.3292,EXPERT
6711,XAUUSD,7102601,1,0.01,4584.49,4575.71,40.3619,1787313600,1787835600,-13.0848,SL
6718,XAUUSD,7102601,-1,0.01,4306.93,4350.08,43.155,1788336000,1788366300,-43.225,SL
6716,US30,7102603,1,0.12,53243.9,53650.6,871.902,1788226200,1788485400,42.6078,EXPERT
6724,US500,7102603,1,0.85,7595.99,7656.41,131.595,1789092000,1789349400,50.0985,EXPERT
6729,XAUUSD,7102601,-1,0.01,4270.81,4311.32,40.512,1789401600,1789415100,-40.582,SL
6726,NAS100,7102603,1,0.15,29086.6,29422.5,700.12,1789092000,1789695000,44.4269,EXPERT
6722,US30,7102603,1,0.1,52066.1,52018.4,1029.19,1789090200,1790040600,-13.8461,EXPERT
